binding_energy_ev,eta_5_mev,eta_10_mev,eta_20_mev
7.000000000000000000e+00,1.638646356666985339e-03,3.277195310180147300e-03,6.553611516191437669e-03
7.004999999999999893e+00,1.648920578512161686e-03,3.297742493687808724e-03,6.594695804126365565e-03
7.009999999999999787e+00,1.659293467123327485e-03,3.318486990150588956e-03,6.636174553411578608e-03
7.014999999999999680e+00,1.669766303327719758e-03,3.339431360816865878e-03,6.678052883296549044e-03
7.019999999999999574e+00,1.680340388937094556e-03,3.360578208894653661e-03,6.720335996874830971e-03
7.025000000000000355e+00,1.691017047163274542e-03,3.381930180382450302e-03,6.763029182743760491e-03
7.030000000000000249e+00,1.701797623043321481e-03,3.403489964919318485e-03,6.806137816702560912e-03
7.035000000000000142e+00,1.712683483874680992e-03,3.425260296654907520e-03,6.849667363490267655e-03
7.040000000000000036e+00,1.723676019660425789e-03,3.447243955139674826e-03,6.893623378563973336e-03
7.044999999999999929e+00,1.734776643565016539e-03,3.469443766236123168e-03,6.938011509919059239e-03
7.049999999999999822e+00,1.745986792380759033e-03,3.491862603051421824e-03,6.982837499952118318e-03
7.054999999999999716e+00,1.757307927005301133e-03,3.514503386892099939e-03,7.028107187367963610e-03
7.059999999999999609e+00,1.768741532930444456e-03,3.537369088241372819e-03,7.073826509131774139e-03
7.065000000000000391e+00,1.780289120742596263e-03,3.560462727759711350e-03,7.120001502467745297e-03
7.070000000000000284e+00,1.791952226635156690e-03,3.583787377309303329e-03,7.166638306905356512e-03
7.075000000000000178e+00,1.803732412933193013e-03,3.607346161003055496e-03,7.213743166374695162e-03
7.080000000000000071e+00,1.815631268630725579e-03,3.631142256278818443e-03,7.261322431352114359e-03
7.084999999999999964e+00,1.827650409940973202e-03,3.655178894999524392e-03,7.309382561057634932e-03
7.089999999999999858e+00,1.839791480859924704e-03,3.679459364579951673e-03,7.357930125705527090e-03
7.094999999999999751e+00,1.852056153743600678e-03,3.703987009140873119e-03,7.406971808809533278e-03
7.099999999999999645e+00,1.864446129899385591e-03,3.728765230691323453e-03,7.456514409544277855e-03
7.105000000000000426e+00,1.876963140191837028e-03,3.753797490339802739e-03,7.506564845164409236e-03
7.110000000000000320e+00,1.889608945663357169e-03,3.779087309535223826e-03,7.557130153483132898e-03
7.115000000000000213e+00,1.902385338170172781e-03,3.804638271338407415e-03,7.608217495411784964e-03
7.120000000000000107e+00,1.915294141034031786e-03,3.830454021725054978e-03,7.659834157562142934e-03
7.125000000000000000e+00,1.928337209710073545e-03,3.856538270921018325e-03,7.711987554913344450e-03
7.129999999999999893e+00,1.941516432471338590e-03,3.882894794770839000e-03,7.764685233545118477e-03
7.134999999999999787e+00,1.954833731110397921e-03,3.909527436140524184e-03,7.817934873439439172e-03
7.139999999999999680e+00,1.968291061658554181e-03,3.936440106355442066e-03,7.871744291352237438e-03
7.144999999999999574e+00,1.981890415123184999e-03,3.963636786674468171e-03,7.926121443757545848e-03
7.150000000000000355e+00,1.995633818243699488e-03,3.991121529801384439e-03,7.981074429865935710e-03
7.155000000000000249e+00,2.009523334266670371e-03,4.018898461434558013e-03,8.036611494719438087e-03
7.160000000000000142e+00,2.023561063740705098e-03,4.046971781856137027e-03,8.092741032365298459e-03
7.165000000000000036e+00,2.037749145331633604e-03,4.075345767561799025e-03,8.149471589110748176e-03
7.169999999999999929e+00,2.052089756658564794e-03,4.104024772932263719e-03,8.206811866861087740e-03
7.174999999999999822e+00,2.066585115151503040e-03,4.133013231947898006e-03,8.264770726543788082e-03
7.179999999999999716e+00,2.081237478931101913e-03,4.162315659947540825e-03,8.323357191620958662e-03
7.184999999999999609e+00,2.096049147711236474e-03,4.191936655433006753e-03,8.382580451692824355e-03
7.190000000000000391e+00,2.111022463725071088e-03,4.221880901920473106e-03,8.442449866194990174e-03
7.195000000000000284e+00,2.126159812675319262e-03,4.252153169840311789e-03,8.502974968192219055e-03
7.200000000000000178e+00,2.141463624709425816e-03,4.282758318486682564e-03,8.564165468271663084e-03
7.205000000000000071e+00,2.156936375420428608e-03,4.313701298018494078e-03,8.626031258538571778e-03
7.209999999999999964e+00,2.172580586874258736e-03,4.344987151513180282e-03,8.688582416717440318e-03
7.214999999999999858e+00,2.188398828664304529e-03,4.376621017075026966e-03,8.751829210362008227e-03
7.219999999999999751e+00,2.204393718994050733e-03,4.408608129999568026e-03,8.815782101177185859e-03
7.224999999999999645e+00,2.220567925788660257e-03,4.440953824995865981e-03,8.880451749456544711e-03
7.230000000000000426e+00,2.236924167836386659e-03,4.473663538468428819e-03,8.945849018638773326e-03
7.235000000000000320e+00,2.253465215960736342e-03,4.506742810860567272e-03,9.011984979986797234e-03
7.240000000000000213e+00,2.270193894224333681e-03,4.540197289061149305e-03,9.078870917393441764e-03
7.245000000000000107e+00,2.287113081165472253e-03,4.574032728876686882e-03,9.146518332317407282e-03
7.250000000000000000e+00,2.304225711068362201e-03,4.608254997570761236e-03,9.214938948853754891e-03
7.254999999999999893e+00,2.321534775268154892e-03,4.642870076473000138e-03,9.284144718943058983e-03
7.259999999999999787e+00,2.339043323491803508e-03,4.677884063659645472e-03,9.354147827723572131e-03
7.264999999999999680e+00,2.356754465235934813e-03,4.713303176708146663e-03,9.424960699031006278e-03
7.269999999999999574e+00,2.374671371182834542e-03,4.749133755527903261e-03,9.496596001050306921e-03
7.275000000000000355e+00,2.392797274655850473e-03,4.785382265269814278e-03,9.569066652124758043e-03
7.280000000000000249e+00,2.411135473115381955e-03,4.822055299316964014e-03,9.642385826726896855e-03
7.285000000000000142e+00,2.429689329696834571e-03,4.859159582359178289e-03,9.716566961596853624e-03
7.290000000000000036e+00,2.448462274791857012e-03,4.896701973554093076e-03,9.791623762053315583e-03
7.294999999999999929e+00,2.467457807674205451e-03,4.934689469777437353e-03,9.867570208482501215e-03
7.299999999999999822e+00,2.486679498171801006e-03,4.973129208965644879e-03,9.944420563011386466e-03
7.304999999999999716e+00,2.506130988386386701e-03,5.012028473553619030e-03,1.002218937637072878e-02
7.309999999999999609e+00,2.525815994462392473e-03,5.051394694010825220e-03,1.010089149495442019e-02
7.315000000000000391e+00,2.545738308406602854e-03,5.091235452478968734e-03,1.018054206808136075e-02
7.320000000000000284e+00,2.565901799960306102e-03,5.131558486514549607e-03,1.026115655546673902e-02
7.325000000000000178e+00,2.586310418525685113e-03,5.172371692939826439e-03,1.034275073490950082e-02
7.330000000000000071e+00,2.606968195148215602e-03,5.213683131805767895e-03,1.042534071020332666e-02
7.334999999999999964e+00,2.627879244556985405e-03,5.255501030470727600e-03,1.050894291927844879e-02
7.339999999999999858e+00,2.649047767264853508e-03,5.297833787798753372e-03,1.059357414258215238e-02
7.344999999999999751e+00,2.670478051730463664e-03,5.340689978481523263e-03,1.067925151170593182e-02
7.349999999999999645e+00,2.692174476584224645e-03,5.384078357488124647e-03,1.076599251826767037e-02
7.355000000000000426e+00,2.714141512920402108e-03,5.428007864646994078e-03,1.085381502305753088e-02
7.360000000000000320e+00,2.736383726657617976e-03,5.472487629364565509e-03,1.094273726545648071e-02
7.365000000000000213e+00,2.758905780970062355e-03,5.517526975485249896e-03,1.103277787313682902e-02
7.370000000000000107e+00,2.781712438791871314e-03,5.563135426297693628e-03,1.112395587205450634e-02
7.375000000000000000e+00,2.804808565397215805e-03,5.609322709692289230e-03,1.121629069674312529e-02
7.379999999999999893e+00,2.828199131058691668e-03,5.656098763475234451e-03,1.130980220092027248e-02
7.384999999999999787e+00,2.851889213786762411e-03,5.703473740844624065e-03,1.140451066841694644e-02
7.389999999999999680e+00,2.875884002153152215e-03,5.751458016034202703e-03,1.150043682444160456e-02
7.394999999999999574e+00,2.900188798200979429e-03,5.800062190130638590e-03,1.159760184719007929e-02
7.400000000000000355e+00,2.924809020444914427e-03,5.849297097070606591e-03,1.169602737981430274e-02
7.405000000000000249e+00,2.949750206964361562e-03,5.899173809823840542e-03,1.179573554276188568e-02
7.410000000000000142e+00,2.975018018593137727e-03,5.949703646769046936e-03,1.189674894650036632e-02
7.415000000000000036e+00,3.000618242208974700e-03,6.000898178269318747e-03,1.199909070463929875e-02
7.419999999999999929e+00,3.026556794126560208e-03,6.052769233454444522e-03,1.210278444746503562e-02
7.424999999999999822e+00,3.052839723597702056e-03,6.105328907217401173e-03,1.220785433590259803e-02
7.429999999999999716e+00,3.079473216422694542e-03,6.158589567432978112e-03,1.231432507592056073e-02
7.434999999999999609e+00,3.106463598676801122e-03,6.212563862406568840e-03,1.242222193339493665e-02
7.440000000000000391e+00,3.133817340556124646e-03,6.267264728561488737e-03,1.253157074944872412e-02
7.445000000000000284e+00,3.161541060347252720e-03,6.322705398373717339e-03,1.264239795628476978e-02
7.450000000000000178e+00,3.189641528525271729e-03,6.378899408563116005e-03,1.275473059353023943e-02
7.455000000000000071e+00,3.218125671984875362e-03,6.435860608550720945e-03,1.286859632511137830e-02
7.459999999999999964e+00,3.247000578409606555e-03,6.493603169192020338e-03,1.298402345667878238e-02
7.464999999999999858e+00,3.276273500784328621e-03,6.552141591796516347e-03,1.310104095360341454e-02
7.469999999999999751e+00,3.305951862056398603e-03,6.611490717444446115e-03,1.321967845956500964e-02
7.474999999999999645e+00,3.336043259951138214e-03,6.671665736611822987e-03,1.333996631575539576e-02
7.480000000000000426e+00,3.366555471947453148e-03,6.732682199115607932e-03,1.346193558071986235e-02
7.485000000000000320e+00,3.397496460419773337e-03,6.794556024391152499e-03,1.358561805086107993e-02
7.490000000000000213e+00,3.428874377952660646e-03,6.857303512114797973e-03,1.371104628163101122e-02
7.495000000000000107e+00,3.460697572834766592e-03,6.920941353184767789e-03,1.383825360943730792e-02
7.500000000000000000e+00,3.492974594739074214e-03,6.985486641074508535e-03,1.396727417429181189e-02
7.504999999999999893e+00,3.525714200596735941e-03,7.050956883572667006e-03,1.409814294323013042e-02
7.509999999999999787e+00,3.558925360672031413e-03,7.117370014925153594e-03,1.423089573453249594e-02
7.514999999999999680e+00,3.592617264846363363e-03,7.184744408394873327e-03,1.436556924277719929e-02
7.519999999999999574e+00,3.626799329119673784e-03,7.253098889255881962e-03,1.450220106475995710e-02
7.525000000000000355e+00,3.661481202337695494e-03,7.322452748238915399e-03,1.464082972631282342e-02
7.530000000000000249e+00,3.696672773154267844e-03,7.392825755446537361e-03,1.478149471005925017e-02
7.535000000000000142e+00,3.732384177238140879e-03,7.464238174756943067e-03,1.492423648414284432e-02
7.540000000000000036e+00,3.768625804733959431e-03,7.536710778735550287e-03,1.506909653196831199e-02
7.544999999999999929e+00,3.805408307987966001e-03,7.610264864075688869e-03,1.521611738299658012e-02
7.549999999999999822e+00,3.842742609548978686e-03,7.684922267589240109e-03,1.536534264463612631e-02
7.554999999999999716e+00,3.880639910456164417e-03,7.760705382770379315e-03,1.551681703527610194e-02
7.560000000000000497e+00,3.919111698825256639e-03,7.837637176955654719e-03,1.567058641850789177e-02
7.565000000000000391e+00,3.958169758745570810e-03,7.915741209105126019e-03,1.582669783858405010e-02
7.570000000000000284e+00,3.997826179500908392e-03,7.995041648230562584e-03,1.598519955716663776e-02
7.575000000000000178e+00,4.038093365127727943e-03,8.075563292497676265e-03,1.614614109141841031e-02
7.580000000000000071e+00,4.078984044324794611e-03,8.157331589030512170e-03,1.630957325349294967e-02
7.584999999999999964e+00,4.120511280729282147e-03,8.240372654448114773e-03,1.647554819148371735e-02
7.589999999999999858e+00,4.162688483574808126e-03,8.324713296164274606e-03,1.664411943189321799e-02
7.594999999999999751e+00,4.205529418747710503e-03,8.410381034482964854e-03,1.681534192368737760e-02
7.599999999999999645e+00,4.249048220258741862e-03,8.497404125523830981e-03,1.698927208400323463e-02
7.605000000000000426e+00,4.293259402148094997e-03,8.585811585013357686e-03,1.716596784558113362e-02
7.610000000000000320e+00,4.338177870842532119e-03,8.675633212979504127e-03,1.734548870599629533e-02
7.615000000000000213e+00,4.383818937984475944e-03,8.766899619389039930e-03,1.752789577876830152e-02
7.620000000000000107e+00,4.430198333753639084e-03,8.859642250769182367e-03,1.771325184643061934e-02
7.625000000000000000e+00,4.477332220703073538e-03,8.953893417856810880e-03,1.790162141564687753e-02
7.629999999999999893e+00,4.525237208132395529e-03,9.049686324320935921e-03,1.809307077446435652e-02
7.634999999999999787e+00,4.573930367022179498e-03,9.147055096606336935e-03,1.828766805180025504e-02
7.639999999999999680e+00,4.623429245554743286e-03,9.246034814948646957e-03,1.848548327926055959e-02
7.644999999999999574e+00,4.673751885247847543e-03,9.346661545613940345e-03,1.868658845539714411e-02
7.650000000000000355e+00,4.724916837728923569e-03,9.448972374417949696e-03,1.889105761251277590e-02
7.655000000000000249e+00,4.776943182179366719e-03,9.553005441583863055e-03,1.909896688613114957e-02
7.660000000000000142e+00,4.829850543479529724e-03,9.658799978000051634e-03,1.931039458725404903e-02
7.665000000000000036e+00,4.883659111086776326e-03,9.766396342941992617e-03,1.952542127753348344e-02
7.669999999999999929e+00,4.938389658680630498e-03,9.875836063326818431e-03,1.974412984749469857e-02
7.674999999999999822e+00,4.994063564611031514e-03,9.987161874572138276e-03,1.996660559795250187e-02
7.679999999999999716e+00,5.050702833187214330e-03,1.010041776313390545e-02,2.019293632477010131e-02
7.685000000000000497e+00,5.108330116847192848e-03,1.021564901080369153e-02,2.042321240711912969e-02
7.690000000000000391e+00,5.166968739249552280e-03,1.033290224084802526e-02,2.065752689940631576e-02
7.695000000000000284e+00,5.226642719331892756e-03,1.045222546607881518e-02,2.089597562704331030e-02
7.700000000000000178e+00,5.287376796382300265e-03,1.057366813894725956e-02,2.113865728624266666e-02
7.705000000000000071e+00,5.349196456172860409e-03,1.069728120375912014e-02,2.138567354803577042e-02
7.709999999999999964e+00,5.412127958207245404e-03,1.082311715111530098e-02,2.163712916671828995e-02
7.714999999999999858e+00,5.476198364136721473e-03,1.095123007468624260e-02,2.189313209293911391e-02
7.719999999999999751e+00,5.541435567402389767e-03,1.108167573043560873e-02,2.215379359166211315e-02
7.724999999999999645e+00,5.607868324164448116e-03,1.121451159841447068e-02,2.241922836524203044e-02
7.730000000000000426e+00,5.675526285582791972e-03,1.134979694725472138e-02,2.268955468186924923e-02
7.735000000000000320e+00,5.744440031516919246e-03,1.148759290149703287e-02,2.296489450965329832e-02
7.740000000000000213e+00,5.814641105716866418e-03,1.162796251189692626e-02,2.324537365662968438e-02
7.745000000000000107e+00,5.886162052581133362e-03,1.177097082886037309e-02,2.353112191699077010e-02
7.750000000000000000e+00,5.959036455561887713e-03,1.191668497916928068e-02,2.382227322385954346e-02
7.754999999999999893e+00,6.033298977302333117e-03,1.206517424616642374e-02,2.411896580894250242e-02
7.759999999999999787e+00,6.108985401596224961e-03,1.221651015357931233e-02,2.442134236941847364e-02
7.764999999999999680e+00,6.186132677264619822e-03,1.237076655317297103e-02,2.472955024244048380e-02
7.769999999999999574e+00,6.264778964050808294e-03,1.252801971643297679e-02,2.504374158764992309e-02
7.775000000000000355e+00,6.344963680640204259e-03,1.268834843049219605e-02,2.536407357812744262e-02
7.780000000000000249e+00,6.426727554918179250e-03,1.285183409852630812e-02,2.569070860022697883e-02
7.785000000000000142e+00,6.510112676586466730e-03,1.301856084485949333e-02,2.602381446277174382e-02
7.790000000000000036e+00,6.595162552264896907e-03,1.318861562503274854e-02,2.636356461611354812e-02
7.794999999999999929e+00,6.681922163213937886e-03,1.336208834110563445e-02,2.671013838159283504e-02
7.799999999999999822e+00,6.770438025821586339e-03,1.353907196247773788e-02,2.706372119196691350e-02
7.804999999999999716e+00,6.860758255006539977e-03,1.371966265253327100e-02,2.742450484340918510e-02
7.810000000000000497e+00,6.952932630700193670e-03,1.390395990143311958e-02,2.779268775972152869e-02
7.815000000000000391e+00,7.047012667578861182e-03,1.409206666539641190e-02,2.816847526943972585e-02
7.820000000000000284e+00,7.143051688229865546e-03,1.428408951283825778e-02,2.855207989655755146e-02
7.825000000000000178e+00,7.241104899945465315e-03,1.448013877775049252e-02,2.894372166563799476e-02
7.830000000000000071e+00,7.341229475352342021e-03,1.468032872074043552e-02,2.934362842213336653e-02
7.834999999999999964e+00,7.443484637096660361e-03,1.488477769816610140e-02,2.975203616878404483e-02
7.839999999999999858e+00,7.547931746820155108e-03,1.509360833983835332e-02,3.016918941902839088e-02
7.844999999999999751e+00,7.654634398677161167e-03,1.530694773578820424e-02,3.059534156841116695e-02
7.849999999999999645e+00,7.763658517659729856e-03,1.552492763263258954e-02,3.103075528504746494e-02
7.855000000000000426e+00,7.875072463015310442e-03,1.574768464010622981e-02,3.147570292026674599e-02
7.860000000000000320e+00,7.988947137060931764e-03,1.597536044836600846e-02,3.193046694063819690e-02
7.865000000000000213e+00,8.105356099718187893e-03,1.620810205671457602e-02,3.239534038265927396e-02
7.870000000000000107e+00,8.224375689115227470e-03,1.644606201443478410e-02,3.287062733147625565e-02
7.875000000000000000e+00,8.346085148626286240e-03,1.668939867447296471e-02,3.335664342509891966e-02
7.879999999999999893e+00,8.470566760744251134e-03,1.693827646076119867e-02,3.385371638567373498e-02
7.884999999999999787e+00,8.597905988209822437e-03,1.719286615002286328e-02,3.436218657948686417e-02
7.889999999999999680e+00,8.728191622850350884e-03,1.745334516896547561e-02,3.488240760748672481e-02
7.894999999999999574e+00,8.861515942613588243e-03,1.771989790782879659e-02,3.541474692824168879e-02
7.900000000000000355e+00,8.997974877316169962e-03,1.799271605132512358e-02,3.595958651538440354e-02
7.905000000000000249e+00,9.137668183664173979e-03,1.827199892808318432e-02,3.651732355174245465e-02
7.910000000000000142e+00,9.280699630143308954e-03,1.855795387978781061e-02,3.708837116251296334e-02
7.915000000000000036e+00,9.427177192420182344e-03,1.885079665129446233e-02,3.767315919001085200e-02
7.919999999999999929e+00,9.577213259943238161e-03,1.915075180309199279e-02,3.827213501270743112e-02
7.924999999999999822e+00,9.730924854483170156e-03,1.945805314758897522e-02,3.888576441147442025e-02
7.929999999999999716e+00,9.888433861408193332e-03,1.977294421080997081e-02,3.951453248617127489e-02
7.935000000000000497e+00,1.004986727454927099e-02,2.009567872120586463e-02,4.015894462594250119e-02
7.940000000000000391e+00,1.021535745557583356e-02,2.042652112741565051e-02,4.081952753685473556e-02
7.945000000000000284e+00,1.038504240887398906e-02,2.076574714695539683e-02,4.149683033077925659e-02
7.950000000000000178e+00,1.055906607299403333e-02,2.111364434796301690e-02,4.219142567972151286e-02
7.955000000000000071e+00,1.073757862982025260e-02,2.147051276629674196e-02,4.290391104013688284e-02
7.959999999999999964e+00,1.092073683270429647e-02,2.183666556046197013e-02,4.363490995211793955e-02
7.964999999999999858e+00,1.110870435490452467e-02,2.221242970704248587e-02,4.438507341873557804e-02
7.969999999999999751e+00,1.130165215977967097e-02,2.259814673952316791e-02,4.515508137123069171e-02
7.974999999999999645e+00,1.149975889430343221e-02,2.299417353362672237e-02,4.594564422621776056e-02
7.980000000000000426e+00,1.170321130759461800e-02,2.340088314254179513e-02,4.675750454156147456e-02
7.985000000000000320e+00,1.191220469629684919e-02,2.381866568569782766e-02,4.759143877813478557e-02
7.990000000000000213e+00,1.212694337879489936e-02,2.424792929504640190e-02,4.844825917526526804e-02
7.995000000000000107e+00,1.234764120042155557e-02,2.468910112314134930e-02,4.932881574832891081e-02
8.000000000000000000e+00,1.257452207199172625e-02,2.514262841767327464e-02,5.023399841766619522e-02
8.005000000000000782e+00,1.280782054420034552e-02,2.560897966751300020e-02,5.116473927877544792e-02
8.009999999999999787e+00,1.304778242064017456e-02,2.608864582575450008e-02,5.212201502459814367e-02
8.015000000000000568e+00,1.329466541243620910e-02,2.658214161572709094e-02,5.310684953164802879e-02
8.019999999999999574e+00,1.354873983775714899e-02,2.709000692647260677e-02,5.412031662276874100e-02
8.025000000000000355e+00,1.381028936975536685e-02,2.761280830476001841e-02,5.516354302043580821e-02
8.029999999999999361e+00,1.407961183680503034e-02,2.815114055134615087e-02,5.623771150576575145e-02
8.035000000000000142e+00,1.435702007926120509e-02,2.870562842989137636e-02,5.734406429976564301e-02
8.039999999999999147e+00,1.464284286734687628e-02,2.927692849770472880e-02,5.848390668485783234e-02
8.044999999999999929e+00,1.493742588520763012e-02,2.986573106835388111e-02,5.965861088639815013e-02
8.050000000000000711e+00,1.524113278663728407e-02,3.047276231709633229e-02,6.086962023570963165e-02
8.054999999999999716e+00,1.555434632850810107e-02,3.109878654114432706e-02,6.211845363821828780e-02
8.060000000000000497e+00,1.587746958850855608e-02,3.174460858790800755e-02,6.340671037248959974e-02
8.064999999999999503e+00,1.621092727443225467e-02,3.241107646563380629e-02,6.473607524845605143e-02
8.070000000000000284e+00,1.655516713297426612e-02,3.309908415227386103e-02,6.610832415588897837e-02
8.074999999999999289e+00,1.691066146676630660e-02,3.380957461996257629e-02,6.752533003718147464e-02
8.080000000000000071e+00,1.727790876926795990e-02,3.454354309423596225e-02,6.898906932194152908e-02
8.085000000000000853e+00,1.765743548808907867e-02,3.530204056903497173e-02,7.050162886460689671e-02
8.089999999999999858e+00,1.804979792840871386e-02,3.608617760070052805e-02,7.206521343051816575e-02
8.095000000000000639e+00,1.845558430935812996e-02,3.689712840655313270e-02,7.368215378053613596e-02
8.099999999999999645e+00,1.887541698757498609e-02,3.773613529631694719e-02,7.535491540947289457e-02
8.105000000000000426e+00,1.930995486365005148e-02,3.860451346765067515e-02,7.708610799945758707e-02
8.109999999999999432e+00,1.975989598885586479e-02,3.950365620036277309e-02,7.887849565579731215e-02
8.115000000000000213e+00,2.022598039144209853e-02,4.043504048765232672e-02,8.073500800020827484e-02
8.120000000000000995e+00,2.070899314388875007e-02,4.140023314689805084e-02,8.265875220441194771e-02
8.125000000000000000e+00,2.120976769488375907e-02,4.240089745723173154e-02,8.465302605624180909e-02
8.130000000000000782e+00,2.172918949246540124e-02,4.343880037644284875e-02,8.672133216069180528e-02
8.134999999999999787e+00,2.226819992776787188e-02,4.451582039570502192e-02,8.886739338987088843e-02
8.140000000000000568e+00,2.282780063221604566e-02,4.563395609737941339e-02,9.109516970890950416e-02
8.144999999999999574e+00,2.340905816483054500e-02,4.679533548871506188e-02,9.340887651950693926e-02
8.150000000000000355e+00,2.401310913065603236e-02,4.800222619289553488e-02,9.581300467948804245e-02
8.154999999999999361e+00,2.464116577622750548e-02,4.925704658860371316e-02,9.831234237550719179e-02
8.160000000000000142e+00,2.529452211357375441e-02,5.056237800033923369e-02,1.009119990473931194e-01
8.164999999999999147e+00,2.597456063058659059e-02,5.192097805427448032e-02,1.036174315868122198e-01
8.169999999999999929e+00,2.668275965281679402e-02,5.333579532875622198e-02,1.064344730605168154e-01
8.175000000000000711e+00,2.742070142997022481e-02,5.480998544483271784e-02,1.093693642397455118e-01
8.179999999999999716e+00,2.819008102980584407e-02,5.634692876085346802e-02,1.124287882532177263e-01
8.185000000000000497e+00,2.899271613288801827e-02,5.795024985647232590e-02,1.156199087220274313e-01
8.189999999999999503e+00,2.983055783399878036e-02,5.962383901583354767e-02,1.189504117816147510e-01
8.195000000000000284e+00,3.070570257021291993e-02,6.137187594781086386e-02,1.224285524497978894e-01
8.199999999999999289e+00,3.162040531195046272e-02,6.319885601343061543e-02,1.260632058615561435e-01
8.205000000000000071e+00,3.257709417219059600e-02,6.510961926792357968e-02,1.298639239625339059e-01
8.210000000000000853e+00,3.357838661077862386e-02,6.710938266783617046e-02,1.338409983352416288e-01
8.214999999999999858e+00,3.462710743601887797e-02,6.920377584354206468e-02,1.380055299270138702e-01
8.220000000000000639e+00,3.572630883501155818e-02,7.139888089530745108e-02,1.423695065587466668e-01
8.224999999999999645e+00,3.687929269828109369e-02,7.370127673836283921e-02,1.469458892212592016e-01
8.230000000000000426e+00,3.808963554400651708e-02,7.611808860092032780e-02,1.517487083149416938e-01
8.234999999999999432e+00,3.936121639360570801e-02,7.865704337068427088e-02,1.567931711617590596e-01
8.240000000000000213e+00,4.069824800492820999e-02,8.132653159289462974e-02,1.620957823217817895e-01
8.245000000000000995e+00,4.210531193327361754e-02,8.413567704899405086e-02,1.676744784841434632e-01
8.250000000000000000e+00,4.358739796587779436e-02,8.709441499361950112e-02,1.735487799820387422e-01
8.255000000000000782e+00,4.514994856457593686e-02,9.021358030298357034e-02,1.797399613107659444e-01
8.259999999999999787e+00,4.679890905686136943e-02,9.350500699535357896e-02,1.862712434169718212e-01
8.265000000000000568e+00,4.854078444098060968e-02,9.698164083102572830e-02,1.931680109885519081e-01
8.269999999999999574e+00,5.038270382009373688e-02,1.006576669928397061e-01,2.004580585223759426e-01
8.275000000000000355e+00,5.233249365922018614e-02,1.045486551992979712e-01,2.081718696001434998e-01
8.279999999999999361e+00,5.439876127294089592e-02,1.086717250229677079e-01,2.163429345830684136e-01
8.285000000000000142e+00,5.659099020972881144e-02,1.130457346927575685e-01,2.250081128721710955e-01
8.289999999999999147e+00,5.891964951019434960e-02,1.176914972691263939e-01,2.342080470069701770e-01
8.294999999999999929e+00,6.139631919407222138e-02,1.226320288207732589e-01,2.439876372350435751e-01
8.300000000000000711e+00,6.403383479000418488e-02,1.278928341300804294e-01,2.543965868316909740e-01
8.304999999999999716e+00,6.684645428326099759e-02,1.335022365517032350e-01,2.654900304519796639e-01
8.310000000000000497e+00,6.985005154454539122e-02,1.394917599926689400e-01,2.773292602416757013e-01
8.314999999999999503e+00,7.306234115057580469e-02,1.458965726363451176e-01,2.899825674292699773e-01
8.320000000000000284e+00,7.650314055566814764e-02,1.527560040766020588e-01,3.035262208071145551e-01
8.324999999999999289e+00,8.019467687679229795e-02,1.601141500661385497e-01,3.180456080642060646e-01
8.330000000000000071e+00,8.416194718242581141e-02,1.680205822486848244e-01,3.336365715866238535e-01
8.335000000000000853e+00,8.843314321882064788e-02,1.765311842132812337e-01,3.504069773904313623e-01
8.339999999999999858e+00,9.304015408620174010e-02,1.857091402104862898e-01,3.684785646846998608e-01
8.345000000000000639e+00,9.801916364985743813e-02,1.956261092075340380e-01,3.879891346840473321e-01
8.349999999999999645e+00,1.034113636483853793e-01,2.063636250356129798e-01,4.090951513692565045e-01
8.355000000000000426e+00,1.092638088261790874e-01,2.180147737364293847e-01,4.319748448142446406e-01
8.359999999999999432e+00,1.156304473515506193e-01,2.306862125725966939e-01,4.568319306351109610e-01
8.365000000000000213e+00,1.225733688062794480e-01,2.445006125143827647e-01,4.839000886550318681e-01
8.370000000000000995e+00,1.301643238602974151e-01,2.595996287017043880e-01,5.134483821511919288e-01
8.375000000000000000e+00,1.384865853658538148e-01,2.761475332686650352e-01,5.457878489674525824e-01
8.380000000000000782e+00,1.476372413996389632e-01,2.943356845999099414e-01,5.812795613253411986e-01
8.384999999999999787e+00,1.577300386975051538e-01,3.143880602073069741e-01,6.203445378597602922e-01
8.390000000000000568e+00,1.688989327421625275e-01,3.365681521436350021e-01,6.634760069296206098e-01
8.394999999999999574e+00,1.813025524794731891e-01,3.611876216209381485e-01,7.112546754042882169e-01
8.400000000000000355e+00,1.951298590861404447e-01,3.886172440301944864e-01,7.643678672253034767e-01
8.404999999999999361e+00,2.106073779932626788e-01,4.193008626409598927e-01,8.236336830095228878e-01
8.410000000000000142e+00,2.280085243494008318e-01,4.537733323358431603e-01,8.900317274810518597e-01
8.414999999999999147e+00,2.476657437835646514e-01,4.926838090960105054e-01,9.647425018379642836e-01
8.419999999999999929e+00,2.699864827167338666e-01,5.368262805001425830e-01,1.049198331465190925e+00
8.425000000000000711e+00,2.954744325199004651e-01,5.871800208134951848e-01,1.145149797296522554e+00
8.429999999999999716e+00,3.247581342669210169e-01,6.449638230834835451e-01,1.254753214599228617e+00
8.435000000000000497e+00,3.586300069293658632e-01,7.117096213993820975e-01,1.380686988801462789e+00
8.439999999999999503e+00,3.981003723961263896e-01,7.893638147350858780e-01,1.526308032088370403e+00
8.445000000000000284e+00,4.444734356994376467e-01,8.804288163680595858e-01,1.695864402196520793e+00
8.449999999999999289e+00,4.994560284009169071e-01,9.881640639632871537e-01,1.894787794766404909e+00
8.455000000000000071e+00,5.653162892972329878e-01,1.116876655342204927e+00,2.130100848499621335e+00
8.460000000000000853e+00,6.451202716398628523e-01,1.272350010438077383e+00,2.410991556183680551e+00
8.464999999999999858e+00,7.430933975690885429e-01,1.462490199626783838e+00,2.749633763385755714e+00
8.470000000000000639e+00,8.651879513301714564e-01,1.698324675424266461e+00,3.162373864928457845e+00
8.474999999999999645e+00,1.020002238542110806e+00,1.995588479579783803e+00,3.671466600719051065e+00
8.480000000000000426e+00,1.220323529312990818e+00,2.377322271160648981e+00,4.307635858606485790e+00
8.484999999999999432e+00,1.485827814422991056e+00,2.878277656503393622e+00,5.113863599383117631e+00
8.490000000000000213e+00,1.848039398612787210e+00,3.552684304144176686e+00,6.150947088605041913e+00
8.495000000000000995e+00,2.359985405420592208e+00,4.488556410667764673e+00,7.505376792879305370e+00
8.500000000000000000e+00,3.116352991973196040e+00,5.835344959024504341e+00,9.299466895850461157e+00
8.505000000000000782e+00,4.299363869591184439e+00,7.860155969019683830e+00,1.170075986258265921e+01
8.509999999999999787e+00,6.295112898453050221e+00,1.106731188410001998e+01,1.491774442404021528e+01
8.515000000000000568e+00,1.003237262225255755e+01,1.645558853701822954e+01,1.914098175552482672e+01
8.519999999999999574e+00,1.815869739348639200e+01,2.599622714413441571e+01,2.433391368661718701e+01
8.525000000000000355e+00,3.994261147549335789e+01,4.264239272793150803e+01,2.977228041457933472e+01
8.529999999999999361e+00,1.044056249515494414e+02,6.360392807070776655e+01,3.364195009197715081e+01
8.535000000000000142e+00,1.149695563454273497e+02,6.543526064739674553e+01,3.389280708691872945e+01
8.539999999999999147e+00,4.465128020520016605e+01,4.518587694296615354e+01,3.036905692182687488e+01
8.544999999999999929e+00,1.973556368015684725e+01,2.757319872443176223e+01,2.500326415536237334e+01
8.550000000000000711e+00,1.069321634381173780e+01,1.733417016383015152e+01,1.972249919249281191e+01
8.554999999999999716e+00,6.625474955241967834e+00,1.157467264108327143e+01,1.537204322617195373e+01
8.560000000000000497e+00,4.486135252337959400e+00,8.171160644092921643e+00,1.204210727295905592e+01
8.564999999999999503e+00,3.231669628829735963e+00,6.037067895616560875e+00,9.554056629074088036e+00
8.570000000000000284e+00,2.436011532931617651e+00,4.625881380504063500e+00,7.696614492321804946e+00
8.574999999999999289e+00,1.900764755946996454e+00,3.650034835884249595e+00,6.296531936096700477e+00
8.580000000000000071e+00,1.523897614148496338e+00,2.949676144153405399e+00,5.226446410139645060e+00
8.585000000000000853e+00,1.248732069089741881e+00,2.431217093511364613e+00,4.396113023185074908e+00
8.589999999999999858e+00,1.041796365507945410e+00,2.037287894595736226e+00,3.742100602782085339e+00
8.595000000000000639e+00,8.822955635874041302e-01,1.731286598197347093e+00,3.219612535259391173e+00
8.599999999999999645e+00,7.567966004614292697e-01,1.489041823058915082e+00,2.796675738804111688e+00
8.605000000000000426e+00,6.562963835235002819e-01,1.294102363955037305e+00,2.450169159500114269e+00
8.609999999999999432e+00,5.745795627945189388e-01,1.134971813243375705e+00,2.163138745371405491e+00
8.615000000000000213e+00,5.072468199980162407e-01,1.003428947187885445e+00,1.922978858931776003e+00
8.620000000000000995e+00,4.511142347321440704e-01,8.934736727332032169e-01,1.720190565322176068e+00
8.625000000000000000e+00,4.038317636516091103e-01,8.006467578185341161e-01,1.547524345049436034e+00
8.630000000000000782e+00,3.636344409573491476e-01,7.215798868928875454e-01,1.399380837378759512e+00
8.634999999999999787e+00,3.291760242505973877e-01,6.536913743657264408e-01,1.271386565541881231e+00
8.640000000000000568e+00,2.994152857781663957e-01,5.949762011438122222e-01,1.160089715476014138e+00
8.644999999999999574e+00,2.735367433907279766e-01,5.438584706831469662e-01,1.062739291530509833e+00
8.650000000000000355e+00,2.508944120144748213e-01,4.990859957099074151e-01,9.771228898701961318e-01
8.654999999999999361e+00,2.309712442560713230e-01,4.596538380878408825e-01,9.014461803251760941e-01
8.660000000000000142e+00,2.133494534763806794e-01,4.247480763567113016e-01,8.342424118863862592e-01
8.664999999999999147e+00,1.976885073919644742e-01,3.937039202665605364e-01,7.743037727448109919e-01
8.669999999999999929e+00,1.837086082920163510e-01,3.659741439190682399e-01,7.206288285099435864e-01
8.675000000000000711e+00,1.711781511180424653e-01,3.411050362558787907e-01,6.723819091755549593e-01
8.679999999999999716e+00,1.599041017018534849e-01,3.187178937217753916e-01,6.288614615933768581e-01
8.685000000000000497e+00,1.497245435650015610e-01,2.984946443596930843e-01,5.894751905257838986e-01
8.689999999999999503e+00,1.405028524688567981e-01,2.801665835984878394e-01,5.537203844632569982e-01
8.695000000000000284e+00,1.321231050254468853e-01,2.635054763644744669e-01,5.211682338293350814e-01
8.699999999999999289e+00,1.244864316627243561e-01,2.483164750015464106e-01,4.914512473952565852e-01
8.705000000000000071e+00,1.175080986007578099e-01,2.344324424346579949e-01,4.642530908376588661e-01
8.710000000000000853e+00,1.111151572659870856e-01,2.217093716017275729e-01,4.393003323139039740e-01
8.714999999999999858e+00,1.052445388592408160e-01,2.100226666695351185e-01,4.163556996913285180e-01
8.720000000000000639e+00,9.984150079056061666e-02,1.992641067026770241e-01,3.952125439260313344e-01
8.724999999999999645e+00,9.485835330767780627e-02,1.893393536818009093e-01,3.756902710599189232e-01
8.730000000000000426e+00,9.025341092132910248e-02,1.801658978907083597e-01,3.576305571567988117e-01
8.734999999999999432e+00,8.599012562897540013e-02,1.716713574472804593e-01,3.408942004138131310e-01
8.740000000000000213e+00,8.203636852205616059e-02,1.637920671364532510e-01,3.253584957445366799e-01
8.745000000000000995e+00,7.836383393147908216e-02,1.564719062161001872e-01,3.109150416465172873e-01
8.750000000000000000e+00,7.494754646299928158e-02,1.496613266994789859e-01,2.974679089218875694e-01
8.755000000000000782e+00,7.176545667842322562e-02,1.433165538209386913e-01,2.849321172636588018e-01
8.759999999999999787e+00,6.879811642460977039e-02,1.373989400579369580e-01,2.732323801140836284e-01
8.765000000000000568e+00,6.602843078393413889e-02,1.318744646323278258e-01,2.623020917597604362e-01
8.769999999999999574e+00,6.344149184236645700e-02,1.267133841101290292e-01,2.520825446123889368e-01
8.775000000000000355e+00,6.102451302285240992e-02,1.218900607444003692e-01,2.425223802970801756e-01
8.779999999999999361e+00,5.876690860471858735e-02,1.173830320837581515e-01,2.335772962352074544e-01
8.785000000000000142e+00,5.666061894836260660e-02,1.131754566030400144e-01,2.252100477206025464e-01
8.789999999999999147e+00,5.470091851219432977e-02,1.092562171344271665e-01,2.173907918131021411e-01
8.794999999999999929e+00,5.288832925549052238e-02,1.056222742715457741e-01,2.100977730801205090e-01
8.800000000000000711e+00,5.123356820237137677e-02,1.022834373308765255e-01,2.033181584244668494e-01
8.804999999999999716e+00,4.977289255046449951e-02,9.927078293084484750e-02,1.970484107692933584e-01
8.810000000000000497e+00,4.862078198913102889e-02,9.664140404459960199e-02,1.912933088939780257e-01
8.814999999999999503e+00,4.785324224751801026e-02,9.445439059741431165e-02,1.860628088584534434e-01
8.820000000000000284e+00,4.717127473502460977e-02,9.287329551517246873e-02,1.813597529556986165e-01
8.824999999999999289e+00,4.805177725020861462e-02,9.238922391000890799e-02,1.771332694444994194e-01
8.830000000000000071e+00,5.326354218487587555e-02,9.324826547204868865e-02,1.731947480274287354e-01
8.835000000000000853e+00,6.053072431347439331e-02,9.384261734322783821e-02,1.692100174578164418e-01
8.839999999999999858e+00,5.790218907522622083e-02,9.117473607392717616e-02,1.649195525404848484e-01
8.845000000000000639e+00,4.663915043552682715e-02,8.612709649548873359e-02,1.604134160155520905e-01
8.849999999999999645e+00,4.282523021559894033e-02,8.241696638282736131e-02,1.560271998569605911e-01
8.855000000000000426e+00,4.327835728361178330e-02,8.091159795994405657e-02,1.519606561577351578e-01
8.859999999999999432e+00,4.983060007802223024e-02,8.064480504445652176e-02,1.481093282022746538e-01
8.865000000000000213e+00,4.816605381334626568e-02,7.844644522489449545e-02,1.442486559498039056e-01
8.870000000000000995e+00,3.971369579353452306e-02,7.436272168320443021e-02,1.403528537240609775e-01
8.875000000000000000e+00,3.697135410076050205e-02,7.114486505624129098e-02,1.366120611045045230e-01
8.880000000000000782e+00,3.621683290440616543e-02,6.899265593136838515e-02,1.331916738330811423e-01
8.884999999999999787e+00,3.493679785358162759e-02,6.750850951555512069e-02,1.301320650227900111e-01
8.890000000000000568e+00,3.604263346182959987e-02,6.686181458582900194e-02,1.273724727539765622e-01
8.894999999999999574e+00,3.845616054870083789e-02,6.650573111256026515e-02,1.247723800366477287e-01
8.900000000000000355e+00,3.893619735456083086e-02,6.522755871762203617e-02,1.221902399964090447e-01
8.904999999999999361e+00,3.362952535632826589e-02,6.273274642107527777e-02,1.196110484187907219e-01
8.910000000000000142e+00,3.093131438661756577e-02,6.044960151438429075e-02,1.171608753980243750e-01
8.914999999999999147e+00,3.002246533863146133e-02,5.902555083119165324e-02,1.149767151211384952e-01
8.919999999999999929e+00,3.039747041534028582e-02,5.835827770990220653e-02,1.131094293741107398e-01
8.925000000000000711e+00,3.157371108629934697e-02,5.801136728071863702e-02,1.115359527919777272e-01
8.929999999999999716e+00,3.081428984210976552e-02,5.758172167904666849e-02,1.102264359894583462e-01
8.935000000000000497e+00,3.070900137655883239e-02,5.734216480964082763e-02,1.091873705833231456e-01
8.939999999999999503e+00,3.070138545062833096e-02,5.773955007892137697e-02,1.084294416356998692e-01
8.945000000000000284e+00,3.512486770011929299e-02,5.920748786480889425e-02,1.078930031594284300e-01
8.949999999999999289e+00,4.037979780140053820e-02,6.000540549222163622e-02,1.074605742034231010e-01
8.955000000000000071e+00,3.292686917410676817e-02,5.866754472039520385e-02,1.071605567655577185e-01
8.960000000000000853e+00,3.028122361596710665e-02,5.790127129568210101e-02,1.072831324287216864e-01
8.964999999999999858e+00,3.100884803336806730e-02,5.933824544821966751e-02,1.081777681921673034e-01
8.970000000000000639e+00,3.497863087961139428e-02,6.391979448449985890e-02,1.099817646833762819e-01
8.974999999999999645e+00,4.678182788077532572e-02,7.332699570845184478e-02,1.123513957243918310e-01
8.980000000000000426e+00,8.247719904071959540e-02,8.703259332972039519e-02,1.141919688740017924e-01
8.984999999999999432e+00,1.104933228724129801e-01,9.260913397616785114e-02,1.139976836960216316e-01
8.990000000000000213e+00,6.614392175986689992e-02,8.113217928123597766e-02,1.111894288105086670e-01
8.995000000000000995e+00,4.000173534257700503e-02,6.693954883112254728e-02,1.067720098179635313e-01
9.000000000000000000e+00,3.098061999314182663e-02,5.786441603551850665e-02,1.021959700406548099e-01
9.004999999999999005e+00,2.713614669737225704e-02,5.266622857479752451e-02,9.828435973690471950e-02
9.009999999999999787e+00,2.517217143518945752e-02,4.959236091003910163e-02,9.523115199117232477e-02
9.015000000000000568e+00,2.404548480845125971e-02,4.768402996447416997e-02,9.295316543782111696e-02
9.019999999999999574e+00,2.335726427526889706e-02,4.646407505604616128e-02,9.131012854510422994e-02
9.025000000000000355e+00,2.293297953864577299e-02,4.569124813784850025e-02,9.018359436362326231e-02
9.030000000000001137e+00,2.268999891290164259e-02,4.524151418919052786e-02,8.949327510672812347e-02
9.035000000000000142e+00,2.258925965630927124e-02,4.505373138105484010e-02,8.919472468111069863e-02
9.039999999999999147e+00,2.261594794367090266e-02,4.510497212480302220e-02,8.927450272845928458e-02
9.044999999999999929e+00,2.277199022531458533e-02,4.540034341450781968e-02,8.974758536123114694e-02
9.050000000000000711e+00,2.307459672829841046e-02,4.597128506010858540e-02,9.065827973833993914e-02
9.054999999999999716e+00,2.355941701928315757e-02,4.688083222759863861e-02,9.208522009100539307e-02
9.060000000000000497e+00,2.428945961616071209e-02,4.823752699812639683e-02,9.415119861753554198e-02
9.064999999999999503e+00,2.537423285432327189e-02,5.022372688609798297e-02,9.703872256903121885e-02
9.070000000000000284e+00,2.701070805947410405e-02,5.315179268793253364e-02,1.010110961857725587e-01
9.074999999999999289e+00,2.957710395475410259e-02,5.757881957841799736e-02,1.064331663687855811e-01
9.080000000000000071e+00,3.387162972431068120e-02,6.454960025849507121e-02,1.137662760771953607e-01
9.085000000000000853e+00,4.181285705413696763e-02,7.611148174295623292e-02,1.234579359808491983e-01
9.089999999999999858e+00,5.890430582862930808e-02,9.621334242616060017e-02,1.355448268879905216e-01
9.095000000000000639e+00,1.039892981630566871e-01,1.303748135767084926e-01,1.487827798051820083e-01
9.099999999999999645e+00,2.122640641234772307e-01,1.742412830368489651e-01,1.598192877909640486e-01
9.105000000000000426e+00,2.922234198267081307e-01,1.902182189208122542e-01,1.644646844399745844e-01
9.109999999999999432e+00,1.444128467798297122e-01,1.563503438832385406e-01,1.617215688538415908e-01
9.115000000000000213e+00,7.822799875453813334e-02,1.203140159036009960e-01,1.552480253883126715e-01
9.120000000000000995e+00,6.007392846359964345e-02,1.031526132880199453e-01,1.495114555170218296e-01
9.125000000000000000e+00,6.337303885783474033e-02,1.023942631837442413e-01,1.465110402528781441e-01
9.129999999999999005e+00,9.797674175521643714e-02,1.139621533170979417e-01,1.455925344734139426e-01
9.134999999999999787e+00,1.475340565295500395e-01,1.216097236117660296e-01,1.447360743664246607e-01
9.140000000000000568e+00,8.752887979376829108e-02,1.099945457893199696e-01,1.427305982777327120e-01
9.144999999999999574e+00,6.473207527028171371e-02,9.865545878644138567e-02,1.402532673246032757e-01
9.150000000000000355e+00,7.424700061551033070e-02,9.620130498631775107e-02,1.383816211148889419e-01
9.155000000000001137e+00,7.577152723087603181e-02,9.621746922421409165e-02,1.373398822819250631e-01
9.160000000000000142e+00,7.904285933127030983e-02,9.431992759560964279e-02,1.369412827085568218e-01
9.164999999999999147e+00,5.791021261099515982e-02,9.013851479944898215e-02,1.373257899777959312e-01
9.169999999999999929e+00,5.807447311306015991e-02,9.113618486611074765e-02,1.388972655633224085e-01
9.175000000000000711e+00,7.145698010533710343e-02,9.967430757748482750e-02,1.415448028151830018e-01
9.179999999999999716e+00,1.140789018180185105e-01,1.112999102734314461e-01,1.442492247259797300e-01
9.185000000000000497e+00,1.060684890679835929e-01,1.113130518244896811e-01,1.458745453771856937e-01
9.189999999999999503e+00,7.136294429128001160e-02,1.020950920149583108e-01,1.464632943108609697e-01
9.195000000000000284e+00,6.436305590015869993e-02,9.771869882597078449e-02,1.470391370803244835e-01
9.199999999999999289e+00,7.847085959995614424e-02,9.923493510707120935e-02,1.482977884766555343e-01
9.205000000000000071e+00,7.492383581695506722e-02,9.863901888411913399e-02,1.503704477469576806e-01
9.210000000000000853e+00,5.840761698727536810e-02,9.665517455572342209e-02,1.535518441426274028e-01
9.214999999999999858e+00,5.961868780886779573e-02,1.016581685303474536e-01,1.582678182959356417e-01
9.220000000000000639e+00,8.379830744591143521e-02,1.174400796606636654e-01,1.640838843035202221e-01
9.224999999999999645e+00,1.567143414747720898e-01,1.372367546911767433e-01,1.691788456294673337e-01
9.230000000000000426e+00,1.372967673666792843e-01,1.351377099094214496e-01,1.716405190666272784e-01
9.234999999999999432e+00,7.801894953475937977e-02,1.165736254484725093e-01,1.716679161422733912e-01
9.240000000000000213e+00,6.074851155446429896e-02,1.038810458876283649e-01,1.712529236038156655e-01
9.245000000000000995e+00,5.610033982029895977e-02,9.890702999578226962e-02,1.720660149770450731e-01
9.250000000000000000e+00,5.868127187040285409e-02,9.833229196191739518e-02,1.747197810120834360e-01
9.254999999999999005e+00,5.473399549543136317e-02,9.964620009673368084e-02,1.792364651747978543e-01
9.259999999999999787e+00,5.863281165682662777e-02,1.043757859460649612e-01,1.854274473575861226e-01
9.265000000000000568e+00,7.639189945887424338e-02,1.120881033498642571e-01,1.928632078452489074e-01
9.269999999999999574e+00,8.124482145834581448e-02,1.164447743259292567e-01,2.010377300902385089e-01
9.275000000000000355e+00,6.593234556104000943e-02,1.160752629199729991e-01,2.099371742063707025e-01
9.280000000000001137e+00,6.078224841330749639e-02,1.169662314580363072e-01,2.201658622422353884e-01
9.285000000000000142e+00,6.150492508287603438e-02,1.210433702800028655e-01,2.324449494650205339e-01
9.289999999999999147e+00,6.452210242118761041e-02,1.277586611611357947e-01,2.473014160507687742e-01
9.294999999999999929e+00,6.891616090912044967e-02,1.366841342202518295e-01,2.651410434683958428e-01
9.300000000000000711e+00,7.449386890405383654e-02,1.477649575490077583e-01,2.864024485630043415e-01
9.304999999999999716e+00,8.131555818216597287e-02,1.612067183425731076e-01,3.116592282965581773e-01
9.310000000000000497e+00,8.958101118464190105e-02,1.774198639697070756e-01,3.416871227621571805e-01
9.314999999999999503e+00,9.961182147861924463e-02,1.970245549933341556e-01,3.775305661609833496e-01
9.320000000000000284e+00,1.118734335854907891e-01,2.209005907628453502e-01,4.205912368682011016e-01
9.324999999999999289e+00,1.270276613845886526e-01,2.502838621443349010e-01,4.727562847805473201e-01
9.330000000000000071e+00,1.460241069847019735e-01,2.869271049095067916e-01,5.365870899343250233e-01
9.335000000000000853e+00,1.702539897334525709e-01,3.333634224398899226e-01,6.155985698175796550e-01
9.339999999999999858e+00,2.018141813210726498e-01,3.933462345598469079e-01,7.146736829399559232e-01
9.345000000000000639e+00,2.439782240943671465e-01,4.726073684609963799e-01,8.406770026839713861e-01
9.349999999999999645e+00,3.020797742392161145e-01,5.802155306584785288e-01,1.003347880194664921e+00
9.355000000000000426e+00,3.852745820982379499e-01,7.311224614236212505e-01,1.216536210727709566e+00
9.359999999999999432e+00,5.103292269746060317e-01,9.511761981826802881e-01,1.499680596513464970e+00
9.365000000000000213e+00,7.105657329921275522e-01,1.287497368401152587e+00,1.878770443354506936e+00
9.370000000000000995e+00,1.059627981494037696e+00,1.830790245314249720e+00,2.383934091349278361e+00
9.375000000000000000e+00,1.744961264429062631e+00,2.762366149559064787e+00,3.035451577758922603e+00
9.379999999999999005e+00,3.341825248888178557e+00,4.425334097097470831e+00,3.802081537570459524e+00
9.384999999999999787e+00,7.976482080068982405e+00,7.161691774908562458e+00,4.527723594431963150e+00
9.390000000000000568e+00,1.862093074772802481e+01,9.611059270274516564e+00,4.916353150281044471e+00
9.394999999999999574e+00,1.173310053724306457e+01,8.357877738123132616e+00,4.745276119665192027e+00
9.400000000000000355e+00,4.559935208606449741e+00,5.375001646705200642e+00,4.122902503266336893e+00
9.405000000000001137e+00,2.206662421440515054e+00,3.313377185544988279e+00,3.355625302215254013e+00
9.410000000000000142e+00,1.279667274219063344e+00,2.154338436040407867e+00,2.662070730302447785e+00
9.414999999999999147e+00,8.364595763685711560e-01,1.495177659542595627e+00,2.113086332890913521e+00
9.419999999999999929e+00,5.942122130514621015e-01,1.099520685280046095e+00,1.701595761325988665e+00
9.425000000000000711e+00,4.490765727942806484e-01,8.490195003622653669e-01,1.398802094270654273e+00
9.429999999999999716e+00,3.564227711177970215e-01,6.834360900223546142e-01,1.176758741229370520e+00
9.435000000000000497e+00,2.947077630195235054e-01,5.705663774074951622e-01,1.013890876380943773e+00
9.439999999999999503e+00,2.526093918182643061e-01,4.923289233139019339e-01,8.948334710927926539e-01
9.445000000000000284e+00,2.238220686965243789e-01,4.381878849455747016e-01,8.090326786112141955e-01
9.449999999999999289e+00,2.047497839898437810e-01,4.019249151007311949e-01,7.494350701255592107e-01
9.455000000000000071e+00,1.934464753780842095e-01,3.800347554097091018e-01,7.115295517849777873e-01
9.460000000000000853e+00,1.892142413426053937e-01,3.710119222743858969e-01,6.927036236233721223e-01
9.464999999999999858e+00,1.927871257635971336e-01,3.752797437094587130e-01,6.917868756993720281e-01
9.470000000000000639e+00,2.077637727796084743e-01,3.957645462828139893e-01,7.085837919403590313e-01
9.474999999999999645e+00,2.468200758065630107e-01,4.384598378800604879e-01,7.431600598477224873e-01
9.480000000000000426e+00,3.518223458836485795e-01,5.057364452538510857e-01,7.950641466880645769e-01
9.484999999999999432e+00,4.377846480111102778e-01,5.752143718621591795e-01,8.637970883352684703e-01
9.490000000000000213e+00,4.195728970892851906e-01,6.470325594260880608e-01,9.507017433131770279e-01
9.495000000000000995e+00,5.896852947975148584e-01,7.627982560286943325e-01,1.058552866869834297e+00
9.500000000000000000e+00,8.259645287124048885e-01,8.770416597503218892e-01,1.190879216432848109e+00
9.504999999999999005e+00,6.231856733871485865e-01,9.413036063277762100e-01,1.358487126561243041e+00
9.509999999999999787e+00,5.999293056515944134e-01,1.062948780791922010e+00,1.585112956113795324e+00
9.515000000000000568e+00,7.413506197661496877e-01,1.328114054861929461e+00,1.902412367355356126e+00
9.519999999999999574e+00,1.058795232682670617e+00,1.817522929632863216e+00,2.341325344286429022e+00
9.525000000000000355e+00,1.728765271626268918e+00,2.700250054481057038e+00,2.917299194746248325e+00
9.530000000000001137e+00,3.358199503362732763e+00,4.300655295759276520e+00,3.590274919424404132e+00
9.535000000000000142e+00,8.223395624194310471e+00,6.855626129300049776e+00,4.199238634864432385e+00
9.539999999999999147e+00,1.733254884506014903e+01,8.739775379738645711e+00,4.469513562902744042e+00
9.544999999999999929e+00,9.234123223427786797e+00,7.167084641261925348e+00,4.232023962642053050e+00
9.550000000000000711e+00,3.668605145438381232e+00,4.525713924441353342e+00,3.623404281978395147e+00
9.554999999999999716e+00,1.825062358380646454e+00,2.796899720263666733e+00,2.919995463199065888e+00
9.560000000000000497e+00,1.074580783286660735e+00,1.826465363648908324e+00,2.298518110112827806e+00
9.564999999999999503e+00,7.060986356129229646e-01,1.267808532862633619e+00,1.808697187537578355e+00
9.570000000000000284e+00,4.999593461799652916e-01,9.267542498330367806e-01,1.439017950359273268e+00
9.574999999999999289e+00,3.734684507676736542e-01,7.062252168164732113e-01,1.162664751148600129e+00
9.580000000000000071e+00,2.903765287580749033e-01,5.564028525687541027e-01,9.548199844202670539e-01
9.585000000000000853e+00,2.328748987903656309e-01,4.503298453528973289e-01,7.964875886631603841e-01
9.589999999999999858e+00,1.914164106796419351e-01,3.726070120492875337e-01,6.740241236645418965e-01
9.595000000000000639e+00,1.605192652970748868e-01,3.139947614290833355e-01,5.778170228781235318e-01
9.599999999999999645e+00,1.368570953614431929e-01,2.687056592715053593e-01,5.010952383594510229e-01
9.605000000000000426e+00,1.183177130569255109e-01,2.329767814608104115e-01,4.390489877184655665e-01
9.609999999999999432e+00,1.035080523246866280e-01,2.042809702240243053e-01,3.882194601462604089e-01
9.615000000000000213e+00,9.147929442089075547e-02,1.808723952098736376e-01,3.460848185766007834e-01
9.620000000000000995e+00,8.156709678248043327e-02,1.615147616841128286e-01,3.107802586848412152e-01
9.625000000000000000e+00,7.329501322256622153e-02,1.453132741015728535e-01,2.809076505537720370e-01
9.629999999999999005e+00,6.631409738563140421e-02,1.316076357106304717e-01,2.554048075350051628e-01
9.634999999999999787e+00,6.036399636160637988e-02,1.199020958499360107e-01,2.334546286805499749e-01
9.640000000000000568e+00,5.524722376889218411e-02,1.098186255029367508e-01,2.144211454699174735e-01
9.644999999999999574e+00,5.081174794699673536e-02,1.010649014832079584e-01,1.978039245019618253e-01
9.650000000000000355e+00,4.693896038572761831e-02,9.341199162557679847e-02,1.832051454994917394e-01
9.655000000000001137e+00,4.353520505910690730e-02,8.667852817055785031e-02,1.703055403210603502e-01
9.660000000000000142e+00,4.052571309779949560e-02,8.071930323964733589e-02,1.588466024818509514e-01
9.664999999999999147e+00,3.785019253523668609e-02,7.541693064551696635e-02,1.486172869946298936e-01
9.669999999999999929e+00,3.545957620287135126e-02,7.067566781090696415e-02,1.394439626965792156e-01
9.675000000000000711e+00,3.331359260955395890e-02,6.641678167747362693e-02,1.311827463526554216e-01
9.679999999999999716e+00,3.137892995047910499e-02,6.257503311755549524e-02,1.237135991738968210e-01
9.685000000000000497e+00,2.962783318353894024e-02,5.909598173173967461e-02,1.169357404115234089e-01
9.689999999999999503e+00,2.803702112866439389e-02,5.593389933946743553e-02,1.107640544969927532e-01
9.695000000000000284e+00,2.658684270350122891e-02,5.305013995675011279e-02,1.051262543656614618e-01
9.699999999999999289e+00,2.526061371361962293e-02,5.041185554973631744e-02,9.996062517956569304e-02
9.705000000000000071e+00,2.404409128880313773e-02,4.799097615864091060e-02,9.521421710054488174e-02
9.710000000000000853e+00,2.292505420492230161e-02,4.576339392580584114e-02,9.084138813141087732e-02
9.714999999999999858e+00,2.189296535027705076e-02,4.370830568636410035e-02,8.680262182883764777e-02
9.720000000000000639e+00,2.093869842557361666e-02,4.180767981686057955e-02,8.306356232118114469e-02
9.724999999999999645e+00,2.005431524780949826e-02,4.004582116877360154e-02,7.959422223753243042e-02
9.730000000000000426e+00,1.923288320133740431e-02,3.840901395921483830e-02,7.636832907369170420e-02
9.734999999999999432e+00,1.846832475194881001e-02,3.688522702409489928e-02,7.336278304583718213e-02
9.740000000000000213e+00,1.775529272855658550e-02,3.546386926535931294e-02,7.055720523139108469e-02
9.745000000000000995e+00,1.708906643632476796e-02,3.413558573371160143e-02,6.793355921827824717e-02
9.750000000000000000e+00,1.646546470564198492e-02,3.289208679044158118e-02,6.547583290652778110e-02
9.754999999999999005e+00,1.588077278353945340e-02,3.172600433864756347e-02,6.316976977207748589e-02
9.759999999999999787e+00,1.533168059675446213e-02,3.063077031675674397e-02,6.100264099137010787e-02
9.765000000000000568e+00,1.481523040190229137e-02,2.960051358811622430e-02,5.896305147097925803e-02
9.769999999999999574e+00,1.432877222031417319e-02,2.862997210092399145e-02,5.704077413017398512e-02
9.775000000000000355e+00,1.386992575707544570e-02,2.771441777885857299e-02,5.522660782243103694e-02
9.780000000000001137e+00,1.343654774375281635e-02,2.684959206912590490e-02,5.351225511260006978e-02
9.785000000000000142e+00,1.302670383598217123e-02,2.603165044766009989e-02,5.189021679436404966e-02
9.789999999999999147e+00,1.263864435098933231e-02,2.525711448106932738e-02,5.035370057220345252e-02
9.794999999999999929e+00,1.227078325425038502e-02,2.452283028704932769e-02,4.889654176977151906e-02
9.800000000000000711e+00,1.192167990511160819e-02,2.382593243144438128e-02,4.751313428325412008e-02
9.804999999999999716e+00,1.159002315307621975e-02,2.316381246018869161e-02,4.619837029002954454e-02
9.810000000000000497e+00,1.127461744340726990e-02,2.253409139532183691e-02,4.494758746256775211e-02
9.814999999999999503e+00,1.097437064564132231e-02,2.193459563186114097e-02,4.375652263506268902e-02
9.820000000000000284e+00,1.068828336386827213e-02,2.136333576100756665e-02,4.262127103370390302e-02
9.824999999999999289e+00,1.041543952508437558e-02,2.081848791861473300e-02,4.153825031724561051e-02
9.830000000000000071e+00,1.015499807299102483e-02,2.029837731881896715e-02,4.050416878755409844e-02
9.835000000000000853e+00,9.906185620507903383e-03,1.980146368359021747e-02,3.951599722436081874e-02
9.839999999999999858e+00,9.668289935894537265e-03,1.932632832146217311e-02,3.857094387766377142e-02
9.845000000000000639e+00,9.440654155515841237e-03,1.887166264437747237e-02,3.766643221788487650e-02
9.849999999999999645e+00,9.222671631545185933e-03,1.843625794160481945e-02,3.680008110012528144e-02
9.855000000000000426e+00,9.013781335761847369e-03,1.801899625501129226e-02,3.596968704640281234e-02
9.859999999999999432e+00,8.813463751495902512e-03,1.761884222143574735e-02,3.517320839013837047e-02
9.865000000000000213e+00,8.621237195005782700e-03,1.723483576610466625e-02,3.440875106145779849e-02
9.870000000000000995e+00,8.436654515437413265e-03,1.686608554653730788e-02,3.367455582116422180e-02
9.875000000000000000e+00,8.259300129217493278e-03,1.651176305961027727e-02,3.296898677626097784e-02
9.879999999999999005e+00,8.088787350465809212e-03,1.617109733576567454e-02,3.229052103135062607e-02
9.884999999999999787e+00,7.924755983930300424e-03,1.584337015405764063e-02,3.163773934867767507e-02
9.890000000000000568e+00,7.766870151170311015e-03,1.552791172007100297e-02,3.100931770544143942e-02
9.894999999999999574e+00,7.614816324352863090e-03,1.522409675593654546e-02,3.040401965070336013e-02
9.900000000000000355e+00,7.468301545170390708e-03,1.493134095788131548e-02,2.982068937606690423e-02
9.905000000000001137e+00,7.327051809104096446e-03,1.464909778212172831e-02,2.925824542456600258e-02
9.910000000000000142e+00,7.190810597615563543e-03,1.437685552457290857e-02,2.871567497112161027e-02
9.914999999999999147e+00,7.059337542896702150e-03,1.411413466389763692e-02,2.819202861568437246e-02
9.919999999999999929e+00,6.932407211590689219e-03,1.386048544094745441e-02,2.768641563694809044e-02
9.925000000000000711e+00,6.809807995453157591e-03,1.361548565072924835e-02,2.719799966043435699e-02
9.929999999999999716e+00,6.691341098279885921e-03,1.337873862571845734e-02,2.672599469991430651e-02
9.935000000000000497e+00,6.576819609620110710e-03,1.314987139170269853e-02,2.626966153568026374e-02
9.939999999999999503e+00,6.466067656837412407e-03,1.292853297940563598e-02,2.582830439715944060e-02
9.945000000000000284e+00,6.358919627996444113e-03,1.271439287695764336e-02,2.540126792086395968e-02
9.949999999999999289e+00,6.255219458864638357e-03,1.250713960988598591e-02,2.498793435777296040e-02
9.955000000000000071e+00,6.154819978025959440e-03,1.230647943670229449e-02,2.458772100695470059e-02
9.960000000000000853e+00,6.057582304736758121e-03,1.211213514941914329e-02,2.420007785466305947e-02
9.964999999999999858e+00,5.963375294706904639e-03,1.192384496942594518e-02,2.382448540026682604e-02
9.970000000000000639e+00,5.872075029483643863e-03,1.174136153013384878e-02,2.346045265226859300e-02
9.974999999999999645e+00,5.783564345553765876e-03,1.156445093866978815e-02,2.310751527935562058e-02
9.980000000000000426e+00,5.697732399665693392e-03,1.139289190966532792e-02,2.276523390291140814e-02
9.984999999999999432e+00,5.614474267222210012e-03,1.122647496487933633e-02,2.243319251876150361e-02
9.990000000000000213e+00,5.533690570899892427e-03,1.106500169299961568e-02,2.211099703710504849e-02
9.995000000000000995e+00,5.455287136928221869e-03,1.090828406451858044e-02,2.179827393065245089e-02
1.000000000000000000e+01,5.379174676706596596e-03,1.075614379706520476e-02,2.149466898193668971e-02
1.000499999999999901e+01,5.305268491657088442e-03,1.060841176701162077e-02,2.119984612161517762e-02
1.000999999999999979e+01,5.233488199409172884e-03,1.046492746356694932e-02,2.091348635034619152e-02
1.001500000000000057e+01,5.163757479588835381e-03,1.032553848192079710e-02,2.063528673750535461e-02
1.001999999999999957e+01,5.096003837643636736e-03,1.019010005231557776e-02,2.036495949062479618e-02
1.002500000000000036e+01,5.030158385280167864e-03,1.005847460221379400e-02,2.010223108999626557e-02
1.003000000000000114e+01,4.966155636218971478e-03,9.930531348982319859e-03,1.984684148337722415e-02
1.003500000000000014e+01,4.903933316091058786e-03,9.806145920751803413e-03,1.959854333619551886e-02
1.003999999999999915e+01,4.843432185408421201e-03,9.685200003322274459e-03,1.935710133305783287e-02
1.004499999999999993e+01,4.784595874643767129e-03,9.567581011188290227e-03,1.912229152674603180e-02
1.005000000000000071e+01,4.727370730554845621e-03,9.453181780947356866e-03,1.889390073122598768e-02
1.005499999999999972e+01,4.671705672997830162e-03,9.341900285553674660e-03,1.867172595550870701e-02
1.006000000000000050e+01,4.617552061616510099e-03,9.233639368110793666e-03,1.845557387549007569e-02
1.006499999999999950e+01,4.564863572031949319e-03,9.128306494220101569e-03,1.824526034112708417e-02
1.007000000000000028e+01,4.513596081684218345e-03,9.025813522464523619e-03,1.804060991641391609e-02
1.007499999999999929e+01,4.463707566952372988e-03,8.926076493751673030e-03,1.784145544937637551e-02
1.008000000000000007e+01,4.415158018178810644e-03,8.829015442536667854e-03,1.764763766811771467e-02
1.008500000000000085e+01,4.367909399777698473e-03,8.734554235069930811e-03,1.745900479611878914e-02
1.008999999999999986e+01,4.321925781903893961e-03,8.642620413425438144e-03,1.727541217803026802e-02
1.009500000000000064e+01,4.277174022753933193e-03,8.553144779473324799e-03,1.709672192315150885e-02
1.009999999999999964e+01,4.233618272195580068e-03,8.466060339222352543e-03,1.692280262216643016e-02
1.010500000000000043e+01,4.191221853887541586e-03,8.381303806543076787e-03,1.675352916028294975e-02
1.010999999999999943e+01,4.149965188970107174e-03,8.298816731633278793e-03,1.658878247418412583e-02
1.011500000000000021e+01,4.109814960678684868e-03,8.218541643064356320e-03,1.642844922943859781e-02
1.012000000000000099e+01,4.070740109073868636e-03,8.140423912138134918e-03,1.627242161331840173e-02
1.012500000000000000e+01,4.032721589194486131e-03,8.064413130841507210e-03,1.612059715674395849e-02
1.012999999999999901e+01,3.995733551860739842e-03,7.990460659123212184e-03,1.597287847137181596e-02
1.013499999999999979e+01,3.959752236892094893e-03,7.918519970575710679e-03,1.582917302061594145e-02
1.014000000000000057e+01,3.924755737038608354e-03,7.848547043576063753e-03,1.568939295491476871e-02
1.014499999999999957e+01,3.890724191129862723e-03,7.780500172161128325e-03,1.555345495900015487e-02
1.015000000000000036e+01,3.857636512591966493e-03,7.714339280948641700e-03,1.542128011990078276e-02
1.015500000000000114e+01,3.825470436816273342e-03,7.650026871200140549e-03,1.529279383045347232e-02
1.016000000000000014e+01,3.794218433047542513e-03,7.587528519164740345e-03,1.516792565496078923e-02
1.016499999999999915e+01,3.763854756886128063e-03,7.526808546207108472e-03,1.504660924811596426e-02
1.016999999999999993e+01,3.734351227036016192e-03,7.467834434482788740e-03,1.492878250865953965e-02
1.017500000000000071e+01,3.705714653175185523e-03,7.410580478452482439e-03,1.481438760941817742e-02
1.017999999999999972e+01,3.677927754228324866e-03,7.355020584612560058e-03,1.470337069843591360e-02
1.018500000000000050e+01,3.650976104702470873e-03,7.301129245062709661e-03,1.459568169814685901e-02
1.018999999999999950e+01,3.624847628878884349e-03,7.248882998894816583e-03,1.449127433254751747e-02
1.019500000000000028e+01,3.599531594596809721e-03,7.198260540140445120e-03,1.439010621559656984e-02
1.019999999999999929e+01,3.575018386979663711e-03,7.149242669134779800e-03,1.429213893067346128e-02
1.020500000000000007e+01,3.551299463926534290e-03,7.101812288844549723e-03,1.419733811355892300e-02
1.021000000000000085e+01,3.528367365514629983e-03,7.055954444049288357e-03,1.410567355964986030e-02
1.021499999999999986e+01,3.506215748681473180e-03,7.011656394823732527e-03,1.401711936947955608e-02
1.022000000000000064e+01,3.484839441228694198e-03,6.968907723316250524e-03,1.393165414368627633e-02
1.022499999999999964e+01,3.464234515933327808e-03,6.927700478031387221e-03,1.384926123940613887e-02
1.023000000000000043e+01,3.444398388639809995e-03,6.888029363758135099e-03,1.376992910317264771e-02
1.023499999999999943e+01,3.425329946666567579e-03,6.849891989343673271e-03,1.369365170032145647e-02
1.024000000000000021e+01,3.407029716745758885e-03,6.813289190672741635e-03,1.362042906789140244e-02
1.024500000000000099e+01,3.389500085699020081e-03,6.778225453443845541e-03,1.355026802787043412e-02
1.025000000000000000e+01,3.372745592916085930e-03,6.744709470926109514e-03,1.348318311163808347e-02
1.025499999999999901e+01,3.356773322645677064e-03,6.712754887862425537e-03,1.341919776660589064e-02
1.025999999999999979e+01,3.341593438143257259e-03,6.682381306415992664e-03,1.335834594541023337e-02
1.026500000000000057e+01,3.327219922405163285e-03,6.653615669340651358e-03,1.330067422126900850e-02
1.026999999999999957e+01,3.313671628095191980e-03,6.626494199751553973e-03,1.324624463746804787e-02
1.027500000000000036e+01,3.300973804885810794e-03,6.601065185137075519e-03,1.319513859519575935e-02
1.028000000000000114e+01,3.289160391048607732e-03,6.577393082386797860e-03,1.314746222748700011e-02
1.028500000000000014e+01,3.278277581468020882e-03,6.555564764324735283e-03,1.310335391689955095e-02
1.028999999999999915e+01,3.268389638235222935e-03,6.535699380943784179e-03,1.306299490386176806e-02
1.029499999999999993e+01,3.259588891085467462e-03,6.517964609082682950e-03,1.302662426873686663e-02
1.030000000000000071e+01,3.252014182987813824e-03,6.502604788942937392e-03,1.299455973757482168e-02
1.030499999999999972e+01,3.245888039682074191e-03,6.489992418362976190e-03,1.296722493834513018e-02
1.031000000000000050e+01,3.241600710533234109e-03,6.480727801616579034e-03,1.294517939897520988e-02
1.031499999999999950e+01,3.239931314934611957e-03,6.475838503428817117e-03,1.292913375954699365e-02
1.032000000000000028e+01,3.242756243181506466e-03,6.477145710590687111e-03,1.291990372186336243e-02
1.032499999999999929e+01,3.255842448580049085e-03,6.487467914528076765e-03,1.291824853667880059e-02
1.033000000000000007e+01,3.295576602318529835e-03,6.507477499271389215e-03,1.292472582004231679e-02
1.033500000000000085e+01,3.312197931135705663e-03,6.529683411046526345e-03,1.294003290630250241e-02
1.033999999999999986e+01,3.312168774942119039e-03,6.562131789528174303e-03,1.296543547168137710e-02
1.034500000000000064e+01,3.387101966393577142e-03,6.629954506657606897e-03,1.300119170663462109e-02
1.034999999999999964e+01,3.585296445705248719e-03,6.736782172650781879e-03,1.304333466613405434e-02
1.035500000000000043e+01,3.853681053066994669e-03,6.836834476263782719e-03,1.308350920890625005e-02
1.035999999999999943e+01,3.806983092198803174e-03,6.843518981881028564e-03,1.311570707433882405e-02
1.036500000000000021e+01,3.533134995530512468e-03,6.776476295710749317e-03,1.314493903279204123e-02
1.037000000000000099e+01,3.419425629995234174e-03,6.740487709709795140e-03,1.318585646683775869e-02
1.037500000000000000e+01,3.428888449023305678e-03,6.777759481873119052e-03,1.325295422176019436e-02
1.037999999999999901e+01,3.534999915696797508e-03,6.900709790673158553e-03,1.335400536156311144e-02
1.038499999999999979e+01,3.790528725499214130e-03,7.131405580709947525e-03,1.348704936040797525e-02
1.039000000000000057e+01,4.404421280961988427e-03,7.474510041365740008e-03,1.363674083084128949e-02
1.039499999999999957e+01,5.071477745248415513e-03,7.806425599700603062e-03,1.377517647669778897e-02
1.040000000000000036e+01,5.243833743887912902e-03,7.957715606146182480e-03,1.387547816976299891e-02
1.040500000000000114e+01,5.068902756991982249e-03,7.921647548120094862e-03,1.392858264393307885e-02
1.041000000000000014e+01,4.639610351471433296e-03,7.789596527810909755e-03,1.394515629540145005e-02
1.041499999999999915e+01,4.569019579033956752e-03,7.681101416776644521e-03,1.394356365424097299e-02
1.041999999999999993e+01,4.362383621850205069e-03,7.572915809393508321e-03,1.393862516606340050e-02
1.042500000000000071e+01,4.175911610460097435e-03,7.477917611493510065e-03,1.394116832851886520e-02
1.042999999999999972e+01,4.152978525295137127e-03,7.419437376340593318e-03,1.395971658525183359e-02
1.043500000000000050e+01,3.922919999276803203e-03,7.380630854199436014e-03,1.400071093139305597e-02
1.043999999999999950e+01,4.127160579359636164e-03,7.419787848626048510e-03,1.406849829849011677e-02
1.044500000000000028e+01,4.082773884085229114e-03,7.447598976581377983e-03,1.416592144543950271e-02
1.044999999999999929e+01,3.874384640387871018e-03,7.479434581634561777e-03,1.430066397582219553e-02
1.045500000000000007e+01,3.968230773853269333e-03,7.648743469027521197e-03,1.448274446831899001e-02
1.046000000000000085e+01,4.423719663047470663e-03,8.024036409509735165e-03,1.470858206480629704e-02
1.046499999999999986e+01,5.676029929950377959e-03,8.545964659939207092e-03,1.494960119143814992e-02
1.047000000000000064e+01,6.118002071884740337e-03,8.870075775485299074e-03,1.516491498008834884e-02
1.047499999999999964e+01,5.891569984052956455e-03,8.838927132779741958e-03,1.533743662956397677e-02
1.048000000000000043e+01,4.874026416192643769e-03,8.634723364485950500e-03,1.549373724193695880e-02
1.048499999999999943e+01,4.635349252308450588e-03,8.646855982462951437e-03,1.568004237285341995e-02
1.049000000000000021e+01,5.161286417849605783e-03,9.046801417097861606e-03,1.591459884206833722e-02
1.049500000000000099e+01,6.687652235655326509e-03,9.780000665822560779e-03,1.615752857625990871e-02
1.050000000000000000e+01,9.053079292661289634e-03,1.025357823279682973e-02,1.632908943499162061e-02
1.050499999999999901e+01,6.413206441927315343e-03,9.757138662991731229e-03,1.638744725689277038e-02
1.050999999999999979e+01,4.988224087238434662e-03,9.089467260610115465e-03,1.637975249658240456e-02
1.051500000000000057e+01,4.700265873260302957e-03,8.740974536204825646e-03,1.638443623943100502e-02
1.051999999999999957e+01,4.506389995189980305e-03,8.583751327624100300e-03,1.644833836865078683e-02
1.052500000000000036e+01,4.337897310515248343e-03,8.532894250665173583e-03,1.658914337993590629e-02
1.053000000000000114e+01,4.333196229442820742e-03,8.593897259975894626e-03,1.681525397768409563e-02
1.053500000000000014e+01,4.411432657834004137e-03,8.757930031351954595e-03,1.713446549550532230e-02
1.053999999999999915e+01,4.560189553037319148e-03,9.029678418394837189e-03,1.755748751504443081e-02
1.054499999999999993e+01,4.808858694477342877e-03,9.445676292677800470e-03,1.809912004671306376e-02
1.055000000000000071e+01,5.248219750202235551e-03,1.009262849726736549e-02,1.877306432939811545e-02
1.055499999999999972e+01,6.111210167363469170e-03,1.114521374214232433e-02,1.957222017225072885e-02
1.056000000000000050e+01,8.342700128401509679e-03,1.284978700846704097e-02,2.042791844067739712e-02
1.056499999999999950e+01,1.446177432962529597e-02,1.479466182209372010e-02,2.118331408606974678e-02
1.057000000000000028e+01,1.351027350519543729e-02,1.488819690567859053e-02,2.168667562681333635e-02
1.057499999999999929e+01,8.289144985184748043e-03,1.344710511784455789e-02,2.196866165624521486e-02
1.058000000000000007e+01,6.686276832423791033e-03,1.245689558656271415e-02,2.222365976389840264e-02
1.058500000000000085e+01,6.278550636421068552e-03,1.216609710212095477e-02,2.263131141755676812e-02
1.058999999999999986e+01,6.333571354743612603e-03,1.237502764095470276e-02,2.328798981230890269e-02
1.059500000000000064e+01,6.720953943331448542e-03,1.300516294410541257e-02,2.424122608746036994e-02
1.059999999999999964e+01,7.561115560673526900e-03,1.410668629553858168e-02,2.552257947606095811e-02
1.060500000000000043e+01,8.801652878991341605e-03,1.586790655570025771e-02,2.714429940809438488e-02
1.060999999999999943e+01,1.184002245964172612e-02,1.874600160865106530e-02,2.905172627652592710e-02
1.061500000000000021e+01,2.074276894419972705e-02,2.259979083623634560e-02,3.106732162927618168e-02
1.062000000000000099e+01,2.441858715994310244e-02,2.448311431187271195e-02,3.298977265404048898e-02
1.062500000000000000e+01,1.573126102979769542e-02,2.386746279168568824e-02,3.487586489696790915e-02
1.062999999999999901e+01,1.452637507902477393e-02,2.475395138421437533e-02,3.705132392627896731e-02
1.063499999999999979e+01,1.892642284626172566e-02,2.890430214744395959e-02,3.971491916247265469e-02
1.064000000000000057e+01,3.434560096606120716e-02,3.617905068485782749e-02,4.261756103084717723e-02
1.064499999999999957e+01,4.724869203508624133e-02,4.199741080201527255e-02,4.513641179007164134e-02
1.065000000000000036e+01,4.481378352531076997e-02,4.383415187680461678e-02,4.672297343742820575e-02
1.065500000000000114e+01,4.826395322575323388e-02,4.205968392711311593e-02,4.724187756354625289e-02
1.066000000000000014e+01,2.622246831571108799e-02,3.572276576714639162e-02,4.707036142507391163e-02
1.066499999999999915e+01,1.863159531161765609e-02,3.116914493779394946e-02,4.695329588806786830e-02
1.066999999999999993e+01,1.813494471497330285e-02,3.020351579201598774e-02,4.748974364557969480e-02
1.067500000000000071e+01,2.224332026043266547e-02,3.175726245583386509e-02,4.885274820327537015e-02
1.067999999999999972e+01,2.732747435098883959e-02,3.392511368215932882e-02,5.094903458777481214e-02
1.068500000000000050e+01,2.421044876761652143e-02,3.502148277937489063e-02,5.373886120409764044e-02
1.068999999999999950e+01,2.163211962564058968e-02,3.694290907296863408e-02,5.740153877491709772e-02
1.069500000000000028e+01,2.699080957703504577e-02,4.261180280062371040e-02,6.211586813455596129e-02
1.069999999999999929e+01,4.628134708399835040e-02,5.208388592241536968e-02,6.772341677797744097e-02
1.070500000000000007e+01,5.965197049558151193e-02,5.933085262531840459e-02,7.384371046845107645e-02
1.071000000000000085e+01,4.585759124898473177e-02,6.283087482534296941e-02,8.045655832600548396e-02
1.071499999999999986e+01,5.680229965643188161e-02,7.066322963415197500e-02,8.794759526591600096e-02
1.072000000000000064e+01,6.778064608174044769e-02,8.369507284709171158e-02,9.638092716539842231e-02
1.072499999999999964e+01,1.040013326007512978e-01,1.030699209563624152e-01,1.049722082189244454e-01
1.073000000000000043e+01,1.492691301969182593e-01,1.178269698227436824e-01,1.122696563794339103e-01
1.073499999999999943e+01,1.192325286567502696e-01,1.169696488631515041e-01,1.174032698231997074e-01
1.074000000000000021e+01,1.040183715115541585e-01,1.114517150638649895e-01,1.209818477717333751e-01
1.074500000000000099e+01,9.495390938371620071e-02,1.075246958876050762e-01,1.243966494755415209e-01
1.075000000000000000e+01,9.020882011376819831e-02,1.071289778609455651e-01,1.289307306092416505e-01
1.075499999999999901e+01,8.468490830019667626e-02,1.113723327778632366e-01,1.354521191898666876e-01
1.075999999999999979e+01,1.004498727264715313e-01,1.266794314268709087e-01,1.440793643226587761e-01
1.076500000000000057e+01,1.641478429431196262e-01,1.531223238030569034e-01,1.535379931367014950e-01
1.076999999999999957e+01,2.115070360362161783e-01,1.704066428969487068e-01,1.615843713118380875e-01
1.077500000000000036e+01,1.607899791265384459e-01,1.647017824965128496e-01,1.671289499662552969e-01
1.078000000000000114e+01,1.239889688267470091e-01,1.600244865317512200e-01,1.710814040444020578e-01
1.078500000000000014e+01,1.821095896899918298e-01,1.744488173903452344e-01,1.739534927749011306e-01
1.078999999999999915e+01,2.431231359346348320e-01,1.808219587298311726e-01,1.743615797295853531e-01
1.079499999999999993e+01,1.382889958641543293e-01,1.554564168249056577e-01,1.716125095408367607e-01
1.080000000000000071e+01,9.268054056562653742e-02,1.297076591845520155e-01,1.677103032456680187e-01
1.080499999999999972e+01,8.772498836698222613e-02,1.161018053333780775e-01,1.653182995201826211e-01
1.081000000000000050e+01,6.821934414233170318e-02,1.080340487308545094e-01,1.659448431051955830e-01
1.081499999999999950e+01,6.807321100281008008e-02,1.067158355697070127e-01,1.702087086522342807e-01
1.082000000000000028e+01,7.219589530527331656e-02,1.100446575910100228e-01,1.783046585428800512e-01
1.082499999999999929e+01,7.128659602300531362e-02,1.165326996245399649e-01,1.903168579465773780e-01
1.083000000000000007e+01,8.766157691901751980e-02,1.272882199990809093e-01,2.064178686501442206e-01
1.083500000000000085e+01,9.361530608419339761e-02,1.385657598515673827e-01,2.270418890141308599e-01
1.083999999999999986e+01,8.955487840468329130e-02,1.495974164249966598e-01,2.533439828173001396e-01
1.084500000000000064e+01,8.814652336239313379e-02,1.651624944850296761e-01,2.875227098388821179e-01
1.084999999999999964e+01,9.953569223277704270e-02,1.907799371299843672e-01,3.327254840771432520e-01
1.085500000000000043e+01,1.200402021549449305e-01,2.296815936621786347e-01,3.930315795103017651e-01
1.085999999999999943e+01,1.515518469557490533e-01,2.869595736702612587e-01,4.739120775489406023e-01
1.086500000000000021e+01,2.002343793544885397e-01,3.724310213521664359e-01,5.829387094910620792e-01
1.087000000000000099e+01,2.792831563620211677e-01,5.047063018170377946e-01,7.302263046105686994e-01
1.087500000000000000e+01,4.184003363738874048e-01,7.200647270606276296e-01,9.274173324213386138e-01
1.087999999999999901e+01,6.939283287899520314e-01,1.091277223256571949e+00,1.181914157070438787e+00
1.088499999999999979e+01,1.342401361906990775e+00,1.755102647763208790e+00,1.480009891354833185e+00
1.089000000000000057e+01,3.240971305133272029e+00,2.837062126765599324e+00,1.758110265001026518e+00
1.089499999999999957e+01,7.364416293622229048e+00,3.753075002268587479e+00,1.899473094569560150e+00
1.090000000000000036e+01,4.384063847425953675e+00,3.200879990824644583e+00,1.821306259035814445e+00
1.090500000000000114e+01,1.710251596481336733e+00,2.040896021363664659e+00,1.571431211344874068e+00
1.091000000000000014e+01,8.315765285413772023e-01,1.253788089505375902e+00,1.269753091597461081e+00
1.091499999999999915e+01,4.817314967647590152e-01,8.114780894814801471e-01,9.988810813177644299e-01
1.091999999999999993e+01,3.129229498703359202e-01,5.587637350560861194e-01,7.844822481007667214e-01
1.092500000000000071e+01,2.198309323606784105e-01,4.060015628285383871e-01,6.230439651344771290e-01
1.092999999999999972e+01,1.634720125627981135e-01,3.083347307927948866e-01,5.031760797967872456e-01
1.093500000000000050e+01,1.269818155605343113e-01,2.428647087251380732e-01,4.139919176794952804e-01
1.093999999999999950e+01,1.021671584999568061e-01,1.972905658637836290e-01,3.470972087556168928e-01
1.094500000000000028e+01,8.468493305866460485e-02,1.646506556901061180e-01,2.964779067184948325e-01
1.094999999999999929e+01,7.207795968669802877e-02,1.408255237904217916e-01,2.579421575744004214e-01
1.095500000000000007e+01,6.289228196632908052e-02,1.232977941511081144e-01,2.286037291329806875e-01
1.096000000000000085e+01,5.625146580183189998e-02,1.105113398230592181e-01,2.065024731509468303e-01
1.096499999999999986e+01,5.164530532014107583e-02,1.015358966367687077e-01,1.903506253892037758e-01
1.097000000000000064e+01,4.883500506410079489e-02,9.590545398735933480e-02,1.793749669496662313e-01
1.097499999999999964e+01,4.784523374956708985e-02,9.358075778557203850e-02,1.732270259298788195e-01
1.098000000000000043e+01,4.907370653403679561e-02,9.504366803934856389e-02,1.719326478421675797e-01
1.098499999999999943e+01,5.369006687839637804e-02,1.015899300249090004e-01,1.758341990524661391e-01
1.099000000000000021e+01,6.507441373294144127e-02,1.158570327293158841e-01,1.854411371511414386e-01
1.099500000000000099e+01,9.449751523778771034e-02,1.414943076083187423e-01,2.011273288428665484e-01
1.100000000000000000e+01,1.523690499863348258e-01,1.772014534192475899e-01,2.228703474084093306e-01
1.100499999999999901e+01,1.610998992216783054e-01,2.214960901347330924e-01,2.501286218556798002e-01
1.100999999999999979e+01,2.458151757334418042e-01,3.010859311898750890e-01,2.802770747037529597e-01
1.101500000000000057e+01,5.617797621392768281e-01,4.201895234895685061e-01,3.052423881303587549e-01
1.101999999999999957e+01,7.703561624076372683e-01,4.620872553355080958e-01,3.137247930673171536e-01
1.102500000000000036e+01,3.685187907922845563e-01,3.649070743818825791e-01,3.029740489790320179e-01
1.103000000000000114e+01,1.857258611465644194e-01,2.661603399848448959e-01,2.833251311457809507e-01
1.103500000000000014e+01,1.388078313495488270e-01,2.223510431088687178e-01,2.672050808264617716e-01
1.103999999999999915e+01,1.623700452985188947e-01,2.281429799467729613e-01,2.599934932241166896e-01
1.104499999999999993e+01,2.973456284537859817e-01,2.664680497093436795e-01,2.597771370909648936e-01
1.105000000000000071e+01,3.364172127147363467e-01,2.845895053171711986e-01,2.616703211570431953e-01
1.105499999999999972e+01,2.280509464791020680e-01,2.817868558390922984e-01,2.628387647715077491e-01
1.106000000000000050e+01,3.201999991356768160e-01,3.184057256779817546e-01,2.614103419731870770e-01
1.106500000000000128e+01,5.919114973334342888e-01,3.567585877820759199e-01,2.519748786141867702e-01
1.107000000000000028e+01,3.600081642775669888e-01,2.990294945319927900e-01,2.297626875400402280e-01
1.107499999999999929e+01,1.666818000839064562e-01,2.039976761086015333e-01,1.980954892540751355e-01
1.108000000000000007e+01,8.696478698532709994e-02,1.360456549105961699e-01,1.650548680616446551e-01
1.108500000000000085e+01,5.464760326145495090e-02,9.563562067958286672e-02,1.362058128228866849e-01
1.108999999999999986e+01,3.876531763304136291e-02,7.152944189623337834e-02,1.131275151450444466e-01
1.109499999999999886e+01,2.967358324343245118e-02,5.630232319153463671e-02,9.527083672237571244e-02
1.109999999999999964e+01,2.389906814963344700e-02,4.608206854469068525e-02,8.151617886810758051e-02
1.110500000000000043e+01,1.995078507144877958e-02,3.885481442797303342e-02,7.082322135480986769e-02
1.110999999999999943e+01,1.709956122492242020e-02,3.352026958845631677e-02,6.238643763075885085e-02
1.111500000000000021e+01,1.495242729978638052e-02,2.944261120889095362e-02,5.561969271495881967e-02
1.112000000000000099e+01,1.328118154751693064e-02,2.623490599332192058e-02,5.010412062991446980e-02
1.112500000000000000e+01,1.194523217585960820e-02,2.365077558608555397e-02,4.554009001368523879e-02
1.112999999999999901e+01,1.085370753838809342e-02,2.152708632592157875e-02,4.171119680146748859e-02
1.113499999999999979e+01,9.945496202705525826e-03,1.975211975691482449e-02,3.845905080549735788e-02
1.114000000000000057e+01,9.178107203910273668e-03,1.824710136245887709e-02,3.566601112226575748e-02
1.114499999999999957e+01,8.521144974221909335e-03,1.695505498907196387e-02,3.324339919237166707e-02
1.115000000000000036e+01,7.952327090710635538e-03,1.583384142390483612e-02,3.112340190592970124e-02
1.115500000000000114e+01,7.454966533068494230e-03,1.485167534070123453e-02,2.925345073061128010e-02
1.116000000000000014e+01,7.016330231448838703e-03,1.398415872299041407e-02,2.759227059245348071e-02
1.116499999999999915e+01,6.626539694424799648e-03,1.321226956682500578e-02,2.610706546910556564e-02
1.116999999999999993e+01,6.277816942419260984e-03,1.252096824920781448e-02,2.477148683468579499e-02
1.117500000000000071e+01,5.963956190682012139e-03,1.189821276111377446e-02,2.356414802904994304e-02
1.117999999999999972e+01,5.679946590428317302e-03,1.133425039957011368e-02,2.246752419983808619e-02
1.118500000000000050e+01,5.421698167376887492e-03,1.082110002893517040e-02,2.146712800422622205e-02
1.119000000000000128e+01,5.185839611037883733e-03,1.035216803454414372e-02,2.055088494880772526e-02
1.119500000000000028e+01,4.969566950858609646e-03,9.921959586202896281e-03,1.970865495831267827e-02
1.119999999999999929e+01,4.770528835174977361e-03,9.525858856717566575e-03,1.893186225346529805e-02
1.120500000000000007e+01,4.586738519887722208e-03,9.159959810041343534e-03,1.821320630590426287e-02
1.121000000000000085e+01,4.416505604659075671e-03,8.820934543361944741e-03,1.754643409751682759e-02
1.121499999999999986e+01,4.258382547125136655e-03,8.505929842940657126e-03,1.692615917630908157e-02
1.121999999999999886e+01,4.111122360871753527e-03,8.212485166190995264e-03,1.634771675694867560e-02
1.122499999999999964e+01,3.973644865615663484e-03,7.938467059448206173e-03,1.580704682162563379e-02
1.123000000000000043e+01,3.845009540872519442e-03,7.682016301854031198e-03,1.530059914798870963e-02
1.123499999999999943e+01,3.724393524700102698e-03,7.441504989695757466e-03,1.482525563953042066e-02
1.124000000000000021e+01,3.611073655216661109e-03,7.215501449287215104e-03,1.437826640808716541e-02
1.124500000000000099e+01,3.504411714009021857e-03,7.002741362863648678e-03,1.395719686166494410e-02
1.125000000000000000e+01,3.403842224376112981e-03,6.802103861228729273e-03,1.355988365678824012e-02
1.125499999999999901e+01,3.308862302431329200e-03,6.612591614106327551e-03,1.318439783516191927e-02
1.125999999999999979e+01,3.219023168631642180e-03,6.433314159037240715e-03,1.282901381710843149e-02
1.126500000000000057e+01,3.133923010712616388e-03,6.263473869876400382e-03,1.249218319623065718e-02
1.126999999999999957e+01,3.053200953017148542e-03,6.102354089173291085e-03,1.217251249091828857e-02
1.127500000000000036e+01,2.976531936694236206e-03,5.949309044192022285e-03,1.186874417333852634e-02
1.128000000000000114e+01,2.903622353776060330e-03,5.803755240807441547e-03,1.157974042631136624e-02
1.128500000000000014e+01,2.834206308340497804e-03,5.665164087990004482e-03,1.130446918109256904e-02
1.128999999999999915e+01,2.768042401790230499e-03,5.533055551800810171e-03,1.104199207073050353e-02
1.129499999999999993e+01,2.704910958182621394e-03,5.406992674537942217e-03,1.079145399894620647e-02
1.130000000000000071e+01,2.644611620632233810e-03,5.286576824025352589e-03,1.055207407696930055e-02
1.130499999999999972e+01,2.586961261916529732e-03,5.171443561621543068e-03,1.032313772316648809e-02
1.131000000000000050e+01,2.531792162181887001e-03,5.061259036572696504e-03,1.010398975471458669e-02
1.131500000000000128e+01,2.478950414567239642e-03,4.955716829798930724e-03,9.894028328642587994e-03
1.132000000000000028e+01,2.428294526011929005e-03,4.854535182808210510e-03,9.692699612549498037e-03
1.132499999999999929e+01,2.379694185794910179e-03,4.757454557763926561e-03,9.499493084219341049e-03
1.133000000000000007e+01,2.333029178690739641e-03,4.664235483228454729e-03,9.313937374967082988e-03
1.133500000000000085e+01,2.288188423209161319e-03,4.574656647124719124e-03,9.135596584496284006e-03
1.133999999999999986e+01,2.245069118353705453e-03,4.488513204281675308e-03,8.964067005825545817e-03
1.134499999999999886e+01,2.203575984803252119e-03,4.405615270775875558e-03,8.798974207837553796e-03
1.135000000000000142e+01,2.163620588483265370e-03,4.325786581334157763e-03,8.639970430550161784e-03
1.135500000000000043e+01,2.125120736220841543e-03,4.248863289458684744e-03,8.486732254550273524e-03
1.135999999999999943e+01,2.087999934630625169e-03,4.174692892794111022e-03,8.338958511382194017e-03
1.136500000000000021e+01,2.052186904605767144e-03,4.103133268672276394e-03,8.196368406216136132e-03
1.137000000000000099e+01,2.017615144824791863e-03,4.034051806811791291e-03,8.058699827963703571e-03
1.137500000000000000e+01,1.984222538566742314e-03,3.967324627887415175e-03,7.925707825282748975e-03
1.137999999999999901e+01,1.951950998877744880e-03,3.902835878164219625e-03,7.797163229711282298e-03
1.138499999999999979e+01,1.920746147772357804e-03,3.840477091654933769e-03,7.672851409561255200e-03
1.139000000000000057e+01,1.890557025702458132e-03,3.780146612343024230e-03,7.552571140259936588e-03
1.139499999999999957e+01,1.861335827997338647e-03,3.721749069944060417e-03,7.436133578593724300e-03
1.140000000000000036e+01,1.833037665384576465e-03,3.665194903479774592e-03,7.323361329835653168e-03
1.140500000000000114e+01,1.805620346051849904e-03,3.610399927632112430e-03,7.214087598058862086e-03
1.141000000000000014e+01,1.779044177012155826e-03,3.557284937442247927e-03,7.108155411079807029e-03
1.141499999999999915e+01,1.753271782798520922e-03,3.505775347440923291e-03,7.005416912472058402e-03
1.141999999999999993e+01,1.728267939742177649e-03,3.455800861747392819e-03,6.905732713955075978e-03
1.142500000000000071e+01,1.703999424287589749e-03,3.407295172068839067e-03,6.808971302219347238e-03
1.142999999999999972e+01,1.680434873971221963e-03,3.360195680875781819e-03,6.715008494908783834e-03
1.143500000000000050e+01,1.657544659843039527e-03,3.314443247330072471e-03,6.623726941060547116e-03
1.144000000000000128e+01,1.635300769243319338e-03,3.269981953806782183e-03,6.535015661811764166e-03
1.144500000000000028e+01,1.613676697963789932e-03,3.226758891082059846e-03,6.448769627627340753e-03
1.144999999999999929e+01,1.592647350925795353e-03,3.184723960464426289e-03,6.364889368699522612e-03
1.145500000000000007e+01,1.572188950598658354e-03,3.143829691326482500e-03,6.283280615516129847e-03
1.146000000000000085e+01,1.552278952461664044e-03,3.104031072653046057e-03,6.203853966902312181e-03
1.146499999999999986e+01,1.532895966884288176e-03,3.065285397363006273e-03,6.126524583113535267e-03
1.146999999999999886e+01,1.514019686861911226e-03,3.027552118286463284e-03,6.051211901798624407e-03
1.147500000000000142e+01,1.495630821100498971e-03,2.990792714790197881e-03,5.977839374867467345e-03
1.148000000000000043e+01,1.477711031993128241e-03,2.954970569142738920e-03,5.906334224488739293e-03
1.148499999999999943e+01,1.460242878075407140e-03,2.920050851797831911e-03,5.836627216612783747e-03
1.149000000000000021e+01,1.443209760586771067e-03,2.886000414854470765e-03,5.768652450569219936e-03
1.149500000000000099e+01,1.426595873799373039e-03,2.852787693020667186e-03,5.702347163422785692e-03
1.150000000000000000e+01,1.410386158808034666e-03,2.820382611471146037e-03,5.637651547893729118e-03
1.150499999999999901e+01,1.394566260503112215e-03,2.788756500045564291e-03,5.574508582758853914e-03
1.150999999999999979e+01,1.379122487473231472e-03,2.757882013283750964e-03,5.512863874746517200e-03
1.151500000000000057e+01,1.364041774607869682e-03,2.727733055840193994e-03,5.452665511028101548e-03
1.151999999999999957e+01,1.349311648189956744e-03,2.698284712860165441e-03,5.393863921486776250e-03
1.152500000000000036e+01,1.334920193287415877e-03,2.669513184937103920e-03,5.336411750017130105e-03
1.153000000000000114e+01,1.320856023269057064e-03,2.641395727303727167e-03,5.280263734173334424e-03
1.153500000000000014e+01,1.307108251285143919e-03,2.613910592938920290e-03,5.225376592541372198e-03
1.153999999999999915e+01,1.293666463566801221e-03,2.587036979300071180e-03,5.171708919264795049e-03
1.154499999999999993e+01,1.280520694410473836e-03,2.560754978414345358e-03,5.119221085200222066e-03
1.155000000000000071e+01,1.267661402724942158e-03,2.535045530085046697e-03,5.067875145222935571e-03
1.155499999999999972e+01,1.255079450028395282e-03,2.509890377988901328e-03,5.017634751241693836e-03
1.156000000000000050e+01,1.242766079792235502e-03,2.485272028458506127e-03,4.968465070517784354e-03
1.156500000000000128e+01,1.230712898036805635e-03,2.461173711761024778e-03,4.920332708916474486e-03
1.157000000000000028e+01,1.218911855091465773e-03,2.437579345698730107e-03,4.873205638747313967e-03
1.157499999999999929e+01,1.207355228438711757e-03,2.414473501371286815e-03,4.827053130878040596e-03
1.158000000000000007e+01,1.196035606568125612e-03,2.391841370952003942e-03,4.781845690830765702e-03
1.158500000000000085e+01,1.184945873771696022e-03,2.369668737341562061e-03,4.737554998591507818e-03
1.158999999999999986e+01,1.174079195817422138e-03,2.347941945573519748e-03,4.694153851885119258e-03
1.159499999999999886e+01,1.163429006442740551e-03,2.326647875855071892e-03,4.651616112685916064e-03
1.160000000000000142e+01,1.152988994613893172e-03,2.305773918135689549e-03,4.609916656752066286e-03
1.160500000000000043e+01,1.142753092501279030e-03,2.285307948104016180e-03,4.569031325987250522e-03
1.160999999999999943e+01,1.132715464124405425e-03,2.265238304520611999e-03,4.528936883447074943e-03
1.161500000000000021e+01,1.122870494623775953e-03,2.245553767801430466e-03,4.489610970822325089e-03
1.162000000000000099e+01,1.113212780119770141e-03,2.226243539772467753e-03,4.451032068241812106e-03
1.162500000000000000e+01,1.103737118121722507e-03,2.207297224522145659e-03,4.413179456249848379e-03
1.162999999999999901e+01,1.094438498452836826e-03,2.188704810282975782e-03,4.376033179823031125e-03
1.163499999999999979e+01,1.085312094659163923e-03,2.170456652279110360e-03,4.339574014301105995e-03
1.164000000000000057e+01,1.076353255872974229e-03,2.152543456480635661e-03,4.303783433114979906e-03
1.164499999999999957e+01,1.067557499102914824e-03,2.134956264209536114e-03,4.268643577202997988e-03
1.165000000000000036e+01,1.058920501925335583e-03,2.117686437546252836e-03,4.234137226014495978e-03
1.165500000000000114e+01,1.050438095552854367e-03,2.100725645489103909e-03,4.200247770006205333e-03
1.166000000000000014e+01,1.042106258257785925e-03,2.084065850821928932e-03,4.166959184543244862e-03
1.166499999999999915e+01,1.033921109129713224e-03,2.067699297648646715e-03,4.134256005122875430e-03
1.166999999999999993e+01,1.025878902147695990e-03,2.051618499555803252e-03,4.102123303844110516e-03
1.167500000000000071e+01,1.017976020549038463e-03,2.035816228367047682e-03,4.070546667051673853e-03
1.167999999999999972e+01,1.010208971477602208e-03,2.020285503455607201e-03,4.039512174087247533e-03
1.168500000000000050e+01,1.002574380895815756e-03,2.005019581583123486e-03,4.009006377085279522e-03
1.169000000000000128e+01,9.950689887456066508e-04,1.990011947235398489e-03,3.979016281755088161e-03
1.169500000000000028e+01,9.876896443442649380e-04,1.975256303427111882e-03,3.949529329093894731e-03
1.169999999999999929e+01,9.804333020023159057e-04,1.960746562949750374e-03,3.920533377979755485e-03
1.170500000000000007e+01,9.732970168511945143e-04,1.946476840038369096e-03,3.892016688596099290e-03
1.171000000000000085e+01,9.662779408692626863e-04,1.932441442434333547e-03,3.863967906642601542e-03
1.171499999999999986e+01,9.593733190955077393e-04,1.918634863822768748e-03,3.836376048290188537e-03
1.171999999999999886e+01,9.525804860207991989e-04,1.905051776624502825e-03,3.809230485840150050e-03
1.172500000000000142e+01,9.458968621473298711e-04,1.891687025123816191e-03,3.782520934050302534e-03
1.173000000000000043e+01,9.393199507073566809e-04,1.878535618914243394e-03,3.756237437092988483e-03
1.173499999999999943e+01,9.328473345328344799e-04,1.865592726645671920e-03,3.730370356111692431e-03
1.174000000000000021e+01,9.264766730682450976e-04,1.852853670057356831e-03,3.704910357345783667e-03
1.174500000000000099e+01,9.202056995191317500e-04,1.840313918281924997e-03,3.679848400793750939e-03
1.175000000000000000e+01,9.140322181294903339e-04,1.827969082406663776e-03,3.655175729387775095e-03
1.175499999999999901e+01,9.079541015814289115e-04,1.815814910278985665e-03,3.630883858653612302e-03
1.175999999999999979e+01,9.019692885110205992e-04,1.803847281543909196e-03,3.606964566831658697e-03
1.176500000000000057e+01,8.960757811345288881e-04,1.792062202901963108e-03,3.583409885436194924e-03
1.176999999999999957e+01,8.902716429795429686e-04,1.780455803576577473e-03,3.560212090231129525e-03
1.177500000000000036e+01,8.845549967159112639e-04,1.769024330980803212e-03,3.537363692602023876e-03
1.178000000000000114e+01,8.789240220816495544e-04,1.757764146573679177e-03,3.514857431305246863e-03
1.178500000000000014e+01,8.733769538991945861e-04,1.746671721897053407e-03,3.492686264575944541e-03
1.178999999999999915e+01,8.679120801777636058e-04,1.735743634784358202e-03,3.470843362577993169e-03
1.179499999999999993e+01,8.625277402977109134e-04,1.724976565733154360e-03,3.449322100179670007e-03
1.180000000000000071e+01,8.572223232730802204e-04,1.714367294433857998e-03,3.428116050039954101e-03
1.180499999999999972e+01,8.519942660887092414e-04,1.703912696447355867e-03,3.407218975991012019e-03
1.181000000000000050e+01,8.468420521084640221e-04,1.693609740024704276e-03,3.386624826703306043e-03
1.181500000000000128e+01,8.417642095514300815e-04,1.683455483062552133e-03,3.366327729620727238e-03
1.182000000000000028e+01,8.367593100329420979e-04,1.673447070188067163e-03,3.346321985153369663e-03
1.182499999999999929e+01,8.318259671676361388e-04,1.663581729967763666e-03,3.326602061116831766e-03
1.183000000000000007e+01,8.269628352317781508e-04,1.653856772234709761e-03,3.307162587407066773e-03
1.183500000000000085e+01,8.221686078823311344e-04,1.644269585529083188e-03,3.287998350900780097e-03
1.183999999999999986e+01,8.174420169303245852e-04,1.634817634647189183e-03,3.269104290571650615e-03
1.184499999999999886e+01,8.127818311662367984e-04,1.625498458294374633e-03,3.250475492813350523e-03
1.185000000000000142e+01,8.081868552352758448e-04,1.616309666837620297e-03,3.232107186960890902e-03
1.185500000000000043e+01,8.036559285605084481e-04,1.607248940153705461e-03,3.213994741002222655e-03
1.185999999999999943e+01,7.991879243118883442e-04,1.598314025569066814e-03,3.196133657472309542e-03
1.186500000000000021e+01,7.947817484194628435e-04,1.589502735887906616e-03,3.178519569522862340e-03
1.187000000000000099e+01,7.904363386289942495e-04,1.580812947505021940e-03,3.161148237160705914e-03
1.187500000000000000e+01,7.861506635984461585e-04,1.572242598600273903e-03,3.144015543648637830e-03
1.187999999999999901e+01,7.819237220338017946e-04,1.563789687411622741e-03,3.127117492062691812e-03
1.188499999999999979e+01,7.777545418628592369e-04,1.555452270584032530e-03,3.110450202000389353e-03
1.189000000000000057e+01,7.736421794456679098e-04,1.547228461591560432e-03,3.094009906434691190e-03
1.189499999999999957e+01,7.695857188203670922e-04,1.539116429230176671e-03,3.077792948708741542e-03
1.190000000000000036e+01,7.655842709833266327e-04,1.531114396179100029e-03,3.061795779666952495e-03
1.190500000000000114e+01,7.616369732025004636e-04,1.523220637628482175e-03,3.046014954918200603e-03
1.191000000000000014e+01,7.577429883630364300e-04,1.515433479971526557e-03,3.030447132227214770e-03
1.191499999999999915e+01,7.539015043442326815e-04,1.507751299559218243e-03,3.015089069030618338e-03
1.191999999999999993e+01,7.501117334270163053e-04,1.500172521516029501e-03,2.999937620074287752e-03
1.192500000000000071e+01,7.463729117312255940e-04,1.492695618615156542e-03,2.984989735169184168e-03
1.192999999999999972e+01,7.426842986819861192e-04,1.485319110211856487e-03,2.970242457062779659e-03
1.193500000000000050e+01,7.390451765046112970e-04,1.478041561233778452e-03,2.955692919423877525e-03
1.194000000000000128e+01,7.354548497475210146e-04,1.470861581227236869e-03,2.941338344938708611e-03
1.194500000000000028e+01,7.319126448326928117e-04,1.463777823458481397e-03,2.927176043516404973e-03
1.194999999999999929e+01,7.284179096333262115e-04,1.456788984069314194e-03,2.913203410602545514e-03
1.195500000000000007e+01,7.249700130784011206e-04,1.449893801286410763e-03,2.899417925599469519e-03
1.196000000000000085e+01,7.215683447839435971e-04,1.443091054683978778e-03,2.885817150392589597e-03
1.196499999999999986e+01,7.182123147108706186e-04,1.436379564499478409e-03,2.872398727982169737e-03
1.196999999999999886e+01,7.149013528493567120e-04,1.429758191002312648e-03,2.859160381220290058e-03
1.197500000000000142e+01,7.116349089298181808e-04,1.423225833915635515e-03,2.846099911653329588e-03
1.198000000000000043e+01,7.084124521606347327e-04,1.416781431891558961e-03,2.833215198470426330e-03
1.198499999999999943e+01,7.052334709928419383e-04,1.410423962040176747e-03,2.820504197558741655e-03
1.199000000000000021e+01,7.020974729121996858e-04,1.404152439513237744e-03,2.807964940667114981e-03
1.199500000000000099e+01,6.990039842590538332e-04,1.397965917143279219e-03,2.795595534679688656e-03
1.200000000000000000e+01,6.959525500766157750e-04,1.391863485139469524e-03,2.783394161001891739e-03
1.200499999999999901e+01,6.929427339883535968e-04,1.385844270841525864e-03,2.771359075061470209e-03
1.200999999999999979e+01,6.899741181053852717e-04,1.379907438533486963e-03,2.759488605927990553e-03
1.201500000000000057e+01,6.870463029648747263e-04,1.374052189319322978e-03,2.747781156054703803e-03
1.201999999999999957e+01,6.841589075006115819e-04,1.368277761062728672e-03,2.736235201147287251e-03
1.202500000000000036e+01,6.813115690471605035e-04,1.362583428393852186e-03,2.724849290164893523e-03
1.203000000000000114e+01,6.785039433791393518e-04,1.356968502786060462e-03,2.713622045459477931e-03
1.203500000000000014e+01,6.757357047874331746e-04,1.351432332706328484e-03,2.702552163060434939e-03
1.203999999999999915e+01,6.730065461943653170e-04,1.345974303843270204e-03,2.691638413112357360e-03
1.204499999999999993e+01,6.703161793101715393e-04,1.340593839417472113e-03,2.680879640474982239e-03
1.205000000000000071e+01,6.676643348333797688e-04,1.335290400579298075e-03,2.670274765495412976e-03
1.205499999999999972e+01,6.650507626980513461e-04,1.330063486900042455e-03,2.659822784964028727e-03
1.206000000000000050e+01,6.624752323712379629e-04,1.324912636963079642e-03,2.649522773267049859e-03
1.206500000000000128e+01,6.599375332044212427e-04,1.319837429062516556e-03,2.639373883750313794e-03
1.207000000000000028e+01,6.574374748431557631e-04,1.314837482017705821e-03,2.629375350310570684e-03
1.207499999999999929e+01,6.549748876997275350e-04,1.309912456113189417e-03,2.619526489232823149e-03
1.208000000000000007e+01,6.525496234941889932e-04,1.305062054174706884e-03,2.609826701294433535e-03
1.208500000000000085e+01,6.501615558698670746e-04,1.300286022793383173e-03,2.600275474159443895e-03
1.208999999999999986e+01,6.478105810901785451e-04,1.295584153711643038e-03,2.590872385089428801e-03
1.209499999999999886e+01,6.454966188244845625e-04,1.290956285386209244e-03,2.581617104000634953e-03
1.210000000000000142e+01,6.432196130317375648e-04,1.286402304745544629e-03,2.572509396900998779e-03
1.210500000000000043e+01,6.409795329517834709e-04,1.281922149161301809e-03,2.563549129744943124e-03
1.210999999999999943e+01,6.387763742155014388e-04,1.277515808655958936e-03,2.554736272748790293e-03
1.211500000000000021e+01,6.366101600864839099e-04,1.273183328371824737e-03,2.546070905215469526e-03
1.212000000000000099e+01,6.344809428486272804e-04,1.268924811329904135e-03,2.537553220923477112e-03
1.212500000000000000e+01,6.323888053560221094e-04,1.264740421511095433e-03,2.529183534142698340e-03
1.212999999999999901e+01,6.303338627637604559e-04,1.260630387296612746e-03,2.520962286348143837e-03
1.213499999999999979e+01,6.283162644609460550e-04,1.256595005309789391e-03,2.512890053712690808e-03
1.214000000000000057e+01,6.263361962301925920e-04,1.252634644707351173e-03,2.504967555471227913e-03
1.214499999999999957e+01,6.243938826614187781e-04,1.248749751975207966e-03,2.497195663261856692e-03
1.215000000000000036e+01,6.224895898518710644e-04,1.244940856291952211e-03,2.489575411565248843e-03
1.215500000000000114e+01,6.206236284290371583e-04,1.241208575532593093e-03,2.482108009380985802e-03
1.216000000000000014e+01,6.187963569387155797e-04,1.237553622996098463e-03,2.474794853300632189e-03
1.216499999999999915e+01,6.170081856470078022e-04,1.233976814953165841e-03,2.467637542161517893e-03
1.216999999999999993e+01,6.152595808126959517e-04,1.230479079125769339e-03,2.460637893493851716e-03
1.217500000000000071e+01,6.135510694954667216e-04,1.227061464227807664e-03,2.453797962007116945e-03
1.217999999999999972e+01,6.118832449761122273e-04,1.223725150717140534e-03,2.447120060401216692e-03
1.218500000000000050e+01,6.102567728774643862e-04,1.220471462934189996e-03,2.440606782834382499e-03
1.219000000000000128e+01,6.086723980898111046e-04,1.217301882831748087e-03,2.434261031435054710e-03
1.219500000000000028e+01,6.071309526223840755e-04,1.214218065535704882e-03,2.428086046310312662e-03
1.219999999999999929e+01,6.056333645238835784e-04,1.211221857018410838e-03,2.422085439581638053e-03
1.220500000000000007e+01,6.041806680405712717e-04,1.208315314216584346e-03,2.416263234071898240e-03
1.221000000000000085e+01,6.027740152112836614e-04,1.205500727986119061e-03,2.410623907379341561e-03
1.221499999999999986e+01,6.014146891358683640e-04,1.202780649358988537e-03,2.405172442208732431e-03
1.221999999999999886e+01,6.001041191986378979e-04,1.200157919655767645e-03,2.399914383992188694e-03
1.222500000000000142e+01,5.988438985832256764e-04,1.197635705114515232e-03,2.394855907028748104e-03
1.223000000000000043e+01,5.976358044821790134e-04,1.195217536827666892e-03,2.390003890610733952e-03
1.223499999999999943e+01,5.964818214867094372e-04,1.192907356938958854e-03,2.385366006896605124e-03
1.224000000000000021e+01,5.953841687431555337e-04,1.190709572249722733e-03,2.380950822647382240e-03
1.224500000000000099e+01,5.943453315877887232e-04,1.188629116627742260e-03,2.376767917383357763e-03
1.225000000000000000e+01,5.933680985271100154e-04,1.186671523914620925e-03,2.372828021061073461e-03
1.225499999999999901e+01,5.924556046250544286e-04,1.184843013405363502e-03,2.369143175044857719e-03
1.225999999999999979e+01,5.916113826024824900e-04,1.183150590447612678e-03,2.365726920988036122e-03
1.226500000000000057e+01,5.908394232624110268e-04,1.181602165305226234e-03,2.362594523292576784e-03
1.226999999999999957e+01,5.901442472457672827e-04,1.180206694188313653e-03,2.359763232142952829e-03
1.227500000000000036e+01,5.895309906227761939e-04,1.178974347318226213e-03,2.357252595790355638e-03
1.228000000000000114e+01,5.890055074691906683e-04,1.177916710137261267e-03,2.355084832902647370e-03
1.228500000000000014e+01,5.885744934125552996e-04,1.177047025378957909e-03,2.353285278535103067e-03
1.228999999999999915e+01,5.882456352289378541e-04,1.176380485810622940e-03,2.351882920805717717e-03
1.229499999999999993e+01,5.880277930231474475e-04,1.175934590221780311e-03,2.350911049930575966e-03
1.230000000000000071e+01,5.879312234854707766e-04,1.175729578918660763e-03,2.350408047228724415e-03
1.230499999999999972e+01,5.879678554375996659e-04,1.175788969989318778e-03,2.350418349487056434e-03
1.231000000000000050e+01,5.881516328532373442e-04,1.176140224564009747e-03,2.350993634237877935e-03
1.231500000000000128e+01,5.884989469772557418e-04,1.176815579293584999e-03,2.352194284650466552e-03
1.232000000000000028e+01,5.890291920076715093e-04,1.177853098934203467e-03,2.354091209377288507e-03
1.232499999999999929e+01,5.897655144371796113e-04,1.179298020437734469e-03,2.356768113344867750e-03
1.233000000000000007e+01,5.907359231375891584e-04,1.181204456484267638e-03,2.360324343288533466e-03
1.233500000000000085e+01,5.919745093838837003e-04,1.183637445528392795e-03,2.364878483242844123e-03
1.233999999999999986e+01,5.935253564884863204e-04,1.186674862564373635e-03,2.370572998038435360e-03
1.234499999999999886e+01,5.954232528935175231e-04,1.190409141312425648e-03,2.377580423468848327e-03
1.235000000000000142e+01,5.977272325536591010e-04,1.194957704502565624e-03,2.386111564911269460e-03
1.235500000000000043e+01,6.005272968150115933e-04,1.200470107900916423e-03,2.396425931498843975e-03
1.235999999999999943e+01,6.039166233231514722e-04,1.207130913281382213e-03,2.408845284652489684e-03
1.236500000000000021e+01,6.080141905925617353e-04,1.215172756143430028e-03,2.423772061458576762e-03
1.237000000000000099e+01,6.129752477430991256e-04,1.224894394626783534e-03,2.441714668680452366e-03
1.237500000000000000e+01,6.190032850474412943e-04,1.236684722082562844e-03,2.463322288825196393e-03
1.237999999999999901e+01,6.263685664621174241e-04,1.251057168294708328e-03,2.489433270839411759e-03
1.238499999999999979e+01,6.354360876811650282e-04,1.268700456049944329e-03,2.521143306710675949e-03
1.239000000000000057e+01,6.467083473740611183e-04,1.290555130668068901e-03,2.559902764541015317e-03
1.239499999999999957e+01,6.608924769291129025e-04,1.317931760258581183e-03,2.607657411193486582e-03
1.240000000000000036e+01,6.790088870723875927e-04,1.352698534586066221e-03,2.667054190715080313e-03
1.240500000000000114e+01,7.025734729646638090e-04,1.397588279596094930e-03,2.741744753101878554e-03
1.241000000000000014e+01,7.339160661769469907e-04,1.456718560197641605e-03,2.836834561256534187e-03
1.241499999999999915e+01,7.767646655970975034e-04,1.536507722336265345e-03,2.959541887311533705e-03
1.241999999999999993e+01,8.373809003228245215e-04,1.647360209179399120e-03,3.120133289297408706e-03
1.242500000000000071e+01,9.269260944035091071e-04,1.806919909382979656e-03,3.333131344993712879e-03
1.242999999999999972e+01,1.066833022999936695e-03,2.046675993906778464e-03,3.618453677274831044e-03
1.243500000000000050e+01,1.302387064578048974e-03,2.425998794036566923e-03,4.000981273516124488e-03
1.244000000000000128e+01,1.742122210556695371e-03,3.062358584125023792e-03,4.503784923439516086e-03
1.244500000000000028e+01,2.693914060481997393e-03,4.187981857957517005e-03,5.123732529948944736e-03
1.244999999999999929e+01,5.230362359964596877e-03,6.156612460543216953e-03,5.777056280094271593e-03
1.245500000000000007e+01,1.278568401014052239e-02,8.677849874033367883e-03,6.249629969038254622e-03
1.246000000000000085e+01,1.457321411753365048e-02,8.989038798661570448e-03,6.293674818374238138e-03
1.246499999999999986e+01,6.031605932426659100e-03,6.590539955715079418e-03,5.882776080728559405e-03
1.246999999999999886e+01,2.963713793814092348e-03,4.459519163113789299e-03,5.244776650828060320e-03
1.247500000000000142e+01,1.857032514917146462e-03,3.216859860913335277e-03,4.612970078015574994e-03
1.248000000000000043e+01,1.361946523468823356e-03,2.519037965117889265e-03,4.091685532986864132e-03
1.248499999999999943e+01,1.102820696280940038e-03,2.107997805943947339e-03,3.693189942998193788e-03
1.249000000000000021e+01,9.516266040424972402e-04,1.851373333998427564e-03,3.396463764635652277e-03
1.249500000000000099e+01,8.562947801526145592e-04,1.682642059542236845e-03,3.176179059683623823e-03
1.250000000000000000e+01,7.926524202252825495e-04,1.566854633147929604e-03,3.011477206022325319e-03
1.250499999999999901e+01,7.482991232865237978e-04,1.484617296932097975e-03,2.887009040813532084e-03
1.250999999999999979e+01,7.163631410524101207e-04,1.424598151104539481e-03,2.791904951456878128e-03
1.251500000000000057e+01,6.927971508093756087e-04,1.379868487382392064e-03,2.718539063025964941e-03
1.251999999999999957e+01,6.750984578124843809e-04,1.346024794345489694e-03,2.661544421746094274e-03
1.252500000000000036e+01,6.616588004956439192e-04,1.320177809698602940e-03,2.617113441696642274e-03
1.253000000000000114e+01,6.514151534715424642e-04,1.300385596074842736e-03,2.582521390184160538e-03
1.253500000000000014e+01,6.436553306435632317e-04,1.285326403437329814e-03,2.555806639883582629e-03
1.253999999999999915e+01,6.379111517599079292e-04,1.274110285222165937e-03,2.535556737504828049e-03
1.254499999999999993e+01,6.339131087533438416e-04,1.266182119194575245e-03,2.520763222575598660e-03
1.255000000000000071e+01,6.316194876286341251e-04,1.261302793941345562e-03,2.510714349334015969e-03
1.255499999999999972e+01,6.314353028857395619e-04,1.259613299187320023e-03,2.504891379209392595e-03
1.256000000000000050e+01,6.351921101390699828e-04,1.261650223814120893e-03,2.502834947654209666e-03
1.256500000000000128e+01,6.486341590032590563e-04,1.267138895375051130e-03,2.504020110845980862e-03
1.257000000000000028e+01,6.548143903376888028e-04,1.272339815844872931e-03,2.507928994727343444e-03
1.257499999999999929e+01,6.502195835210084797e-04,1.277940283488707531e-03,2.514271940716028726e-03
1.258000000000000007e+01,6.713464815453578077e-04,1.289103496106750943e-03,2.522792742654658086e-03
1.258500000000000085e+01,6.954988722470982401e-04,1.299253706997770003e-03,2.533002502652254365e-03
1.258999999999999986e+01,6.788796554462444427e-04,1.302091994659599489e-03,2.544802763009576616e-03
1.259499999999999886e+01,6.721983804573274709e-04,1.304433908730749745e-03,2.559115128174133894e-03
1.260000000000000142e+01,6.643675994228001504e-04,1.310446969604093896e-03,2.577595087451106052e-03
1.260500000000000043e+01,6.681063216270360016e-04,1.324881938750580284e-03,2.602133119600518688e-03
1.260999999999999943e+01,6.852255089413587016e-04,1.352640247837779384e-03,2.634417523653446135e-03
1.261500000000000021e+01,7.231746960399438196e-04,1.401000599491193351e-03,2.675212703411890096e-03
1.262000000000000099e+01,8.177785064802389498e-04,1.480999782599684914e-03,2.722930509343944767e-03
1.262500000000000000e+01,1.057471028908881731e-03,1.582924231182890632e-03,2.772367230370553770e-03
1.262999999999999901e+01,1.124224239750591615e-03,1.642971714110802407e-03,2.817021307327128871e-03
1.263499999999999979e+01,1.018734889177702911e-03,1.657074919577397869e-03,2.854378292621376646e-03
1.264000000000000057e+01,1.048376001394564537e-03,1.694183004267167929e-03,2.885275128828596308e-03
1.264499999999999957e+01,1.316277687948289076e-03,1.749968316064525213e-03,2.907749593750396343e-03
1.265000000000000036e+01,1.196525299022709737e-03,1.730912237772036250e-03,2.918155881925102793e-03
1.265500000000000114e+01,9.976510693994538551e-04,1.658767553031759070e-03,2.918681042581816772e-03
1.266000000000000014e+01,9.079073700351482541e-04,1.602164549774146886e-03,2.917092430028604341e-03
1.266499999999999915e+01,8.696979981991292616e-04,1.574341761126950030e-03,2.920163230538502276e-03
1.266999999999999993e+01,8.506688926946239047e-04,1.572920557495172209e-03,2.930578235179087665e-03
1.267500000000000071e+01,9.583526781764029360e-04,1.595210987470161530e-03,2.947385814005611462e-03
1.267999999999999972e+01,9.211032676807188926e-04,1.597296902165569899e-03,2.968489055498632102e-03
1.268500000000000050e+01,8.473446839637611538e-04,1.588432443310980238e-03,2.994339539040850959e-03
1.269000000000000128e+01,8.421662022611619072e-04,1.607269374088040204e-03,3.027188237238059160e-03
1.269500000000000028e+01,9.206877809968142066e-04,1.669401236080647697e-03,3.066272921272449915e-03
1.269999999999999929e+01,1.189875492238381960e-03,1.757419974233751479e-03,3.105087643530398105e-03
1.270500000000000007e+01,1.202163823237174627e-03,1.770992095461512705e-03,3.135642863062006094e-03
1.271000000000000085e+01,9.377211777324967728e-04,1.706512102360435972e-03,3.157665643608537596e-03
1.271499999999999986e+01,8.561177197492367622e-04,1.661728806679679989e-03,3.179044176092184898e-03
1.271999999999999886e+01,8.406432843911693271e-04,1.654078351508761566e-03,3.207218172858669614e-03
1.272500000000000142e+01,8.587203080920807014e-04,1.675861972466767113e-03,3.244661682214836952e-03
1.273000000000000043e+01,9.305737208285733402e-04,1.721178546025830961e-03,3.289459582304373776e-03
1.273499999999999943e+01,1.049523427333377574e-03,1.762356496239915341e-03,3.337431381246389571e-03
1.274000000000000021e+01,9.499761945583174274e-04,1.764527224337968884e-03,3.385969967766237331e-03
1.274500000000000099e+01,8.992204091738758252e-04,1.760494115310636508e-03,3.436591431707379605e-03
1.275000000000000000e+01,8.967589058003240651e-04,1.772176379462547411e-03,3.492561388470999222e-03
1.275499999999999901e+01,9.034852393247106437e-04,1.795601315212622031e-03,3.556001853190189979e-03
1.275999999999999979e+01,9.160592681668518894e-04,1.827043039336317606e-03,3.627747994063919464e-03
1.276500000000000057e+01,9.343026100822600204e-04,1.865255029934453695e-03,3.708137217526428532e-03
1.276999999999999957e+01,9.561055608376827809e-04,1.909332706197684228e-03,3.797459064204164545e-03
1.277500000000000036e+01,9.808577683509379051e-04,1.958886152355135413e-03,3.896137114978583983e-03
1.278000000000000114e+01,1.008473104553358991e-03,2.013963844005647180e-03,4.004808505034280347e-03
1.278500000000000014e+01,1.039093726945372219e-03,2.074914690310126521e-03,4.124360923907316630e-03
1.278999999999999915e+01,1.073008382633523251e-03,2.142326023161959282e-03,4.255961287069768076e-03
1.279499999999999993e+01,1.110638476103307550e-03,2.217020086432360936e-03,4.401096698136579971e-03
1.280000000000000071e+01,1.152558613671921580e-03,2.300095217619470885e-03,4.561639331870288340e-03
1.280499999999999972e+01,1.199550308388128150e-03,2.393016304756917165e-03,4.739944392288792871e-03
1.281000000000000050e+01,1.252707901527681106e-03,2.497780064456547530e-03,4.938990796248630272e-03
1.281500000000000128e+01,1.313651601245671621e-03,2.617215332287103208e-03,5.162572019090867596e-03
1.282000000000000028e+01,1.385005090202618078e-03,2.755545756217067134e-03,5.415528694828115365e-03
1.282499999999999929e+01,1.471674151019976978e-03,2.919435436819026869e-03,5.703966448760384306e-03
1.283000000000000007e+01,1.585096250316020330e-03,3.119444068636961429e-03,6.035320283827919768e-03
1.283500000000000085e+01,1.750634613305511456e-03,3.369366436310662887e-03,6.418054155498139832e-03
1.283999999999999986e+01,1.936409558182373199e-03,3.688813012814095259e-03,6.860345541470696737e-03
1.284499999999999886e+01,2.257206799979167861e-03,4.135819871215886540e-03,7.365155843877270112e-03
1.285000000000000142e+01,3.066276551956916528e-03,4.773947095539666195e-03,7.919860893753096626e-03
1.285500000000000043e+01,4.754127366169064173e-03,5.406855739386559265e-03,8.494302176203546995e-03
1.285999999999999943e+01,3.892197266401831168e-03,5.549955386906080604e-03,9.073226057838361044e-03
1.286500000000000021e+01,3.057370947788416119e-03,5.516786581729419062e-03,9.695242232374929811e-03
1.287000000000000099e+01,2.980084836048900281e-03,5.719203347526735648e-03,1.043471334205243670e-02
1.287500000000000000e+01,3.195547657071384252e-03,6.197731014133637563e-03,1.136195882145613935e-02
1.287999999999999901e+01,3.627248343510215082e-03,6.972599474914836087e-03,1.253492172243105170e-02
1.288499999999999979e+01,4.380287934695963926e-03,8.155710123841806644e-03,1.400292819000063457e-02
1.289000000000000057e+01,5.881157214643597739e-03,9.981602235618206378e-03,1.579325625674336819e-02
1.289499999999999957e+01,9.657385942332889772e-03,1.261494705898251120e-02,1.788120556607416048e-02
1.290000000000000036e+01,1.446830292252951865e-02,1.519629538781314473e-02,2.019852258566206746e-02
1.290500000000000114e+01,1.260219107582452591e-02,1.706216842879131057e-02,2.272252380556016166e-02
1.291000000000000014e+01,1.618965333053749150e-02,1.967156068228002874e-02,2.550926162763833202e-02
1.291499999999999915e+01,2.187972580554661470e-02,2.230012685141883125e-02,2.863818930885738551e-02
1.291999999999999993e+01,1.708664005671697156e-02,2.374920741551351383e-02,3.229963234984774278e-02
1.292500000000000071e+01,1.735231553241579558e-02,2.635048188217810339e-02,3.688753302800163586e-02
1.292999999999999972e+01,2.015442744757496227e-02,3.195370268873701236e-02,4.283130124473162603e-02
1.293500000000000050e+01,3.099771248945218383e-02,4.232152951684440417e-02,5.031014203664879031e-02
1.294000000000000128e+01,5.908143215901139750e-02,5.746444969980082224e-02,5.906038894311528564e-02
1.294500000000000028e+01,8.085189274884370392e-02,6.938484451566945266e-02,6.866362380676205301e-02
1.294999999999999929e+01,5.966368096480186012e-02,7.609089436499047454e-02,7.935746057855531943e-02
1.295500000000000007e+01,6.810438382431312221e-02,9.287486357796442826e-02,9.185965821162966893e-02
1.296000000000000085e+01,1.151667733917865200e-01,1.301917284719226742e-01,1.054347800732172713e-01
1.296499999999999986e+01,2.643886837478756635e-01,1.835949770826899863e-01,1.161925300250084975e-01
1.296999999999999886e+01,3.386640580314402849e-01,1.961872760259347204e-01,1.189058569402974275e-01
1.297500000000000142e+01,1.431355998076941360e-01,1.469248526836406665e-01,1.127090272288213679e-01
1.298000000000000043e+01,7.252037098403246729e-02,1.027384703210583450e-01,1.025240035481286283e-01
1.298499999999999943e+01,5.772187126306212168e-02,8.207970541828545075e-02,9.370073323710186031e-02
1.299000000000000021e+01,5.910357952545681332e-02,7.609779061393254218e-02,8.863957831048609182e-02
1.299500000000000099e+01,5.728094587577253760e-02,8.011949900621978538e-02,8.740093088459720272e-02
1.300000000000000000e+01,9.058037278815629645e-02,9.802828982779079880e-02,8.849504915586341169e-02
1.300499999999999901e+01,1.812196335395111768e-01,1.209472073728829478e-01,8.896874474985856651e-02
1.300999999999999979e+01,1.572378315879900956e-01,1.159032127244336574e-01,8.599870067375009475e-02
1.301500000000000057e+01,7.950467186413789911e-02,9.012077849439488475e-02,7.953358770870269656e-02
1.301999999999999957e+01,6.641094240427368456e-02,7.286612315969019649e-02,7.172912628106027644e-02
1.302500000000000036e+01,6.185300768699467794e-02,6.090286020475313422e-02,6.434476251874687858e-02
1.303000000000000114e+01,3.455404085698263184e-02,4.900803425046648676e-02,5.829205208792354737e-02
1.303500000000000014e+01,2.693360394415241638e-02,4.342651931634478046e-02,5.417925573707486897e-02
1.303999999999999915e+01,3.271327667640224618e-02,4.667291797500910250e-02,5.199858412537060326e-02
1.304499999999999993e+01,6.304572585522684458e-02,5.801278193610084899e-02,5.063363848015781793e-02
1.305000000000000071e+01,1.100889604551637813e-01,6.455560868091592130e-02,4.818494424981795143e-02
1.305499999999999972e+01,5.469098319490907356e-02,5.130540623448445747e-02,4.355909686918812279e-02
1.306000000000000050e+01,2.469782004353582999e-02,3.450118037505962160e-02,3.753473284471898347e-02
1.306500000000000128e+01,1.430194218718789170e-02,2.372383388678935001e-02,3.158311348107901984e-02
1.307000000000000028e+01,9.685009831318177123e-03,1.744251177129847730e-02,2.654503213695173780e-02
1.307499999999999929e+01,7.309511910621157779e-03,1.364181491019008513e-02,2.257295167806401548e-02
1.308000000000000007e+01,5.927655069633708945e-03,1.119210092403511402e-02,1.951723553731316702e-02
1.308500000000000085e+01,4.944501529058311501e-03,9.505024877570902170e-03,1.717147906665468515e-02
1.308999999999999986e+01,4.258416000047272193e-03,8.294139452310918606e-03,1.535953719869150025e-02
1.309499999999999886e+01,3.769421010495163128e-03,7.405144611547788761e-03,1.394983801222389463e-02
1.310000000000000142e+01,3.421944222659663824e-03,6.745220340228454473e-03,1.284768138833981832e-02
1.310500000000000043e+01,3.179467717586753964e-03,6.254939177080160589e-03,1.198496719563594583e-02
1.310999999999999943e+01,3.023896556698052115e-03,5.893636694784376573e-03,1.131204508712257972e-02
1.311500000000000021e+01,2.905027058294778423e-03,5.635310453125395858e-03,1.079176765856844529e-02
1.312000000000000099e+01,2.946957581357020732e-03,5.463131984599270581e-03,1.039509580849747039e-02
1.312500000000000000e+01,2.896224008056733860e-03,5.317079653690922302e-03,1.009971570240884506e-02
1.312999999999999901e+01,2.744522309965296159e-03,5.179516914920421003e-03,9.892414972300910339e-03
1.313499999999999979e+01,2.647205637705996213e-03,5.081491821719569604e-03,9.769195974537342800e-03
1.314000000000000057e+01,2.577789644063391197e-03,5.040934022879235352e-03,9.731312698681441470e-03
1.314499999999999957e+01,2.629730285484897703e-03,5.071390671782177902e-03,9.781700764838771253e-03
1.315000000000000036e+01,2.676847035121840759e-03,5.156703576408207083e-03,9.924155098665867619e-03
1.315500000000000114e+01,2.764349934745962203e-03,5.296437973708694597e-03,1.016533714188098438e-02
1.316000000000000014e+01,2.867534663519057982e-03,5.490297437171175882e-03,1.051723419331930531e-02
1.316499999999999915e+01,2.942291829707321602e-03,5.750560456973486875e-03,1.099950657588106596e-02
1.316999999999999993e+01,3.153588472580412007e-03,6.118670913478383745e-03,1.164116804154796507e-02
1.317500000000000071e+01,3.400428543800817355e-03,6.612886661396101193e-03,1.248247254689340696e-02
1.317999999999999972e+01,3.719862800809506809e-03,7.278364742475831525e-03,1.357999039689997134e-02
1.318500000000000050e+01,4.210105241687894101e-03,8.201356882404531312e-03,1.501346006301446448e-02
1.319000000000000128e+01,4.933296483628311219e-03,9.505308702788237835e-03,1.689337316073405079e-02
1.319500000000000028e+01,6.039621259262212619e-03,1.139821168040547512e-02,1.936889988016348568e-02
1.319999999999999929e+01,7.769834893976885343e-03,1.426129167453637180e-02,2.262723299096104299e-02
1.320500000000000007e+01,1.088570969019025773e-02,1.885548621991546547e-02,2.685491509071639277e-02
1.321000000000000085e+01,1.759501575386741845e-02,2.660045938310882929e-02,3.210233045769252114e-02
1.321499999999999986e+01,3.571551638591934086e-02,3.903536216096575862e-02,3.803484066179450146e-02
1.321999999999999886e+01,7.594223257739751709e-02,5.190683038135699562e-02,4.387702760640506405e-02
1.322500000000000142e+01,5.620322640928947233e-02,5.444402146513167839e-02,4.910140753241959422e-02
1.323000000000000043e+01,4.240213587551223962e-02,5.593235172332319122e-02,5.411031989425353628e-02
1.323499999999999943e+01,6.284592997317177410e-02,6.770829284893478683e-02,5.935649621238392459e-02
1.324000000000000021e+01,1.115109839917277634e-01,8.417826175010767464e-02,6.412356036417371508e-02
1.324500000000000099e+01,1.088703612541924992e-01,9.363401222816987446e-02,6.687945607763585987e-02
1.325000000000000000e+01,1.355528762914711693e-01,9.607511504698032501e-02,6.635891530849798159e-02
1.325499999999999901e+01,1.106403804269728008e-01,8.420948819171542032e-02,6.223791852309804029e-02
1.325999999999999979e+01,5.961495860679990461e-02,6.224554502571251480e-02,5.559073315853808872e-02
1.326500000000000057e+01,2.917760272260994103e-02,4.289210311932852709e-02,4.843925331547076218e-02
1.326999999999999957e+01,1.855431729249221867e-02,3.163202324711629487e-02,4.251919573973395733e-02
1.327500000000000036e+01,1.465939631301729426e-02,2.636577261583675919e-02,3.864101311200018873e-02
1.328000000000000114e+01,1.414701312295069298e-02,2.530861414553744679e-02,3.693395630280976727e-02
1.328500000000000014e+01,1.709712805548973050e-02,2.834052583295332273e-02,3.718012615503658164e-02
1.328999999999999915e+01,2.747628980356878539e-02,3.683337221364025443e-02,3.877393654554062152e-02
1.329499999999999993e+01,6.141326007464659176e-02,5.089662518505602695e-02,4.042948955512606912e-02
1.330000000000000071e+01,1.012502058303336172e-01,5.772663265163474611e-02,4.043013118673652317e-02
1.330499999999999972e+01,4.727491072085220070e-02,4.562188719956808414e-02,3.804250905953807105e-02
1.331000000000000050e+01,2.213452163391620847e-02,3.152686650820760161e-02,3.429699611707440199e-02
1.331500000000000128e+01,1.404131513639620896e-02,2.345198728165865526e-02,3.071940645261854452e-02
1.332000000000000028e+01,1.173084608665333345e-02,2.010387161579387308e-02,2.813567077948798609e-02
1.332499999999999929e+01,1.359386384899813859e-02,2.017061749566670739e-02,2.662978140187879927e-02
1.333000000000000007e+01,2.307227130950138122e-02,2.226941744964003322e-02,2.585966602679665854e-02
1.333500000000000085e+01,2.337199050185110108e-02,2.268699159452942926e-02,2.539480792234546924e-02
1.333999999999999986e+01,1.626215599958439131e-02,2.184305074503023469e-02,2.502540036871980095e-02
1.334499999999999886e+01,2.181666833893812843e-02,2.343037663381714042e-02,2.465682718585596872e-02
1.335000000000000142e+01,3.424817782603313543e-02,2.494837091379169258e-02,2.401907174455940319e-02
1.335500000000000043e+01,2.185273592695209308e-02,2.152596614442300535e-02,2.290078261111990615e-02
1.335999999999999943e+01,1.116085811608305556e-02,1.655098175210692815e-02,2.153413622593790960e-02
1.336500000000000021e+01,7.734512841546001966e-03,1.351640637687849880e-02,2.038803191143257615e-02
1.337000000000000099e+01,6.774755667768229961e-03,1.234023383644183500e-02,1.977685589868783886e-02
1.337500000000000000e+01,7.275856596319401660e-03,1.258494055882660931e-02,1.978645345925850868e-02
1.337999999999999901e+01,1.017255824347924192e-02,1.400667699090423629e-02,2.035833000364603226e-02
1.338499999999999979e+01,1.317799943631822734e-02,1.576026851040229770e-02,2.137309875807205314e-02
1.339000000000000057e+01,1.234037559617888469e-02,1.780874125845926734e-02,2.270984434690719034e-02
1.339499999999999957e+01,1.916523028769460957e-02,2.190299108632701858e-02,2.416364920566572982e-02
1.340000000000000036e+01,3.734204753115456799e-02,2.600575543602198780e-02,2.533177947744827407e-02
1.340500000000000114e+01,2.508801662460413001e-02,2.414713151450112449e-02,2.592261767377061071e-02
1.341000000000000014e+01,1.335755978098086133e-02,1.987194869051491647e-02,2.620661285182965608e-02
1.341499999999999915e+01,1.041037405617203232e-02,1.777305712207795721e-02,2.680167260372797594e-02
1.341999999999999993e+01,1.048761118063566179e-02,1.784498344849956564e-02,2.820176206067435618e-02
1.342500000000000071e+01,1.117512929508364394e-02,1.960541092067305882e-02,3.069696162323704014e-02
1.342999999999999972e+01,1.365998271176148415e-02,2.347136177093581133e-02,3.447577857500115639e-02
1.343500000000000050e+01,1.958486822403998628e-02,3.070106749306430322e-02,3.959389809963093781e-02
1.344000000000000128e+01,3.637734270098587352e-02,4.292004823212553638e-02,4.575691273029224015e-02
1.344500000000000028e+01,7.310062419226462382e-02,5.709563570486700379e-02,5.217985542403250077e-02
1.344999999999999929e+01,6.671778523779034464e-02,6.520799988454023532e-02,5.797278901155908382e-02
1.345500000000000007e+01,7.486427728807595883e-02,7.297738367224909650e-02,6.256945178532619112e-02
1.346000000000000085e+01,1.150283996387013730e-01,8.009930053044996001e-02,6.545904390282658580e-02
1.346499999999999986e+01,7.747721416029555719e-02,7.302794233421630588e-02,6.646574477236777412e-02
1.346999999999999886e+01,5.171415317748670470e-02,6.183751070653011050e-02,6.658103512138212332e-02
1.347500000000000142e+01,4.591963757689557918e-02,5.538095213978878883e-02,6.745260520429803563e-02
1.348000000000000043e+01,3.422288908305799737e-02,5.249428274023421048e-02,7.051596259148862345e-02
1.348499999999999943e+01,3.383695858047519600e-02,5.602389468271089940e-02,7.691313302552275910e-02
1.349000000000000021e+01,4.506570898147156667e-02,6.807090911229944641e-02,8.749312307020695734e-02
1.349500000000000099e+01,6.856786618807869660e-02,8.952181239540171753e-02,1.026889726400847525e-01
1.350000000000000000e+01,9.370376767692473186e-02,1.241604420670412295e-01,1.221604442817662839e-01
1.350499999999999901e+01,1.722201420452380283e-01,1.827492157604121426e-01,1.435726520494031155e-01
1.350999999999999979e+01,3.688090159955131342e-01,2.586919490245038755e-01,1.610652406522213032e-01
1.351500000000000057e+01,4.437818714878943860e-01,2.918374307769794895e-01,1.669033359151990137e-01
1.351999999999999957e+01,3.682921304310505795e-01,2.529463930036519037e-01,1.574378096004545036e-01
1.352500000000000036e+01,1.658128900404935435e-01,1.749475912934781163e-01,1.364661867760343650e-01
1.353000000000000114e+01,7.660899121861371175e-02,1.105510258225743253e-01,1.116958557903076771e-01
1.353500000000000014e+01,4.344728490811955446e-02,7.223107840663432755e-02,8.910480905371459537e-02
1.353999999999999915e+01,2.824081042847267214e-02,5.026883709671008116e-02,7.098021928130579528e-02
1.354499999999999993e+01,2.014890291657185292e-02,3.716848720115544652e-02,5.726584935028653650e-02
1.355000000000000071e+01,1.550301061194315176e-02,2.906886863230343648e-02,4.712520763621421555e-02
1.355499999999999972e+01,1.297537736440674931e-02,2.412523853440542293e-02,3.967177125000759252e-02
1.356000000000000050e+01,1.259644090626757355e-02,2.153628004740698598e-02,3.414007236898006226e-02
1.356500000000000128e+01,1.656540986722655415e-02,2.055846542127433979e-02,2.985315243162390414e-02
1.357000000000000028e+01,1.798419763386997078e-02,1.877228090637547003e-02,2.624519365253805137e-02
1.357499999999999929e+01,1.010693934353345744e-02,1.522145776848911336e-02,2.301876300549593815e-02
1.358000000000000007e+01,6.766713729076475996e-03,1.212548281039224456e-02,2.016049511545208589e-02
1.358500000000000085e+01,5.269221707174595072e-03,1.001110212542988785e-02,1.772778420157821236e-02
1.358999999999999986e+01,4.401130704298821146e-03,8.550131399072458116e-03,1.571404925703007507e-02
1.359499999999999886e+01,3.813187565622763904e-03,7.482690800630763250e-03,1.406139068628158365e-02
1.360000000000000142e+01,3.378485668255570319e-03,6.664641445195036012e-03,1.270084656803848605e-02
1.360500000000000043e+01,3.040024157076770105e-03,6.015665388101878661e-03,1.157193192114033126e-02
1.360999999999999943e+01,2.767796636739051561e-03,5.488065527237344365e-03,1.062687477492881005e-02
1.361500000000000021e+01,2.544080673936560850e-03,5.051590366371261354e-03,9.829247609421241927e-03
1.362000000000000099e+01,2.357508962717449509e-03,4.685965625451484276e-03,9.151472068338602911e-03
1.362500000000000000e+01,2.200349110740092325e-03,4.377007837325151522e-03,8.572591447912440710e-03
1.362999999999999901e+01,2.067119143236019040e-03,4.114473064199441338e-03,8.076572292217341215e-03
1.363499999999999979e+01,1.953822336231252066e-03,3.890797095807361269e-03,7.651076241089735559e-03
1.364000000000000057e+01,1.857496549021522836e-03,3.700322564054100115e-03,7.286588134610078385e-03
1.364499999999999957e+01,1.775936467191217664e-03,3.538808445332547806e-03,6.975801815605699521e-03
1.365000000000000036e+01,1.707518294918844871e-03,3.403113643194823935e-03,6.713191847571220103e-03
1.365500000000000114e+01,1.651090341225058215e-03,3.290995667916893352e-03,6.494722447107619673e-03
1.366000000000000014e+01,1.605911085053688282e-03,3.200993030294766763e-03,6.317662172476890339e-03
1.366499999999999915e+01,1.571628628521836834e-03,3.132378153191258188e-03,6.180485072513212767e-03
1.366999999999999993e+01,1.548309739000336936e-03,3.085184096524565180e-03,6.082846374148007107e-03
1.367500000000000071e+01,1.536559422508544052e-03,3.060330259886164667e-03,6.025621344973856007e-03
1.367999999999999972e+01,1.537889653613720839e-03,3.059898147345115407e-03,6.010985600792238814e-03
1.368500000000000050e+01,1.556040873812571416e-03,3.087506855173002135e-03,6.042506036237698178e-03
1.369000000000000128e+01,1.602032417920208835e-03,3.147427537778705632e-03,6.125309004936779073e-03
1.369500000000000028e+01,1.674214153632364466e-03,3.238469269493119557e-03,6.266766642193361860e-03
1.369999999999999929e+01,1.710943356697362978e-03,3.360918242592869035e-03,6.478178866030829750e-03
1.370500000000000007e+01,1.791884401812964727e-03,3.536544565104929837e-03,6.776583946844164791e-03
1.371000000000000085e+01,1.923883459923709507e-03,3.789358762618099796e-03,7.185850881443455254e-03
1.371499999999999986e+01,2.117120287373238166e-03,4.147740537618779810e-03,7.738310354203165042e-03
1.371999999999999886e+01,2.402066461131367910e-03,4.658443624000695692e-03,8.477468663638873178e-03
1.372500000000000142e+01,2.847548474958409501e-03,5.401924262253840828e-03,9.460407990898235531e-03
1.373000000000000043e+01,3.641227550344156884e-03,6.505986898890146405e-03,1.075840372788434279e-02
1.373499999999999943e+01,5.255298386687750657e-03,8.080500420465841840e-03,1.245919775991523315e-02
1.374000000000000021e+01,6.694831213012484433e-03,1.009563509503424474e-02,1.468317807430628147e-02
1.374500000000000099e+01,8.060197672534696184e-03,1.290794952319732763e-02,1.760590429852772545e-02
1.375000000000000000e+01,1.157985008232229746e-02,1.753071284838383578e-02,2.142487396681882691e-02
1.375499999999999901e+01,1.760904377633077875e-02,2.546793079662247605e-02,2.619170641468078140e-02
1.375999999999999979e+01,3.348859145198457288e-02,3.963594012694830748e-02,3.142009224720617583e-02
1.376500000000000057e+01,8.434616289983724868e-02,6.026883921983551551e-02,3.559339851743039546e-02
1.376999999999999957e+01,1.302214063452287185e-01,6.841642434554232044e-02,3.659123805701463422e-02
1.377500000000000036e+01,5.551038537841118670e-02,5.088815655160455059e-02,3.370057828931182636e-02
1.378000000000000114e+01,2.363040228836870912e-02,3.176146317968209232e-02,2.850767329984558313e-02
1.378500000000000014e+01,1.259558728514326674e-02,2.017493271821003964e-02,2.307231891846755339e-02
1.378999999999999915e+01,7.834895271938556449e-03,1.367334920066225548e-02,1.846503158737797939e-02
1.379499999999999993e+01,5.398739099412916756e-03,9.869765901127454735e-03,1.489127008940719851e-02
1.380000000000000071e+01,3.994929184423330268e-03,7.506275099469527853e-03,1.220369958840232527e-02
1.380499999999999972e+01,3.114074349663006544e-03,5.953156463560141040e-03,1.018960626867809922e-02
1.381000000000000050e+01,2.525060000707021659e-03,4.882807142609997021e-03,8.666485208523404954e-03
1.381500000000000128e+01,2.111332445028714019e-03,4.115240676917372026e-03,7.498047775784206712e-03
1.382000000000000028e+01,1.809118685146368210e-03,3.546182074314411115e-03,6.587209466435827582e-03
1.382499999999999929e+01,1.581199118133598102e-03,3.112285086873090544e-03,5.865666258749656532e-03
1.383000000000000007e+01,1.404686366098924872e-03,2.773442415215194353e-03,5.285226230596830332e-03
1.383500000000000085e+01,1.264886053046171410e-03,2.503333057126440244e-03,4.811552569082330061e-03
1.383999999999999986e+01,1.152016204787373321e-03,2.284136675079618053e-03,4.419863543843566972e-03
1.384499999999999886e+01,1.059361251855991124e-03,2.103455383606707332e-03,4.092021925341077573e-03
1.385000000000000142e+01,9.821867592012798777e-04,1.952455107490469509e-03,3.814565148573384294e-03
1.385500000000000043e+01,9.170769287318095153e-04,1.824706720249166889e-03,3.577362665429476441e-03
1.385999999999999943e+01,8.615167571955810802e-04,1.715442556762375968e-03,3.372691033515656973e-03
1.386500000000000021e+01,8.136208537361726105e-04,1.621067088016226376e-03,3.194588948501409734e-03
1.387000000000000099e+01,7.719529337609160394e-04,1.538827415598411144e-03,3.038401707979943370e-03
1.387500000000000000e+01,7.354029385374673787e-04,1.466586763928861767e-03,2.900455332588273896e-03
1.387999999999999901e+01,7.031016816995979508e-04,1.402665842684911856e-03,2.777820515534508167e-03
1.388499999999999979e+01,6.743604762151864671e-04,1.345729843537602551e-03,2.668139575601287915e-03
1.389000000000000057e+01,6.486277232882883478e-04,1.294706689600244815e-03,2.569498137197691063e-03
1.389499999999999957e+01,6.254572273181915583e-04,1.248727051064363932e-03,2.480328937622303109e-03
1.390000000000000036e+01,6.044847511721662117e-04,1.207079755581355954e-03,2.399338972825450396e-03
1.390500000000000114e+01,5.854104496969238713e-04,1.169178242616172479e-03,2.325453780774940256e-03
1.391000000000000014e+01,5.679855546416399253e-04,1.134535045066696352e-03,2.257774438705965371e-03
1.391499999999999915e+01,5.520021736970975087e-04,1.102742176673753623e-03,2.195544084665515712e-03
1.391999999999999993e+01,5.372853975491743289e-04,1.073455913629153737e-03,2.138121640104475706e-03
1.392500000000000071e+01,5.236871362543617453e-04,1.046384880139076667e-03,2.084961024816822401e-03
1.392999999999999972e+01,5.110812645485202782e-04,1.021280642620781519e-03,2.035594595854725748e-03
1.393500000000000050e+01,4.993597673112311558e-04,9.979302261660478665e-04,1.989619860596952838e-03
1.394000000000000128e+01,4.884296560393221187e-04,9.761501166474506608e-04,1.946688746724407806e-03
1.394500000000000028e+01,4.782104846315518663e-04,9.557814203035029958e-04,1.906498883160707286e-03
1.394999999999999929e+01,4.686323346643498028e-04,9.366859319879761950e-04,1.868786473271198158e-03
1.395500000000000007e+01,4.596341711651226545e-04,9.187429218698420262e-04,1.833320436875746345e-03
1.396000000000000085e+01,4.511624927904799324e-04,9.018464940348911059e-04,1.799897569500684847e-03
1.396499999999999986e+01,4.431702174766256300e-04,8.859034032478454394e-04,1.768338521911404660e-03
1.396999999999999886e+01,4.356157575933877453e-04,8.708312409821184538e-04,1.738484444764541162e-03
1.397500000000000142e+01,4.284622485024780405e-04,8.565569207837796977e-04,1.710194175414816737e-03
1.398000000000000043e+01,4.216769019894954160e-04,8.430154076077181046e-04,1.683341868873768814e-03
1.398499999999999943e+01,4.152304618834279826e-04,8.301486470370892257e-04,1.657814994385396583e-03
1.399000000000000021e+01,4.090967437205786806e-04,8.179046590764480883e-04,1.633512634358454162e-03
1.399500000000000099e+01,4.032522438629574909e-04,8.062367680866007209e-04,1.610344034443689752e-03
1.400000000000000000e+01,3.976758062768955665e-04,7.951029458491666807e-04,1.588227363100140014e-03
1.400499999999999901e+01,3.923483373901447309e-04,7.844652490444204264e-04,1.567088646613245487e-03
1.400999999999999979e+01,3.872525612056846645e-04,7.742893358475097954e-04,1.546860851629473267e-03
1.401500000000000057e+01,3.823728082580097470e-04,7.645440490880455083e-04,1.527483092183763280e-03
1.401999999999999957e+01,3.776948331290218589e-04,7.552010556228916502e-04,1.508899942167653968e-03
1.402500000000000036e+01,3.732056561539635084e-04,7.462345333538663054e-04,1.491060837410068153e-03
1.403000000000000114e+01,3.688934256890060923e-04,7.376208987696119320e-04,1.473919554173106676e-03
1.403500000000000014e+01,3.647472979155245618e-04,7.293385690705235080e-04,1.457433753017069872e-03
1.403999999999999915e+01,3.607573316502040058e-04,7.213677539024720194e-04,1.441564578759415172e-03
1.404499999999999993e+01,3.569143960356779442e-04,7.136902725193087745e-04,1.426276308711746247e-03
1.405000000000000071e+01,3.532100893209105461e-04,7.062893928497581764e-04,1.411536042587634068e-03
1.405499999999999972e+01,3.496366672174826100e-04,6.991496894875675553e-04,1.397313428478755152e-03
1.406000000000000050e+01,3.461869795478140187e-04,6.922569180749759939e-04,1.383580420133705960e-03
1.406500000000000128e+01,3.428544140931774663e-04,6.855979039263801738e-04,1.370311061474694184e-03
1.407000000000000028e+01,3.396328467095305901e-04,6.791604430538867058e-04,1.357481294874400947e-03
1.407499999999999929e+01,3.365165969137578171e-04,6.729332140210922061e-04,1.345068790210063444e-03
1.408000000000000007e+01,3.335003882561550113e-04,6.669056992742947989e-04,1.333052792129485638e-03
1.408500000000000085e+01,3.305793128904202863e-04,6.610681147882301436e-04,1.321413983316527393e-03
1.408999999999999986e+01,3.277487998334165055e-04,6.554113470230029477e-04,1.310134361844009741e-03
1.409499999999999886e+01,3.250045864755874889e-04,6.499268963241414251e-04,1.299197130957052042e-03
1.410000000000000142e+01,3.223426929613926249e-04,6.446068260130079263e-04,1.288586599847743510e-03
1.410500000000000043e+01,3.197593991090324161e-04,6.394437165132810632e-04,1.278288094168477090e-03
1.410999999999999943e+01,3.172512235813972677e-04,6.344306239434021081e-04,1.268287875190941090e-03
1.411500000000000021e+01,3.148149050568910430e-04,6.295610426774065835e-04,1.258573066655503843e-03
1.412000000000000099e+01,3.124473851801748501e-04,6.248288714385433033e-04,1.249131588473687427e-03
1.412500000000000000e+01,3.101457931001127709e-04,6.202283825439368608e-04,1.239952096549018241e-03
1.412999999999999901e+01,3.079074314256191386e-04,6.157541939648189652e-04,1.231023928069866109e-03
1.413499999999999979e+01,3.057297634504267106e-04,6.114012439070396626e-04,1.222337051704665929e-03
1.414000000000000057e+01,3.036104015154160235e-04,6.071647676514370894e-04,1.213882022196636785e-03
1.414499999999999957e+01,3.015470963924736384e-04,6.030402764239531713e-04,1.205649938913195933e-03
1.415000000000000036e+01,2.995377275871889591e-04,5.990235380918191091e-04,1.197632407955963188e-03
1.415500000000000114e+01,2.975802944693667850e-04,5.951105595052021916e-04,1.189821507481581475e-03
1.416000000000000014e+01,2.956729081505161841e-04,5.912975703239012381e-04,1.182209755922389825e-03
1.416499999999999915e+01,2.938137840364189865e-04,5.875810081863852693e-04,1.174790082830071353e-03
1.416999999999999993e+01,2.920012349907224764e-04,5.839575050939932888e-04,1.167555802095341776e-03
1.417500000000000071e+01,2.902336650524017510e-04,5.804238748968183455e-04,1.160500587323128573e-03
1.417999999999999972e+01,2.885095636560159032e-04,5.769771017798241541e-04,1.153618449165956950e-03
1.418500000000000050e+01,2.868275003090495841e-04,5.736143296584032911e-04,1.146903714438836982e-03
1.419000000000000128e+01,2.851861196853775382e-04,5.703328524019878618e-04,1.140351006857126363e-03
1.419500000000000028e+01,2.835841370980865463e-04,5.671301048126587687e-04,1.133955229255007632e-03
1.419999999999999929e+01,2.820203343186240136e-04,5.640036542931064437e-04,1.127711547156527326e-03
1.420500000000000007e+01,2.804935557125497474e-04,5.609511931448539143e-04,1.121615373583915607e-03
1.421000000000000085e+01,2.790027046651157375e-04,5.579705314435170951e-04,1.115662354999230653e-03
1.421499999999999986e+01,2.775467402725281070e-04,5.550595904430875426e-04,1.109848358285530669e-03
1.421999999999999886e+01,2.761246742770882530e-04,5.522163964658860676e-04,1.104169458682815368e-03
1.422500000000000142e+01,2.747355682265077486e-04,5.494390752389818021e-04,1.098621928602061711e-03
1.423000000000000043e+01,2.733785308395847023e-04,5.467258466416580068e-04,1.093202227248031089e-03
1.423499999999999943e+01,2.720527155620747119e-04,5.440750198317564467e-04,1.087906990987864281e-03
1.424000000000000021e+01,2.707573182981553531e-04,5.414849887218442601e-04,1.082733024408545717e-03
1.424500000000000099e+01,2.694915753042170922e-04,5.389542277788145989e-04,1.077677292011519324e-03
1.425000000000000000e+01,2.682547612329254328e-04,5.364812881229169116e-04,1.072736910497379230e-03
1.425499999999999901e+01,2.670461873166573067e-04,5.340647939045351043e-04,1.067909141598119213e-03
1.425999999999999979e+01,2.658651996803670795e-04,5.317034389389172378e-04,1.063191385418069644e-03
1.426500000000000057e+01,2.647111777748882826e-04,5.293959835809514906e-04,1.058581174248384663e-03
1.426999999999999957e+01,2.635835329224780793e-04,5.271412518236717921e-04,1.054076166823016700e-03
1.427500000000000036e+01,2.624817069671671636e-04,5.249381286056933361e-04,1.049674142987101332e-03
1.428000000000000114e+01,2.614051710231997611e-04,5.227855573141918693e-04,1.045372998751439766e-03
1.428500000000000014e+01,2.603534243154179313e-04,5.206825374711999922e-04,1.041170741709013118e-03
1.428999999999999915e+01,2.593259931060822618e-04,5.186281225922367453e-04,1.037065486791942468e-03
1.429499999999999993e+01,2.583224297031272584e-04,5.166214182073163106e-04,1.033055452349263686e-03
1.430000000000000071e+01,2.573423115453428315e-04,5.146615800353411801e-04,1.029138956527815910e-03
1.430499999999999972e+01,2.563852403604528199e-04,5.127478123038618990e-04,1.025314413940424732e-03
1.431000000000000050e+01,2.554508413924757681e-04,5.108793662069867174e-04,1.021580332607124365e-03
1.431500000000000128e+01,2.545387626951957447e-04,5.090555384951166726e-04,1.017935311156922687e-03
1.432000000000000028e+01,2.536486744889213476e-04,5.072756701908771437e-04,1.014378036278934091e-03
1.432499999999999929e+01,2.527802685781400634e-04,5.055391454264564124e-04,1.010907280413342411e-03
1.433000000000000007e+01,2.519332578280341251e-04,5.038453903982795115e-04,1.007521899674014045e-03
1.433500000000000085e+01,2.511073756982105856e-04,5.021938724357018690e-04,1.004220831995988709e-03
1.433999999999999986e+01,2.503023758324370474e-04,5.005840991812483820e-04,1.001003095502608735e-03
1.434499999999999886e+01,2.495180317036077349e-04,4.990156178807710757e-04,9.978677870884811348e-04
1.435000000000000142e+01,2.487541363137677928e-04,4.974880147830037375e-04,9.948140812162534555e-04
1.435500000000000043e+01,2.480105019497214308e-04,4.960009146492643352e-04,9.918412289269382034e-04
1.435999999999999943e+01,2.472869599958405157e-04,4.945539803759410255e-04,9.889485570658224176e-04
1.436500000000000021e+01,2.465833608074183736e-04,4.931469127352409824e-04,9.861354677287523934e-04
1.437000000000000099e+01,2.458995736509434773e-04,4.917794502443707805e-04,9.834014379369142300e-04
1.437500000000000000e+01,2.452354867236534119e-04,4.904513691819675867e-04,9.807460195524965625e-04
1.437999999999999901e+01,2.445910072774699711e-04,4.891624837874664847e-04,9.781688394517970998e-04
1.438499999999999979e+01,2.439660619023389964e-04,4.879126467144770688e-04,9.756695999734425360e-04
1.439000000000000057e+01,2.433605971017480107e-04,4.867017498875788185e-04,9.732480796453659485e-04
1.439499999999999957e+01,2.427745805206005475e-04,4.855297260907538801e-04,9.709041341284209078e-04
1.440000000000000036e+01,2.422080039528878175e-04,4.843965520028896887e-04,9.686376971024604488e-04
1.440500000000000114e+01,2.416608923304152203e-04,4.833022538854532578e-04,9.664487803160211766e-04
1.441000000000000014e+01,2.411333374686335331e-04,4.822469140118516959e-04,9.643374714832190098e-04
1.441499999999999915e+01,2.406256225851010483e-04,4.812306413889554818e-04,9.623039305575511191e-04
1.441999999999999993e+01,2.401375599728986117e-04,4.802534297995208817e-04,9.603483920992471421e-04
1.442500000000000071e+01,2.396681931404636746e-04,4.793153704390128124e-04,9.584711784960404501e-04
1.442999999999999972e+01,2.392196803865604478e-04,4.784168825605363798e-04,9.566727038187063234e-04
1.443500000000000050e+01,2.387908433184354924e-04,4.775579221476636575e-04,9.549534729601794059e-04
1.444000000000000128e+01,2.383799644184530727e-04,4.767385969430148096e-04,9.533141123859965871e-04
1.444500000000000028e+01,2.379902410172865220e-04,4.759597446471402560e-04,9.517553882159041773e-04
1.444999999999999929e+01,2.376213578117625670e-04,4.752219286973516691e-04,9.502781781201181943e-04
1.445500000000000007e+01,2.372732897839811297e-04,4.745255751484059531e-04,9.488834544061979740e-04
1.446000000000000085e+01,2.369462380117214474e-04,4.738711834030624346e-04,9.475722968165362341e-04
1.446499999999999986e+01,2.366404870300662711e-04,4.732593442748771781e-04,9.463459117928074010e-04
1.446999999999999886e+01,2.363563733204620122e-04,4.726907347826991520e-04,9.452056482680541065e-04
1.447500000000000142e+01,2.360942791764299186e-04,4.721661181809656566e-04,9.441530115692373061e-04
1.448000000000000043e+01,2.358546335213086503e-04,4.716863486560700760e-04,9.431896780546238264e-04
1.448499999999999943e+01,2.356379154368830569e-04,4.712523791681781041e-04,9.423175120410183341e-04
1.449000000000000021e+01,2.354446593521430790e-04,4.708652719154245289e-04,9.415385860080077544e-04
1.449500000000000099e+01,2.352754617372854640e-04,4.705262115166813680e-04,9.408552049862613535e-04
1.450000000000000000e+01,2.351309894914913544e-04,4.702365213894957210e-04,9.402699362087303106e-04
1.450499999999999901e+01,2.350119904223455132e-04,4.699976841173011044e-04,9.397856454287330848e-04
1.450999999999999979e+01,2.349193064171993040e-04,4.698113669544043544e-04,9.394055417796566554e-04
1.451500000000000057e+01,2.348538901602752259e-04,4.696794540800007327e-04,9.391332337075939491e-04
1.451999999999999957e+01,2.348168266012967925e-04,4.696040878592513262e-04,9.389727994266616360e-04
1.452500000000000036e+01,2.348093608917917326e-04,4.695877223039498756e-04,9.389288766452120495e-04
1.453000000000000114e+01,2.348329352639505182e-04,4.696331933049580944e-04,9.390067781688222820e-04
1.453500000000000014e+01,2.348892384781067354e-04,4.697438122839183014e-04,9.392126426756819109e-04
1.453999999999999915e+01,2.349802732468488434e-04,4.699234930919190959e-04,9.395536339011004287e-04
1.454499999999999993e+01,2.351084498609451662e-04,4.701769269521404717e-04,9.400382073111149175e-04
1.455000000000000071e+01,2.352767187993524251e-04,4.705098281735077765e-04,9.406764721081497648e-04
1.455499999999999972e+01,2.354887626649242486e-04,4.709292863089554158e-04,9.414806896930508987e-04
1.456000000000000050e+01,2.357492806808087231e-04,4.714442821016131277e-04,9.424659700168265975e-04
1.456500000000000128e+01,2.360644216658195249e-04,4.720664618356795522e-04,9.436512584857536298e-04
1.457000000000000028e+01,2.364424627249459357e-04,4.728113307724228086e-04,9.450607540860014952e-04
1.457499999999999929e+01,2.368949091655032165e-04,4.737001473683283910e-04,9.467259722762853477e-04
1.458000000000000007e+01,2.374383462184789610e-04,4.747630298390624897e-04,9.486887728353899166e-04
1.458500000000000085e+01,2.380976965658236242e-04,4.760442409472012215e-04,9.510058143109627283e-04
1.458999999999999986e+01,2.389122537780588758e-04,4.776115542554657065e-04,9.537550332491698344e-04
1.459499999999999886e+01,2.399475628698755037e-04,4.795736284779227639e-04,9.570446856587783374e-04
1.460000000000000142e+01,2.413206137760085337e-04,4.821138800934356801e-04,9.610245333386507969e-04
1.460500000000000043e+01,2.432583797137742522e-04,4.855599726838458934e-04,9.658946913473290133e-04
1.460999999999999943e+01,2.462504300872618611e-04,4.905324410526610938e-04,9.718943180371108093e-04
1.461500000000000021e+01,2.515099325960945542e-04,4.982606380337674650e-04,9.792170921622057097e-04
1.462000000000000099e+01,2.626479419847749263e-04,5.111076007841456421e-04,9.877416474960779014e-04
1.462500000000000000e+01,2.927886086748490106e-04,5.319315242991483946e-04,9.965131708302025007e-04
1.462999999999999901e+01,3.702785399825129489e-04,5.536759031020495238e-04,1.003504365470378468e-03
1.463499999999999979e+01,3.406449341581163940e-04,5.507082988004629014e-04,1.006937666593551040e-03
1.464000000000000057e+01,2.828861840390712971e-04,5.319797949994499757e-04,1.007324427667706350e-03
1.464499999999999957e+01,2.666815005968775935e-04,5.199159104991165573e-04,1.006849786505924389e-03
1.465000000000000036e+01,2.665339680757901624e-04,5.154746485959377320e-04,1.007180177647957857e-03
1.465500000000000114e+01,2.640679482976158792e-04,5.139354042997019848e-04,1.008880638822512877e-03
1.466000000000000014e+01,2.605263916815795506e-04,5.142433734448177696e-04,1.012004435414994366e-03
1.466499999999999915e+01,2.649756561372246613e-04,5.178810216343085861e-04,1.016423302361792744e-03
1.466999999999999993e+01,2.767018112172945840e-04,5.237343663594832069e-04,1.021775981824868309e-03
1.467500000000000071e+01,2.829483078293315666e-04,5.285597706618760635e-04,1.027571551151550740e-03
1.467999999999999972e+01,2.817673423304383439e-04,5.302687934421665417e-04,1.033535855706904779e-03
1.468500000000000050e+01,2.717856414673147322e-04,5.297469463832377200e-04,1.039859177204074513e-03
1.469000000000000128e+01,2.682360252541412648e-04,5.308670530694617733e-04,1.047057561994813642e-03
1.469500000000000028e+01,2.718164632526234642e-04,5.351958048579064792e-04,1.055581211129855883e-03
1.469999999999999929e+01,2.802085827439748720e-04,5.413642759818504532e-04,1.065649677256476704e-03
1.470500000000000007e+01,2.786027998173566320e-04,5.475582486356145567e-04,1.077457679066860883e-03
1.471000000000000085e+01,2.814583719943829980e-04,5.561943826416174824e-04,1.091358669788117719e-03
1.471499999999999986e+01,2.927169250374269684e-04,5.700940403997389406e-04,1.107658736892570914e-03
1.471999999999999886e+01,3.212002323991798710e-04,5.895150549715897628e-04,1.126298553459255825e-03
1.472500000000000142e+01,3.411691393823684934e-04,6.084908671608025253e-04,1.146973032066425820e-03
1.473000000000000043e+01,3.453641437677590050e-04,6.268290870150414109e-04,1.169645793511464409e-03
1.473499999999999943e+01,3.669986404134673182e-04,6.525216637951935985e-04,1.194391008994081464e-03
1.474000000000000021e+01,4.048757682384723647e-04,6.904669596746101099e-04,1.220234231738857866e-03
1.474500000000000099e+01,5.288065268258730113e-04,7.389584875364852042e-04,1.244161888757611481e-03
1.475000000000000000e+01,5.749408461754284671e-04,7.523898592105614323e-04,1.262569045085271948e-03
1.475499999999999901e+01,4.164767058155782807e-04,7.182852624815519406e-04,1.275647227866082752e-03
1.475999999999999979e+01,3.687883948548546439e-04,6.925359926659214495e-04,1.288185172767800785e-03
1.476500000000000057e+01,3.582922768976888237e-04,6.869409323355894076e-04,1.305173220222285036e-03
1.476999999999999957e+01,3.617726073555483464e-04,6.962602735783260952e-04,1.329368855045129794e-03
1.477500000000000036e+01,3.745267296817857226e-04,7.193259859145594536e-04,1.361818538095896716e-03
1.478000000000000114e+01,4.146388638805691270e-04,7.595878300165235467e-04,1.402379666920065653e-03
1.478500000000000014e+01,5.252251138293728347e-04,8.113389192958204467e-04,1.449885849713784076e-03
1.478999999999999915e+01,5.229321234291494291e-04,8.421211661473703130e-04,1.503969488529151126e-03
1.479499999999999993e+01,4.628302146587839785e-04,8.618854230795296948e-04,1.568181478518492714e-03
1.480000000000000071e+01,4.760110240032506472e-04,9.110757032235543805e-04,1.649691360875563378e-03
1.480499999999999972e+01,5.381923767760632025e-04,1.009905750221478651e-03,1.755637909775102472e-03
1.481000000000000050e+01,6.808301266413364135e-04,1.186584197150554422e-03,1.889186252066455979e-03
1.481500000000000128e+01,1.050101912738517261e-03,1.483069798202811193e-03,2.043808593333273829e-03
1.482000000000000028e+01,1.879257282835595068e-03,1.867628641263489658e-03,2.197599113707543548e-03
1.482499999999999929e+01,2.456313502906198355e-03,2.131215703029027027e-03,2.319201051917897834e-03
1.483000000000000007e+01,1.988695636867044737e-03,2.168930578708291694e-03,2.386938690854374483e-03
1.483500000000000085e+01,2.415848292952174192e-03,2.155279429495888036e-03,2.396311346525072019e-03
1.483999999999999986e+01,1.867129008545699662e-03,1.928744801726517237e-03,2.354441767401191724e-03
1.484499999999999886e+01,1.018577268775464235e-03,1.570343948367157027e-03,2.285267400299725773e-03
1.485000000000000142e+01,7.369126130280980597e-04,1.333239835041248557e-03,2.222380657739934928e-03
1.485500000000000043e+01,6.359092386806343249e-04,1.216500281142525843e-03,2.188300300828034152e-03
1.485999999999999943e+01,5.999832605274419643e-04,1.171980271533729946e-03,2.190384382390546392e-03
1.486500000000000021e+01,5.949937717656950120e-04,1.171743308888220604e-03,2.228719200212211059e-03
1.487000000000000099e+01,6.094043806260286559e-04,1.203393766945662011e-03,2.302560195884693819e-03
1.487500000000000000e+01,6.398755072594969210e-04,1.263297994570029446e-03,2.413194456584286021e-03
1.487999999999999901e+01,6.873915273617941862e-04,1.353743841103467174e-03,2.565097926846073104e-03
1.488499999999999979e+01,7.568012932387522705e-04,1.482855184118455445e-03,2.766728404037607607e-03
1.489000000000000057e+01,8.585788784447330024e-04,1.666995692803690176e-03,3.031422981128822046e-03
1.489499999999999957e+01,1.014153815298206611e-03,1.936981085167981120e-03,3.378124339960420636e-03
1.490000000000000036e+01,1.270540030725590816e-03,2.351967524368139134e-03,3.830290230548494441e-03
1.490500000000000114e+01,1.745520979604866380e-03,3.028820460053179356e-03,4.408113539667688104e-03
1.491000000000000014e+01,2.795418589556710777e-03,4.186579859747084457e-03,5.104460284159562100e-03
1.491499999999999915e+01,5.721140963968059448e-03,6.048600981390438863e-03,5.842140987288205189e-03
1.491999999999999993e+01,1.213605821278756353e-02,7.839537619179073186e-03,6.464450548377569973e-03
1.492500000000000071e+01,8.411185698278471345e-03,7.727939998618479217e-03,6.850817975582021782e-03
1.492999999999999972e+01,5.774946351978537881e-03,7.111969262352983191e-03,7.037807029902973417e-03
1.493500000000000050e+01,8.233738915930675917e-03,7.271195540063163723e-03,7.117321928071588567e-03
1.494000000000000128e+01,7.471455055032338172e-03,7.010101581628138366e-03,7.120135269118772064e-03
1.494500000000000028e+01,5.139520256276919677e-03,6.373280299239974210e-03,7.074391784759640270e-03
1.494999999999999929e+01,6.409076386030754767e-03,6.122613336057116870e-03,7.031656879104255381e-03
1.495500000000000007e+01,4.647842101150205518e-03,5.619232790373412598e-03,7.037387046316808011e-03
1.496000000000000085e+01,3.258077500921905800e-03,5.205464917973814942e-03,7.152002920064490926e-03
1.496499999999999986e+01,3.532776825477122046e-03,5.506239584093647159e-03,7.427145857469731952e-03
1.496999999999999886e+01,5.831702984086143543e-03,6.529625947235330810e-03,7.840747130229369297e-03
1.497500000000000142e+01,9.077521774040801794e-03,7.323158230474093554e-03,8.310010931192598344e-03
1.498000000000000043e+01,5.487353886473190362e-03,6.965042668450209529e-03,8.811853441917146673e-03
1.498499999999999943e+01,4.128309222579399501e-03,6.737485317161413974e-03,9.456283613767015733e-03
1.499000000000000021e+01,4.717101084096525336e-03,7.412384619478693329e-03,1.039519415327842984e-02
1.499500000000000099e+01,6.450401417496760825e-03,8.977534351667268778e-03,1.172313084530234029e-02
1.500000000000000000e+01,9.087649622399666255e-03,1.137541351030732333e-02,1.346191354150414257e-02
1.500500000000000078e+01,1.144692950187761391e-02,1.505784941917404259e-02,1.553775625664929882e-02
1.500999999999999979e+01,2.230910531790602364e-02,2.104581805168776951e-02,1.766928698174938250e-02
1.501500000000000057e+01,4.128373198531203048e-02,2.605076343592455101e-02,1.934693936311292217e-02
1.501999999999999957e+01,2.702558968415710861e-02,2.503140420624425100e-02,2.022999337521185978e-02
1.502500000000000036e+01,2.229749542176252472e-02,2.280096122988610821e-02,2.048748951703127652e-02
1.502999999999999936e+01,2.160882657061318629e-02,2.209344852099241752e-02,2.046505991664870558e-02
1.503500000000000014e+01,2.473379938274793827e-02,2.246908499444310800e-02,2.028750942581543371e-02
1.504000000000000092e+01,2.648018848800686581e-02,2.139827880070745841e-02,1.991484739780766122e-02
1.504499999999999993e+01,1.472838914203907119e-02,1.805899278441012307e-02,1.945385846373747299e-02
1.505000000000000071e+01,1.142516184468068963e-02,1.609044193516491472e-02,1.922136355141453729e-02
1.505499999999999972e+01,1.358476091425240423e-02,1.641531592420889321e-02,1.946048587521673548e-02
1.506000000000000050e+01,1.804612465549693470e-02,1.730735886648418487e-02,2.022584363276127770e-02
1.506499999999999950e+01,1.237205807771028267e-02,1.739141569588866301e-02,2.159126344402432715e-02
1.507000000000000028e+01,1.207182924382461248e-02,1.925638357758385072e-02,2.376862054303525290e-02
1.507499999999999929e+01,1.805382774279993760e-02,2.495577668852989178e-02,2.685909717007143455e-02
1.508000000000000007e+01,3.645751571801390811e-02,3.482087483684257606e-02,3.052112316846950987e-02
1.508500000000000085e+01,5.645004145344598850e-02,4.468059452990422176e-02,3.393477113345483298e-02
1.508999999999999986e+01,6.196636185398964047e-02,5.088371590867306338e-02,3.617937395061653766e-02
1.509500000000000064e+01,7.867402569397002887e-02,5.206978041287085857e-02,3.667707087788833753e-02
1.509999999999999964e+01,4.459782376087623873e-02,4.348672624403754350e-02,3.559829120771725725e-02
1.510500000000000043e+01,2.558551778675184629e-02,3.503538126334987401e-02,3.394976698802639609e-02
1.510999999999999943e+01,2.575193008623519880e-02,3.420664933852302081e-02,3.265284518185909701e-02
1.511500000000000021e+01,4.536336453627445864e-02,4.028032847525982174e-02,3.157139652907360594e-02
1.512000000000000099e+01,7.497331196320582147e-02,4.337522135136363116e-02,2.968584870250855906e-02
1.512500000000000000e+01,3.569949890155055261e-02,3.343611233639642855e-02,2.637150409453434957e-02
1.513000000000000078e+01,1.575396172197991718e-02,2.179329441981895515e-02,2.220527185393785657e-02
1.513499999999999979e+01,8.786995315343236468e-03,1.445497065583956769e-02,1.817343185426419788e-02
1.514000000000000057e+01,5.734694265310201142e-03,1.022031359427841291e-02,1.481232786899853646e-02
1.514499999999999957e+01,4.135795777908445395e-03,7.677892688608477928e-03,1.219891641565895232e-02
1.515000000000000036e+01,3.195737522795821101e-03,6.064396160655774817e-03,1.021726313573985759e-02
1.515499999999999936e+01,2.609684301477413482e-03,4.997972764231537260e-03,8.719448997797986031e-03
1.516000000000000014e+01,2.267092825213131834e-03,4.286341731615294325e-03,7.578082078622627379e-03
1.516500000000000092e+01,2.212969601361856539e-03,3.812885743097207264e-03,6.692257879802227666e-03
1.516999999999999993e+01,2.183141053164341840e-03,3.416349908656356703e-03,5.984789513185442833e-03
1.517500000000000071e+01,1.654761668270695544e-03,2.998581171601916867e-03,5.404958445972170289e-03
1.517999999999999972e+01,1.373757616367237387e-03,2.648544920435824852e-03,4.926568661812506800e-03
1.518500000000000050e+01,1.216649227625663529e-03,2.388488569361154387e-03,4.534888933424950121e-03
1.518999999999999950e+01,1.110371896065445556e-03,2.194080083993431296e-03,4.217091572240056624e-03
1.519500000000000028e+01,1.032485026791327490e-03,2.045715597441760160e-03,3.961039880901470224e-03
1.519999999999999929e+01,9.748615722289652105e-04,1.931692230566034625e-03,3.756348412025261631e-03
1.520500000000000007e+01,9.349597949049304711e-04,1.844359051395955476e-03,3.594774814687512129e-03
1.521000000000000085e+01,9.028935099583237141e-04,1.777171955713858012e-03,3.470114533256513437e-03
1.521499999999999986e+01,8.720712332495870502e-04,1.726133364349815864e-03,3.378057550886536323e-03
1.522000000000000064e+01,8.508265758141928242e-04,1.691221758754455230e-03,3.315969065265297715e-03
1.522499999999999964e+01,8.407351221132912736e-04,1.672839297589798907e-03,3.282512824042575945e-03
1.523000000000000043e+01,8.395506631332554440e-04,1.670618882225600966e-03,3.277361576963375416e-03
1.523499999999999943e+01,8.469970745230604066e-04,1.684774449159053694e-03,3.301144132869406229e-03
1.524000000000000021e+01,8.638822964687977064e-04,1.716502848291719813e-03,3.355517456628390616e-03
1.524500000000000099e+01,8.926980710940880109e-04,1.768033214240001191e-03,3.443272703992352086e-03
1.525000000000000000e+01,9.396863262632205571e-04,1.841602289314856703e-03,3.568542305461254449e-03
1.525500000000000078e+01,9.896926498133191714e-04,1.937485370091322247e-03,3.737346982525536956e-03
1.525999999999999979e+01,1.044977944219032274e-03,2.061597097079808684e-03,3.958515423385964432e-03
1.526500000000000057e+01,1.129876566841188932e-03,2.226565288317265690e-03,4.244529268174404048e-03
1.526999999999999957e+01,1.249817568580732265e-03,2.444791888456058701e-03,4.612453527304704974e-03
1.527500000000000036e+01,1.401539689551410369e-03,2.730763864865644579e-03,5.085837705270993686e-03
1.527999999999999936e+01,1.595758418284508014e-03,3.110781467172413564e-03,5.697927726823946715e-03
1.528500000000000014e+01,1.873543606481229470e-03,3.630252821077496403e-03,6.495965301372294554e-03
1.529000000000000092e+01,2.274291255851643590e-03,4.358811599766979766e-03,7.546792261202340223e-03
1.529499999999999993e+01,2.876464666835741590e-03,5.412461417696620702e-03,8.943971434236712773e-03
1.530000000000000071e+01,3.809756463853293529e-03,6.996709398801533725e-03,1.081381973344792274e-02
1.530499999999999972e+01,5.386658062936627162e-03,9.508668872014586909e-03,1.330891742102510190e-02
1.531000000000000050e+01,8.430812052071127993e-03,1.373561649324158557e-02,1.655595874054574188e-02
1.531499999999999950e+01,1.538079717283156490e-02,2.112882438750063319e-02,2.049510004936315119e-02
1.532000000000000028e+01,3.488742295452615383e-02,3.307756687087985703e-02,2.459781017123639085e-02
1.532499999999999929e+01,7.484813234214403310e-02,4.461868305879850005e-02,2.779215892067099514e-02
1.533000000000000007e+01,5.421844606944944966e-02,4.459185171351852384e-02,2.915298964003460586e-02
1.533500000000000085e+01,4.263970554899244175e-02,4.098121801945524278e-02,2.863472176918707007e-02
1.533999999999999986e+01,5.841555339661461121e-02,3.882097586000501921e-02,2.658118430122925757e-02
1.534500000000000064e+01,3.422391680924143781e-02,3.025626045917934742e-02,2.329749242352289682e-02
1.534999999999999964e+01,1.493261126318595755e-02,1.989146727457087593e-02,1.941981029502067024e-02
1.535500000000000043e+01,8.363880933038865539e-03,1.310426015288254295e-02,1.573347846747265993e-02
1.535999999999999943e+01,5.294207660245339730e-03,9.112726406128635742e-03,1.267150693750305687e-02
1.536500000000000021e+01,3.657108950803461631e-03,6.686128257564020842e-03,1.029341295502228873e-02
1.537000000000000099e+01,2.732265040898280203e-03,5.148438637929585865e-03,8.493629293599027838e-03
1.537500000000000000e+01,2.152754350959869452e-03,4.126633565926755322e-03,7.137172328915830123e-03
1.538000000000000078e+01,1.763515656286886385e-03,3.417191592523677237e-03,6.108430081372830112e-03
1.538499999999999979e+01,1.489284433929730696e-03,2.906805900844083509e-03,5.320217059062420234e-03
1.539000000000000057e+01,1.289429660625591913e-03,2.529505984689786775e-03,4.709960322616116996e-03
1.539499999999999957e+01,1.140366418132477940e-03,2.245164641499904426e-03,4.233552653307743642e-03
1.540000000000000036e+01,1.027725217556878061e-03,2.028546128130524848e-03,3.860095966040929995e-03
1.540499999999999936e+01,9.425411944139498645e-04,1.863525604674049320e-03,3.568092253696589916e-03
1.541000000000000014e+01,8.793215613552942452e-04,1.739988831747366765e-03,3.342885077989864433e-03
1.541500000000000092e+01,8.351287306080464783e-04,1.652271474304555562e-03,3.175045320373407962e-03
1.541999999999999993e+01,8.093821743865134595e-04,1.598687157895783799e-03,3.059446536934588325e-03
1.542500000000000071e+01,8.044852079841147054e-04,1.582174886423895000e-03,2.994808041975513188e-03
1.542999999999999972e+01,8.280323433054793437e-04,1.612687697071866176e-03,2.983364460611272716e-03
1.543500000000000050e+01,8.992201904121587507e-04,1.713031352800922433e-03,3.029784755815241766e-03
1.543999999999999950e+01,1.069150866604633154e-03,1.931580889230130518e-03,3.137026333690647387e-03
1.544500000000000028e+01,1.497201325069007173e-03,2.361328473570994697e-03,3.294709770731301529e-03
1.544999999999999929e+01,2.774878563494483866e-03,3.091657920797776828e-03,3.459189747812021175e-03
1.545500000000000007e+01,5.640132727444527316e-03,3.736113226198280700e-03,3.550466275701457709e-03
1.546000000000000085e+01,3.675034595543312348e-03,3.384019892148910566e-03,3.511346614532399619e-03
1.546499999999999986e+01,1.797599856983810723e-03,2.604430833233142666e-03,3.375892257206457650e-03
1.547000000000000064e+01,1.200456238103641540e-03,2.097574319069429351e-03,3.231407031613457020e-03
1.547499999999999964e+01,9.923270838189397324e-04,1.857175241048413406e-03,3.142592138376578467e-03
1.548000000000000043e+01,9.333260052659629602e-04,1.786460832674753064e-03,3.137475959937474808e-03
1.548499999999999943e+01,9.629557748383748162e-04,1.842649842904717401e-03,3.227124861895269616e-03
1.549000000000000021e+01,1.084327107547598812e-03,2.031725909455527231e-03,3.420192197019611413e-03
1.549500000000000099e+01,1.364411619358409013e-03,2.408833579129215485e-03,3.724902326693792232e-03
1.550000000000000000e+01,2.049856593366839244e-03,3.081803911435281561e-03,4.139513710446489879e-03
1.550500000000000078e+01,3.932922621862226797e-03,4.069815068754114445e-03,4.638700879394106955e-03
1.550999999999999979e+01,5.022616088642717878e-03,4.938780800619489361e-03,5.180141074695945695e-03
1.551500000000000057e+01,4.578945839145451974e-03,5.828704151642423101e-03,5.723768832111595511e-03
1.551999999999999957e+01,8.127983972034309029e-03,7.570006183812151915e-03,6.186042986503804096e-03
1.552500000000000036e+01,1.521878411628508482e-02,8.898274739528198515e-03,6.396473825986393608e-03
1.552999999999999936e+01,8.383442610071822551e-03,7.585800917563137631e-03,6.250127548763260814e-03
1.553500000000000014e+01,4.549617515638228887e-03,5.625595497929490769e-03,5.868900015090635150e-03
1.554000000000000092e+01,2.985686397556445212e-03,4.382143561464207394e-03,5.476081636971674889e-03
1.554499999999999993e+01,2.286831040628276371e-03,3.821145533321919797e-03,5.219877795127528426e-03
1.555000000000000071e+01,2.514581982266222461e-03,3.911681263253278737e-03,5.140814463737201044e-03
1.555499999999999972e+01,4.181309811606237319e-03,4.558164215701305741e-03,5.193051509035800234e-03
1.556000000000000050e+01,6.575996024173684507e-03,5.055184040005920344e-03,5.286793195030889576e-03
1.556499999999999950e+01,3.930223648280065096e-03,4.736058766819170249e-03,5.374978135929978085e-03
1.557000000000000028e+01,3.106567591795100954e-03,4.603273576833878146e-03,5.490270827784617981e-03
1.557500000000000107e+01,4.436617202327726960e-03,5.265920549944905910e-03,5.651641770176220325e-03
1.558000000000000007e+01,8.701244542478898947e-03,6.156282809944974704e-03,5.789304208331080143e-03
1.558500000000000085e+01,6.310686757728707283e-03,5.732933595579224779e-03,5.827633166330003188e-03
1.558999999999999986e+01,3.210121534962667722e-03,4.637479748024649073e-03,5.819620731438686703e-03
1.559500000000000064e+01,2.341318089972234309e-03,4.063688376575926020e-03,5.917001817255804555e-03
1.559999999999999964e+01,2.248807964098399441e-03,4.100056250550971823e-03,6.256069285795909027e-03
1.560500000000000043e+01,2.609635992295380753e-03,4.711217835517464425e-03,6.927505848719799769e-03
1.560999999999999943e+01,3.546069072078871301e-03,6.071018040619836562e-03,7.990324954652846395e-03
1.561500000000000021e+01,5.704339484865037987e-03,8.682627509836251395e-03,9.441470484546066883e-03
1.562000000000000099e+01,1.140083270340677170e-02,1.342745860205884351e-02,1.109498323405307130e-02
1.562500000000000000e+01,2.809974982885220240e-02,2.014113088713994498e-02,1.243276992681103046e-02
1.563000000000000078e+01,4.217421338767214645e-02,2.271693635444026887e-02,1.276044282670628707e-02
1.563499999999999979e+01,1.843393820499011210e-02,1.718448948885362149e-02,1.184907080137658636e-02
1.564000000000000057e+01,8.696254417462676023e-03,1.125195192791681592e-02,1.019677174757617662e-02
1.564499999999999957e+01,5.876989882419698941e-03,7.642693249692655323e-03,8.439675381254774927e-03
1.565000000000000036e+01,3.440107900721838235e-03,5.345546956612609937e-03,6.908361622714125072e-03
1.565499999999999936e+01,2.195848722538119857e-03,3.866381142735970944e-03,5.684452428320792457e-03
1.566000000000000014e+01,1.587440725397945129e-03,2.947085121739057966e-03,4.745644898843092221e-03
1.566500000000000092e+01,1.238210198054084856e-03,2.359214934340985326e-03,4.037596147966446454e-03
1.566999999999999993e+01,1.016377003754211517e-03,1.965314889551222736e-03,3.504439318022666179e-03
1.567500000000000071e+01,8.660407233019300644e-04,1.690127570656575198e-03,3.100320159154886044e-03
1.567999999999999972e+01,7.595289109616589537e-04,1.491381649313077654e-03,2.791057214227837292e-03
1.568500000000000050e+01,6.816500199201599303e-04,1.344165798124311896e-03,2.552149462320699169e-03
1.568999999999999950e+01,6.234339837431943868e-04,1.233105598621459442e-03,2.366234583632735936e-03
1.569500000000000028e+01,5.792905310765203170e-04,1.148329905726281318e-03,2.220990639334145030e-03
1.570000000000000107e+01,5.455894927513737450e-04,1.083291761007539652e-03,2.107614309767677496e-03
1.570500000000000007e+01,5.198986952598826268e-04,1.033536122511494485e-03,2.019768911841723566e-03
1.571000000000000085e+01,5.005513788993844280e-04,9.959742274780474143e-04,1.952868829964053395e-03
1.571499999999999986e+01,4.863896049435588367e-04,9.684413756649436038e-04,1.903594134623797559e-03
1.572000000000000064e+01,4.766067472207242842e-04,9.494198809745146503e-04,1.869560771729860717e-03
1.572499999999999964e+01,4.706483988690553493e-04,9.378620390687565037e-04,1.849096360061268504e-03
1.573000000000000043e+01,4.681492376090675735e-04,9.330760064502755576e-04,1.841088806630100660e-03
1.573499999999999943e+01,4.688930425155069144e-04,9.346529253617084920e-04,1.844886464815825595e-03
1.574000000000000021e+01,4.727884262408326419e-04,9.424224895388663096e-04,1.860236248932626169e-03
1.574500000000000099e+01,4.798559981286837145e-04,9.564294807881421143e-04,1.887251355407613225e-03
1.575000000000000000e+01,4.902246532110011729e-04,9.769272341177428175e-04,1.926403976951173748e-03
1.575500000000000078e+01,5.041360589949793383e-04,1.004386420896241378e-03,1.978541289945226142e-03
1.575999999999999979e+01,5.219575281705346285e-04,1.039519539989824156e-03,2.044925528954919317e-03
1.576500000000000057e+01,5.442045653262832456e-04,1.083323490223223745e-03,2.127301536716623247e-03
1.576999999999999957e+01,5.715756867283229179e-04,1.137144953866823941e-03,2.227998192737048241e-03
1.577500000000000036e+01,6.050039133057084125e-04,1.202776527202059588e-03,2.350074056904223260e-03
1.577999999999999936e+01,6.457320461052553457e-04,1.282596293980995143e-03,2.497523070088269147e-03
1.578500000000000014e+01,6.954231500228149438e-04,1.379771004185999543e-03,2.675564196132637976e-03
1.579000000000000092e+01,7.563248432108792170e-04,1.498555202799167372e-03,2.891050942748035063e-03
1.579499999999999993e+01,8.315183458668211347e-04,1.644739198941930734e-03,3.153055033960220147e-03
1.580000000000000071e+01,9.253053176997722701e-04,1.826334540925015921e-03,3.473706569776517650e-03
1.580499999999999972e+01,1.043826525223730695e-03,2.054650063675532608e-03,3.869415754030219520e-03
1.581000000000000050e+01,1.196085983134087321e-03,2.346031743582867313e-03,4.362664835204060898e-03
1.581499999999999950e+01,1.395716673461180456e-03,2.724772783814028744e-03,4.984647364420223201e-03
1.582000000000000028e+01,1.664175441015175493e-03,3.228172551691273900e-03,5.779133581010333261e-03
1.582500000000000107e+01,2.036869397858595641e-03,3.915723467782118022e-03,6.807980415556146719e-03
1.583000000000000007e+01,2.575767009821111446e-03,4.886622458321204093e-03,8.158389728214440403e-03
1.583500000000000085e+01,3.397753538126654232e-03,6.314898700307483223e-03,9.950387509967859381e-03
1.583999999999999986e+01,4.745954885291728091e-03,8.523130134349812814e-03,1.233730133459416678e-02
1.584500000000000064e+01,7.197119392053218101e-03,1.213832381120573400e-02,1.547623328024992639e-02
1.584999999999999964e+01,1.238657541915247004e-02,1.836822640767334786e-02,1.941619863511893224e-02
1.585500000000000043e+01,2.602145153909787151e-02,2.890683130430071746e-02,2.385601697970286816e-02
1.585999999999999943e+01,6.231110283499738389e-02,4.191193018509595941e-02,2.794562100406535604e-02
1.586500000000000021e+01,6.050588826440402024e-02,4.728456777677901568e-02,3.064427195455518560e-02
1.587000000000000099e+01,5.361625496790216328e-02,4.840355750639389193e-02,3.139233378045151041e-02
1.587500000000000000e+01,8.047469612319410603e-02,4.832930176620193335e-02,3.000763667017844472e-02
1.588000000000000078e+01,4.144606813639215015e-02,3.715715771219089275e-02,2.664818430257152870e-02
1.588499999999999979e+01,1.891765176220107370e-02,2.416992984403140698e-02,2.222879083080838564e-02
1.589000000000000057e+01,1.054178246864303191e-02,1.573921668710618824e-02,1.787787416734271453e-02
1.589499999999999957e+01,6.277182874312012620e-03,1.067625050834251216e-02,1.421177608804964285e-02
1.590000000000000036e+01,4.212061449944628014e-03,7.626102207108390388e-03,1.134738720520636450e-02
1.590499999999999936e+01,3.058760424366065503e-03,5.718011259153246012e-03,9.176263015870603917e-03
1.591000000000000014e+01,2.342249139490631960e-03,4.460945460566886726e-03,7.539914036211042836e-03
1.591500000000000092e+01,1.863960889287009275e-03,3.592543661695876168e-03,6.297977650705943731e-03
1.591999999999999993e+01,1.527690480924433474e-03,2.968398596491989613e-03,5.343351299541946459e-03
1.592500000000000071e+01,1.281729545467712996e-03,2.504927480520297706e-03,4.598713112462598195e-03
1.592999999999999972e+01,1.096101066410163759e-03,2.151322259933166788e-03,4.009180191731385318e-03
1.593500000000000050e+01,9.523882227228694201e-04,1.875336064306763707e-03,3.535773913445340935e-03
1.593999999999999950e+01,8.387415619484331515e-04,1.655728403956596446e-03,3.150568722398204048e-03
1.594500000000000028e+01,7.472435020539774670e-04,1.478055103752098746e-03,2.833310245091913253e-03
1.595000000000000107e+01,6.724339614973971670e-04,1.332219342270128844e-03,2.569106571404457858e-03
1.595500000000000007e+01,6.104452142339334775e-04,1.210992000574962098e-03,2.346856367281563698e-03
1.596000000000000085e+01,5.584734687917304553e-04,1.109087276628100121e-03,2.158172257077792949e-03
1.596499999999999986e+01,5.144448835538882256e-04,1.022567909448283659e-03,1.996635937301753649e-03
1.597000000000000064e+01,4.767981366497507168e-04,9.484523530985166989e-04,1.857276595614514893e-03
1.597499999999999964e+01,4.443391662191933326e-04,8.844492227919355503e-04,1.736201037059465890e-03
1.598000000000000043e+01,4.161418852779544307e-04,8.287739989072169132e-04,1.630328038253422897e-03
1.598499999999999943e+01,3.914789280118635435e-04,7.800201142495727770e-04,1.537195178167615958e-03
1.599000000000000021e+01,3.697724567259872536e-04,7.370667388776265972e-04,1.454816687637684692e-03
1.599500000000000099e+01,3.505586406247482366e-04,6.990117918724874290e-04,1.381577648970053630e-03
1.600000000000000000e+01,3.334616225401613055e-04,6.651225901576057059e-04,1.316154399386435967e-03
1.600500000000000256e+01,3.181741791785441874e-04,6.347990198218023128e-04,1.257454037484624643e-03
1.600999999999999801e+01,3.044431747735224219e-04,6.075457253722881933e-04,1.204568006056487822e-03
1.601500000000000057e+01,2.920584948562401743e-04,5.829508783665244198e-04,1.156736153360714541e-03
1.601999999999999957e+01,2.808445387491833234e-04,5.606698044383415366e-04,1.113318670160673343e-03
1.602499999999999858e+01,2.706536153682038070e-04,5.404122381382453315e-04,1.073774000601485220e-03
1.603000000000000114e+01,2.613607701449707776e-04,5.219323149196774831e-04,1.037641323623505118e-03
1.603500000000000014e+01,2.528596988500209563e-04,5.050206482992874221e-04,1.004526559965376311e-03
1.603999999999999915e+01,2.450594946189403687e-04,4.894980098936873181e-04,9.740911198433742195e-04
1.604500000000000171e+01,2.378820392823120734e-04,4.752102520240822120e-04,9.460427968180334501e-04
1.605000000000000071e+01,2.312598969991067630e-04,4.620242012203554889e-04,9.201283540279978730e-04
1.605499999999999972e+01,2.251346024910287906e-04,4.498243160106197257e-04,8.961274537570546430e-04
1.606000000000000227e+01,2.194552615017546769e-04,4.385099505743209839e-04,8.738476599767308964e-04
1.606499999999999773e+01,2.141773999706367087e-04,4.279931018532594353e-04,8.531203030286949821e-04
1.607000000000000028e+01,2.092620125923936431e-04,4.181965448616859534e-04,8.337970409668660210e-04
1.607500000000000284e+01,2.046747722706502193e-04,4.090522815493413764e-04,8.157469868802008292e-04
1.607999999999999829e+01,2.003853699157200443e-04,4.005002443282398546e-04,7.988542983926035868e-04
1.608500000000000085e+01,1.963669607041684361e-04,3.924872075585872453e-04,7.830161464263732905e-04
1.608999999999999986e+01,1.925956975402334684e-04,3.849658697015592755e-04,7.681409966466926391e-04
1.609499999999999886e+01,1.890503363556677251e-04,3.778940762041479561e-04,7.541471498453309556e-04
1.610000000000000142e+01,1.857119008674186381e-04,3.712341589674695761e-04,7.409614976763111279e-04
1.610500000000000043e+01,1.825633967598064397e-04,3.649523728147885740e-04,7.285184582258256037e-04
1.610999999999999943e+01,1.795895671250696888e-04,3.590184130014355247e-04,7.167590623451008426e-04
1.611500000000000199e+01,1.767766824847599120e-04,3.534050007040943843e-04,7.056301668497459928e-04
1.612000000000000099e+01,1.741123599071622353e-04,3.480875257497013865e-04,6.950837748614823635e-04
1.612500000000000000e+01,1.715854066963684273e-04,3.430437377168386415e-04,6.850764469477259658e-04
1.613000000000000256e+01,1.691856849057749989e-04,3.382534780593911207e-04,6.755687894641562458e-04
1.613499999999999801e+01,1.669039935601292820e-04,3.336984471357939421e-04,6.665250087505485230e-04
1.614000000000000057e+01,1.647319659856022640e-04,3.293620010350561912e-04,6.579125216717054796e-04
1.614499999999999957e+01,1.626619800696566497e-04,3.252289739173634198e-04,6.497016145111036024e-04
1.614999999999999858e+01,1.606870796197873408e-04,3.212855222674446077e-04,6.418651434767962344e-04
1.615500000000000114e+01,1.588009052771870188e-04,3.175189880215483970e-04,6.343782711177427345e-04
1.616000000000000014e+01,1.569976336790267874e-04,3.139177779951295112e-04,6.272182338119932287e-04
1.616499999999999915e+01,1.552719237608196124e-04,3.104712574266645011e-04,6.203641362092068758e-04
1.617000000000000171e+01,1.536188692553553368e-04,3.071696557772616893e-04,6.137967691136478809e-04
1.617500000000000071e+01,1.520339565827776560e-04,3.040039831971740763e-04,6.074984478004849964e-04
1.617999999999999972e+01,1.505130274424219382e-04,3.009659562986293575e-04,6.014528681853852782e-04
1.618500000000000227e+01,1.490522455147544909e-04,2.980479320667246516e-04,5.956449786281069279e-04
1.618999999999999773e+01,1.476480667643145968e-04,2.952428489027256512e-04,5.900608654563733405e-04
1.619500000000000028e+01,1.462972129044684002e-04,2.925441739318530203e-04,5.846876505557195049e-04
1.620000000000000284e+01,1.449966476442790726e-04,2.899458558249234106e-04,5.795133995923437307e-04
1.620499999999999829e+01,1.437435553883375562e-04,2.874422824828821413e-04,5.745270396244158599e-04
1.621000000000000085e+01,1.425353221036538111e-04,2.850282430186174866e-04,5.697182850189479869e-04
1.621499999999999986e+01,1.413695181047262437e-04,2.826988935435150677e-04,5.650775707299686944e-04
1.621999999999999886e+01,1.402438825396138094e-04,2.804497263288168048e-04,5.605959921126896315e-04
1.622500000000000142e+01,1.391563093871842549e-04,2.782765419658831318e-04,5.562652505512110865e-04
1.623000000000000043e+01,1.381048347992416196e-04,2.761754241959519423e-04,5.520776042659083539e-04
1.623499999999999943e+01,1.370876256415637135e-04,2.741427171201715729e-04,5.480258237433602514e-04
1.624000000000000199e+01,1.361029691055265457e-04,2.721750045355833232e-04,5.441031512983652120e-04
1.624500000000000099e+01,1.351492632772306811e-04,2.702690911728749786e-04,5.403032643352909678e-04
1.625000000000000000e+01,1.342250085643490148e-04,2.684219856380429411e-04,5.366202419264172897e-04
1.625500000000000256e+01,1.333287998924961198e-04,2.666308848830384933e-04,5.330485343689522412e-04
1.625999999999999801e+01,1.324593195929892259e-04,2.648931600503952864e-04,5.295829354206402651e-04
1.626500000000000057e+01,1.316153309127081708e-04,2.632063435543491271e-04,5.262185569475730847e-04
1.626999999999999957e+01,1.307956720845245458e-04,2.615681172763311161e-04,5.229508057473868880e-04
1.627499999999999858e+01,1.299992509034901501e-04,2.599763017660362916e-04,5.197753623366942752e-04
1.628000000000000114e+01,1.292250397600038935e-04,2.584288463512146973e-04,5.166881615146350646e-04
1.628500000000000014e+01,1.284720710863906522e-04,2.569238200696687948e-04,5.136853745343892327e-04
1.628999999999999915e+01,1.277394331779498136e-04,2.554594033461148983e-04,5.107633927322078812e-04
1.629500000000000171e+01,1.270262663536467120e-04,2.540338803447240112e-04,5.079188124792991151e-04
1.630000000000000071e+01,1.263317594252119321e-04,2.526456319352815734e-04,5.051484213356967692e-04
1.630499999999999972e+01,1.256551464466290093e-04,2.512931292172898437e-04,5.024491852975942986e-04
1.631000000000000227e+01,1.249957037188311241e-04,2.499749275519688556e-04,4.998182370405512137e-04
1.631499999999999773e+01,1.243527470269552597e-04,2.486896610571309816e-04,4.972528650707140662e-04
1.632000000000000028e+01,1.237256290897363977e-04,2.474360375243382041e-04,4.947505037047991890e-04
1.632500000000000284e+01,1.231137372026585631e-04,2.462128337217914134e-04,4.923087238074328300e-04
1.632999999999999829e+01,1.225164910582192922e-04,2.450188910498538606e-04,4.899252242211591052e-04
1.633500000000000085e+01,1.219333407282958108e-04,2.438531115193561796e-04,4.875978238307315934e-04
1.633999999999999986e+01,1.213637647950276653e-04,2.427144540256551738e-04,4.853244542088117606e-04
1.634499999999999886e+01,1.208072686178735607e-04,2.416019308939021978e-04,4.831031527950248143e-04
1.635000000000000142e+01,1.202633827256918610e-04,2.405146046733269748e-04,4.809320565649086773e-04
1.635500000000000043e+01,1.197316613236960371e-04,2.394515851603522293e-04,4.788093961492087222e-04
1.635999999999999943e+01,1.192116809060611565e-04,2.384120266321766821e-04,4.767334903675238397e-04
1.636500000000000199e+01,1.187030389658042212e-04,2.373951252741600230e-04,4.747027411436196436e-04
1.637000000000000099e+01,1.182053527943042115e-04,2.364001167858091590e-04,4.727156287725923318e-04
1.637500000000000000e+01,1.177182583634931432e-04,2.354262741514990610e-04,4.707707075126640363e-04
1.638000000000000256e+01,1.172414092843823436e-04,2.344729055633121631e-04,4.688666014768417146e-04
1.638499999999999801e+01,1.167744758361214042e-04,2.335393524844433545e-04,4.670020008017520554e-04
1.639000000000000057e+01,1.163171440602950291e-04,2.326249878426306806e-04,4.651756580729369270e-04
1.639499999999999957e+01,1.158691149156198781e-04,2.317292143439739021e-04,4.633863849876745911e-04
1.639999999999999858e+01,1.154301034885982902e-04,2.308514628982968311e-04,4.616330492379317960e-04
1.640500000000000114e+01,1.149998382560830375e-04,2.299911911479918312e-04,4.599145715975940874e-04
1.641000000000000014e+01,1.145780603960223031e-04,2.291478820929168778e-04,4.582299231993606473e-04
1.641499999999999915e+01,1.141645231429753234e-04,2.283210428045556067e-04,4.565781229879304053e-04
1.642000000000000171e+01,1.137589911852688619e-04,2.275102032232004159e-04,4.549582353372133028e-04
1.642500000000000071e+01,1.133612401009205105e-04,2.267149150324384221e-04,4.533693678202836870e-04
1.642999999999999972e+01,1.129710558296806271e-04,2.259347506056594507e-04,4.518106691216894517e-04
1.643500000000000227e+01,1.125882341787716977e-04,2.251693020197646105e-04,4.502813270826065716e-04
1.643999999999999773e+01,1.122125803600926817e-04,2.244181801316256987e-04,4.487805668700773232e-04
1.644500000000000028e+01,1.118439085568272184e-04,2.236810137131886405e-04,4.473076492622290816e-04
1.645000000000000284e+01,1.114820415175785335e-04,2.229574486414783244e-04,4.458618690421011724e-04
1.645499999999999829e+01,1.111268101762840179e-04,2.222471471400263611e-04,4.444425534932106535e-04
1.646000000000000085e+01,1.107780532963118105e-04,2.215497870685326112e-04,4.430490609905750506e-04
1.646499999999999986e+01,1.104356171372751299e-04,2.208650612578456050e-04,4.416807796814311389e-04
1.646999999999999886e+01,1.100993551431997917e-04,2.201926768875401815e-04,4.403371262502816684e-04
1.647500000000000142e+01,1.097691276508129602e-04,2.195323549036361948e-04,4.390175447634186621e-04
1.648000000000000043e+01,1.094448016168031332e-04,2.188838294741651466e-04,4.377215055883981526e-04
1.648499999999999943e+01,1.091262503630037646e-04,2.182468474804974651e-04,4.364485043843334866e-04
1.649000000000000199e+01,1.088133533385457355e-04,2.176211680425238341e-04,4.351980611592491362e-04
1.649500000000000099e+01,1.085059958980948993e-04,2.170065620759301268e-04,4.339697193910021502e-04
1.650000000000000000e+01,1.082040690953748170e-04,2.164028118799697534e-04,4.327630452086169777e-04
1.650500000000000256e+01,1.079074694912538526e-04,2.158097107542912715e-04,4.315776266311734826e-04
1.650999999999999801e+01,1.076160989757350998e-04,2.152270626435059063e-04,4.304130728616271462e-04
1.651500000000000057e+01,1.073298646032630910e-04,2.146546818083166412e-04,4.292690136332179534e-04
1.651999999999999957e+01,1.070486784408391753e-04,2.140923925221934962e-04,4.281450986064115572e-04
1.652499999999999858e+01,1.067724574284910138e-04,2.135400287926766223e-04,4.270409968145013886e-04
1.653000000000000114e+01,1.065011232517441538e-04,2.129974341065873000e-04,4.259563961563370225e-04
1.653500000000000014e+01,1.062346022258279891e-04,2.124644611985815400e-04,4.248910029348719041e-04
1.653999999999999915e+01,1.059728251914866017e-04,2.119409718427246291e-04,4.238445414405550863e-04
1.654500000000000171e+01,1.057157274224604832e-04,2.114268366670990105e-04,4.228167535789450798e-04
1.655000000000000071e+01,1.054632485450397906e-04,2.109219349919895753e-04,4.218073985423789578e-04
1.655499999999999972e+01,1.052153324706992747e-04,2.104261546931084689e-04,4.208162525260535254e-04
1.656000000000000227e+01,1.049719273440839100e-04,2.099393920930910107e-04,4.198431084895599854e-04
1.656499999999999773e+01,1.047329855113655341e-04,2.094615518880176865e-04,4.188877759654143764e-04
1.657000000000000028e+01,1.044984635206656041e-04,2.089925471233562986e-04,4.179500809157350445e-04
1.657500000000000284e+01,1.042683221840453103e-04,2.085322992509604798e-04,4.170298656339984766e-04
1.657999999999999829e+01,1.040425267838977438e-04,2.080807383384981695e-04,4.161269886718512627e-04
1.658500000000000085e+01,1.038210476909796182e-04,2.076378035879699474e-04,4.152413247196066765e-04
1.658999999999999986e+01,1.036038624172757808e-04,2.072034444089199709e-04,4.143727642531435545e-04
1.659499999999999886e+01,1.033909637659884812e-04,2.067776213827430599e-04,4.135212126641199569e-04
1.660000000000000142e+01,1.031823890527619871e-04,2.063602975557812802e-04,4.126865891391740763e-04
1.660500000000000043e+01,1.029780315866629344e-04,2.059514040579293209e-04,4.118688273692411739e-04
1.660999999999999943e+01,1.027776645701979129e-04,2.055508974216879422e-04,4.110678791944035728e-04
1.661500000000000199e+01,1.025816718588422820e-04,2.051588102811362853e-04,4.102837157989387869e-04
1.662000000000000099e+01,1.023898711498532618e-04,2.047751116439112690e-04,4.095163255707755939e-04
1.662500000000000000e+01,1.022020619984678643e-04,2.043997822080543430e-04,4.087657157920477659e-04
1.663000000000000256e+01,1.020185706600167976e-04,2.040328827831886047e-04,4.080319144008065892e-04
1.663499999999999801e+01,1.018393499251520041e-04,2.036744486848058504e-04,4.073149671818923926e-04
1.664000000000000057e+01,1.016643838445604195e-04,2.033245031387573623e-04,4.066149360094589260e-04
1.664499999999999957e+01,1.014936838746364301e-04,2.029830804879116418e-04,4.059319001341704343e-04
1.664999999999999858e+01,1.013272722741975329e-04,2.026502279339342523e-04,4.052659580368129979e-04
1.665500000000000114e+01,1.011651782865005645e-04,2.023260046172220376e-04,4.046172287783761454e-04
1.666000000000000014e+01,1.010074372416372147e-04,2.020104812642371198e-04,4.039858530216687517e-04
1.666499999999999915e+01,1.008540904276386101e-04,2.017037403021365040e-04,4.033719939945093393e-04
1.667000000000000171e+01,1.007051852206903127e-04,2.014058762307200756e-04,4.027758385278491175e-04
1.667500000000000071e+01,1.005607753316615030e-04,2.011169961516069932e-04,4.021975982222180442e-04
1.667999999999999972e+01,1.004209211244344357e-04,2.008372204155919080e-04,4.016375107675894548e-04
1.668500000000000227e+01,1.002856899927705538e-04,2.005666833769913107e-04,4.010958414355967304e-04
1.668999999999999773e+01,1.001551567942393140e-04,2.003055342571658111e-04,4.005728847646795160e-04
1.669500000000000028e+01,1.000294043452571607e-04,2.000539381270258817e-04,4.000689664632250475e-04
1.670000000000000284e+01,9.990852398474828373e-05,1.998120770239305861e-04,3.995844455618068796e-04
1.670499999999999829e+01,9.979261621688686654e-05,1.995801512236515312e-04,3.991197168530247739e-04
1.671000000000000085e+01,9.968179144655798596e-05,1.993583806939874131e-04,3.986752136667234478e-04
1.671499999999999986e+01,9.957617082503010270e-05,1.991470067639096323e-04,3.982514110401218807e-04
1.671999999999999886e+01,9.947588722830828334e-05,1.989462940515346432e-04,3.978488293575428367e-04
1.672500000000000142e+01,9.938108639730665653e-05,1.987565327068045772e-04,3.974680385544003373e-04
1.673000000000000043e+01,9.929192827808376305e-05,1.985780410418621104e-04,3.971096630066317827e-04
1.673499999999999943e+01,9.920858861310818142e-05,1.984111686458350982e-04,3.967743872626320299e-04
1.674000000000000199e+01,9.913126085261607476e-05,1.982563001142712239e-04,3.964629628238587134e-04
1.674500000000000099e+01,9.906015848137035107e-05,1.981138595716560192e-04,3.961762162484236101e-04
1.675000000000000000e+01,9.899551789502903678e-05,1.979843162361976630e-04,3.959150589479536078e-04
1.675500000000000256e+01,9.893760201926289632e-05,1.978681913820331292e-04,3.956804991850078161e-04
1.675999999999999801e+01,9.888670495627590522e-05,1.977660672164330930e-04,3.954736569766818506e-04
1.676500000000000057e+01,9.884315808933001330e-05,1.976785984446372837e-04,3.952957829010748502e-04
1.676999999999999957e+01,9.880733831562367572e-05,1.976065277062847214e-04,3.951482822355593645e-04
1.677499999999999858e+01,9.877967948484337487e-05,1.975507067502689355e-04,3.950327465039847347e-04
1.678000000000000114e+01,9.876068883755447078e-05,1.975121263852419010e-04,3.949509954865722218e-04
1.678500000000000014e+01,9.875097155438985141e-05,1.974919603206559194e-04,3.949051342108651601e-04
1.678999999999999915e+01,9.875126906558231825e-05,1.974916318472659657e-04,3.948976315867145249e-04
1.679500000000000171e+01,9.876252194807018739e-05,1.975129196893770657e-04,3.949314302809086175e-04
1.680000000000000071e+01,9.878597952596551691e-05,1.975581342521745033e-04,3.950101006976202735e-04
1.680499999999999972e+01,9.882340495577450587e-05,1.976304269985283495e-04,3.951380529082657240e-04
1.681000000000000227e+01,9.887749404359726026e-05,1.977343653622697366e-04,3.953208092451506567e-04
1.681499999999999773e+01,9.895283032305928872e-05,1.978770628079716358e-04,3.955652867060705717e-04
1.682000000000000028e+01,9.905839750964977536e-05,1.980704811901772824e-04,3.958798675339679713e-04
1.682500000000000284e+01,9.921553445934545097e-05,1.983358199132214685e-04,3.962736548426238573e-04
1.682999999999999829e+01,9.948888901013726868e-05,1.987071466610642136e-04,3.967540393587417735e-04
1.683500000000000085e+01,1.000772296918428950e-04,1.991999283590710425e-04,3.973234618573426172e-04
1.683999999999999986e+01,1.005142176775676284e-04,1.997273707774092845e-04,3.979803468680114540e-04
1.684499999999999886e+01,1.006618801872336222e-04,2.003564691088050552e-04,3.987208357306106692e-04
1.685000000000000142e+01,1.019910121313740098e-04,2.013387061161686447e-04,3.995210298636314369e-04
1.685500000000000043e+01,1.050209980424976123e-04,2.023177126867394655e-04,4.003215238383581393e-04
1.685999999999999943e+01,1.032934277121276122e-04,2.023715400793218858e-04,4.010806428948358936e-04
1.686500000000000199e+01,1.016186048714017877e-04,2.020514317785088556e-04,4.018463491673504974e-04
1.687000000000000099e+01,1.012335714070774139e-04,2.020691890632720972e-04,4.027233203824884017e-04
1.687500000000000000e+01,1.013447690335528192e-04,2.024654129426579127e-04,4.037987736321620473e-04
1.688000000000000256e+01,1.017113377739407235e-04,2.031864498603061812e-04,4.051259884940830230e-04
1.688499999999999801e+01,1.023424353234285672e-04,2.042679966843595030e-04,4.067377465330118463e-04
1.689000000000000057e+01,1.034700202894052576e-04,2.058702467162946167e-04,4.086431228581290901e-04
1.689499999999999957e+01,1.059996608687739840e-04,2.082446195207192103e-04,4.107941632499819708e-04
1.689999999999999858e+01,1.124743024012057007e-04,2.110333776930631690e-04,4.130604144391415667e-04
1.690500000000000114e+01,1.125105045470008370e-04,2.121666058348220486e-04,4.153205485824027041e-04
1.691000000000000014e+01,1.076800540323177629e-04,2.118662500495607629e-04,4.176453460286671084e-04
1.691499999999999915e+01,1.067885459508169523e-04,2.122456672488035848e-04,4.202899267131908999e-04
1.692000000000000171e+01,1.075536330524239499e-04,2.136551375353575467e-04,4.235174101087124969e-04
1.692500000000000071e+01,1.086896901423840394e-04,2.158812104456284413e-04,4.275369766423185117e-04
1.692999999999999972e+01,1.101342892010142508e-04,2.190384450995490275e-04,4.325551917290313005e-04
1.693500000000000227e+01,1.129605693002639158e-04,2.236883553526998925e-04,4.388075765852373343e-04
1.693999999999999773e+01,1.185575271577091780e-04,2.306126051939698287e-04,4.465285299559294189e-04
1.694500000000000028e+01,1.313311997586821909e-04,2.400232803287403799e-04,4.559242270803158352e-04
1.695000000000000284e+01,1.377755492601482159e-04,2.499794912289664663e-04,4.672886841898598806e-04
1.695499999999999829e+01,1.391688850511488035e-04,2.629633822243676719e-04,4.811376310094603662e-04
1.696000000000000085e+01,1.584971847722301604e-04,2.873783627000574053e-04,4.976769479839186425e-04
1.696499999999999986e+01,2.171987369686186888e-04,3.308210022781215079e-04,5.153875046118546518e-04
1.696999999999999886e+01,3.840499513000531851e-04,3.824980182751750975e-04,5.301171756136515301e-04
1.697500000000000142e+01,3.671941428809664390e-04,3.843484798139961117e-04,5.376463581244527497e-04
1.698000000000000043e+01,2.175176102307016339e-04,3.426333788687683461e-04,5.387389551303178046e-04
1.698499999999999943e+01,1.726768949272710675e-04,3.149052000295100265e-04,5.387582580378012711e-04
1.699000000000000199e+01,1.672828809839091305e-04,3.116223556620302689e-04,5.423583106616260358e-04
1.699500000000000099e+01,1.904368245377730917e-04,3.321675998589046475e-04,5.506115296550467136e-04
1.700000000000000000e+01,2.782214225350535409e-04,3.770756564644212787e-04,5.606323098493678787e-04
1.700500000000000256e+01,4.609446079387530737e-04,4.146153911177847661e-04,5.666712522894531458e-04
1.700999999999999801e+01,3.119014882600059475e-04,3.865088796115843418e-04,5.647682022438819038e-04
1.701500000000000057e+01,1.974346400752603119e-04,3.356138880676203776e-04,5.570607903354193521e-04
1.701999999999999957e+01,1.606943753069930742e-04,3.032941250933421113e-04,5.488110203338816741e-04
1.702499999999999858e+01,1.471021023279663336e-04,2.871566865328295005e-04,5.435455658155741773e-04
1.703000000000000114e+01,1.418006381546021912e-04,2.802176247228517687e-04,5.423338764822456005e-04
1.703500000000000014e+01,1.402588688468043557e-04,2.785553043253682828e-04,5.450577755613979225e-04
1.703999999999999915e+01,1.408171216707929379e-04,2.802702795449735391e-04,5.513418656628643133e-04
1.704500000000000171e+01,1.427990694071422373e-04,2.844749378902037065e-04,5.609159279555931635e-04
1.705000000000000071e+01,1.459353764792818361e-04,2.908015598642626804e-04,5.737075701794983572e-04
1.705499999999999972e+01,1.501613759428274881e-04,2.991846372641488133e-04,5.898535261552060932e-04
1.706000000000000227e+01,1.555432835685667515e-04,3.097727994282070511e-04,6.097029534816575044e-04
1.706499999999999773e+01,1.622589129115975038e-04,3.229087039859988417e-04,6.338371733798809238e-04
1.707000000000000028e+01,1.706104720347634035e-04,3.391556540390520307e-04,6.631157855966289105e-04
1.707500000000000284e+01,1.810676779712822569e-04,3.593718260235138429e-04,6.987577798700885835e-04
1.707999999999999829e+01,1.943541847946271810e-04,3.848521384230550626e-04,7.424697730732810049e-04
1.708500000000000085e+01,2.116117797917913099e-04,4.175859194265224865e-04,7.966380904404727226e-04
1.708999999999999986e+01,2.347226912538007615e-04,4.607335503641094921e-04,8.646014088677616942e-04
1.709499999999999886e+01,2.669862026209688126e-04,5.195460068204734013e-04,9.509980297279344063e-04
1.710000000000000142e+01,3.146755817088890575e-04,6.032296531885929973e-04,1.062079461463326813e-03
1.710500000000000043e+01,3.910709070127344855e-04,7.288927923908353201e-04,1.205542080072106916e-03
1.710999999999999943e+01,5.286182036025389216e-04,9.298435644944998309e-04,1.388534459030709139e-03
1.711500000000000199e+01,8.232049942949426187e-04,1.269011997826168274e-03,1.611059832066361313e-03
1.712000000000000099e+01,1.621847141092054101e-03,1.819688025611676269e-03,1.853514385588986855e-03
1.712500000000000000e+01,3.588737503305191624e-03,2.392356495983190712e-03,2.072543183833565599e-03
1.713000000000000256e+01,2.730086527855739211e-03,2.370252471295457297e-03,2.236693251095961833e-03
1.713499999999999801e+01,1.449448962501009765e-03,2.050678531981665539e-03,2.376331605360258205e-03
1.714000000000000057e+01,1.218425909136377919e-03,2.018708575795608810e-03,2.563671374579001502e-03
1.714499999999999957e+01,1.508665939325494303e-03,2.412995635756553549e-03,2.849234566924924508e-03
1.714999999999999858e+01,2.565680343726480742e-03,3.374219434500959867e-03,3.219466911965226247e-03
1.715500000000000114e+01,5.942302531897078466e-03,4.958278422422382654e-03,3.568481169255463895e-03
1.716000000000000014e+01,1.095493350857666866e-02,5.941134243787197719e-03,3.725095719786981636e-03
1.716499999999999915e+01,5.415555201331506870e-03,4.846694525161002708e-03,3.603300058989183582e-03
1.717000000000000171e+01,2.512168601893675045e-03,3.399736236679241300e-03,3.303755799471171789e-03
1.717500000000000071e+01,1.777722695293719544e-03,2.649879746994029082e-03,2.985338610036649375e-03
1.717999999999999972e+01,2.194155128358744791e-03,2.449689407998205219e-03,2.722156984433989936e-03
1.718500000000000227e+01,2.717705701523696719e-03,2.291939572063631057e-03,2.506260181259750003e-03
1.718999999999999773e+01,1.436120835317350594e-03,1.866996140278940480e-03,2.320982987904081103e-03
1.719500000000000028e+01,9.069617805306311956e-04,1.514970385428952675e-03,2.180595155128424011e-03
1.720000000000000284e+01,7.676825772676958842e-04,1.365797975570347787e-03,2.109824514277179163e-03
1.720499999999999829e+01,8.336219641208187639e-04,1.384435417258174459e-03,2.121816901221385172e-03
1.721000000000000085e+01,1.001683765291809048e-03,1.532004197943185068e-03,2.218839368463245386e-03
1.721499999999999986e+01,1.159691393285195229e-03,1.840852314412445975e-03,2.395636711566376600e-03
1.721999999999999886e+01,1.881203637382036602e-03,2.468355130888935309e-03,2.626664715284582775e-03
1.722500000000000142e+01,4.244186580589818028e-03,3.411936592153655932e-03,2.842884721567955075e-03
1.723000000000000043e+01,6.165508618619881115e-03,3.788662075771240777e-03,2.952040864182262601e-03
1.723499999999999943e+01,2.845206370197374789e-03,3.058991606638018952e-03,2.931016647836524273e-03
1.724000000000000199e+01,1.522604433338852533e-03,2.330004498231563748e-03,2.863709230503070930e-03
1.724500000000000099e+01,1.150352120919408919e-03,2.010512852097060335e-03,2.858131286184813560e-03
1.725000000000000000e+01,1.129081688421163486e-03,2.032069539625588200e-03,2.982749423122845606e-03
1.725500000000000256e+01,1.366162569620655957e-03,2.378271902665666550e-03,3.269366429167717102e-03
1.725999999999999801e+01,2.023930315812745920e-03,3.169815143756695222e-03,3.719966933066611720e-03
1.726500000000000057e+01,3.810187937954257701e-03,4.662075272602048473e-03,4.280106800192863895e-03
1.726999999999999957e+01,8.682143199411932952e-03,6.830830813882618827e-03,4.795147684961597462e-03
1.727499999999999858e+01,1.424879227356557268e-02,8.021104364094130967e-03,5.048031340244439960e-03
1.728000000000000114e+01,7.221993829626349726e-03,6.650216572308452825e-03,4.949442050003831882e-03
1.728500000000000014e+01,3.726938664083847760e-03,5.018562230060571137e-03,4.640537561290830788e-03
1.728999999999999915e+01,3.477967191790678602e-03,4.512948621917454300e-03,4.303734610282312564e-03
1.729500000000000171e+01,6.090075274909111450e-03,4.790736217351078408e-03,3.974277341966654664e-03
1.730000000000000071e+01,6.265985126348150649e-03,4.434587417101097835e-03,3.580580913015500751e-03
1.730499999999999972e+01,2.681809831412252688e-03,3.172061159829661116e-03,3.101962465605150564e-03
1.731000000000000227e+01,1.372538508707243400e-03,2.136609513962047218e-03,2.610313353414865471e-03
1.731499999999999773e+01,8.661381549809102874e-04,1.516290787542655654e-03,2.179293535310426310e-03
1.732000000000000028e+01,6.213023254616338890e-04,1.148749721561292177e-03,1.834591583432972290e-03
1.732500000000000284e+01,4.830158137278305020e-04,9.187192975719781505e-04,1.569513698835134970e-03
1.732999999999999829e+01,3.963640375403731150e-04,7.661338070309735206e-04,1.367570904581752629e-03
1.733500000000000085e+01,3.380350731064232978e-04,6.598475962052500728e-04,1.212990611707691607e-03
1.733999999999999986e+01,2.967117119727847772e-04,5.828809596832597566e-04,1.093437734421466405e-03
1.734499999999999886e+01,2.663219317409253268e-04,5.254368561968540859e-04,9.999057502412169590e-04
1.735000000000000142e+01,2.433503328029007224e-04,4.815627939211674638e-04,9.259590722275144042e-04
1.735500000000000043e+01,2.256380934389932340e-04,4.474788021001560026e-04,8.670086302261151680e-04
1.735999999999999943e+01,2.117969363243772879e-04,4.206949067936237448e-04,8.197625761242369972e-04
1.736500000000000199e+01,2.009015443313456699e-04,3.995217987587606438e-04,7.818400583393747896e-04
1.737000000000000099e+01,1.923184121360310835e-04,3.827874161706162990e-04,7.515067612249106722e-04
1.737500000000000000e+01,1.856060094341279560e-04,3.696665769769517246e-04,7.274951403286743397e-04
1.738000000000000256e+01,1.804543415826404050e-04,3.595754565247243810e-04,7.088822966851140647e-04
1.738499999999999801e+01,1.766473867212401457e-04,3.521048477727860022e-04,6.950071197221760564e-04
1.739000000000000057e+01,1.740394734107395024e-04,3.469776291291487287e-04,6.854146139803810435e-04
1.739499999999999957e+01,1.725406146561168550e-04,3.440220999438649047e-04,6.798196230472280856e-04
1.739999999999999858e+01,1.721079931482147199e-04,3.431563991823007725e-04,6.780850842932721612e-04
1.740500000000000114e+01,1.727420807352828057e-04,3.443813859072053832e-04,6.802119922841239107e-04
1.741000000000000014e+01,1.744867212622775061e-04,3.477808157118497450e-04,6.863397863283861962e-04
1.741499999999999915e+01,1.774331642732676303e-04,3.535287985869614048e-04,6.967571842108608634e-04
1.742000000000000171e+01,1.817286837948870110e-04,3.619056586238650125e-04,7.119247896103218527e-04
1.742500000000000071e+01,1.875912199542467381e-04,3.733247118552603040e-04,7.325123349036304857e-04
1.742999999999999972e+01,1.953326669858432307e-04,3.883745006992225129e-04,7.594554614390842343e-04
1.743500000000000227e+01,2.053953754384682182e-04,4.078842639199514990e-04,7.940398661780874445e-04
1.743999999999999773e+01,2.184098436522492726e-04,4.330259503621993866e-04,8.380250054141487846e-04
1.744500000000000028e+01,2.352878567198187160e-04,4.654759636501002796e-04,8.938261183557374458e-04
1.745000000000000284e+01,2.573774836113902858e-04,5.076782075828308212e-04,9.647830802232619345e-04
1.745499999999999829e+01,2.867310671859538791e-04,5.632856256135882356e-04,1.055558207111126920e-03
1.746000000000000085e+01,3.265905902319896689e-04,6.379294723729235159e-04,1.172721038032065611e-03
1.746499999999999986e+01,3.823173125535653510e-04,7.406179571922562842e-04,1.325585424980101025e-03
1.746999999999999886e+01,4.632973348191977503e-04,8.864032584898430458e-04,1.527319914273660107e-03
1.747500000000000142e+01,5.871874339163223348e-04,1.101732658270680384e-03,1.796112348138142762e-03
1.748000000000000043e+01,7.904164435716336907e-04,1.435711025846235197e-03,2.155306857823969038e-03
1.748499999999999943e+01,1.157853705143620498e-03,1.984348536697250372e-03,2.628911071464117011e-03
1.749000000000000199e+01,1.922128612292286478e-03,2.938074344802487931e-03,3.223439376447175334e-03
1.749500000000000099e+01,3.866194353015203755e-03,4.612157725619620355e-03,3.883800807747795486e-03
1.750000000000000000e+01,9.738873041475576767e-03,6.958795924777386871e-03,4.442664070724148574e-03
1.750500000000000256e+01,1.405278482349095123e-02,7.827914162296377779e-03,4.678002663104926552e-03
1.750999999999999801e+01,6.123190628248771292e-03,6.040648582970691710e-03,4.534727955699443744e-03
1.751500000000000057e+01,3.132894256288856240e-03,4.277187743048460437e-03,4.203902337471129846e-03
1.751999999999999957e+01,2.248034855445826038e-03,3.443462494893270026e-03,3.914128766849841665e-03
1.752499999999999858e+01,2.242016365512231914e-03,3.407501006547151989e-03,3.769853769505455542e-03
1.753000000000000114e+01,3.624575899048592190e-03,4.150780392576403424e-03,3.737415406603094084e-03
1.753500000000000014e+01,8.153911933670101100e-03,5.214915895231383471e-03,3.675319296408470493e-03
1.753999999999999915e+01,7.169825597775599316e-03,4.888773894083197138e-03,3.435619349703595941e-03
1.754500000000000171e+01,2.902978539525548438e-03,3.381807610048664925e-03,3.012065840224556999e-03
1.755000000000000071e+01,1.444019184203176962e-03,2.206925213232166071e-03,2.526197462886339059e-03
1.755499999999999972e+01,8.818540364326165303e-04,1.520909972551520413e-03,2.086154232808550869e-03
1.756000000000000227e+01,6.131275863437104416e-04,1.121386214992267736e-03,1.731220201482624533e-03
1.756499999999999773e+01,4.635867269637266187e-04,8.749559745883333899e-04,1.458053523787923578e-03
1.757000000000000028e+01,3.711725465401643793e-04,7.134442817055830499e-04,1.250188549835894863e-03
1.757500000000000284e+01,3.096218280836621835e-04,6.019114154356960478e-04,1.091151935850730084e-03
1.757999999999999829e+01,2.662877404817901765e-04,5.215130359917764325e-04,9.679323384322887193e-04
1.758500000000000085e+01,2.344540809614200109e-04,4.614899781419181963e-04,8.710160693513649931e-04
1.758999999999999986e+01,2.102725971503015463e-04,4.153681490631758633e-04,7.936122192393453914e-04
1.759499999999999886e+01,1.914011522374134367e-04,3.790687558637613214e-04,7.308827057269822510e-04
1.760000000000000142e+01,1.763428253477971187e-04,3.499183162768676036e-04,6.793531619723929080e-04
1.760500000000000043e+01,1.641015355918641464e-04,3.261037948336312090e-04,6.364976935041854762e-04
1.760999999999999943e+01,1.539917271885771189e-04,3.063590347471211676e-04,6.004541944810876412e-04
1.761500000000000199e+01,1.455278726876805878e-04,2.897769912159428736e-04,5.698302339038907333e-04
1.762000000000000099e+01,1.383575696421924150e-04,2.756932743726799354e-04,5.435700534099532737e-04
1.762500000000000000e+01,1.322195448535139119e-04,2.636116381000069907e-04,5.208625406150104147e-04
1.763000000000000256e+01,1.269164554490476464e-04,2.531549722697927886e-04,5.010767810673840946e-04
1.763499999999999801e+01,1.222967842072564878e-04,2.440322669247525214e-04,4.837163356689248676e-04
1.764000000000000057e+01,1.182424937961815267e-04,2.360158480167789865e-04,4.683863756773674132e-04
1.764499999999999957e+01,1.146604255933020316e-04,2.289253782363237120e-04,4.547697551260517987e-04
1.764999999999999858e+01,1.114761914011166912e-04,2.226164104348013234e-04,4.426093742754695073e-04
1.765500000000000114e+01,1.086297602100842340e-04,2.169720650396404034e-04,4.316950267559530366e-04
1.766000000000000014e+01,1.060722196661551355e-04,2.118968894749668716e-04,4.218534811397697641e-04
1.766499999999999915e+01,1.037633657909742952e-04,2.073122664702084983e-04,4.129409229790515726e-04
1.767000000000000171e+01,1.016698859097288278e-04,2.031529382219310906e-04,4.048371386493482553e-04
1.767500000000000071e+01,9.976397257110383894e-05,1.993643454310175004e-04,3.974409980409571055e-04
1.767999999999999972e+01,9.802225473975808710e-05,1.959005689080137885e-04,3.906669154541368835e-04
1.768500000000000227e+01,9.642496538460173714e-05,1.927227219304662698e-04,3.844420541576260052e-04
1.768999999999999773e+01,9.495528717644749982e-05,1.897976834125588699e-04,3.787041013378375336e-04
1.769500000000000028e+01,9.359883377148187674e-05,1.870970913349537614e-04,3.733994842155530778e-04
1.770000000000000284e+01,9.234323530280197584e-05,1.845965367683725673e-04,3.684819300911146246e-04
1.770499999999999829e+01,9.117780468101890500e-05,1.822749138436102507e-04,3.639112965225275260e-04
1.771000000000000085e+01,9.009326708250229307e-05,1.801138919408243420e-04,3.596526151796375012e-04
1.771499999999999986e+01,8.908153923241782864e-05,1.780974843927810665e-04,3.556753058511430898e-04
1.771999999999999886e+01,8.813554821561722544e-05,1.762116939465072020e-04,3.519525268074756206e-04
1.772500000000000142e+01,8.724908188114816065e-05,1.744442196812361187e-04,3.484606350944329705e-04
1.773000000000000043e+01,8.641666466211575851e-05,1.727842134421050187e-04,3.451787359604239179e-04
1.773499999999999943e+01,8.563345396552800889e-05,1.712220764071394942e-04,3.420883049474588810e-04
1.774000000000000199e+01,8.489515330645412629e-05,1.697492883665367215e-04,3.391728695256213165e-04
1.774500000000000099e+01,8.419793914661032638e-05,1.683582638079734485e-04,3.364177397598711863e-04
1.775000000000000000e+01,8.353839900728230502e-05,1.670422300794080039e-04,3.338097795429172121e-04
1.775500000000000256e+01,8.291347890287345003e-05,1.657951238225597570e-04,3.313372115400127363e-04
1.775999999999999801e+01,8.232043851579157483e-05,1.646115025958974631e-04,3.289894502693075881e-04
1.776500000000000057e+01,8.175681282946058040e-05,1.634864691806363313e-04,3.267569587596553670e-04
1.776999999999999957e+01,8.122037917172113242e-05,1.624156065209603368e-04,3.246311250435394090e-04
1.777499999999999858e+01,8.070912880908125597e-05,1.613949216159694196e-04,3.226041553990811254e-04
1.778000000000000114e+01,8.022124238358676978e-05,1.604207969757115936e-04,3.206689817861001451e-04
1.778500000000000014e+01,7.975506860620434717e-05,1.594899484919095971e-04,3.188191813522366384e-04
1.778999999999999915e+01,7.930910571972951586e-05,1.585993887675767424e-04,3.170489062369203086e-04
1.779500000000000171e+01,7.888198532500408913e-05,1.577463951076260639e-04,3.153528221890834976e-04
1.780000000000000071e+01,7.847245823031620321e-05,1.569284815018939382e-04,3.137260547513677847e-04
1.780499999999999972e+01,7.807938203818684802e-05,1.561433740384170731e-04,3.121641419591691664e-04
1.781000000000000227e+01,7.770171022857428277e-05,1.553889892726622527e-04,3.106629926649189747e-04
1.781499999999999773e+01,7.733848253462980403e-05,1.546634151511987166e-04,3.092188497326583073e-04
1.782000000000000028e+01,7.698881643799872546e-05,1.539648941488786687e-04,3.078282574603767021e-04
1.782500000000000284e+01,7.665189963640131273e-05,1.532918083291667376e-04,3.064880326816970266e-04
1.782999999999999829e+01,7.632698335774233548e-05,1.526426660795443101e-04,3.051952390773820449e-04
1.783500000000000085e+01,7.601337641309865350e-05,1.520160903095227074e-04,3.039471642937476557e-04
1.783999999999999986e+01,7.571043989615703577e-05,1.514108079287586328e-04,3.027412995212318530e-04
1.784499999999999886e+01,7.541758244953064962e-05,1.508256404480823375e-04,3.015753212339507879e-04
1.785000000000000142e+01,7.513425602929143902e-05,1.502594955677429825e-04,3.004470748315408307e-04
1.785500000000000043e+01,7.485995210831145844e-05,1.497113596354194165e-04,2.993545599590197387e-04
1.785999999999999943e+01,7.459419826688927285e-05,1.491802908720945902e-04,2.982959173097904804e-04
1.786500000000000199e+01,7.433655512588602915e-05,1.486654132772052914e-04,2.972694167421321932e-04
1.787000000000000099e+01,7.408661358335329704e-05,1.481659111358433025e-04,2.962734465610840102e-04
1.787500000000000000e+01,7.384399232059296950e-05,1.476810240605768657e-04,2.953065038362367371e-04
1.788000000000000256e+01,7.360833554785378881e-05,1.472100425088853498e-04,2.943671856419828202e-04
1.788499999999999801e+01,7.337931096353652661e-05,1.467523037244466825e-04,2.934541811205933627e-04
1.789000000000000057e+01,7.315660790396005570e-05,1.463071880568046193e-04,2.925662642804862930e-04
1.789499999999999957e+01,7.293993566349872082e-05,1.458741156193991929e-04,2.917022874524903791e-04
1.789999999999999858e+01,7.272902196727497825e-05,1.454525432506368742e-04,2.908611753358840554e-04
1.790500000000000114e+01,7.252361158068442099e-05,1.450419617468211753e-04,2.900419195739392902e-04
1.791000000000000014e+01,7.232346504183422941e-05,1.446418933393333749e-04,2.892435738055425319e-04
1.791499999999999915e+01,7.212835750455370929e-05,1.442518893915790729e-04,2.884652491454759078e-04
1.792000000000000171e+01,7.193807768102902333e-05,1.438715282939734600e-04,2.877061100512392664e-04
1.792500000000000071e+01,7.175242687431742901e-05,1.435004135376246269e-04,2.869653705388933791e-04
1.792999999999999972e+01,7.157121809206703936e-05,1.431381719494939609e-04,2.862422907144863125e-04
1.793500000000000227e+01,7.139427523370186547e-05,1.427844520736643583e-04,2.855361735911985700e-04
1.793999999999999773e+01,7.122143234415849520e-05,1.424389226849852948e-04,2.848463621655061926e-04
1.794500000000000028e+01,7.105253292798759807e-05,1.421012714228059705e-04,2.841722367284487088e-04
1.795000000000000284e+01,7.088742931828015935e-05,1.417712035337892235e-04,2.835132123905654698e-04
1.795499999999999829e+01,7.072598209544299916e-05,1.414484407139203460e-04,2.828687368012386492e-04
1.796000000000000085e+01,7.056805955135803218e-05,1.411327200408358509e-04,2.822382880451354092e-04
1.796499999999999986e+01,7.041353719490920705e-05,1.408237929884891264e-04,2.816213727001780852e-04
1.796999999999999886e+01,7.026229729525293574e-05,1.405214245169493221e-04,2.810175240429730746e-04
1.797500000000000142e+01,7.011422845957132914e-05,1.402253922308492877e-04,2.804263003890382030e-04
1.798000000000000043e+01,6.996922524236145850e-05,1.399354856006232916e-04,2.798472835563746756e-04
1.798499999999999943e+01,6.982718778359316679e-05,1.396515052412295723e-04,2.792800774420088833e-04
1.799000000000000199e+01,6.968802147332702368e-05,1.393732622435671213e-04,2.787243067021336843e-04
1.799500000000000099e+01,6.955163664060752668e-05,1.391005775542404014e-04,2.781796155273399073e-04
1.800000000000000000e+01,6.941794826464749873e-05,1.388332813997244489e-04,2.776456665052075539e-04
1.800500000000000256e+01,6.928687570650653626e-05,1.385712127513548213e-04,2.771221395632518861e-04
1.800999999999999801e+01,6.915834245962783930e-05,1.383142188278869132e-04,2.766087309858420253e-04
1.801500000000000057e+01,6.903227591774242897e-05,1.380621546326580716e-04,2.761051524992747235e-04
1.801999999999999957e+01,6.890860715878924020e-05,1.378148825226619290e-04,2.756111304197253540e-04
1.802499999999999858e+01,6.878727074361099263e-05,1.375722718070654382e-04,2.751264048592293068e-04
1.803000000000000114e+01,6.866820452830144084e-05,1.373341983729330399e-04,2.746507289853034181e-04
1.803500000000000014e+01,6.855134948917210086e-05,1.371005443360996581e-04,2.741838683301653671e-04
1.803999999999999915e+01,6.843664955939617294e-05,1.368711977153194833e-04,2.737256001458704987e-04
1.804500000000000171e+01,6.832405147647010503e-05,1.366460521279769084e-04,2.732757128019985392e-04
1.805000000000000071e+01,6.821350463970150553e-05,1.364250065057847575e-04,2.728340052227916650e-04
1.805499999999999972e+01,6.810496097700100156e-05,1.362079648290304504e-04,2.724002863609145350e-04
1.806000000000000227e+01,6.799837482031456507e-05,1.359948358780486749e-04,2.719743747052362623e-04
1.806499999999999773e+01,6.789370278908825915e-05,1.357855330007098947e-04,2.715560978202496761e-04
1.807000000000000028e+01,6.779090368120357099e-05,1.355799738948040866e-04,2.711452919149240706e-04
1.807500000000000284e+01,6.768993837087223869e-05,1.353780804043030518e-04,2.707418014389878350e-04
1.807999999999999829e+01,6.759076971301540646e-05,1.351797783285536272e-04,2.703454787047732642e-04
1.808500000000000085e+01,6.749336245369172015e-05,1.349849972435342182e-04,2.699561835329170696e-04
1.808999999999999986e+01,6.739768314617555246e-05,1.347936703343802028e-04,2.695737829203468825e-04
1.809499999999999886e+01,6.730370007231311095e-05,1.346057342384367227e-04,2.691981507290949565e-04
1.810000000000000142e+01,6.721138316881757470e-05,1.344211288981623457e-04,2.688291673946035468e-04
1.810500000000000043e+01,6.712070395818875988e-05,1.342397974232585828e-04,2.684667196522885812e-04
1.810999999999999943e+01,6.703163548396627364e-05,1.340616859614430188e-04,2.681107002812150751e-04
1.811500000000000199e+01,6.694415225005032348e-05,1.338867435773382914e-04,2.677610078638403162e-04
1.812000000000000099e+01,6.685823016384161523e-05,1.337149221389797053e-04,2.674175465608445343e-04
1.812500000000000000e+01,6.677384648297174916e-05,1.335461762114867660e-04,2.670802259001519349e-04
1.813000000000000256e+01,6.669097976541494448e-05,1.333804629574814873e-04,2.667489605793172888e-04
1.813499999999999801e+01,6.660960982278471619e-05,1.332177420438612075e-04,2.664236702805035796e-04
1.814000000000000057e+01,6.652971767663495742e-05,1.330579755545673146e-04,2.661042794973427221e-04
1.814499999999999957e+01,6.645128551760194320e-05,1.329011279090224244e-04,2.657907173730324115e-04
1.814999999999999858e+01,6.637429666722982949e-05,1.327471657859231923e-04,2.654829175490503465e-04
1.815500000000000114e+01,6.629873554234054424e-05,1.325960580521109858e-04,2.651808180239365173e-04
1.816000000000000014e+01,6.622458762181662468e-05,1.324477756962580410e-04,2.648843610216266632e-04
1.816499999999999915e+01,6.615183941567519060e-05,1.323022917671263501e-04,2.645934928688554078e-04
1.817000000000000171e+01,6.608047843632326463e-05,1.321595813161808132e-04,2.643081638811962562e-04
1.817500000000000071e+01,6.601049317189115577e-05,1.320196213443500331e-04,2.640283282573330182e-04
1.817999999999999972e+01,6.594187306155039360e-05,1.318823907527478623e-04,2.637539439811888240e-04
1.818500000000000227e+01,6.587460847272928743e-05,1.317478702971842648e-04,2.634849727315774970e-04
1.818999999999999773e+01,6.580869068014823741e-05,1.316160425463072246e-04,2.632213797990606429e-04
1.819500000000000028e+01,6.574411184660070603e-05,1.314868918432307977e-04,2.629631340097266651e-04
1.820000000000000284e+01,6.568086500541721025e-05,1.313604042705220499e-04,2.627102076556381651e-04
1.820499999999999829e+01,6.561894404454977567e-05,1.312365676184239043e-04,2.624625764317039460e-04
1.821000000000000085e+01,6.555834369222489247e-05,1.311153713562088392e-04,2.622202193787694568e-04
1.821499999999999986e+01,6.549905950411753926e-05,1.309968066065696267e-04,2.619831188327379498e-04
1.821999999999999886e+01,6.544108785200153790e-05,1.308808661229577178e-04,2.617512603795469793e-04
1.822500000000000142e+01,6.538442591384051479e-05,1.307675442697975017e-04,2.615246328158564232e-04
1.823000000000000043e+01,6.532907166528631937e-05,1.306568370055112777e-04,2.613032281153203091e-04
1.823499999999999943e+01,6.527502387255637139e-05,1.305487418682967180e-04,2.610870414003262714e-04
1.824000000000000199e+01,6.522228208666745373e-05,1.304432579646135353e-04,2.608760709191174218e-04
1.824500000000000099e+01,6.517084663900785774e-05,1.303403859603414073e-04,2.606703180282205759e-04
1.825000000000000000e+01,6.512071863823220121e-05,1.302401280745795061e-04,2.604697871801217482e-04
1.825500000000000256e+01,6.507189996847067865e-05,1.301424880760702570e-04,2.602744859161570381e-04
1.825999999999999801e+01,6.502439328884710638e-05,1.300474712822361064e-04,2.600844248645916949e-04
1.826500000000000057e+01,6.497820203430435275e-05,1.299550845608269669e-04,2.598996177438873609e-04
1.826999999999999957e+01,6.493333041774195110e-05,1.298653363341872305e-04,2.597200813711708287e-04
1.827499999999999858e+01,6.488978343347240080e-05,1.297782365861557125e-04,2.595458356759343453e-04
1.828000000000000114e+01,6.484756686201068455e-05,1.296937968716273390e-04,2.593769037190199922e-04
1.828500000000000014e+01,6.480668727621277712e-05,1.296120303288080466e-04,2.592133117169541151e-04
1.828999999999999915e+01,6.476715204878609000e-05,1.295329516942086479e-04,2.590550890717184312e-04
1.829500000000000171e+01,6.472896936119909247e-05,1.294565773204314665e-04,2.589022684060673734e-04
1.830000000000000071e+01,6.469214821402212022e-05,1.293829251968146572e-04,2.587548856045163528e-04
1.830499999999999972e+01,6.465669843873702043e-05,1.293120149730080202e-04,2.586129798601480680e-04
1.831000000000000227e+01,6.462263071105927236e-05,1.292438679855678022e-04,2.584765937274110907e-04
1.831499999999999773e+01,6.458995656582221300e-05,1.291785072876696912e-04,2.583457731811020903e-04
1.832000000000000028e+01,6.455868841347798420e-05,1.291159576820484771e-04,2.582205676817494588e-04
1.832500000000000284e+01,6.452883955827897974e-05,1.290562457572912863e-04,2.581010302476479203e-04
1.832999999999999829e+01,6.450042421820824596e-05,1.289993999276213500e-04,2.579872175338122475e-04
1.833500000000000085e+01,6.447345754673638356e-05,1.289454504763266440e-04,2.578791899181552333e-04
1.833999999999999986e+01,6.444795565649077886e-05,1.288944296030040796e-04,2.577770115952281909e-04
1.834499999999999886e+01,6.442393564493032430e-05,1.288463714748054579e-04,2.576807506778884885e-04
1.835000000000000142e+01,6.440141562213083681e-05,1.288013122818941394e-04,2.575904793073057917e-04
1.835500000000000043e+01,6.438041474079389005e-05,1.287592902973379175e-04,2.575062737717538131e-04
1.835999999999999943e+01,6.436095322860511296e-05,1.287203459416881926e-04,2.574282146346762727e-04
1.836500000000000199e+01,6.434305242307918711e-05,1.286845218525193982e-04,2.573563868725703635e-04
1.837000000000000099e+01,6.432673480904212528e-05,1.286518629592290849e-04,2.572908800232755222e-04
1.837500000000000000e+01,6.431202405891592810e-05,1.286224165634262527e-04,2.572317883453133637e-04
1.838000000000000256e+01,6.429894507598655834e-05,1.285962324252694876e-04,2.571792109889923486e-04
1.838499999999999801e+01,6.428752404085356085e-05,1.285733628561493331e-04,2.571332521800470737e-04
1.839000000000000057e+01,6.427778846127788371e-05,1.285538628181463576e-04,2.570940214166666463e-04
1.839499999999999957e+01,6.426976722566700797e-05,1.285377900307406625e-04,2.570616336808426595e-04
1.839999999999999858e+01,6.426349066045730987e-05,1.285252050852907300e-04,2.570362096650552659e-04
1.840500000000000114e+01,6.425899059168048118e-05,1.285161715678526584e-04,2.570178760154190139e-04
1.841000000000000014e+01,6.425630041102849415e-05,1.285107561909651526e-04,2.570067655925154350e-04
1.841499999999999915e+01,6.425545514676187365e-05,1.285090289350873573e-04,2.570030177512604825e-04
1.842000000000000171e+01,6.425649153984103212e-05,1.285110632004448402e-04,2.570067786412859410e-04
1.842500000000000071e+01,6.425944812569822032e-05,1.285169359701140632e-04,2.570182015294669134e-04
1.842999999999999972e+01,6.426436532210945721e-05,1.285267279852612748e-04,2.570374471463838292e-04
1.843500000000000227e+01,6.427128552367377746e-05,1.285405239335421805e-04,2.570646840586937945e-04
1.843999999999999773e+01,6.428025320345809313e-05,1.285584126517755679e-04,2.571000890695888507e-04
1.844500000000000028e+01,6.429131502242575963e-05,1.285804873441193433e-04,2.571438476497409130e-04
1.845000000000000284e+01,6.430451994733135115e-05,1.286068458171049623e-04,2.571961544013904449e-04
1.845499999999999829e+01,6.431991937783728026e-05,1.286375907330354271e-04,2.572572135585110922e-04
1.846000000000000085e+01,6.433756728369078377e-05,1.286728298834106661e-04,2.573272395263075454e-04
1.846499999999999986e+01,6.435752035288997515e-05,1.287126764842289419e-04,2.574064574636468331e-04
1.846999999999999886e+01,6.437983815187292656e-05,1.287572494952180381e-04,2.574951039124320448e-04
1.847500000000000142e+01,6.440458329887960407e-05,1.288066739652801230e-04,2.575934274783667492e-04
1.848000000000000043e+01,6.443182165176663785e-05,1.288610814066956732e-04,2.577016895680686527e-04
1.848499999999999943e+01,6.446162251170622351e-05,1.289206102009267125e-04,2.578201651880565061e-04
1.849000000000000199e+01,6.449405884436595373e-05,1.289854060391923125e-04,2.579491438117815410e-04
1.849500000000000099e+01,6.452920752035798554e-05,1.290556224013668450e-04,2.580889303216003143e-04
1.850000000000000000e+01,6.456714957696333052e-05,1.291314210771829626e-04,2.582398460334184038e-04
1.850500000000000256e+01,6.460797050338262749e-05,1.292129727342062489e-04,2.584022298126689731e-04
1.850999999999999801e+01,6.465176055204567367e-05,1.293004575376090356e-04,2.585764392913654898e-04
1.851500000000000057e+01,6.469861507883466277e-05,1.293940658274034391e-04,2.587628521971884680e-04
1.851999999999999957e+01,6.474863491544131868e-05,1.294939988595233613e-04,2.589618678069586068e-04
1.852499999999999858e+01,6.480192677750309395e-05,1.296004696179800888e-04,2.591739085384577577e-04
1.853000000000000114e+01,6.485860371264510972e-05,1.297137037062737230e-04,2.593994216963792059e-04
1.853500000000000014e+01,6.491878559311668620e-05,1.298339403273495298e-04,2.596388813903153028e-04
1.853999999999999915e+01,6.498259965835492249e-05,1.299614333626638945e-04,2.598927906451135731e-04
1.854500000000000171e+01,6.505018111355681889e-05,1.300964525624023304e-04,2.601616837267474924e-04
1.855000000000000071e+01,6.512167379120998938e-05,1.302392848606057638e-04,2.604461287101022616e-04
1.855499999999999972e+01,6.519723088354651341e-05,1.303902358309640271e-04,2.607467303188638289e-04
1.856000000000000227e+01,6.527701575506706972e-05,1.305496313013649028e-04,2.610641330721001391e-04
1.856499999999999773e+01,6.536120284567618248e-05,1.307178191480307399e-04,2.613990247772688823e-04
1.857000000000000028e+01,6.544997867661635400e-05,1.308951712933081098e-04,2.617521404154350543e-04
1.857500000000000284e+01,6.554354297334024563e-05,1.310820859350051272e-04,2.621242664715672235e-04
1.857999999999999829e+01,6.564210992181430558e-05,1.312789900397615703e-04,2.625162457711994720e-04
1.858500000000000085e+01,6.574590957760063155e-05,1.314863421384832292e-04,2.629289828947239450e-04
1.858999999999999986e+01,6.585518945060166249e-05,1.317046354686688000e-04,2.633634502524999626e-04
1.859499999999999886e+01,6.597021629286960816e-05,1.319344015170176602e-04,2.638206949183452034e-04
1.860000000000000142e+01,6.609127812287812276e-05,1.321762140267727210e-04,2.643018463363103220e-04
1.860500000000000043e+01,6.621868652817722507e-05,1.324306935493402499e-04,2.648081250367469641e-04
1.860999999999999943e+01,6.635277930159569836e-05,1.326985126416785875e-04,2.653408525230936546e-04
1.861500000000000199e+01,6.649392348942627568e-05,1.329804018458587709e-04,2.659014625203877402e-04
1.862000000000000099e+01,6.664251897735402831e-05,1.332771566488397921e-04,2.664915138068343664e-04
1.862500000000000000e+01,6.679900285290235780e-05,1.335896457408562515e-04,2.671127048664669111e-04
1.863000000000000256e+01,6.696385510326899782e-05,1.339188211415353431e-04,2.677668905591074262e-04
1.863499999999999801e+01,6.713760729801869476e-05,1.342657312470541225e-04,2.684561007930797534e-04
1.864000000000000057e+01,6.732086042101844987e-05,1.346315381007983953e-04,2.691825606589085939e-04
1.864499999999999957e+01,6.751433645373744723e-05,1.350175340763697703e-04,2.699487109143532083e-04
1.864999999999999858e+01,6.771886927633172064e-05,1.354251285198845931e-04,2.707572288316047572e-04
1.865500000000000114e+01,6.793529802316631834e-05,1.358558196179200487e-04,2.716110547236625034e-04
1.866000000000000014e+01,6.816446039686744653e-05,1.363109957335737203e-04,2.725134403238379361e-04
1.866499999999999915e+01,6.840439580867141954e-05,1.367921900599786611e-04,2.734680333791354116e-04
1.867000000000000171e+01,6.865908887076824208e-05,1.373019325330051806e-04,2.744789572081690479e-04
1.867500000000000071e+01,6.893000938113289346e-05,1.378428981940107848e-04,2.755508428562230779e-04
1.867999999999999972e+01,6.921813420166487724e-05,1.384177528129148160e-04,2.766888665409535531e-04
1.868500000000000227e+01,6.952482246669646740e-05,1.390294479714155912e-04,2.778988348851965141e-04
1.868999999999999773e+01,6.985175160755771910e-05,1.396813615656441576e-04,2.791873034862829474e-04
1.869500000000000028e+01,7.020087090722846711e-05,1.403773644551273606e-04,2.805617144917877553e-04
1.870000000000000284e+01,7.057442402705499677e-05,1.411218962290068809e-04,2.820305557002229877e-04
1.870499999999999829e+01,7.097499590117314883e-05,1.419200639403990331e-04,2.836035500647376842e-04
1.871000000000000085e+01,7.140557574893935367e-05,1.427777669322409862e-04,2.852918856163000924e-04
1.871499999999999986e+01,7.186963676935916436e-05,1.437018526312278403e-04,2.871084971668434499e-04
1.871999999999999886e+01,7.237123601087691377e-05,1.447003108959900980e-04,2.890684138303701092e-04
1.872500000000000142e+01,7.291513984854726860e-05,1.457825175379713623e-04,2.911891904776958652e-04
1.873000000000000043e+01,7.350698261076399288e-05,1.469595414467522612e-04,2.934914469305358736e-04
1.873499999999999943e+01,7.415346865680716199e-05,1.482445348836023747e-04,2.959995465055973102e-04
1.874000000000000199e+01,7.486263202583985611e-05,1.496532336300184331e-04,2.987424562566066673e-04
1.874500000000000099e+01,7.564417319357856116e-05,1.512046037433108496e-04,3.017548461546145809e-04
1.875000000000000000e+01,7.650990027789392298e-05,1.529216861010704428e-04,3.050785053013902164e-04
1.875500000000000256e+01,7.747431345349754372e-05,1.548327108949202257e-04,3.087641827737526760e-04
1.875999999999999801e+01,7.855538830250382134e-05,1.569725851812361103e-04,3.128740028798132362e-04
1.876500000000000057e+01,7.977563945797301061e-05,1.593849029650556905e-04,3.174846655854142419e-04
1.876999999999999957e+01,8.116358531526624801e-05,1.621246979407916220e-04,3.226917320078732661e-04
1.877499999999999858e+01,8.275579640336274811e-05,1.652622686215898741e-04,3.286154266688994679e-04
1.878000000000000114e+01,8.459980904846812035e-05,1.688885790241059922e-04,3.354085852639520325e-04
1.878500000000000014e+01,8.675834841608030064e-05,1.731230184545099089e-04,3.432676745547978345e-04
1.878999999999999915e+01,8.931557850879832808e-05,1.781247679544028053e-04,3.524482655109862413e-04
1.879500000000000171e+01,9.238657062799135737e-05,1.841098088557212341e-04,3.632870395139633970e-04
1.880000000000000071e+01,9.613203007576798741e-05,1.913769849963690203e-04,3.762334846690119699e-04
1.880499999999999972e+01,1.007818954719651432e-04,2.003490093804609286e-04,3.918960914496554416e-04
1.881000000000000227e+01,1.066744712427750288e-04,2.116389280659656527e-04,4.111103365891278930e-04
1.881499999999999773e+01,1.143239323906026291e-04,2.261615007354528901e-04,4.350392551367481203e-04
1.882000000000000028e+01,1.245422769150758048e-04,2.453270003291897370e-04,4.653216310687888994e-04
1.882500000000000284e+01,1.386720288080051111e-04,2.713929575379310185e-04,5.042852875741793547e-04
1.882999999999999829e+01,1.590604514959798564e-04,3.081331998693844290e-04,5.552334768344883726e-04
1.883500000000000085e+01,1.901068814663516232e-04,3.621759666558080869e-04,6.227565039659975401e-04
1.883999999999999986e+01,2.408200232538447200e-04,4.458129375105352615e-04,7.128145612624700762e-04
1.884499999999999886e+01,3.319121335272659208e-04,5.830647666912805579e-04,8.317191397663733577e-04
1.885000000000000142e+01,5.189715202258754143e-04,8.219499581856639378e-04,9.817244957931682472e-04
1.885500000000000043e+01,9.841747422051922572e-04,1.246634308215866828e-03,1.149631190379603275e-03
1.885999999999999943e+01,2.395592722097198649e-03,1.881200276886179322e-03,1.291369971849412037e-03
1.886500000000000199e+01,4.151876044641887933e-03,2.212853098855001744e-03,1.341109715284132323e-03
1.887000000000000099e+01,1.916858667357552049e-03,1.730908017109336703e-03,1.270164492431516846e-03
1.887500000000000000e+01,8.331772878488960272e-04,1.132474368771733703e-03,1.121993023768561070e-03
1.888000000000000256e+01,4.666240550264393614e-04,7.627928762186965417e-04,9.611218845646250005e-04
1.888499999999999801e+01,3.126865566426398672e-04,5.569510418908590280e-04,8.236623045790333972e-04
1.889000000000000057e+01,2.351180030237499594e-04,4.386844003231959825e-04,7.178544570617898662e-04
1.889499999999999957e+01,1.926447725138657097e-04,3.677008949533331142e-04,6.398714244679752812e-04
1.889999999999999858e+01,1.696049539978846613e-04,3.241669422686724029e-04,5.832522004068604101e-04
1.890500000000000114e+01,1.620922428096145023e-04,2.973436271623152338e-04,5.421181712567980926e-04
1.891000000000000014e+01,1.577571255607550585e-04,2.785395905708066243e-04,5.118762655242784301e-04
1.891499999999999915e+01,1.429549639480136823e-04,2.620013732007521901e-04,4.893774930493338237e-04
1.892000000000000171e+01,1.282289762763696485e-04,2.484627300163718094e-04,4.728277346757408075e-04
1.892500000000000071e+01,1.224311966443792678e-04,2.399749102113349635e-04,4.612871005753609228e-04
1.892999999999999972e+01,1.218989022260474030e-04,2.360652366309073978e-04,4.541327087289250431e-04
1.893500000000000227e+01,1.218099222020549671e-04,2.358340753743422714e-04,4.508436441592999361e-04
1.893999999999999773e+01,1.267142272084438386e-04,2.402248566410860654e-04,4.509126151724821637e-04
1.894500000000000028e+01,1.476395696600880632e-04,2.497925981209669086e-04,4.536657990256367937e-04
1.895000000000000284e+01,1.661179979741075636e-04,2.583273219763610276e-04,4.583277764492367924e-04
1.895499999999999829e+01,1.534129254834055837e-04,2.629241839449883563e-04,4.645587767383557156e-04
1.896000000000000085e+01,1.567849610946304029e-04,2.738797211328892816e-04,4.724059346578891308e-04
1.896499999999999986e+01,2.068003659444070321e-04,2.966966530316968533e-04,4.811577689680153090e-04
1.896999999999999886e+01,2.667797288835829133e-04,3.138554540434225254e-04,4.890292613058801283e-04
1.897500000000000142e+01,2.204508676740337964e-04,3.073474945908436732e-04,4.951259689975087653e-04
1.898000000000000043e+01,1.725597464322506706e-04,2.947034920065304069e-04,5.010663145259796865e-04
1.898499999999999943e+01,1.614629818653353136e-04,2.948990901483470629e-04,5.095864579423499711e-04
1.899000000000000199e+01,1.855284425560452667e-04,3.154796664582882075e-04,5.220084382972210203e-04
1.899500000000000099e+01,2.488663332028366723e-04,3.571153813232951771e-04,5.366552735675472275e-04
1.900000000000000000e+01,4.042509406796101481e-04,4.067264220859114106e-04,5.487553047638244743e-04
