binding_energy_ev,gw,gw_homo,fan,fan_homo,fan_dw,fan_dw_homo
7.000000000000000000e+00,4.410996343696069362e-03,2.288831996294113900e-03,8.646558695836508573e-03,5.507789178885868706e-03,5.791316694756295375e-03,3.277195310180147300e-03
7.004999999999999893e+00,4.426939344413398369e-03,2.300078742180430933e-03,8.701031666071785964e-03,5.552316792036153525e-03,5.818619120098723202e-03,3.297742493687808724e-03
7.009999999999999787e+00,4.442982708479973307e-03,2.311408587047307939e-03,8.756108061256137609e-03,5.597392424070450276e-03,5.846151064592126738e-03,3.318486990150588956e-03
7.014999999999999680e+00,4.459127346261659332e-03,2.322822351568300074e-03,8.811797409198934838e-03,5.643025150426569068e-03,5.873915319332892113e-03,3.339431360816865878e-03
7.019999999999999574e+00,4.475374178882629041e-03,2.334320866573020344e-03,8.868109431729019609e-03,5.689224235646812497e-03,5.901914719605948906e-03,3.360578208894653661e-03
7.025000000000000355e+00,4.491724138381496256e-03,2.345904973198331168e-03,8.925054049515776869e-03,5.735999138131827463e-03,5.930152145743219742e-03,3.381930180382450302e-03
7.030000000000000249e+00,4.508178167870120420e-03,2.357575523042154935e-03,8.982641387031271157e-03,5.783359515034449186e-03,5.958630524001699152e-03,3.403489964919318485e-03
7.035000000000000142e+00,4.524737221695213432e-03,2.369333378320020219e-03,9.040881777658629076e-03,5.831315227298584578e-03,5.987352827461947524e-03,3.425260296654907520e-03
7.040000000000000036e+00,4.541402265602626637e-03,2.381179412024275570e-03,9.099785768950987078e-03,5.879876344847557654e-03,6.016322076947160612e-03,3.447243955139674826e-03
7.044999999999999929e+00,4.558174276904571227e-03,2.393114508086151716e-03,9.159364128046736109e-03,5.929053151927547033e-03,6.045541341963727063e-03,3.469443766236123168e-03
7.049999999999999822e+00,4.575054244649694873e-03,2.405139561540648764e-03,9.219627847246040023e-03,5.978856152611069022e-03,6.075013741663621777e-03,3.491862603051421824e-03
7.054999999999999716e+00,4.592043169796129927e-03,2.417255478694339040e-03,9.280588149754295108e-03,6.029296076466187509e-03,6.104742445829307307e-03,3.514503386892099939e-03
7.059999999999999609e+00,4.609142065387550509e-03,2.429463177296131097e-03,9.342256495598211946e-03,6.080383884397090252e-03,6.134730675881751305e-03,3.537369088241372819e-03
7.065000000000000391e+00,4.626351956732318270e-03,2.441763586711062119e-03,9.404644587720589408e-03,6.132130774662048443e-03,6.164981705912148981e-03,3.560462727759711350e-03
7.070000000000000284e+00,4.643673881585756724e-03,2.454157648097178568e-03,9.467764378259904343e-03,6.184548189074901350e-03,6.195498863738034025e-03,3.583787377309303329e-03
7.075000000000000178e+00,4.661108890335640027e-03,2.466646314585562751e-03,9.531628075021178828e-03,6.237647819396480164e-03,6.226285531984405118e-03,3.607346161003055496e-03
7.080000000000000071e+00,4.678658046190938696e-03,2.479230551463580765e-03,9.596248148144899057e-03,6.291441613922718265e-03,6.257345149190580123e-03,3.631142256278818443e-03
7.084999999999999964e+00,4.696322425373907275e-03,2.491911336361403440e-03,9.661637336980897009e-03,6.345941784276313072e-03,6.288681210943480523e-03,3.655178894999524392e-03
7.089999999999999858e+00,4.714103117315573792e-03,2.504689659441878755e-03,9.727808657174449522e-03,6.401160812409209706e-03,6.320297271038050405e-03,3.679459364579951673e-03
7.094999999999999751e+00,4.732001224854701267e-03,2.517566523593821673e-03,9.794775407972211925e-03,6.457111457823443840e-03,6.352196942665597548e-03,3.703987009140873119e-03
7.099999999999999645e+00,4.750017864440281984e-03,2.530542944628787726e-03,9.862551179755688416e-03,6.513806765018063244e-03,6.384383899630779145e-03,3.728765230691323453e-03
7.105000000000000426e+00,4.768154166337667740e-03,2.543619951481406252e-03,9.931149861810577989e-03,6.571260071170394006e-03,6.416861877598087349e-03,3.753797490339802739e-03
7.110000000000000320e+00,4.786411274838371643e-03,2.556798586413350054e-03,1.000058565034034515e-02,6.629485014059991084e-03,6.449634675368617898e-03,3.779087309535223826e-03
7.115000000000000213e+00,4.804790348473642926e-03,2.570079905221003477e-03,1.007087305673293534e-02,6.688495540244162804e-03,6.482706156187978755e-03,3.804638271338407415e-03
7.120000000000000107e+00,4.823292560231891117e-03,2.583464977446931279e-03,1.014202691608983783e-02,6.748305913494227759e-03,6.516080249086229556e-03,3.830454021725054978e-03
7.125000000000000000e+00,4.841919097780022878e-03,2.596954886595194238e-03,1.021406239602700404e-02,6.808930723501983515e-03,6.549760950250733960e-03,3.856538270921018325e-03
7.129999999999999893e+00,4.860671163688786052e-03,2.610550730350619936e-03,1.028699500575767749e-02,6.870384894866406883e-03,6.583752324432858190e-03,3.882894794770839000e-03
7.134999999999999787e+00,4.879549975662236284e-03,2.624253620802115012e-03,1.036084060546759063e-02,6.932683696370999307e-03,6.618058506389547929e-03,3.909527436140524184e-03
7.139999999999999680e+00,4.898556766771302792e-03,2.638064684670052718e-03,1.043561541599307037e-02,6.995842750562314069e-03,6.652683702360617096e-03,3.936440106355442066e-03
7.144999999999999574e+00,4.917692785691697016e-03,2.651985063537897532e-03,1.051133602881369408e-02,7.059878043641206434e-03,6.687632191582952405e-03,3.963636786674468171e-03
7.150000000000000355e+00,4.936959296946126854e-03,2.666015914088105433e-03,1.058801941637105802e-02,7.124805935678386881e-03,6.722908327842599951e-03,3.991121529801384439e-03
7.155000000000000249e+00,4.956357581150952658e-03,2.680158408342386573e-03,1.066568294272579424e-02,7.190643171166379716e-03,6.758516541065796336e-03,4.018898461434558013e-03
7.160000000000000142e+00,4.975888935267413354e-03,2.694413733906476493e-03,1.074434437456601825e-02,7.257406889920938256e-03,6.794461338950204612e-03,4.046971781856137027e-03
7.165000000000000036e+00,4.995554672857472137e-03,2.708783094219456653e-03,1.082402189258004424e-02,7.325114638344829010e-03,6.830747308637375934e-03,4.075345767561799025e-03
7.169999999999999929e+00,5.015356124344351983e-03,2.723267708807717950e-03,1.090473410320744879e-02,7.393784381067967579e-03,6.867379118427672027e-03,4.104024772932263719e-03
7.174999999999999822e+00,5.035294637277970900e-03,2.737868813543731586e-03,1.098650005078318816e-02,7.463434512978536078e-03,6.904361519539003317e-03,4.133013231947898006e-03
7.179999999999999716e+00,5.055371576605264747e-03,2.752587660909660248e-03,1.106933923008947968e-02,7.534083871659815086e-03,6.941699347910515461e-03,4.162315659947540825e-03
7.184999999999999609e+00,5.075588324945578059e-03,2.767425520265956191e-03,1.115327159933162879e-02,7.605751750248806661e-03,6.979397526052687553e-03,4.191936655433006753e-03
7.190000000000000391e+00,5.095946282871192251e-03,2.782383678125032941e-03,1.123831759355389294e-02,7.678457910732731928e-03,7.017461064945076238e-03,4.221880901920473106e-03
7.195000000000000284e+00,5.116446869193114373e-03,2.797463438430132510e-03,1.132449813851290829e-02,7.752222597700840663e-03,7.055895065983273928e-03,4.252153169840311789e-03
7.200000000000000178e+00,5.137091521252247842e-03,2.812666122839491741e-03,1.141183466502632832e-02,7.827066552569195840e-03,7.094704722976416002e-03,4.282758318486682564e-03
7.205000000000000071e+00,5.157881695216050104e-03,2.827993071015934019e-03,1.150034912381571288e-02,7.903011028297324270e-03,7.133895324196854598e-03,4.313701298018494078e-03
7.209999999999999964e+00,5.178818866380796061e-03,2.843445640921995164e-03,1.159006400086294228e-02,7.980077804616056425e-03,7.173472254483467467e-03,4.344987151513180282e-03
7.214999999999999858e+00,5.199904529479583426e-03,2.859025209120708011e-03,1.168100233330095043e-02,8.058289203787215998e-03,7.213440997400351329e-03,4.376621017075026966e-03
7.219999999999999751e+00,5.221140198996189301e-03,2.874733171082176179e-03,1.177318772585981589e-02,8.137668106916186653e-03,7.253807137452437589e-03,4.408608129999568026e-03
7.224999999999999645e+00,5.242527409484916759e-03,2.890570941496048950e-03,1.186664436789086272e-02,8.218237970839944659e-03,7.294576362359847521e-03,4.440953824995865981e-03
7.230000000000000426e+00,5.264067715896551120e-03,2.906539954590049452e-03,1.196139705099196968e-02,8.300022845613647463e-03,7.335754465392791031e-03,4.473663538468428819e-03
7.235000000000000320e+00,5.285762693910576841e-03,2.922641664454671100e-03,1.205747118725855604e-02,8.383047392620282881e-03,7.377347347768791440e-03,4.506742810860567272e-03
7.240000000000000213e+00,5.307613940273788605e-03,2.938877545374187113e-03,1.215489282818584503e-02,8.467336903328811712e-03,7.419361021114225137e-03,4.540197289061149305e-03
7.245000000000000107e+00,5.329623073145415418e-03,2.955249092164117120e-03,1.225368868424916644e-02,8.552917318727568802e-03,7.461801609992146748e-03,4.574032728876686882e-03
7.250000000000000000e+00,5.351791732448945085e-03,2.971757820515288744e-03,1.235388614519014258e-02,8.639815249460686825e-03,7.504675354498410375e-03,4.608254997570761236e-03
7.254999999999999893e+00,5.374121580230761808e-03,2.988405267344644654e-03,1.245551330103834148e-02,8.728057996697017457e-03,7.547988612928307334e-03,4.642870076473000138e-03
7.259999999999999787e+00,5.396614301025755636e-03,3.005192991152946455e-03,1.255859896389870112e-02,8.817673573761869443e-03,7.591747864515795141e-03,4.677884063659645472e-03
7.264999999999999680e+00,5.419271602230101535e-03,3.022122572389545833e-03,1.266317269053728913e-02,8.908690728563933500e-03,7.635959712247801859e-03,4.713303176708146663e-03
7.269999999999999574e+00,5.442095214481273112e-03,3.039195613824327048e-03,1.276926480579850670e-02,9.001138966850560225e-03,7.680630885755667520e-03,4.749133755527903261e-03
7.275000000000000355e+00,5.465086892045578973e-03,3.056413740927080118e-03,1.287690642688954501e-02,9.095048576327022238e-03,7.725768244286493856e-03,4.785382265269814278e-03
7.280000000000000249e+00,5.488248413213266813e-03,3.073778602254354127e-03,1.298612948856857352e-02,9.190450651676201899e-03,7.771378779756680025e-03,4.822055299316964014e-03
7.285000000000000142e+00,5.511581580701494475e-03,3.091291869844094674e-03,1.309696676927579219e-02,9.287377120517749732e-03,7.817469619890479726e-03,4.859159582359178289e-03
7.290000000000000036e+00,5.535088222065251244e-03,3.108955239618130945e-03,1.320945191824772665e-02,9.385860770346992135e-03,7.864048031446158396e-03,4.896701973554093076e-03
7.294999999999999929e+00,5.558770190116388982e-03,3.126770431792715368e-03,1.332361948365709189e-02,9.485935276495889579e-03,7.911121423532526883e-03,4.934689469777437353e-03
7.299999999999999822e+00,5.582629363351084006e-03,3.144739191297370867e-03,1.343950494182356674e-02,9.587635231161188015e-03,7.958697351018983665e-03,4.973129208965644879e-03
7.304999999999999716e+00,5.606667646385787851e-03,3.162863288202153247e-03,1.355714472754177870e-02,9.690996173546070208e-03,8.006783518041918346e-03,5.012028473553619030e-03
7.309999999999999609e+00,5.630886970401921023e-03,3.181144518153564225e-03,1.367657626557588872e-02,9.796054621164548837e-03,8.055387781610651859e-03,5.051394694010825220e-03
7.315000000000000391e+00,5.655289293599513600e-03,3.199584702819310237e-03,1.379783800337251731e-02,9.902848102360270119e-03,8.104518155316228420e-03,5.091235452478968734e-03
7.320000000000000284e+00,5.679876601659972213e-03,3.218185690342109141e-03,1.392096944504607817e-02,1.001141519009365877e-02,8.154182813146350003e-03,5.131558486514549607e-03
7.325000000000000178e+00,5.704650908218219726e-03,3.236949355802754263e-03,1.404601118669361950e-02,1.012179553705443158e-02,8.204390093410037291e-03,5.172371692939826439e-03
7.330000000000000071e+00,5.729614255344394995e-03,3.255877601692659142e-03,1.417300495309898808e-02,1.023402991215919579e-02,8.255148502775604483e-03,5.213683131805767895e-03
7.334999999999999964e+00,5.754768714035359868e-03,3.274972358396101117e-03,1.430199363588923953e-02,1.034816023849688578e-02,8.306466720425724481e-03,5.255501030470727600e-03
7.339999999999999858e+00,5.780116384716216422e-03,3.294235584682387967e-03,1.443302133320945729e-02,1.046422963278813636e-02,8.358353602333511850e-03,5.297833787798753372e-03
7.344999999999999751e+00,5.805659397752106765e-03,3.313669268208190022e-03,1.456613339098544041e-02,1.058228244642793990e-02,8.410818185663661989e-03,5.340689978481523263e-03
7.349999999999999645e+00,5.831399913970499241e-03,3.333275426030277155e-03,1.470137644584752420e-02,1.070236430818466769e-02,8.463869693302879249e-03,5.384078357488124647e-03
7.355000000000000426e+00,5.857340125194225589e-03,3.353056105128891795e-03,1.483879846979246908e-02,1.082452216863233688e-02,8.517517538523949883e-03,5.428007864646994078e-03
7.360000000000000320e+00,5.883482254785541397e-03,3.373013382942042452e-03,1.497844881666439247e-02,1.094880434639689329e-02,8.571771329788046428e-03,5.472487629364565509e-03
7.365000000000000213e+00,5.909828558201434510e-03,3.393149367910942849e-03,1.512037827054005419e-02,1.107526057630177016e-02,8.626640875689905660e-03,5.517526975485249896e-03
7.370000000000000107e+00,5.936381323560476278e-03,3.413466200036895451e-03,1.526463909610836778e-02,1.120394205950234201e-02,8.682136190050858751e-03,5.563135426297693628e-03
7.375000000000000000e+00,5.963142872221495819e-03,3.433966051449867038e-03,1.541128509113861601e-02,1.133490151570371897e-02,8.738267497164756495e-03,5.609322709692289230e-03
7.379999999999999893e+00,5.990115559374325355e-03,3.454651126989060315e-03,1.556037164113716065e-02,1.146819323756144600e-02,8.795045237202066615e-03,5.656098763475234451e-03
7.384999999999999787e+00,6.017301774642953155e-03,3.475523664795750894e-03,1.571195577629775839e-02,1.160387314737006993e-02,8.852480071777716827e-03,5.703473740844624065e-03
7.389999999999999680e+00,6.044703942701374656e-03,3.496585936918729202e-03,1.586609623085627127e-02,1.174199885615022365e-02,8.910582889688314565e-03,5.751458016034202703e-03
7.394999999999999574e+00,6.072324523902378549e-03,3.517840249932561135e-03,1.602285350496628069e-02,1.188262972525058747e-02,8.969364812824650104e-03,5.800062190130638590e-03
7.400000000000000355e+00,6.100166014919713650e-03,3.539288945569112835e-03,1.618228992921965162e-02,1.202582693058849503e-02,9.028837202265835651e-03,5.849297097070606591e-03
7.405000000000000249e+00,6.128230949403810045e-03,3.560934401362520450e-03,1.634446973194119898e-02,1.217165352965831129e-02,9.089011664561214357e-03,5.899173809823840542e-03
7.410000000000000142e+00,6.156521898651565357e-03,3.582779031308089279e-03,1.650945910939588882e-02,1.232017453144566149e-02,9.149900058207070114e-03,5.949703646769046936e-03
7.415000000000000036e+00,6.185041472290329738e-03,3.604825286535301432e-03,1.667732629905255975e-02,1.247145696939143747e-02,9.211514500324740479e-03,6.000898178269318747e-03
7.419999999999999929e+00,6.213792318976653350e-03,3.627075655995434626e-03,1.684814165605836439e-02,1.262556997755949831e-02,9.273867373547600712e-03,6.052769233454444522e-03
7.424999999999999822e+00,6.242777127109946401e-03,3.649532667164003333e-03,1.702197773308500306e-02,1.278258487016895387e-02,9.336971333124239464e-03,6.105328907217401173e-03
7.429999999999999716e+00,6.271998625561624185e-03,3.672198886758537041e-03,1.719890936371882076e-02,1.294257522466286600e-02,9.400839314245856143e-03,6.158589567432978112e-03
7.434999999999999609e+00,6.301459584419983467e-03,3.695076921471973641e-03,1.737901374957520964e-02,1.310561696849361218e-02,9.465484539605908271e-03,6.212563862406568840e-03
7.440000000000000391e+00,6.331162815751245621e-03,3.718169418722100297e-03,1.756237055132913588e-02,1.327178846981645968e-02,9.530920527200476000e-03,6.267264728561488737e-03
7.445000000000000284e+00,6.361111174377191528e-03,3.741479067417440366e-03,1.774906198386428866e-02,1.344117063229362599e-02,9.597161098378229060e-03,6.322705398373717339e-03
7.450000000000000178e+00,6.391307558669756875e-03,3.765008598739994893e-03,1.793917291575568979e-02,1.361384699422335878e-02,9.664220386149155462e-03,6.378899408563116005e-03
7.455000000000000071e+00,6.421754911363060543e-03,3.788760786945264119e-03,1.813279097331266590e-02,1.378990383222077412e-02,9.732112843761655391e-03,6.435860608550720945e-03
7.459999999999999964e+00,6.452456220383275508e-03,3.812738450179992654e-03,1.833000664942328536e-02,1.396943026969114932e-02,9.800853253558023531e-03,6.493603169192020338e-03
7.464999999999999858e+00,6.483414519696809736e-03,3.836944451318079815e-03,1.853091341745507353e-02,1.415251839035027576e-02,9.870456736118591104e-03,6.552141591796516347e-03
7.469999999999999751e+00,6.514632890177242917e-03,3.861381698815124358e-03,1.873560785048272032e-02,1.433926335706226310e-02,9.940938759705541389e-03,6.611490717444446115e-03
7.474999999999999645e+00,6.546114460491535975e-03,3.886053147582079793e-03,1.894418974612951251e-02,1.452976353628118028e-02,1.001231515001757902e-02,6.671665736611822987e-03
7.480000000000000426e+00,6.577862408005940957e-03,3.910961799878501233e-03,1.915676225732704241e-02,1.472412062840083857e-02,1.008460210026730988e-02,6.732682199115607932e-03
7.485000000000000320e+00,6.609879959712195059e-03,3.936110706225906357e-03,1.937343202931609068e-02,1.492243980433513584e-02,1.015781618159356837e-02,6.794556024391152499e-03
7.490000000000000213e+00,6.642170393174441981e-03,3.961502966341736223e-03,1.959430934323205808e-02,1.512482984867211458e-02,1.023197435382161916e-02,6.857303512114797973e-03
7.495000000000000107e+00,6.674737037497485183e-03,3.987141730094503553e-03,1.981950826663895007e-02,1.533140330976527632e-02,1.030709397658444507e-02,6.920941353184767789e-03
7.500000000000000000e+00,6.707583274316869168e-03,4.013030198480606846e-03,2.004914681139985042e-02,1.554227665714972076e-02,1.038319282081931992e-02,6.985486641074508535e-03
7.504999999999999893e+00,6.740712538811394205e-03,4.039171624623448704e-03,2.028334709929491969e-02,1.575757044669371526e-02,1.046028908065396376e-02,7.050956883572667006e-03
7.509999999999999787e+00,6.774128320738623948e-03,4.065569314795380515e-03,2.052223553582558507e-02,1.597740949392397955e-02,1.053840138569776472e-02,7.117370014925153594e-03
7.514999999999999680e+00,6.807834165493992229e-03,4.092226629463107529e-03,2.076594299267036509e-02,1.620192305598962962e-02,1.061754881375374070e-02,7.184744408394873327e-03
7.519999999999999574e+00,6.841833675194183839e-03,4.119146984357186653e-03,2.101460499928914719e-02,1.643124502276109566e-02,1.069775090396806946e-02,7.253098889255881962e-03
7.525000000000000355e+00,6.876130509785278490e-03,4.146333851566170320e-03,2.126836194420326717e-02,1.666551411759098489e-02,1.077902767043419606e-02,7.322452748238915399e-03
7.530000000000000249e+00,6.910728388176475868e-03,4.173790760656143246e-03,2.152735928651485289e-02,1.690487410829972018e-02,1.086139961626986401e-02,7.392825755446537361e-03
7.535000000000000142e+00,6.945631089400040176e-03,4.201521299816319069e-03,2.179174777826634046e-02,1.714947402898631817e-02,1.094488774818619566e-02,7.464238174756943067e-03
7.540000000000000036e+00,6.980842453798058282e-03,4.229529117031304020e-03,2.206168369827803122e-02,1.739946841330166499e-02,1.102951359156799545e-02,7.536710778735550287e-03
7.544999999999999929e+00,7.016366384236895348e-03,4.257817921280862908e-03,2.233732909814865886e-02,1.765501753986863445e-02,1.111529920608671750e-02,7.610264864075688869e-03
7.549999999999999822e+00,7.052206847349867455e-03,4.286391483767781549e-03,2.261885206114565977e-02,1.791628769057507231e-02,1.120226720186700414e-02,7.684922267589240109e-03
7.554999999999999716e+00,7.088367874809145194e-03,4.315253639174745914e-03,2.290642697476522743e-02,1.818345142251908547e-02,1.129044075623007043e-02,7.760705382770379315e-03
7.560000000000000497e+00,7.124853564627499705e-03,4.344408286950907604e-03,2.320023481779265664e-02,1.845668785443639950e-02,1.137984363103721787e-02,7.837637176955654719e-03
7.565000000000000391e+00,7.161668082490691735e-03,4.373859392628932745e-03,2.350046346275177361e-02,1.873618296849793863e-02,1.147050019065835522e-02,7.915741209105126019e-03
7.570000000000000284e+00,7.198815663121497718e-03,4.403610989173487554e-03,2.380730799469513159e-02,1.902212992842839193e-02,1.156243542059158178e-02,7.995041648230562584e-03
7.575000000000000178e+00,7.236300611676078909e-03,4.433667178361891739e-03,2.412097104735137776e-02,1.931472941496138393e-02,1.165567494676092095e-02,8.075563292497676265e-03
7.580000000000000071e+00,7.274127305173541842e-03,4.464032132197814917e-03,2.444166315771861137e-02,1.961418997971933753e-02,1.175024505552040889e-02,8.157331589030512170e-03
7.584999999999999964e+00,7.312300193959825508e-03,4.494710094359062949e-03,2.476960314027161492e-02,1.992072841868472791e-02,1.184617271439484219e-02,8.240372654448114773e-03
7.589999999999999858e+00,7.350823803206606513e-03,4.525705381680242625e-03,2.510501848203218478e-02,2.023457016651120793e-02,1.194348559358799494e-02,8.324713296164274606e-03
7.594999999999999751e+00,7.389702734446358494e-03,4.557022385671364618e-03,2.544814575984342964e-02,2.055594971301430429e-02,1.204221208829110885e-02,8.410381034482964854e-03
7.599999999999999645e+00,7.428941667144474750e-03,4.588665574073330991e-03,2.579923108128680947e-02,2.088511104327942999e-02,1.214238134182610458e-02,8.497404125523830981e-03
7.605000000000000426e+00,7.468545360309533990e-03,4.620639492451365446e-03,2.615853055078545819e-02,2.122230810292954212e-02,1.224402326965925471e-02,8.585811585013357686e-03
7.610000000000000320e+00,7.508518654142744796e-03,4.652948765827436689e-03,2.652631076255290710e-02,2.156780529021041365e-02,1.234716858432326550e-02,8.675633212979504127e-03
7.615000000000000213e+00,7.548866471727684255e-03,4.685598100352759109e-03,2.690284932216881544e-02,2.192187797667368918e-02,1.245184882128706760e-02,8.766899619389039930e-03
7.620000000000000107e+00,7.589593820761448770e-03,4.718592285021526098e-03,2.728843539869923313e-02,2.228481305837401449e-02,1.255809636581516064e-02,8.859642250769182367e-03
7.625000000000000000e+00,7.630705795328392334e-03,4.751936193427011394e-03,2.768337030942285767e-02,2.265690953964005425e-02,1.266594448085975495e-02,8.953893417856810880e-03
7.629999999999999893e+00,7.672207577717655297e-03,4.785634785561258819e-03,2.808796813938401610e-02,2.303847915163872301e-02,1.277542733603172914e-02,9.049686324320935921e-03
7.634999999999999787e+00,7.714104440285727421e-03,4.819693109659594667e-03,2.850255639816375031e-02,2.342984700812222529e-02,1.288658003769827323e-02,9.147055096606336935e-03
7.639999999999999680e+00,7.756401747365312439e-03,4.854116304091238634e-03,2.892747671644748872e-02,2.383135230093459331e-02,1.299943866025779840e-02,9.246034814948646957e-03
7.644999999999999574e+00,7.799104957221909655e-03,4.888909599297391537e-03,2.936308558517055495e-02,2.424334903805713121e-02,1.311404027864522363e-02,9.346661545613940345e-03
7.650000000000000355e+00,7.842219624059260097e-03,4.924078319778010630e-03,2.980975514024124945e-02,2.466620682719045804e-02,1.323042300212296483e-02,9.448972374417949696e-03
7.655000000000000249e+00,7.885751400075319967e-03,4.959627886128848556e-03,3.026787399608488194e-02,2.510031170811430346e-02,1.334862600941674055e-02,9.553005441583863055e-03
7.660000000000000142e+00,7.929706037570136146e-03,4.995563817130197447e-03,3.073784813151204248e-02,2.554606703732598127e-02,1.346868958525770932e-02,9.658799978000051634e-03
7.665000000000000036e+00,7.974089391107020211e-03,5.031891731888686083e-03,3.122010183169773856e-02,2.600389442874183332e-02,1.359065515839539412e-02,9.766396342941992617e-03
7.669999999999999929e+00,8.018907419728693239e-03,5.068617352033840534e-03,3.171507869037339111e-02,2.647423475456075342e-02,1.371456534114995698e-02,9.875836063326818431e-03
7.674999999999999822e+00,8.064166189230033768e-03,5.105746503970987754e-03,3.222324267667183578e-02,2.695754921072723159e-02,1.384046397057572472e-02,9.987161874572138276e-03
7.679999999999999716e+00,8.109871874488906035e-03,5.143285121192021740e-03,3.274507927143498198e-02,2.745432045180043815e-02,1.396839615131087453e-02,1.010041776313390545e-02
7.685000000000000497e+00,8.156030761857040873e-03,5.181239246645973420e-03,3.328109667820697282e-02,2.796505380044876643e-02,1.409840830019386954e-02,1.021564901080369153e-02
7.690000000000000391e+00,8.202649251612476738e-03,5.219615035170908218e-03,3.383182711457195790e-02,2.849027853722566409e-02,1.423054819272948947e-02,1.033290224084802526e-02
7.695000000000000284e+00,8.249733860475649480e-03,5.258418755989207813e-03,3.439782818999310987e-02,2.903054927677912317e-02,1.436486501149371146e-02,1.045222546607881518e-02
7.700000000000000178e+00,8.297291224190844749e-03,5.297656795267965610e-03,3.497968437683644100e-02,2.958644743717459696e-02,1.450140939657005093e-02,1.057366813894725956e-02
7.705000000000000071e+00,8.345328100174912583e-03,5.337335658746431878e-03,3.557800858185340698e-02,3.015858280960086527e-02,1.464023349811542467e-02,1.069728120375912014e-02
7.709999999999999964e+00,8.393851370235533987e-03,5.377461974432687364e-03,3.619344382604422483e-02,3.074759523637551201e-02,1.478139103115978792e-02,1.082311715111530098e-02
7.714999999999999858e+00,8.442868043360869656e-03,5.418042495371489138e-03,3.682666504152708881e-02,3.135415640587060210e-02,1.492493733274823792e-02,1.095123007468624260e-02
7.719999999999999751e+00,8.492385258582875462e-03,5.459084102485498718e-03,3.747838099482455471e-02,3.197897177376358285e-02,1.507092942154132816e-02,1.108167573043560873e-02
7.724999999999999645e+00,8.542410287916475664e-03,5.500593807492110306e-03,3.814933634683355390e-02,3.262278262087418834e-02,1.521942605999506218e-02,1.121451159841447068e-02
7.730000000000000426e+00,8.592950539376951330e-03,5.542578755898203667e-03,3.884031386069774355e-02,3.328636825879911776e-02,1.537048781924954879e-02,1.134979694725472138e-02
7.735000000000000320e+00,8.644013560077873706e-03,5.585046230075188696e-03,3.955213676984310756e-02,3.397054839559829342e-02,1.552417714686193072e-02,1.148759290149703287e-02
7.740000000000000213e+00,8.695607039412116962e-03,5.628003652416837914e-03,4.028567131959635145e-02,3.467618567494432785e-02,1.568055843752740042e-02,1.162796251189692626e-02
7.745000000000000107e+00,8.747738812318460455e-03,5.671458588582430072e-03,4.104182949708222450e-02,3.540418840342288154e-02,1.583969810694007760e-02,1.177097082886037309e-02
7.750000000000000000e+00,8.800416862636476281e-03,5.715418750827880659e-03,4.182157196551060385e-02,3.615551348208518451e-02,1.600166466895434902e-02,1.191668497916928068e-02
7.754999999999999893e+00,8.853649326552394394e-03,5.759892001427581107e-03,4.262591122053202564e-02,3.693116955992154643e-02,1.616652881621655907e-02,1.206517424616642374e-02
7.759999999999999787e+00,8.907444496138824941e-03,5.804886356189777746e-03,4.345591498807999803e-02,3.773222042866272719e-02,1.633436350444689156e-02,1.221651015357931233e-02
7.764999999999999680e+00,8.961810822991260819e-03,5.850409988068442160e-03,4.431270988504697195e-02,3.855978868024415029e-02,1.650524404056175412e-02,1.237076655317297103e-02
7.769999999999999574e+00,9.016756921964377142e-03,5.896471230874633131e-03,4.519748536629060454e-02,3.941505965041612602e-02,1.667924817483830424e-02,1.252801971643297679e-02
7.775000000000000355e+00,9.072291575011402764e-03,5.943078583090620134e-03,4.611149798385570653e-02,4.029928567437077169e-02,1.685645619733501521e-02,1.268834843049219605e-02
7.780000000000000249e+00,9.128423735129488625e-03,5.990240711789706143e-03,4.705607598695282778e-02,4.121379068291085301e-02,1.703695103879363307e-02,1.285183409852630812e-02
7.785000000000000142e+00,9.185162530415014182e-03,6.037966456665636375e-03,4.803262429421979035e-02,4.215997517066877309e-02,1.722081837626439349e-02,1.301856084485949333e-02
7.790000000000000036e+00,9.242517268231751487e-03,6.086264834174589730e-03,4.904262987309036120e-02,4.313932157118090943e-02,1.740814674370731382e-02,1.318861562503274854e-02
7.794999999999999929e+00,9.300497439495878510e-03,6.135145041793659514e-03,5.008766756481814603e-02,4.415340007734363387e-02,1.759902764784076340e-02,1.336208834110563445e-02
7.799999999999999822e+00,9.359112723081545321e-03,6.184616462399557431e-03,5.116940639785415995e-02,4.520387494992599703e-02,1.779355568952405847e-02,1.353907196247773788e-02
7.804999999999999716e+00,9.418372990350670770e-03,6.234688668771240158e-03,5.228961643692537492e-02,4.629251136146037698e-02,1.799182869097796025e-02,1.371966265253327100e-02
7.810000000000000497e+00,9.478288309811374115e-03,6.285371428220800499e-03,5.345017622040602878e-02,4.742118282807364360e-02,1.819394782916780584e-02,1.390395990143311958e-02
7.815000000000000391e+00,9.538868951908837171e-03,6.336674707356470745e-03,5.465308084443195463e-02,4.859187928767751130e-02,1.840001777569186259e-02,1.409206666539641190e-02
7.820000000000000284e+00,9.600125393953346659e-03,6.388608676982421991e-03,5.590045075884339520e-02,4.980671588956760154e-02,1.861014684354208443e-02,1.428408951283825778e-02
7.825000000000000178e+00,9.662068325189596824e-03,6.441183717139501927e-03,5.719454134748187812e-02,5.106794256791745423e-02,1.882444714112451248e-02,1.448013877775049252e-02
7.830000000000000071e+00,9.724708652012298629e-03,6.494410422291901908e-03,5.853775337380644206e-02,5.237795448008891741e-02,1.904303473395504293e-02,1.468032872074043552e-02
7.834999999999999964e+00,9.788057503332583259e-03,6.548299606664260974e-03,5.993264438229584795e-02,5.373930340017638724e-02,1.926602981446932927e-02,1.488477769816610140e-02
7.839999999999999858e+00,9.852126236100574100e-03,6.602862309734558455e-03,6.138194115690557423e-02,5.515471016899888002e-02,1.949355688041813639e-02,1.509360833983835332e-02
7.844999999999999751e+00,9.916926440989098923e-03,6.658109801887773793e-03,6.288855335005716363e-02,5.662707831395663582e-02,1.972574492234679261e-02,1.530694773578820424e-02
7.849999999999999645e+00,9.982469948244017052e-03,6.714053590235797078e-03,6.445558840953964641e-02,5.815950896606304071e-02,1.996272762069270165e-02,1.552492763263258954e-02
7.855000000000000426e+00,1.004876883370683233e-02,6.770705424609201224e-03,6.608636794650124546e-02,5.975531721725353684e-02,2.020464355306928264e-02,1.574768464010622981e-02
7.860000000000000320e+00,1.011583542501533206e-02,6.828077303726686267e-03,6.778444570572716987e-02,6.141805007908069519e-02,2.045163641234333182e-02,1.597536044836600846e-02
7.865000000000000213e+00,1.018368230798838078e-02,6.886181481548255164e-03,6.955362731995981540e-02,6.315150622445463158e-02,2.070385523615328460e-02,1.620810205671457602e-02
7.870000000000000107e+00,1.025232233320110854e-02,6.945030473818385175e-03,7.139799205354817324e-02,6.495975771760593986e-02,2.096145464856069562e-02,1.644606201443478410e-02
7.875000000000000000e+00,1.032176862275703891e-02,7.004637064805742559e-03,7.332191676765792421e-02,6.684717396437869774e-02,2.122459511457372439e-02,1.668939867447296471e-02
7.879999999999999893e+00,1.039203457726393248e-02,7.065014314246171288e-03,7.533010237022677580e-02,6.881844814589802017e-02,2.149344320833354582e-02,1.693827646076119867e-02
7.884999999999999787e+00,1.046313388302040626e-02,7.126175564496053418e-03,7.742760304943088756e-02,7.087862643421909137e-02,2.176817189580883966e-02,1.719286615002286328e-02
7.889999999999999680e+00,1.053508051942060597e-02,7.188134447903301791e-03,7.961985863045442646e-02,7.303314032956938207e-02,2.204896083290319025e-02,1.745334516896547561e-02
7.894999999999999574e+00,1.060788876658462325e-02,7.250904894403617865e-03,8.191273044272251447e-02,7.528784250613868023e-02,2.233599667994433380e-02,1.771989790782879659e-02
7.900000000000000355e+00,1.068157321322243253e-02,7.314501139349902439e-03,8.431254113957886709e-02,7.764904660816437931e-02,2.262947343359295385e-02,1.799271605132512358e-02
7.905000000000000249e+00,1.075614876473973171e-02,7.378937731583040151e-03,8.682611897597448947e-02,8.012357150161039665e-02,2.292959277728374295e-02,1.827199892808318432e-02
7.910000000000000142e+00,1.083163065159409646e-02,7.444229541752604706e-03,8.946084712363482072e-02,8.271879056060114921e-02,2.323656445139148444e-02,1.855795387978781061e-02
7.915000000000000036e+00,1.090803443791040980e-02,7.510391770896344965e-03,9.222471868928264205e-02,8.544268665383568384e-02,2.355060664440270651e-02,1.885079665129446233e-02
7.919999999999999929e+00,1.098537603036478690e-02,7.577439959287722224e-03,9.512639820204026042e-02,8.830391359670163032e-02,2.387194640646710109e-02,1.915075180309199279e-02
7.924999999999999822e+00,1.106367168734662815e-02,7.645389995561063974e-03,9.817529045385099684e-02,9.131186495246196300e-02,2.420082008680542879e-02,1.945805314758897522e-02
7.929999999999999716e+00,1.114293802840889830e-02,7.714258126124489204e-03,1.013816177149115400e-01,9.447675120396821502e-02,2.453747379656132099e-02,1.977294421080997081e-02
7.935000000000000497e+00,1.122319204401674500e-02,7.784060964870694391e-03,1.047565065086396574e-01,9.780968647980001207e-02,2.488216389880247223e-02,2.009567872120586463e-02
7.940000000000000391e+00,1.130445110560564931e-02,7.854815503196744056e-03,1.083120853225233160e-01,1.013227862104522647e-01,2.523515752750988411e-02,2.042652112741565051e-02
7.945000000000000284e+00,1.138673297596035604e-02,7.926539120344142444e-03,1.120615948580670346e-01,1.050292773169425320e-01,2.559673313753237783e-02,2.076574714695539683e-02
7.950000000000000178e+00,1.147005581992601234e-02,7.999249594070619029e-03,1.160195126922731745e-01,1.089436228032908127e-01,2.596718108763630684e-02,2.111364434796301690e-02
7.955000000000000071e+00,1.155443821546422480e-02,8.072965111666290453e-03,1.202016945434986328e-01,1.130816629445596522e-01,2.634680425895002953e-02,2.147051276629674196e-02
7.959999999999999964e+00,1.163989916506625796e-02,8.147704281326462530e-03,1.246255347169182154e-01,1.174607756443322021e-01,2.673591871127931063e-02,2.183666556046197013e-02
7.964999999999999858e+00,1.172645810753722428e-02,8.223486143894851233e-03,1.293101487628338653e-01,1.221000589932737940e-01,2.713485437997140842e-02,2.221242970704248587e-02
7.969999999999999751e+00,1.181413493016464540e-02,8.300330184990673682e-03,1.342765819312514708e-01,1.270205396103165629e-01,2.754395581621667602e-02,2.259814673952316791e-02
7.974999999999999645e+00,1.190294998128608658e-02,8.378256347534215540e-03,1.395480476694949956e-01,1.322454110110072578e-01,2.796358297391205588e-02,2.299417353362672237e-02
7.980000000000000426e+00,1.199292408327074302e-02,8.457285044685826370e-03,1.451502012121651253e-01,1.378003070496748306e-01,2.839411204646582337e-02,2.340088314254179513e-02
7.985000000000000320e+00,1.208407854593076744e-02,8.537437173214068240e-03,1.511114542872911970e-01,1.437136164561050589e-01,2.883593635720090378e-02,2.381866568569782766e-02
7.990000000000000213e+00,1.217643518037863498e-02,8.618734127309311821e-03,1.574633381505028407e-01,1.500168456747648094e-01,2.928946730731874989e-02,2.424792929504640190e-02
7.995000000000000107e+00,1.227001631334758217e-02,8.701197812859858341e-03,1.642409236129687145e-01,1.567450386677775587e-01,2.975513538571817815e-02,2.468910112314134930e-02
8.000000000000000000e+00,1.236484480199298921e-02,8.784850662208361360e-03,1.714833085156567960e-01,1.639372641287215882e-01,3.023339124532741992e-02,2.514262841767327464e-02
8.005000000000000782e+00,1.246094404919317195e-02,8.869715649407094310e-03,1.792341853079077452e-01,1.716371827586047338e-01,3.072470685100615190e-02,2.560897966751300020e-02
8.009999999999999787e+00,1.255833801936904158e-02,8.955816305991433704e-03,1.875425041227413159e-01,1.798937099883644031e-01,3.122957670451090295e-02,2.608864582575450008e-02
8.015000000000000568e+00,1.265705125484282295e-02,9.043176737291807460e-03,1.964632501476393234e-01,1.887617929367796932e-01,3.174851915249639334e-02,2.658214161572709094e-02
8.019999999999999574e+00,1.275710889275691665e-02,9.131821639305133173e-03,2.060583583537370367e-01,1.983033246546379580e-01,3.228207778405136480e-02,2.709000692647260677e-02
8.025000000000000355e+00,1.285853668257504363e-02,9.221776316147907437e-03,2.163977940119763410e-01,2.085882240688050060e-01,3.283082292484466175e-02,2.761280830476001841e-02
8.029999999999999361e+00,1.296136100418857767e-02,9.313066698113823746e-03,2.275608342127495853e-01,2.196957168242711922e-01,3.339535323559338076e-02,2.815114055134615087e-02
8.035000000000000142e+00,1.306560888665242448e-02,9.405719360360251941e-03,2.396375942414743221e-01,2.317158608536267483e-01,3.397629742326568891e-02,2.870562842989137636e-02
8.039999999999999147e+00,1.317130802757487604e-02,9.499761542248078700e-03,2.527308537143926337e-01,2.447513715494873121e-01,3.457431607419611530e-02,2.927692849770472880e-02
8.044999999999999929e+00,1.327848681318902734e-02,9.595221167362335060e-03,2.669582516112164461e-01,2.589198156402566231e-01,3.519010361915321516e-02,2.986573106835388111e-02
8.050000000000000711e+00,1.338717433913151102e-02,9.692126864239548542e-03,2.824549377880066769e-01,2.743562613067178635e-01,3.582439044131963124e-02,3.047276231709633229e-02
8.054999999999999716e+00,1.349740043195898215e-02,9.790507987832045705e-03,2.993767926294683690e-01,2.912164961401212948e-01,3.647794513920205040e-02,3.109878654114432706e-02
8.060000000000000497e+00,1.360919567143132301e-02,9.890394641738299922e-03,3.179043581484740089e-01,3.096809561744867656e-01,3.715157695761987788e-02,3.174460858790800755e-02
8.064999999999999503e+00,1.372259141359298378e-02,9.991817701230715915e-03,3.382476657646527052e-01,3.299595511278954341e-01,3.784613840119502304e-02,3.241107646563380629e-02
8.070000000000000284e+00,1.383761981468649600e-02,1.009480883711476144e-02,3.606522019793305112e-01,3.522976269436612351e-01,3.856252804618392344e-02,3.309908415227386103e-02
8.074999999999999289e+00,1.395431385593075280e-02,1.019940054045221159e-02,3.854063285673207662e-01,3.769833820859771478e-01,3.930169356803356329e-02,3.380957461996257629e-02
8.080000000000000071e+00,1.407270736920214829e-02,1.030562614818639894e-02,4.128505763892529878e-01,4.043571564741255120e-01,4.006463500380370857e-02,3.454354309423596225e-02
8.085000000000000853e+00,1.419283506365445584e-02,1.041351986970548774e-02,4.433893725595366986e-01,4.348231524970651574e-01,4.085240827050273804e-02,3.530204056903497173e-02
8.089999999999999858e+00,1.431473255331809462e-02,1.052311681438433850e-02,4.775059556749479683e-01,4.688643424179458896e-01,4.166612896255229848e-02,3.608617760070052805e-02
8.095000000000000639e+00,1.443843638572030186e-02,1.063445302014641609e-02,5.157815070756981424e-01,5.070615896017930391e-01,4.250697645398124336e-02,3.689712840655313270e-02
8.099999999999999645e+00,1.456398407156824816e-02,1.074756548308792962e-02,5.589199136097996456e-01,5.501183982955338836e-01,4.337619833361673616e-02,3.773613529631694719e-02
8.105000000000000426e+00,1.469141411554262741e-02,1.086249218821150678e-02,6.077801337535151394e-01,5.988932627799921082e-01,4.427511520454428806e-02,3.860451346765067515e-02
8.109999999999999432e+00,1.482076604824729069e-02,1.097927214131516963e-02,6.634189485685622056e-01,6.544423959171596916e-01,4.520512588242318885e-02,3.950365620036277309e-02
8.115000000000000213e+00,1.495208045936651312e-02,1.109794540208801708e-02,7.271480741998673780e-01,7.180768117129469053e-01,4.616771303100968005e-02,4.043504048765232672e-02
8.120000000000000995e+00,1.508539903208152774e-02,1.121855311846434167e-02,8.006114046524726025e-01,7.914395276114859490e-01,4.716444927742110410e-02,4.140023314689805084e-02
8.125000000000000000e+00,1.522076457880127895e-02,1.134113756229108982e-02,8.858908858525362806e-01,8.766113830718451627e-01,4.819700385438976942e-02,4.240089745723173154e-02
8.130000000000000782e+00,1.535822107826606726e-02,1.146574216636725430e-02,9.856537641487859158e-01,9.762582109067627911e-01,4.926714982206657767e-02,4.343880037644284875e-02
8.134999999999999787e+00,1.549781371408288227e-02,1.159241156291414623e-02,1.103360670077879080e+00,1.093838812010415218e+00,5.037677192787908681e-02,4.451582039570502192e-02
8.140000000000000568e+00,1.563958891475838997e-02,1.172119162354228784e-02,1.243564867217126224e+00,1.233904047407454296e+00,5.152787516971556875e-02,4.563395609737941339e-02
8.144999999999999574e+00,1.578359439529408020e-02,1.185212950077961340e-02,1.412350999811910590e+00,1.402535355986382903e+00,5.272259413527134730e-02,4.679533548871506188e-02
8.150000000000000355e+00,1.592987920041551500e-02,1.198527367123274415e-02,1.617992273213612275e+00,1.608001590595861341e+00,5.396320319902646323e-02,4.800222619289553488e-02
8.154999999999999361e+00,1.607849374950849619e-02,1.212067398045424925e-02,1.871958503669523655e+00,1.861766539655797192e+00,5.525212766804640102e-02,4.925704658860371316e-02
8.160000000000000142e+00,1.622948988334022360e-02,1.225838168959389116e-02,2.190503978171784105e+00,2.180075955037609425e+00,5.659195597886369777e-02,5.056237800033923369e-02
8.164999999999999147e+00,1.638292091264605815e-02,1.239844952391450789e-02,2.597244205692392782e+00,2.586532953204114360e+00,5.798545306025065793e-02,5.192097805427448032e-02
8.169999999999999929e+00,1.653884166866943090e-02,1.254093172325992066e-02,3.127479818801554678e+00,3.116419651319371376e+00,5.943557499101856378e-02,5.333579532875622198e-02
8.175000000000000711e+00,1.669730855574251896e-02,1.268588409456272020e-02,3.835731134604708270e+00,3.824227780463908655e+00,6.094548509825292726e-02,5.480998544483271784e-02
8.179999999999999716e+00,1.685837960600523183e-02,1.283336406648916649e-02,4.809435463801400523e+00,4.797348818022889816e+00,6.251857166006648259e-02,5.634692876085346802e-02
8.185000000000000497e+00,1.702211453636070029e-02,1.298343074631957625e-02,6.195045952311365234e+00,6.182159154905374265e+00,6.415846739823768963e-02,5.795024985647232590e-02
8.189999999999999503e+00,1.718857480777243388e-02,1.313614497916933826e-02,8.250324836117838956e+00,8.236285951517826831e+00,6.586907097055638705e-02,5.962383901583354767e-02
8.195000000000000284e+00,1.735782368701568878e-02,1.329156940966290390e-02,1.145428738979367012e+01,1.143849348156002499e+01,6.765457070079340662e-02,6.137187594781086386e-02
8.199999999999999289e+00,1.752992631099696205e-02,1.344976854617492210e-02,1.674462635917483766e+01,1.672598316705737886e+01,6.951947081647733007e-02,6.319885601343061543e-02
8.205000000000000071e+00,1.770494975376778191e-02,1.361080882776437642e-02,2.599481913231991825e+01,2.597125077082792899e+01,7.146862050198196648e-02,6.510961926792357968e-02
8.210000000000000853e+00,1.788296309635922093e-02,1.377475869392843014e-02,4.244931859432746535e+01,4.241704923469924893e+01,7.350724611742071035e-02,6.710938266783617046e-02
8.214999999999999858e+00,1.806403749957681548e-02,1.394168865731535215e-02,6.670457653653383545e+01,6.665951781603450854e+01,7.564098698376379992e-02,6.920377584354206468e-02
8.220000000000000639e+00,1.824824627989824616e-02,1.411167137953907129e-02,7.828054851789420354e+01,7.822934248835321114e+01,7.787593519241556295e-02,7.139888089530745108e-02
8.224999999999999645e+00,1.843566498862594938e-02,1.428478175024746818e-02,5.914484436132319445e+01,5.910358104932267054e+01,8.021867996479969953e-02,7.370127673836283921e-02
8.230000000000000426e+00,1.862637149445727641e-02,1.446109696960684761e-02,3.651115041191766863e+01,3.648166130995137735e+01,8.267635716600052476e-02,7.611808860092032780e-02
8.234999999999999432e+00,1.882044606963859806e-02,1.464069663436924108e-02,2.261742603820203357e+01,2.259513057850529805e+01,8.525670466813113635e-02,7.865704337068427088e-02
8.240000000000000213e+00,1.901797147988612199e-02,1.482366282770498228e-02,1.484240449466476974e+01,1.482409548283506240e+01,8.796812436660972345e-02,8.132653159289462974e-02
8.245000000000000995e+00,1.921903307825940585e-02,1.501008021298678129e-02,1.032408941736502328e+01,1.030805916084563734e+01,9.081975177859656634e-02,8.413567704899405086e-02
8.250000000000000000e+00,1.942371890318963373e-02,1.520003613172719870e-02,7.538126638692704162e+00,7.523466093372412899e+00,9.382153430147939510e-02,8.709441499361950112e-02
8.255000000000000782e+00,1.963211978087432696e-02,1.539362070588110726e-02,5.722397605115226327e+00,5.708597003963327587e+00,9.698431938468711488e-02,9.021358030298357034e-02
8.259999999999999787e+00,1.984432943225985721e-02,1.559092694473475024e-02,4.481904325591084870e+00,4.468660826271182884e+00,1.003199540757885727e-01,9.350500699535357896e-02
8.265000000000000568e+00,2.006044458485204893e-02,1.579205085662129318e-02,3.600519406395042310e+00,3.587643371688253424e+00,1.038413976485630386e-01,9.698164083102572830e-02
8.269999999999999574e+00,2.028056508960170840e-02,1.599709156571003238e-02,2.953517868424177628e+00,2.940884975232178178e+00,1.075628493144234754e-01,1.006576669928397061e-01
8.275000000000000355e+00,2.050479404313310106e-02,1.620615143413698181e-02,2.465403834422916773e+00,2.452929279275899432e+00,1.114998933696502575e-01,1.045486551992979712e-01
8.279999999999999361e+00,2.073323791559474744e-02,1.641933618975639428e-02,2.088537277391683489e+00,2.076161180347196655e+00,1.156696645515742639e-01,1.086717250229677079e-01
8.285000000000000142e+00,2.096600668443116683e-02,1.663675505981163094e-02,1.791751476765891304e+00,1.779430249103650219e+00,1.200910368828432689e-01,1.130457346927575685e-01
8.289999999999999147e+00,2.120321397438950511e-02,1.685852091083949941e-02,1.554008018972011129e+00,1.541709055280595653e+00,1.247848398934688630e-01,1.176914972691263939e-01
8.294999999999999929e+00,2.144497720409846431e-02,1.708475039514519012e-02,1.360712131718469831e+00,1.348410432500112721e+00,1.297741068499627670e-01,1.226320288207732589e-01
8.300000000000000711e+00,2.169141773957055860e-02,1.731556410419912706e-02,1.201493635008390903e+00,1.189169591895332889e+00,1.350843605197355468e-01,1.278928341300804294e-01
8.304999999999999716e+00,2.194266105500817035e-02,1.755108672933584912e-02,1.068826657752923293e+00,1.056464561864923546e+00,1.407439430962302840e-01,1.335022365517032350e-01
8.310000000000000497e+00,2.219883690131028986e-02,1.779144723015202434e-02,9.571460365344068855e-01,9.447330497401764671e-01,1.467843982544458914e-01,1.394917599926689400e-01
8.314999999999999503e+00,2.246007948270590734e-02,1.803677901102945444e-02,8.622669596492233968e-01,8.497923898449163405e-01,1.532409149607663612e-01,1.458965726363451176e-01
8.320000000000000284e+00,2.272652764196532102e-02,1.828722010623419839e-02,7.809949083627215627e-01,7.684496890591756557e-01,1.601528447053028048e-01,1.527560040766020588e-01
8.324999999999999289e+00,2.299832505466704868e-02,1.854291337406974161e-02,7.108580064810885446e-01,6.982343165614770530e-01,1.675643063630038454e-01,1.601141500661385497e-01
8.330000000000000071e+00,2.327562043303362319e-02,1.880400670059708540e-02,6.499198889929374001e-01,6.372108704500319964e-01,1.755248960560382154e-01,1.680205822486848244e-01
8.335000000000000853e+00,2.355856773987399788e-02,1.907065321345985040e-02,5.966466208200753574e-01,5.838461661504557032e-01,1.840905233590682255e-01,1.765311842132812337e-01
8.339999999999999858e+00,2.384732641321434671e-02,1.934301150639581440e-02,5.498105743545753654e-01,5.369131642418625283e-01,1.933244001914851684e-01,1.857091402104862898e-01
8.345000000000000639e+00,2.414206160222880093e-02,1.962124587504656889e-02,5.084200092804006532e-01,4.954205870971853942e-01,2.032982150788483211e-01,1.956261092075340380e-01
8.349999999999999645e+00,2.444294441512469621e-02,1.990552656471987827e-02,4.716668054773993091e-01,4.585606790907054697e-01,2.140935335432053443e-01,2.063636250356129798e-01
8.355000000000000426e+00,2.475015217968293615e-02,2.019603003080507400e-02,4.388872010863749673e-01,4.256699651484881497e-01,2.258034757376063684e-01,2.180147737364293847e-01
8.359999999999999432e+00,2.506386871719211429e-02,2.049293921258043411e-02,4.095319709722898827e-01,3.961994447462917623e-01,2.385347357996223938e-01,2.306862125725966939e-01
8.365000000000000213e+00,2.538428463057519971e-02,2.079644382121099630e-02,3.831435418154446881e-01,3.696917188963634304e-01,2.524100247494205362e-01,2.445006125143827647e-01
8.370000000000000995e+00,2.571159760755012402e-02,2.110674064277828776e-02,3.593382619753041074e-01,3.457632692011105013e-01,2.675710414479069987e-01,2.595996287017043880e-01
8.375000000000000000e+00,2.604601273973100595e-02,2.142403385724867687e-02,3.377925424313587555e-01,3.240906059503260717e-01,2.841821060235934504e-01,2.761475332686650352e-01
8.380000000000000782e+00,2.638774285863539765e-02,2.174853537434557130e-02,3.182319333970508035e-01,3.043993503477750995e-01,3.024346298651146014e-01,2.943356845999099414e-01
8.384999999999999787e+00,2.673700888962549788e-02,2.208046518735350822e-02,3.004224477062499843e-01,2.864555623272340146e-01,3.225526494039810954e-01,3.143880602073069741e-01
8.390000000000000568e+00,2.709404022489160860e-02,2.242005174596222936e-02,2.841636185385690849e-01,2.700588017923927220e-01,3.447997226516975044e-01,3.365681521436350021e-01
8.394999999999999574e+00,2.745907511665178491e-02,2.276753234932485034e-02,2.692829067397221054e-01,2.550365387380151838e-01,3.694875852218474366e-01,3.611876216209381485e-01
8.400000000000000355e+00,2.783236109183456070e-02,2.312315356059674309e-02,2.556311663195822703e-01,2.412396209872819386e-01,3.969870971180633479e-01,3.886172440301944864e-01
8.404999999999999361e+00,2.821415538959440306e-02,2.348717164430488141e-02,2.430789455704414903e-01,2.285385771039734892e-01,4.277421986804649245e-01,4.193008626409598927e-01
8.410000000000000142e+00,2.860472542310886490e-02,2.385985302799656371e-02,2.315134525086199879e-01,2.168205832719099502e-01,4.622878572010428178e-01,4.537733323358431603e-01
8.414999999999999147e+00,2.900434926720993692e-02,2.424147478971993078e-02,2.208360518243521753e-01,2.059869613956418211e-01,5.012733601391412552e-01,4.926838090960105054e-01
8.419999999999999929e+00,2.941331617351549549e-02,2.463232517300212310e-02,2.109601896435465140e-01,1.959511047797634631e-01,5.454928504999300154e-01,5.368262805001425830e-01
8.425000000000000711e+00,2.983192711484509291e-02,2.503270413110942477e-02,2.018096646050400456e-01,1.866367499325710666e-01,5.959257883779234266e-01,5.871800208134951848e-01
8.429999999999999716e+00,3.026049536084304825e-02,2.544292390251198105e-02,1.933171808028571748e-01,1.779765300766979752e-01,6.537911916926135714e-01,6.449638230834835451e-01
8.435000000000000497e+00,3.069934708686540212e-02,2.586330961961004135e-02,1.854231313207847509e-01,1.699107591202122236e-01,7.206212701635057449e-01,7.117096213993820975e-01
8.439999999999999503e+00,3.114882201834895739e-02,2.629419995293950582e-02,1.780745713389599305e-01,1.623864050886176247e-01,7.983627652608191738e-01,7.893638147350858780e-01
8.445000000000000284e+00,3.160927411304506607e-02,2.673594779323963666e-02,1.712243478180868195e-01,1.553562200398581894e-01,8.895185221099051187e-01,8.804288163680595858e-01
8.449999999999999289e+00,3.208107228368003300e-02,2.718892097394466634e-02,1.648303590862926771e-01,1.487779998004471749e-01,9.973485314866883389e-01,9.881640639632871537e-01
8.455000000000000071e+00,3.256460116380906211e-02,2.765350303686614844e-02,1.588549226570137862e-01,1.426139518615285040e-01,1.126160611704765557e+00,1.116876655342204927e+00
8.460000000000000853e+00,3.306026191983171825e-02,2.813009404403407285e-02,1.532642335891667706e-01,1.368301537543876734e-01,1.281739138566199365e+00,1.272350010438077383e+00
8.464999999999999858e+00,3.356847311238456144e-02,2.861911143891220782e-02,1.480278988869119239e-01,1.313960874092235109e-01,1.471991476186341075e+00,1.462490199626783838e+00
8.470000000000000639e+00,3.408967161056711964e-02,2.912099096044390434e-02,1.431185359979765259e-01,1.262842375612281132e-01,1.707946867036922445e+00,1.698324675424266461e+00
8.474999999999999645e+00,3.462431356273745764e-02,2.963618761366455800e-02,1.385114255382754733e-01,1.214697443356083928e-01,2.005342890490381613e+00,1.995588479579783803e+00
8.480000000000000426e+00,3.517287542791901894e-02,3.016517670092216941e-02,1.341842100488955247e-01,1.169301018205237686e-01,2.387223902710521983e+00,2.377322271160648981e+00
8.484999999999999432e+00,3.573585507217313245e-02,3.070845491806070346e-02,1.301166319591257614e-01,1.126448958037050974e-01,2.888347064830407263e+00,2.878277656503393622e+00
8.490000000000000213e+00,3.631377293466686584e-02,3.126654152029537809e-02,1.262903050477620637e-01,1.085955749663420067e-01,3.562950688880953010e+00,3.552684304144176686e+00
8.495000000000000995e+00,3.690717326853586860e-02,3.183997956287994840e-02,1.226885146139552463e-01,1.047652507462552840e-01,4.499062970982029341e+00,4.488556410667764673e+00
8.500000000000000000e+00,3.751662546208214821e-02,3.242933722210557951e-02,1.192960423263136338e-01,1.011385218392529678e-01,5.846158632012545375e+00,5.835344959024504341e+00
8.505000000000000782e+00,3.814272544630602918e-02,3.303520920263050553e-02,1.160990123459458012e-01,9.770131993404729265e-02,7.871386077520941882e+00,7.860155969019683830e+00
8.509999999999999787e+00,3.878609719527341404e-02,3.365821823764166693e-02,1.130847558397523600e-01,9.444077379627058288e-02,1.107914773239021677e+01,1.106731188410001998e+01
8.515000000000000568e+00,3.944739432639354781e-02,3.429901668892336442e-02,1.102416914340357129e-01,9.134508925044060312e-02,1.646837777284608961e+01,1.645558853701822954e+01
8.519999999999999574e+00,4.012730180827056570e-02,3.495828825449618510e-02,1.075592195213490032e-01,8.840344297115237948e-02,2.601062987494658074e+01,2.599622714413441571e+01
8.525000000000000355e+00,4.082653778448595838e-02,3.563674979218318245e-02,1.050276286377124085e-01,8.560588829852772141e-02,4.265953713617374632e+01,4.264239272793150803e+01
8.529999999999999361e+00,4.154585552238111018e-02,3.633515326817252089e-02,1.026380123836350133e-01,8.294327154879574393e-02,6.362450023021794721e+01,6.360392807070776655e+01
8.535000000000000142e+00,4.228604549673632002e-02,3.705428784047283541e-02,1.003821955788216369e-01,8.040715750676041829e-02,6.545623111122650073e+01,6.543526064739674553e+01
8.539999999999999147e+00,4.304793761911855643e-02,3.779498208803355741e-02,9.825266852444515531e-02,7.798976297021215087e-02,4.520374874872255333e+01,4.518587694296615354e+01
8.544999999999999929e+00,4.383240362465627010e-02,3.855810639728824568e-02,9.624252840441627210e-02,7.568389737285552421e-02,2.758839213808851554e+01,2.757319872443176223e+01
8.550000000000000711e+00,4.464035962906873906e-02,3.934457551894877253e-02,9.434542699448346392e-02,7.348290964796518054e-02,1.734785623038959201e+01,1.733417016383015152e+01
8.554999999999999716e+00,4.547276886998045942e-02,4.015535130908022554e-02,9.255552397263541731e-02,7.138064061617105382e-02,1.158756383774338516e+01,1.157467264108327143e+01
8.560000000000000497e+00,4.633064464784628078e-02,4.099144566978255022e-02,9.086744524801904088e-02,6.937138029732339839e-02,8.183633002481187191e+00,8.171160644092921643e+00
8.564999999999999503e+00,4.721505348327678653e-02,4.185392370626829506e-02,8.927624586388541172e-02,6.744982967179820321e-02,6.049325343623563001e+00,6.037067895616560875e+00
8.570000000000000284e+00,4.812711850915318834e-02,4.274390711872547155e-02,8.777737713533127761e-02,6.561106653002134192e-02,4.638041332932009375e+00,4.625881380504063500e+00
8.574999999999999289e+00,4.906802311769173364e-02,4.366257784912561113e-02,8.636665701529092076e-02,6.385051471110389509e-02,3.662169236264247729e+00,3.650034835884249595e+00
8.580000000000000071e+00,5.003901488460382740e-02,4.461118200512306786e-02,8.504023901156310128e-02,6.216391380764287045e-02,2.961831708172038891e+00,2.949676144153405399e+00
8.585000000000000853e+00,5.104140979465717626e-02,4.559103408535076368e-02,8.379458286130948841e-02,6.054728912195736501e-02,2.443425813922014189e+00,2.431217093511364613e+00
8.589999999999999858e+00,5.207659679540072029e-02,4.660352153287513483e-02,8.262642091597277583e-02,5.899690861696536143e-02,2.049572789919743343e+00,2.037287894595736226e+00
8.595000000000000639e+00,5.314604270849219297e-02,4.765010964624891154e-02,8.153272860126414834e-02,5.750926197755492492e-02,1.743665006573218212e+00,1.731286598197347093e+00
8.599999999999999645e+00,5.425129753108114128e-02,4.873234688061461872e-02,8.051081734098902709e-02,5.608114967576508653e-02,1.501527375118616225e+00,1.489041823058915082e+00
8.605000000000000426e+00,5.539400016306403329e-02,4.985187057467510563e-02,7.955825952764172815e-02,5.470958900073960574e-02,1.306706221926760669e+00,1.294102363955037305e+00
8.609999999999999432e+00,5.657588459973775241e-02,5.101041314305755636e-02,7.867281446601614991e-02,5.339175339468150983e-02,1.147703462530458740e+00,1.134971813243375705e+00
8.615000000000000213e+00,5.779878663359589580e-02,5.220980877781507962e-02,7.785243793848817262e-02,5.212498495017212075e-02,1.016296718289857459e+00,1.003428947187885445e+00
8.620000000000000995e+00,5.906465111364449933e-02,5.345200070744258319e-02,7.709529044302344813e-02,5.090679380107822338e-02,9.064851005744082313e-01,8.934736727332032169e-01
8.625000000000000000e+00,6.037553981589285912e-02,5.473904906706236750e-02,7.639972940798139822e-02,4.973484638586002371e-02,8.138088345529270740e-01,8.006467578185341161e-01
8.630000000000000782e+00,6.173363998451663476e-02,5.607313943927649119e-02,7.576429992008058834e-02,4.860695335004307227e-02,7.348992438348733724e-01,7.215798868928875454e-01
8.634999999999999787e+00,6.314127360980020809e-02,5.745659213179293845e-02,7.518772716940215484e-02,4.752105885129558061e-02,6.671744161902393166e-01,6.536913743657264408e-01
8.640000000000000568e+00,6.460090751640076845e-02,5.889187226536773956e-02,7.466891048805726627e-02,4.647523104408517181e-02,6.086292074159087573e-01,5.949762011438122222e-01
8.644999999999999574e+00,6.611516434379655083e-02,6.038160075392558918e-02,7.420691872365368924e-02,4.546765349514546306e-02,5.576876746994231526e-01,5.438584706831469662e-01
8.650000000000000355e+00,6.768683451025736542e-02,6.192856626819662202e-02,7.380098681135269234e-02,4.449661737855105381e-02,5.130976474093301709e-01,4.990859957099074151e-01
8.654999999999999361e+00,6.931888926227136594e-02,6.353573828480361951e-02,7.345051348421023640e-02,4.356051435390056320e-02,4.738542557021480084e-01,4.596538380878408825e-01
8.660000000000000142e+00,7.101449492345002223e-02,6.520628133482118949e-02,7.315506010343288124e-02,4.265783005877465256e-02,4.391436900942301547e-01,4.247480763567113016e-01
8.664999999999999147e+00,7.277702847055027291e-02,6.694357057944572142e-02,7.291435061771074644e-02,4.178713816232783318e-02,4.083013104013738515e-01,3.937039202665605364e-01
8.669999999999999929e+00,7.461009457975430192e-02,6.875120885591674835e-02,7.272827268332912598e-02,4.094709493735397554e-02,3.807800750320349814e-01,3.659741439190682399e-01
8.675000000000000711e+00,7.651754430392913864e-02,7.063304535441142229e-02,7.259687999869914032e-02,4.013643431642948539e-02,3.561264889461469574e-01,3.411050362558787907e-01
8.679999999999999716e+00,7.850349556165543696e-02,7.259319610670152134e-02,7.252039593069806167e-02,3.935396340512990754e-02,3.339620948140835099e-01,3.187178937217753916e-01
8.685000000000000497e+00,8.057235564162745778e-02,7.463606649017492933e-02,7.249921853758752033e-02,3.859855843265309200e-02,3.139690964333456957e-01,2.984946443596930843e-01
8.689999999999999503e+00,8.272884595216091486e-02,7.676637597695779025e-02,7.253392712611017590e-02,3.786916112798076328e-02,2.958790945321790877e-01,2.801665835984878394e-01
8.695000000000000284e+00,8.497802927541033002e-02,7.898918538773927467e-02,7.262529052090903325e-02,3.716477551858201472e-02,2.794641895103762708e-01,2.635054763644744669e-01
8.699999999999999289e+00,8.732533982013820917e-02,8.130992694414079791e-02,7.277427727569056592e-02,3.648446515928664702e-02,2.645299005620882493e-01,2.483164750015464106e-01
8.705000000000000071e+00,8.977661640626993789e-02,8.373443745286344997e-02,7.298206812179522385e-02,3.582735081223962365e-02,2.509094906109083922e-01,2.344324424346579949e-01
8.710000000000000853e+00,9.233813915969295294e-02,8.626899500007229049e-02,7.325007103715597268e-02,3.519260861617627689e-02,2.384593881119796144e-01,2.217093716017275729e-01
8.714999999999999858e+00,9.501667014807058109e-02,8.892035958678742857e-02,7.357993943600897591e-02,3.457946880649935550e-02,2.270554713032848781e-01,2.100226666695351185e-01
8.720000000000000639e+00,9.781949844873652489e-02,9.169581819634788078e-02,7.397359414064155758e-02,3.398721507981318501e-02,2.165900356857963227e-01,1.992641067026770241e-01
8.724999999999999645e+00,1.007544902096918077e-01,9.460323485496975604e-02,7.443325002155777581e-02,3.341518474209125011e-02,2.069693067963762345e-01,1.893393536818009093e-01
8.730000000000000426e+00,1.038301443458536366e-01,9.765110632754825382e-02,7.496144851389358044e-02,3.286276984559222819e-02,1.981113915392706537e-01,1.801658978907083597e-01
8.734999999999999432e+00,1.070556546070759174e-01,1.008486241852226684e-01,7.556109768705224217e-02,3.232941961716252754e-02,1.899445852106887711e-01,1.716713574472804593e-01
8.740000000000000213e+00,1.104409788645732415e-01,1.042057440913363719e-01,7.623552224514712483e-02,3.181464462785114911e-02,1.824059699035113780e-01,1.637920671364532510e-01
8.745000000000000995e+00,1.139969165909194282e-01,1.077332632809625823e-01,7.698852690805338406e-02,3.131802338114875878e-02,1.754402547527062206e-01,1.564719062161001872e-01
8.750000000000000000e+00,1.177351956596015270e-01,1.114429073599765008e-01,7.782447830775418574e-02,3.083921235623452578e-02,1.689988207290704092e-01,1.496613266994789859e-01
8.755000000000000782e+00,1.216685697670514266e-01,1.153474277265957859e-01,7.874841325913925494e-02,3.037796112395811654e-02,1.630389435696714129e-01,1.433165538209386913e-01
8.759999999999999787e+00,1.258109279885895604e-01,1.194607111268240346e-01,7.976618581045184786e-02,2.993413512028007123e-02,1.575231792446971646e-01,1.373989400579369580e-01
8.765000000000000568e+00,1.301774182259684554e-01,1.237979031014841691e-01,8.088467333122650871e-02,2.950775031961509753e-02,1.524189089137983899e-01,1.318744646323278258e-01
8.769999999999999574e+00,1.347845865956566469e-01,1.283755473739825737e-01,8.211207599085904030e-02,2.909902698972002821e-02,1.476980576657665467e-01,1.267133841101290292e-01
8.775000000000000355e+00,1.396505351534370054e-01,1.332117435743774836e-01,8.345837038214054537e-02,2.870847512155389261e-02,1.433370292825142667e-01,1.218900607444003692e-01
8.779999999999999361e+00,1.447951007632553577e-01,1.383263261076876915e-01,8.493602984913153908e-02,2.833703451896969414e-02,1.393169499238122722e-01,1.173830320837581515e-01
8.785000000000000142e+00,1.502400584113258164e-01,1.437410674674468314e-01,8.656123075711788517e-02,2.798631339983662786e-02,1.356244136428165492e-01,1.131754566030400144e-01
8.789999999999999147e+00,1.560093528573564536e-01,1.494799098863683895e-01,8.835599292166095020e-02,2.765901302896450059e-02,1.322531322428638356e-01,1.092562171344271665e-01
8.794999999999999929e+00,1.621293632256077255e-01,1.555692299268313095e-01,9.035219578640049654e-02,2.735971853236763077e-02,1.292073382539785653e-01,1.056222742715457741e-01
8.800000000000000711e+00,1.686292059964275836e-01,1.620381414718318203e-01,9.259930077098535439e-02,2.709640959285145728e-02,1.265086058941850833e-01,1.022834373308765255e-01
8.804999999999999716e+00,1.755410828981867066e-01,1.689188436163238660e-01,9.517716733497873227e-02,2.688308734867739247e-02,1.242076173367623326e-01,9.927078293084484750e-02
8.810000000000000497e+00,1.829006814631822242e-01,1.762470212225161759e-01,9.819598871277762653e-02,2.674158247639752545e-02,1.223877509000818736e-01,9.664140404459960199e-02
8.814999999999999503e+00,1.907476375535087643e-01,1.840623074451245289e-01,1.017109548002651243e-01,2.669607660868347082e-02,1.211114247234850727e-01,9.445439059741431165e-02
8.820000000000000284e+00,1.991260710532476996e-01,1.924088194229304216e-01,1.058524003320577278e-01,2.680433884344847473e-02,1.205536758103168266e-01,9.287329551517246873e-02
8.824999999999999289e+00,2.080852082498426681e-01,2.013357806595130195e-01,1.113051140228720204e-01,2.722054662004927406e-02,1.213736694977489011e-01,9.238922391000890799e-02
8.830000000000000071e+00,2.176801073034605738e-01,2.108982464919542943e-01,1.184032062839322080e-01,2.802240913897628000e-02,1.238938367290537690e-01,9.324826547204868865e-02
8.835000000000000853e+00,2.279725067743983424e-01,2.211579526175762034e-01,1.254544629759848651e-01,2.870934710228577671e-02,1.261134892027412913e-01,9.384261734322783821e-02
8.839999999999999858e+00,2.390318216348997216e-01,2.321843111050750363e-01,1.295585838878329510e-01,2.834895189335697244e-02,1.244315683262830763e-01,9.117473607392717616e-02
8.845000000000000639e+00,2.509363167795409799e-01,2.440555839042106157e-01,1.305006255110626734e-01,2.722943138680216507e-02,1.195961575982642106e-01,8.612709649548873359e-02
8.849999999999999645e+00,2.637744950924668652e-01,2.568602709123321004e-01,1.321154823454345206e-01,2.651574495880177490e-02,1.161335091470199060e-01,8.241696638282736131e-02
8.855000000000000426e+00,2.776467460576723667e-01,2.706987585839346622e-01,1.363796796657935073e-01,2.648377678723200929e-02,1.154123522426132586e-01,8.091159795994405657e-02
8.859999999999999432e+00,2.926673122792416426e-01,2.856852864501595590e-01,1.432157501173622616e-01,2.682456122785709107e-02,1.165068631358094631e-01,8.064480504445652176e-02
8.865000000000000213e+00,3.089666458737024279e-01,3.019503035103933697e-01,1.517695552722322372e-01,2.650489261234700855e-02,1.162359503654140369e-01,7.844644522489449545e-02
8.870000000000000995e+00,3.266942455316108607e-01,3.196433052930838237e-01,1.625387848698268689e-01,2.555593365739552286e-02,1.147439591873645748e-01,7.436272168320443021e-02
8.875000000000000000e+00,3.460220895155958765e-01,3.389362668529979361e-01,1.742151054455244596e-01,2.488553096491380456e-02,1.141531214530016325e-01,7.114486505624129098e-02
8.880000000000000782e+00,3.671488118738885920e-01,3.600278189839504761e-01,1.825103420263386178e-01,2.454677190335726594e-02,1.135151277478760740e-01,6.899265593136838515e-02
8.884999999999999787e+00,3.903048113379421480e-01,3.831483571156051871e-01,1.888063506138903946e-01,2.440344152257765270e-02,1.129887020456690622e-01,6.750850951555512069e-02
8.890000000000000568e+00,4.157585384096165182e-01,4.085663283998248740e-01,1.976129995539311623e-01,2.454364564592638465e-02,1.138717690175288788e-01,6.686181458582900194e-02
8.894999999999999574e+00,4.438242811863323256e-01,4.365960175349729022e-01,2.117156252203272748e-01,2.479238138619123399e-02,1.162136241834850758e-01,6.650573111256026515e-02
8.900000000000000355e+00,4.748718718504513769e-01,4.676072532544237603e-01,2.284616505281574228e-01,2.469017359550862087e-02,1.182539266661910005e-01,6.522755871762203617e-02
8.904999999999999361e+00,5.093388739715282165e-01,5.020375956279270468e-01,2.419334253874227125e-01,2.409370529987702944e-02,1.182269027321199845e-01,6.273274642107527777e-02
8.910000000000000142e+00,5.477460010930634837e-01,5.404077546474537197e-01,2.509334706150734839e-01,2.356029687362722058e-02,1.167115134179224634e-01,6.044960151438429075e-02
8.914999999999999147e+00,5.907167818885497024e-01,5.833412553823169588e-01,2.599852118375914345e-01,2.334919979457590264e-02,1.155250446862505498e-01,5.902555083119165324e-02
8.919999999999999929e+00,6.390028597664996202e-01,6.315897375832550953e-01,2.747515599901141914e-01,2.342876050875165872e-02,1.161423927403918699e-01,5.835827770990220653e-02
8.925000000000000711e+00,6.935168453360590624e-01,6.860658081470798475e-01,2.946379342531901813e-01,2.364372495301533122e-02,1.179338413710705746e-01,5.801136728071863702e-02
8.929999999999999716e+00,7.553754052714916067e-01,7.478861299801762286e-01,3.175688108299404844e-01,2.383980492424641467e-02,1.198275983704292363e-01,5.758172167904666849e-02
8.935000000000000497e+00,8.259563898048931652e-01,8.184285494902103775e-01,3.474890634067464013e-01,2.406402090619221695e-02,1.227064518478172411e-01,5.734216480964082763e-02
8.939999999999999503e+00,9.069754610225568836e-01,8.994087248814676139e-01,3.886429215224727618e-01,2.447482753339359773e-02,1.276030373463848955e-01,5.773955007892137697e-02
8.945000000000000284e+00,1.000590186738454124e+00,9.929842200272835928e-01,4.426223295678003988e-01,2.531003938870628189e-02,1.350395060951246895e-01,5.920748786480889425e-02
8.949999999999999289e+00,1.109543403239078074e+00,1.101897867213816884e+00,4.981043990735266047e-01,2.591211365035480524e-02,1.413706943756969647e-01,6.000540549222163622e-02
8.955000000000000071e+00,1.237363648739047139e+00,1.229678200594557236e+00,5.489298156767710157e-01,2.572701510432740327e-02,1.437432411591467452e-01,5.866754472039520385e-02
8.960000000000000853e+00,1.388650035755134571e+00,1.380924328563236436e+00,6.193270628528828592e-01,2.583237025804835385e-02,1.478363985024746530e-01,5.790127129568210101e-02
8.964999999999999858e+00,1.569484528592358652e+00,1.561718211238776854e+00,7.286793289606341428e-01,2.690642228152273149e-02,1.571232567051071560e-01,5.933824544821966751e-02
8.970000000000000639e+00,1.788040648462818849e+00,1.780233365582960303e+00,8.976870998063156692e-01,2.941374781604206429e-02,1.737307848003807886e-01,6.391979448449985890e-02
8.974999999999999645e+00,2.055502328078314012e+00,2.047653719991853638e+00,1.151580013223984400e+00,3.416553717060737128e-02,2.011808078898406904e-01,7.332699570845184478e-02
8.980000000000000426e+00,2.387485592454175354e+00,2.379595295098423158e+00,1.445541931140499781e+00,4.089199217666555919e-02,2.376814773563666605e-01,8.703259332972039519e-02
8.984999999999999432e+00,2.806299765188891016e+00,2.798367410050915272e+00,1.647553964004998317e+00,4.372215208393026575e-02,2.613025298681687647e-01,9.260913397616785114e-02
8.990000000000000213e+00,3.344657085286002474e+00,3.336682299333478596e+00,1.887148658709685289e+00,3.857016189543392704e-02,2.686960428505012488e-01,8.113217928123597766e-02
8.995000000000000995e+00,4.051974405841496818e+00,4.043956811452257050e+00,2.275247697869378971e+00,3.220105490689414984e-02,2.843689121793395724e-01,6.693954883112254728e-02
9.000000000000000000e+00,5.005506697748611344e+00,4.997445912638865728e+00,2.616147270212732856e+00,2.823437034286976899e-02,2.896927025711910075e-01,5.786441603551850665e-02
9.004999999999999005e+00,6.330901196281143228e+00,6.322796833432341224e+00,3.005088218221966923e+00,2.607328004240967029e-02,2.691741490599299236e-01,5.266622857479752451e-02
9.009999999999999787e+00,8.242024208108915673e+00,8.233875875693220436e+00,3.835892765383162928e+00,2.490518656687037979e-02,2.541774400423982283e-01,4.959236091003910163e-02
9.015000000000000568e+00,1.112213118648630150e+01,1.111393848779064442e+01,5.465769234956044720e+00,2.428687012017079205e-02,2.539378871487842360e-01,4.768402996447416997e-02
9.019999999999999574e+00,1.569679843526760266e+01,1.568856096861628657e+01,8.416094897192001767e+00,2.399738132738335125e-02,2.648795895809195611e-01,4.646407505604616128e-02
9.025000000000000355e+00,2.340540336045067704e+01,2.339712071912649094e+01,1.262580936212932059e+01,2.392619781064911355e-02,2.845904608622187859e-01,4.569124813784850025e-02
9.030000000000001137e+00,3.707847818179668309e+01,3.707014995396050949e+01,1.456474548284339399e+01,2.401836066290172211e-02,3.127908003046578900e-01,4.524151418919052786e-02
9.035000000000000142e+00,6.080807088452058196e+01,6.079969665312945892e+01,1.248213381869767247e+01,2.424932836307579914e-02,3.508331387799757950e-01,4.505373138105484010e-02
9.039999999999999147e+00,8.965426733619653987e+01,8.964584667892009406e+01,1.126500163970919210e+01,2.461383564448082345e-02,4.017127151008578756e-01,4.510497212480302220e-02
9.044999999999999929e+00,9.011032587134603489e+01,9.010185836048134433e+01,1.277233979799285635e+01,2.512181090913470638e-02,4.707157719040396260e-01,4.540034341450781968e-02
9.050000000000000711e+00,6.144081480286611452e+01,6.143230000525092294e+01,1.462030179753924841e+01,2.579871915438642499e-02,5.669948307007987021e-01,4.597128506010858540e-02
9.054999999999999716e+00,3.747072435743331908e+01,3.746216183435743829e+01,1.217396506783409826e+01,2.668998141521949224e-02,7.069382363289616888e-01,4.688083222759863861e-02
9.060000000000000497e+00,2.362408948712996448e+01,2.361547879424511365e+01,8.044033126009157542e+00,2.787098048889968122e-02,9.213388800273996093e-01,4.823752699812639683e-02
9.064999999999999503e+00,1.582328588481033194e+01,1.581462657203805477e+01,5.294115808499815223e+00,2.946684597963104835e-02,1.269600118962038282e+00,5.022372688609798297e-02
9.070000000000000284e+00,1.119988800056655975e+01,1.119117961200440092e+01,3.782585777081310052e+00,3.169157495873723557e-02,1.853457061310418874e+00,5.315179268793253364e-02
9.074999999999999289e+00,8.292694451006289214e+00,8.283936524832087755e+00,3.000781679754583653e+00,3.492785005625932693e-02,2.718472367065354334e+00,5.757881957841799736e-02
9.080000000000000071e+00,6.365641931863900815e+00,6.356834000238183791e+00,2.691601293943509887e+00,3.989340225439545751e-02,3.487573511443377239e+00,6.454960025849507121e-02
9.085000000000000853e+00,5.030389243427206836e+00,5.021530832393638732e+00,2.797322985835535292e+00,4.798029949635534974e-02,3.970244314684466591e+00,7.611148174295623292e-02
9.089999999999999858e+00,4.070484589810134501e+00,4.061575219193971797e+00,3.380690741999955229e+00,6.184725830611584318e-02,4.160484566485578739e+00,9.621334242616060017e-02
9.095000000000000639e+00,3.358895148524913665e+00,3.349934331829421019e+00,4.252641437423401172e+00,8.492287654573885125e-02,3.615616301357693185e+00,1.303748135767084926e-01
9.099999999999999645e+00,2.817585572169277075e+00,2.808572816470056743e+00,4.305279745985697737e+00,1.123180023336565470e-01,3.177680225659226032e+00,1.742412830368489651e-01
9.105000000000000426e+00,2.396679472836158453e+00,2.387614278673344081e+00,3.430534842234519655e+00,1.181050595585895341e-01,3.321462906895911171e+00,1.902182189208122542e-01
9.109999999999999432e+00,2.063183164837263384e+00,2.054065026105524439e+00,2.532540054712240973e+00,9.525493656653501173e-02,4.169895610797682117e+00,1.563503438832385406e-01
9.115000000000000213e+00,1.794608893391895998e+00,1.785437297228205766e+00,1.835804917130972269e+00,7.426704777907497390e-02,5.911128940151573197e+00,1.203140159036009960e-01
9.120000000000000995e+00,1.575224020830404914e+00,1.565998447499513446e+00,1.412936253196323433e+00,6.515058638066126284e-02,7.770081427808796626e+00,1.031526132880199453e-01
9.125000000000000000e+00,1.393766328683472944e+00,1.384486251461035211e+00,1.208811657436341003e+00,6.599827553545357939e-02,7.572702041013646301e+00,1.023942631837442413e-01
9.129999999999999005e+00,1.242008472416415987e+00,1.232673357469713071e+00,1.155554241540607485e+00,7.388926574942678016e-02,5.716728935565432934e+00,1.139621533170979417e-01
9.134999999999999787e+00,1.113830687915217332e+00,1.104439994181419138e+00,1.144828624522083782e+00,7.767771767642558944e-02,4.351682004212197974e+00,1.216097236117660296e-01
9.140000000000000568e+00,1.004606805557919591e+00,9.951599846198222465e-01,1.045135050726601511e+00,7.094018294391438162e-02,3.467178035051495133e+00,1.099945457893199696e-01
9.144999999999999574e+00,9.107885846669745433e-01,9.012850806261589742e-01,9.205606035355673455e-01,6.654790216776186595e-02,2.608358445807038795e+00,9.865545878644138567e-02
9.150000000000000355e+00,8.296186178289214341e-01,8.200578671762633887e-01,8.798204116099472838e-01,6.765043662554690029e-02,1.972367982216499893e+00,9.620130498631775107e-02
9.155000000000001137e+00,7.589284082975643608e-01,7.493098397810352695e-01,9.259276722405087590e-01,6.872550460782285431e-02,1.646274181535434034e+00,9.621746922421409165e-02
9.160000000000000142e+00,6.969939910763267576e-01,6.873170255660172590e-01,9.915078677823454534e-01,6.757086233367373684e-02,1.480729891220639693e+00,9.431992759560964279e-02
9.164999999999999147e+00,6.424311337093708829e-01,6.326951840596695131e-01,1.029417965247168887e+00,6.531011838150638238e-02,1.345978567846235263e+00,9.013851479944898215e-02
9.169999999999999929e+00,5.941182106988265321e-01,5.843226816076818597e-01,1.112172686534807609e+00,6.722744033267390174e-02,1.308026575178488748e+00,9.113618486611074765e-02
9.175000000000000711e+00,5.511387203349293884e-01,5.412830082001247600e-01,1.225792080123388361e+00,7.473546552170587387e-02,1.364621591854685345e+00,9.967430757748482750e-02
9.179999999999999716e+00,5.127379380440514334e-01,5.028214308164176138e-01,1.354459074034116473e+00,8.352118331155793107e-02,1.486598213092276799e+00,1.112999102734314461e-01
9.185000000000000497e+00,4.782898747785124249e-01,4.683119518119998048e-01,1.387393576422758512e+00,8.393362269817820909e-02,1.589045468149929752e+00,1.113130518244896811e-01
9.189999999999999503e+00,4.472718370441015057e-01,4.372318689426363258e-01,1.258676578932589551e+00,7.926137571738726961e-02,1.556109785492990838e+00,1.020950920149583108e-01
9.195000000000000284e+00,4.192446564663862008e-01,4.091420049274271387e-01,1.122783571177684570e+00,7.830503696024145033e-02,1.376744674259858581e+00,9.771869882597078449e-02
9.199999999999999289e+00,3.938371914615309555e-01,3.836712091162439164e-01,1.035200124787284182e+00,8.180741313956685357e-02,1.200362597107366147e+00,9.923493510707120935e-02
9.205000000000000071e+00,3.707340789736322528e-01,3.605041092235972688e-01,9.362442597636718711e-01,8.286050212014413330e-02,1.045988992885636959e+00,9.863901888411913399e-02
9.210000000000000853e+00,3.496659809794302465e-01,3.393713578297927191e-01,8.516481028304021539e-01,8.253020125882475078e-02,9.349358841553875310e-01,9.665517455572342209e-02
9.214999999999999858e+00,3.304017621223578893e-01,3.200418100113327502e-01,8.108514393039657486e-01,8.852948409187863521e-02,8.804779062713986582e-01,1.016581685303474536e-01
9.220000000000000639e+00,3.127421740031006703e-01,3.023162076277362553e-01,8.074114479782872333e-01,1.040909377707159300e-01,8.614766518125854811e-01,1.174400796606636654e-01
9.224999999999999645e+00,2.965147237007582093e-01,2.860220478388637577e-01,7.831770249905910530e-01,1.217505313963720553e-01,8.447993140742008356e-01,1.372367546911767433e-01
9.230000000000000426e+00,2.815694796234805009e-01,2.710093889516179688e-01,7.049611380692443197e-01,1.191945985962741816e-01,7.584536049816370529e-01,1.351377099094214496e-01
9.234999999999999432e+00,2.677756241731160114e-01,2.571474030805541711e-01,6.673197192000708267e-01,1.050704066927404257e-01,6.888228263270461671e-01,1.165736254484725093e-01
9.240000000000000213e+00,2.550186051533155918e-01,2.443215275518415830e-01,6.766669582094441138e-01,9.701804868329086395e-02,6.737755774160327782e-01,1.038810458876283649e-01
9.245000000000000995e+00,2.431977700514286744e-01,2.324310991809088733e-01,6.612219169944955066e-01,9.562525131498404718e-02,6.456331893022818624e-01,9.890702999578226962e-02
9.250000000000000000e+00,2.322243919342732443e-01,2.213873801638516214e-01,6.127068483182521730e-01,9.823067212978772722e-02,5.897527386723236953e-01,9.833229196191739518e-02
9.254999999999999005e+00,2.220200146387690254e-01,2.111119032635884740e-01,5.484162780333410314e-01,1.029214734427452843e-01,5.198920281936446619e-01,9.964620009673368084e-02
9.259999999999999787e+00,2.125150596126614833e-01,2.015350786459898791e-01,5.246513922031682542e-01,1.116020540119523619e-01,4.882898350906567653e-01,1.043757859460649612e-01
9.265000000000000568e+00,2.036476482020300183e-01,1.925950161626692747e-01,5.401387658450359508e-01,1.239329397654602150e-01,4.950750603686023821e-01,1.120881033498642571e-01
9.269999999999999574e+00,1.953626021564185966e-01,1.842365258512710935e-01,5.081558114889318523e-01,1.332300427504716223e-01,4.586247273555097426e-01,1.164447743259292567e-01
9.275000000000000355e+00,1.876105922021167882e-01,1.764102665037793338e-01,4.309029576410653428e-01,1.382693427955164756e-01,3.786655257460215251e-01,1.160752629199729991e-01
9.280000000000001137e+00,1.803474101498614979e-01,1.690720177691144022e-01,3.748346269780072348e-01,1.459917600223917533e-01,3.173579738063703748e-01,1.169662314580363072e-01
9.285000000000000142e+00,1.735333444807395376e-01,1.621820557337925461e-01,3.485679792165329860e-01,1.590558267606456133e-01,2.826334489085488566e-01,1.210433702800028655e-01
9.289999999999999147e+00,1.671326429425186444e-01,1.557046155128724851e-01,3.425056818156650418e-01,1.775401277944648193e-01,2.647736987782212670e-01,1.277586611611357947e-01
9.294999999999999929e+00,1.611130485777575727e-01,1.496074272725346765e-01,3.506014888622907555e-01,2.019340762960820657e-01,2.571022877721512723e-01,1.366841342202518295e-01
9.300000000000000711e+00,1.554453979421104581e-01,1.438613144427046686e-01,3.707856745151432154e-01,2.335895262411740170e-01,2.562793072943551076e-01,1.477649575490077583e-01
9.304999999999999716e+00,1.501032721700573114e-01,1.384398447769467078e-01,4.036171321728220240e-01,2.748649546471705341e-01,2.607738946647868428e-01,1.612067183425731076e-01
9.310000000000000497e+00,1.450626930943469672e-01,1.333190264659098456e-01,4.518645566218729148e-01,3.295263436668630086e-01,2.700271529999314080e-01,1.774198639697070756e-01
9.314999999999999503e+00,1.403018578945960104e-01,1.284770427797648218e-01,5.209533798733942955e-01,4.035825855010575780e-01,2.840855722746564727e-01,1.970245549933341556e-01
9.320000000000000284e+00,1.358009067939510706e-01,1.238940197585334801e-01,6.203909617551149891e-01,5.068966907226415408e-01,3.034719420691615599e-01,2.209005907628453502e-01
9.324999999999999289e+00,1.315417191843670230e-01,1.195518223308585370e-01,7.668392270450811177e-01,6.563502049406688688e-01,3.291914490106974123e-01,2.502838621443349010e-01
9.330000000000000071e+00,1.275077342745715991e-01,1.154338749552777932e-01,9.905578429799370976e-01,8.823306095823533202e-01,3.628446928939031979e-01,2.869271049095067916e-01
9.335000000000000853e+00,1.236837929481651860e-01,1.115250034714466293e-01,1.349251161176773017e+00,1.242592987725839482e+00,4.068653021076388820e-01,3.333634224398899226e-01
9.339999999999999858e+00,1.200559980141244487e-01,1.078112953435705346e-01,1.957782893836055971e+00,1.851962120442028681e+00,4.649462043687662693e-01,3.933462345598469079e-01
9.345000000000000639e+00,1.166115904460463537e-01,1.042799758923785569e-01,3.040817457907712296e+00,2.934932271488809086e+00,5.427920342719280145e-01,4.726073684609963799e-01
9.349999999999999645e+00,1.133388395541173044e-01,1.009192984596158360e-01,4.905610176567908987e+00,4.798489963322396967e+00,6.494788215333738846e-01,5.802155306584785288e-01
9.355000000000000426e+00,1.102269453263508558e-01,9.771844674159183008e-02,7.056678849769568274e+00,6.947653945110905838e+00,8.000099996742696673e-01,7.311224614236212505e-01
9.359999999999999432e+00,1.072659514228009314e-01,9.466744777548422030e-02,6.875331193811496711e+00,6.766294488897256265e+00,1.020354248928278418e+00,9.511761981826802881e-01
9.365000000000000213e+00,1.044466675156451307e-01,9.175709427128590778e-02,4.655251775895194122e+00,4.547802322979393352e+00,1.357876222379860609e+00,1.287497368401152587e+00
9.370000000000000995e+00,1.017605998457134231e-01,8.897887515996324992e-02,2.888515449434668092e+00,2.781799380098496144e+00,1.903766993349837566e+00,1.830790245314249720e+00
9.375000000000000000e+00,9.919988901721375762e-02,8.632491337956843536e-02,1.876927224870175159e+00,1.769764551387684293e+00,2.840320425005999905e+00,2.762366149559064787e+00
9.379999999999999005e+00,9.675725418153328927e-02,8.378791005017766080e-02,1.307404269585389578e+00,1.198874814034367242e+00,4.512507413157720748e+00,4.425334097097470831e+00
9.384999999999999787e+00,9.442594287136438225e-02,8.136109429889525069e-02,9.704742741901782876e-01,8.597985303748800767e-01,7.264191898119898738e+00,7.161691774908562458e+00
9.390000000000000568e+00,9.219968584114426879e-02,7.903817809090415980e-02,7.600459092421170126e-01,6.464612888128824508e-01,9.727715444028799396e+00,9.611059270274516564e+00
9.394999999999999574e+00,9.007265635117500668e-02,7.681331550392071772e-02,6.226484991722727180e-01,5.053280491780673955e-01,8.469201523541979526e+00,8.357877738123132616e+00
9.400000000000000355e+00,8.803943340293274300e-02,7.468106595355240851e-02,5.300864804507768868e-01,4.080738673116067750e-01,5.472193026392459636e+00,5.375001646705200642e+00
9.405000000000001137e+00,8.609496849365583238e-02,7.263636093764015700e-02,4.667402897213208668e-01,3.388816918608713591e-01,3.402000685908018518e+00,3.313377185544988279e+00
9.410000000000000142e+00,8.423455551064427949e-02,7.067447392000562878e-02,4.236142580177663097e-01,2.884726952576868175e-01,2.240002819722142657e+00,2.154338436040407867e+00
9.414999999999999147e+00,8.245380343119146360e-02,6.879099301951555057e-02,3.954370211003503943e-01,2.511734785644264556e-01,1.581527488440603202e+00,1.495177659542595627e+00
9.419999999999999929e+00,8.074861153349385812e-02,6.698179620979696769e-02,3.792042368090575155e-01,2.234032040298351007e-01,1.189215820560626025e+00,1.099520685280046095e+00
9.425000000000000711e+00,7.911514685827070181e-02,6.524302876932494555e-02,3.734556342506450966e-01,2.028584296401942377e-01,9.444989559642638088e-01,8.490195003622653669e-01
9.429999999999999716e+00,7.754982369076963977e-02,6.357108275154609023e-02,3.779781575478333711e-01,1.880598113134487326e-01,7.874333021965967960e-01,6.834360900223546142e-01
9.435000000000000497e+00,7.604928485901986390e-02,6.196257827088763603e-02,3.938273361194810640e-01,1.780986035491512742e-01,6.865902685443608933e-01,5.705663774074951622e-01
9.439999999999999503e+00,7.461038466713040829e-02,6.041434642343787575e-02,4.236985413933309075e-01,1.725039760357982843e-01,6.253004553150978140e-01,4.923289233139019339e-01
9.445000000000000284e+00,7.323017330248228485e-02,5.892341368113165195e-02,4.728497648831779809e-01,1.711964512778070269e-01,5.954770967828498796e-01,4.381878849455747016e-01
9.449999999999999289e+00,7.190588257336391620e-02,5.748698761597873658e-02,5.510980074148442709e-01,1.745230281911161474e-01,5.952381828296582356e-01,4.019249151007311949e-01
9.455000000000000071e+00,7.063491284908263168e-02,5.610244382635205113e-02,6.771122875216909476e-01,1.834024081550367224e-01,6.291052963762668870e-01,3.800347554097091018e-01
9.460000000000000853e+00,6.941482108829645503e-02,5.476731395106608502e-02,8.875787315433543156e-01,1.996640520705031396e-01,7.111632264848968266e-01,3.710119222743858969e-01
9.464999999999999858e+00,6.824330985337828670e-02,5.347927466904189159e-02,1.253626759386616829e+00,2.267685914833053318e-01,8.725867461977060424e-01,3.752797437094587130e-01
9.470000000000000639e+00,6.711821721929328577e-02,5.223613759302293824e-02,1.877087306561445734e+00,2.711691393142369177e-01,1.167691914661471486e+00,3.957645462828139893e-01
9.474999999999999645e+00,6.603750749494186056e-02,5.103583997527902372e-02,2.668656410181754257e+00,3.432376757388965749e-01,1.606339113270626617e+00,4.384598378800604879e-01
9.480000000000000426e+00,6.499926268327516077e-02,4.987643615158601773e-02,2.990162525494504564e+00,4.470678635347465346e-01,1.917231080920499098e+00,5.057364452538510857e-01
9.484999999999999432e+00,6.400167461395056545e-02,4.875608965723211841e-02,2.626863106801363923e+00,5.616128968002019883e-01,1.849959870171130394e+00,5.752143718621591795e-01
9.490000000000000213e+00,6.304303768889721327e-02,4.767306595540117542e-02,2.249995759591381539e+00,7.134434979051115233e-01,1.626897463627166696e+00,6.470325594260880608e-01
9.495000000000000995e+00,6.212174218706270623e-02,4.662572572418539896e-02,2.202459992131197808e+00,9.395813074709815638e-01,1.553228696521343322e+00,7.627982560286943325e-01
9.500000000000000000e+00,6.123626807984588333e-02,4.561251865371079156e-02,2.219544910082475120e+00,1.151441820807095118e+00,1.559147844856465737e+00,8.770416597503218892e-01
9.504999999999999005e+00,6.038517931342884948e-02,4.463197770956838645e-02,2.256517660336340381e+00,1.438339649370286466e+00,1.463533266319235970e+00,9.413036063277762100e-01
9.509999999999999787e+00,5.956711851839269212e-02,4.368271382291273597e-02,2.652476695244311067e+00,2.037060393006403736e+00,1.428961583327958529e+00,1.062948780791922010e+00
9.515000000000000568e+00,5.878080211076591038e-02,4.276341097135460262e-02,3.187416065267954846e+00,2.692651223516571157e+00,1.594048491882971819e+00,1.328114054861929461e+00
9.519999999999999574e+00,5.802501575199865702e-02,4.187282161811543835e-02,2.836788125061321608e+00,2.435999874276211674e+00,2.026536219424564855e+00,1.817522929632863216e+00
9.525000000000000355e+00,5.729861013838551120e-02,4.100976247994254920e-02,1.924333975157729304e+00,1.604069374334082143e+00,2.879538778831245871e+00,2.700250054481057038e+00
9.530000000000001137e+00,5.660049709315938260e-02,4.017311059698130959e-02,1.261925921648246574e+00,9.968106430031737908e-01,4.470651754220822838e+00,4.300655295759276520e+00
9.535000000000000142e+00,5.592964593690773895e-02,3.936179968022730791e-02,8.800470310762553705e-01,6.506772343884299481e-01,7.033873906694349643e+00,6.855626129300049776e+00
9.539999999999999147e+00,5.528508011416781442e-02,3.857481671438783150e-02,6.579493554559366908e-01,4.524562614230713820e-01,8.924385923028022916e+00,8.739775379738645711e+00
9.544999999999999929e+00,5.466587405601850552e-02,3.781119879594004030e-02,5.212774200624052945e-01,3.323205783813608649e-01,7.326151225293381586e+00,7.167084641261925348e+00
9.550000000000000711e+00,5.407115026027907445e-02,3.707003018796527910e-02,4.322727301009869350e-01,2.550567601966568509e-01,4.650616931423229516e+00,4.525713924441353342e+00
9.554999999999999716e+00,5.350007657252639492e-02,3.635043957493892808e-02,3.715078480979517872e-01,2.027264569410152373e-01,2.898534673210190427e+00,2.796899720263666733e+00
9.560000000000000497e+00,5.295186365259977462e-02,3.565159750211027018e-02,3.284509740511332709e-01,1.657168943499596758e-01,1.913731892058595507e+00,1.826465363648908324e+00
9.564999999999999503e+00,5.242576261258582310e-02,3.497271398543150278e-02,2.970644270764493666e-01,1.385849730920950262e-01,1.345787313795099305e+00,1.267808532862633619e+00
9.570000000000000284e+00,5.192106281345366253e-02,3.431303627916676424e-02,2.737062528547816731e-01,1.180883219214317881e-01,9.983446978228930346e-01,9.267542498330367806e-01
9.574999999999999289e+00,5.143708980861099594e-02,3.367184678941585046e-02,2.560804466140877422e-01,1.022075194850044777e-01,7.731909176743139156e-01,7.062252168164732113e-01
9.580000000000000071e+00,5.097320342361753853e-02,3.304846112274691106e-02,2.426839982052233502e-01,8.963526234791928393e-02,6.198915530215270975e-01,5.564028525687541027e-01
9.585000000000000853e+00,5.052879596219467251e-02,3.244222626003610138e-02,2.325011949566294089e-01,7.949641454953698672e-02,5.111333735044519821e-01,4.503298453528973289e-01
9.589999999999999858e+00,5.010329052947848361e-02,3.185251884641726594e-02,2.248270997151242956e-01,7.118781297277869402e-02,4.312983515848533012e-01,3.726070120492875337e-01
9.595000000000000639e+00,4.969613946419910305e-02,3.127874358897794749e-02,2.191616129221360398e-01,6.428300353105911857e-02,3.710048757847562717e-01,3.139947614290833355e-01
9.599999999999999645e+00,4.930682287215025494e-02,3.072033175451900633e-02,2.151437012806349525e-01,5.847362182808788639e-02,3.243690784165725871e-01,2.687056592715053593e-01
9.605000000000000426e+00,4.893484725391726575e-02,3.017673976029447078e-02,2.125093325039833503e-01,5.353221125642969314e-02,2.875600548095543774e-01,2.329767814608104115e-01
9.609999999999999432e+00,4.857974422039987306e-02,2.964744785121620901e-02,2.110638676687418558e-01,4.928799229986092351e-02,2.580012192933436865e-01,2.042809702240243053e-01
9.615000000000000213e+00,4.824106929017424328e-02,2.913195885751266451e-02,2.106635365321758158e-01,4.561068515726515032e-02,2.339098734969101145e-01,1.808723952098736376e-01
9.620000000000000995e+00,4.791840076320846853e-02,2.862979702729821774e-02,2.112027766824490227e-01,4.239947166782348509e-02,2.140216355443051444e-01,1.615147616841128286e-01
9.625000000000000000e+00,4.761133866587463626e-02,2.814050692893646857e-02,2.126054559513269604e-01,3.957531458738412777e-02,1.974199338520019331e-01,1.453132741015728535e-01
9.629999999999999005e+00,4.731950376259114882e-02,2.766365241846682060e-02,2.148187304603945968e-01,3.707551710514324361e-02,1.834273414652741463e-01,1.316076357106304717e-01
9.634999999999999787e+00,4.704253662979349798e-02,2.719881566772811010e-02,2.178087363928989106e-01,3.484980627647508294e-02,1.715344695712435752e-01,1.199020958499360107e-01
9.640000000000000568e+00,4.678009678825854195e-02,2.674559624913407790e-02,2.215575917288018226e-01,3.285747148329309225e-02,1.613523244392364164e-01,1.098186255029367508e-01
9.644999999999999574e+00,4.653186189011112445e-02,2.630361027335643281e-02,2.260613622209395046e-01,3.106524515997514946e-02,1.525796986031216218e-01,1.010649014832079584e-01
9.650000000000000355e+00,4.629752695712455179e-02,2.587248957645177372e-02,2.313287629265202150e-01,2.944571352442430096e-02,1.449804185879459695e-01,9.341199162557679847e-02
9.655000000000001137e+00,4.607680366718110154e-02,2.545188095321915256e-02,2.373804459121423849e-01,2.797611094875693954e-02,1.383671903720045115e-01,8.667852817055785031e-02
9.660000000000000142e+00,4.586941968599421438e-02,2.504144543380423457e-02,2.442487805614128871e-01,2.663739554769774254e-02,1.325899455766473556e-01,8.071930323964733589e-02
9.664999999999999147e+00,4.567511804141670406e-02,2.464085760078896584e-02,2.519780742281937935e-01,2.541353333082578547e-02,1.275273114217360393e-01,7.541693064551696635e-02
9.669999999999999929e+00,4.549365653785711339e-02,2.424980494419470139e-02,2.606252137250845702e-01,2.429093872551564906e-02,1.230802833916319755e-01,7.067566781090696415e-02
9.675000000000000711e+00,4.532480720851528311e-02,2.386798725201487101e-02,2.702607364720260863e-01,2.325803353234944665e-02,1.191674739448902315e-01,6.641678167747362693e-02
9.679999999999999716e+00,4.516835580331919620e-02,2.349511603405645549e-02,2.809703672488320647e-01,2.230489643204242728e-02,1.157215041609767903e-01,6.257503311755549524e-02
9.685000000000000497e+00,4.502410131060526066e-02,2.313091397702540103e-02,2.928570851822679399e-01,2.142298234266844931e-02,1.126862346254444286e-01,5.909598173173967461e-02
9.689999999999999503e+00,4.489185551073417157e-02,2.277511442893856777e-02,3.060438186572145836e-01,2.060489610827644785e-02,1.100146197205977561e-01,5.593389933946743553e-02
9.695000000000000284e+00,4.477144255996817063e-02,2.242746091106646161e-02,3.206769064991761842e-01,1.984420877937264488e-02,1.076670300096195382e-01,5.305013995675011279e-02
9.699999999999999289e+00,4.466269860306822104e-02,2.208770665574540104e-02,3.369305161331545562e-01,1.913530752897428869e-02,1.056099296488242634e-01,5.041185554973631744e-02
9.705000000000000071e+00,4.456547141318464161e-02,2.175561416849960614e-02,3.550122790564836928e-01,1.847327231632541616e-02,1.038148256222998500e-01,4.799097615864091060e-02
9.710000000000000853e+00,4.447962005772829880e-02,2.143095481302507294e-02,3.751704987653224910e-01,1.785377396089617152e-02,1.022574269451029944e-01,4.576339392580584114e-02
9.714999999999999858e+00,4.440501458901242871e-02,2.111350841768122599e-02,3.977034177523328662e-01,1.727298946108213676e-02,1.009169674167911118e-01,4.370830568636410035e-02
9.720000000000000639e+00,4.434153575855160484e-02,2.080306290222404264e-02,4.229712154666766533e-01,1.672753128446206536e-02,9.977565678072737587e-02,4.180767981686057955e-02
9.724999999999999645e+00,4.428907475399696675e-02,2.049941392360330600e-02,4.514116741329174398e-01,1.621438804115558907e-02,9.881823345835574757e-02,4.004582116877360154e-02
9.730000000000000426e+00,4.424753295776995277e-02,2.020236453971431534e-02,4.835608340286720597e-01,1.573087448073159922e-02,9.803159821463729162e-02,3.840901395921483830e-02
9.734999999999999432e+00,4.421682172653953330e-02,1.991172489007647650e-02,5.200805268575455775e-01,1.527458916444931342e-02,9.740451275510787765e-02,3.688522702409489928e-02
9.740000000000000213e+00,4.419686219076188888e-02,1.962731189246823965e-02,5.617955251628828917e-01,1.484337848645847155e-02,9.692735076975585173e-02,3.546386926535931294e-02
9.745000000000000995e+00,4.418758507357418985e-02,1.934894895461556144e-02,6.097443397885399241e-01,1.443530597096997700e-02,9.659189161977782545e-02,3.413558573371160143e-02
9.750000000000000000e+00,4.418893052840180274e-02,1.907646570008615303e-02,6.652497057816462167e-01,1.404862597300285745e-02,9.639114892334729734e-02,3.289208679044158118e-02
9.754999999999999005e+00,4.420084799470274523e-02,1.880969770759374424e-02,7.300179769755968939e-01,1.368176106999463224e-02,9.631922789104313543e-02,3.172600433864756347e-02
9.759999999999999787e+00,4.422329607133485690e-02,1.854848626297008266e-02,8.062817944979548956e-01,1.333328255934232258e-02,9.637120650439026659e-02,3.063077031675674397e-02
9.765000000000000568e+00,4.425624240708996016e-02,1.829267812310488017e-02,8.970089185823671984e-01,1.300189357968876275e-02,9.654303660629558193e-02,2.960051358811622430e-02
9.769999999999999574e+00,4.429966360799605235e-02,1.804212529119744376e-02,1.006214606611312012e+00,1.268641445679470105e-02,9.683146174283327468e-02,2.862997210092399145e-02
9.775000000000000355e+00,4.435354516104271505e-02,1.779668480270621411e-02,1.139440275196563990e+00,1.238576994223281394e-02,9.723394920898295601e-02,2.771441777885857299e-02
9.780000000000001137e+00,4.441788137403721026e-02,1.755621852141836872e-02,1.304506950607198679e+00,1.209897806808039183e-02,9.774863424223941000e-02,2.684959206912590490e-02
9.785000000000000142e+00,4.449267533135108088e-02,1.732059294509431802e-02,1.512737519050902701e+00,1.182514038576726496e-02,9.837427470467058344e-02,2.603165044766009989e-02
9.789999999999999147e+00,4.457793886536493694e-02,1.708967902017929225e-02,1.781007708920352650e+00,1.156343339421836078e-02,9.911021491685191587e-02,2.525711448106932738e-02
9.794999999999999929e+00,4.467369254346954116e-02,1.686335196509985285e-02,2.135321263977899786e+00,1.131310099293858160e-02,9.995635757228933660e-02,2.452283028704932769e-02
9.800000000000000711e+00,4.477996567052787424e-02,1.664149110169534096e-02,2.617313913357472988e+00,1.107344782096762910e-02,1.009131428810143560e-01,2.382593243144438128e-02
9.804999999999999716e+00,4.489679630675097455e-02,1.642397969435794441e-02,3.296658590269797795e+00,1.084383336364176317e-02,1.019815342758949306e-01,2.316381246018869161e-02
9.810000000000000497e+00,4.502423130098727466e-02,1.621070479648090840e-02,4.295951522335417216e+00,1.062366672662814170e-02,1.031630101726847548e-01,2.253409139532183691e-02
9.814999999999999503e+00,4.516232633947021846e-02,1.600155710383998828e-02,5.843090524456732382e+00,1.041240199137239385e-02,1.044595614112337201e-01,2.193459563186114097e-02
9.820000000000000284e+00,4.531114601011916598e-02,1.579643081454938647e-02,8.384363509377388723e+00,1.020953407841281371e-02,1.058736941258036912e-01,2.136333576100756665e-02
9.824999999999999289e+00,4.547076388253099705e-02,1.559522349526110130e-02,1.281020284663024000e+01,1.001459505540090722e-02,1.074084379012378576e-01,2.081848791861473300e-02
9.830000000000000071e+00,4.564126260385262951e-02,1.539783595328795412e-02,2.064379552997748846e+01,9.827150835427038086e-03,1.090673591725984520e-01,2.029837731881896715e-02
9.835000000000000853e+00,4.582273401076764757e-02,1.520417211435569696e-02,3.201478045720280363e+01,9.646798218687534926e-03,1.108545799218105532e-01,1.980146368359021747e-02
9.839999999999999858e+00,4.601527925788375523e-02,1.501413890570084397e-02,3.701685672387552728e+01,9.473162236836705011e-03,1.127748018188537982e-01,1.932632832146217311e-02
9.845000000000000639e+00,4.621900896285632832e-02,1.482764614424864416e-02,2.792762330007573013e+01,9.305893764749422620e-03,1.148333360496775757e-01,1.887166264437747237e-02
9.849999999999999645e+00,4.643404336863350690e-02,1.464460642962253992e-02,1.762540443083315722e+01,9.144667369016850483e-03,1.170361391709091314e-01,1.843625794160481945e-02
9.855000000000000426e+00,4.666051252326629262e-02,1.446493504174489048e-02,1.141186851240021127e+01,8.989179366430091050e-03,1.193898554353072100e-01,1.801899625501129226e-02
9.859999999999999432e+00,4.689855647777643050e-02,1.428854984280825829e-02,8.016657064603640137e+00,8.839146069091710634e-03,1.219018661443600215e-01,1.761884222143574735e-02
9.865000000000000213e+00,4.714832550263813732e-02,1.411537118340309982e-02,6.139986182471665721e+00,8.694302195699825375e-03,1.245803467087055333e-01,1.723483576610466625e-02
9.870000000000000995e+00,4.740998032348558294e-02,1.394532181260281674e-02,5.101334140220317614e+00,8.554399431062129425e-03,1.274343322363042930e-01,1.686608554653730788e-02
9.875000000000000000e+00,4.768369237672256261e-02,1.377832679181659713e-02,4.572096185630445397e+00,8.419205118066463642e-03,1.304737926265497339e-01,1.651176305961027727e-02
9.879999999999999005e+00,4.796964408577755051e-02,1.361431341222981567e-02,4.399243351723614914e+00,8.288501068214654613e-03,1.337097183302191628e-01,1.617109733576567454e-02
9.884999999999999787e+00,4.826802915881346634e-02,1.345321111566354783e-02,4.525814360861267538e+00,8.162082478461564830e-03,1.371542181456280318e-01,1.584337015405764063e-02
9.890000000000000568e+00,4.857905290877714832e-02,1.329495141869174377e-02,4.961890318799512478e+00,8.039756943520860732e-03,1.408206306670684582e-01,1.552791172007100297e-02
9.894999999999999574e+00,4.890293259675150550e-02,1.313946783986298314e-02,5.785842539738220047e+00,7.921343554038709836e-03,1.447236512902173589e-01,1.522409675593654546e-02
9.900000000000000355e+00,4.923989779965087105e-02,1.298669582988384516e-02,7.175722546948904323e+00,7.806672072121261831e-03,1.488794770200448092e-01,1.493134095788131548e-02
9.905000000000001137e+00,4.959019080339123475e-02,1.283657270462602515e-02,9.490911301638748299e+00,7.695582176647673342e-03,1.533059717315020387e-01,1.464909778212172831e-02
9.910000000000000142e+00,4.995406702275679428e-02,1.268903758082774724e-02,1.345666793693354535e+01,7.587922771633465874e-03,1.580228550159145096e-01,1.437685552457290857e-02
9.914999999999999147e+00,5.033179544928334526e-02,1.254403131436635822e-02,2.053019972775360458e+01,7.483551351638771665e-03,1.630519183241926073e-01,1.411413466389763692e-02
9.919999999999999929e+00,5.072365912858429332e-02,1.240149644098496352e-02,3.313247841826388651e+01,7.382333418859224686e-03,1.684172728135233110e-01,1.386048544094745441e-02
9.925000000000000711e+00,5.112995566865431718e-02,1.226137711936310659e-02,5.083470098365506118e+01,7.284141947104904105e-03,1.741456341443248235e-01,1.361548565072924835e-02
9.929999999999999716e+00,5.155099778081130568e-02,1.212361907642479746e-02,5.674163544926445724e+01,7.188856888371811422e-03,1.802666504934250236e-01,1.337873862571845734e-02
9.935000000000000497e+00,5.198711385505946220e-02,1.198816955478501124e-02,4.139717107153342113e+01,7.096364718155294751e-03,1.868132812906004026e-01,1.314987139170269853e-02
9.939999999999999503e+00,5.243864857179589972e-02,1.185497726223980197e-02,2.552072435040503962e+01,7.006558016046314855e-03,1.938222357040224886e-01,1.292853297940563598e-02
9.945000000000000284e+00,5.290596355193704498e-02,1.172399232320819537e-02,1.599876149325668528e+01,6.919335078499034078e-03,2.013344817656407271e-01,1.271439287695764336e-02
9.949999999999999289e+00,5.338943804768765677e-02,1.159516623204241530e-02,1.065437656040358227e+01,6.834599560969959083e-03,2.093958393295041465e-01,1.250713960988598591e-02
9.955000000000000071e+00,5.388946967636272511e-02,1.146845180812236346e-02,7.521112328571050831e+00,6.752260146901641405e-03,2.180576729106272205e-01,1.230647943670229449e-02
9.960000000000000853e+00,5.440647519984056352e-02,1.134380315265888159e-02,5.570391707530697900e+00,6.672230241272339261e-03,2.273777040080402490e-01,1.211213514941914329e-02
9.964999999999999858e+00,5.494089135243785532e-02,1.122117560713069978e-02,4.286963167645242656e+00,6.594427686650288639e-03,2.374209669690017788e-01,1.192384496942594518e-02
9.970000000000000639e+00,5.549317572020704553e-02,1.110052571328475415e-02,3.402152533333397511e+00,6.518774499887994463e-03,2.482609380570271473e-01,1.174136153013384878e-02
9.974999999999999645e+00,5.606380767488323980e-02,1.098181117463434449e-02,2.767972100114755474e+00,6.445196627768433849e-03,2.599808744818094541e-01,1.156445093866978815e-02
9.980000000000000426e+00,5.665328936597402443e-02,1.086499081938937725e-02,2.298475790232251015e+00,6.373623720070239682e-03,2.726754091827895965e-01,1.139289190966532792e-02
9.984999999999999432e+00,5.726214677473868975e-02,1.075002456476016090e-02,1.941333159063300950e+00,6.303988918662812441e-03,2.864524587281746526e-01,1.122647496487933633e-02
9.990000000000000213e+00,5.789093083411544355e-02,1.063687338257536530e-02,1.663341089305535814e+00,6.236228661367035700e-03,3.014355166061284952e-01,1.106500169299961568e-02
9.995000000000000995e+00,5.854021861896347573e-02,1.052549926615996105e-02,1.442665942985822625e+00,6.170282499433086057e-03,3.177664235395523673e-01,1.090828406451858044e-02
1.000000000000000000e+01,5.921061461133814152e-02,1.041586519842052985e-02,1.264497415791056678e+00,6.106092927589385107e-03,3.356087317513041790e-01,1.075614379706520476e-02
1.000499999999999901e+01,5.990275204589733810e-02,1.030793512108739429e-02,1.118513074910569172e+00,6.043605225709495002e-03,3.551518134139128313e-01,1.060841176701162077e-02
1.000999999999999979e+01,6.061729434093912627e-02,1.020167390506672433e-02,9.973449799229777701e-01,5.982767311228862073e-03,3.766159077219632390e-01,1.046492746356694932e-02
1.001500000000000057e+01,6.135493662102377288e-02,1.009704732185666420e-02,8.956221836545759096e-01,5.923529601518791668e-03,4.002583601857018225e-01,1.032553848192079710e-02
1.001999999999999957e+01,6.211640733762031907e-02,9.994022015983610244e-03,8.093555506526172172e-01,5.865844885494455804e-03,4.263813876276698056e-01,1.019010005231557776e-02
1.002500000000000036e+01,6.290246999473840528e-02,9.892565478418127028e-03,7.355323139733815907e-01,5.809668203797677989e-03,4.553418112533683115e-01,1.005847460221379400e-02
1.003000000000000114e+01,6.371392498709343988e-02,9.792646020930256129e-03,6.718426837047175582e-01,5.754956736952366626e-03,4.875633500982700097e-01,9.930531348982319859e-03
1.003500000000000014e+01,6.455161155897744252e-02,9.694232751346891497e-03,6.164916603541793494e-01,5.701669700944843322e-03,5.235522758266097920e-01,9.806145920751803413e-03
1.003999999999999915e+01,6.541640989270446072e-02,9.597295549674523391e-03,5.680670595996851757e-01,5.649768249731314078e-03,5.639175236502671495e-01,9.685200003322274459e-03
1.004499999999999993e+01,6.630924333624217681e-02,9.501805045053780471e-03,5.254453758752717363e-01,5.599215384225097319e-03,6.093967729047503612e-01,9.567581011188290227e-03
1.005000000000000071e+01,6.723108078047619618e-02,9.407732593512343686e-03,4.877235895587970216e-01,5.549975867366899185e-03,6.608906157036146256e-01,9.453181780947356866e-03
1.005499999999999972e+01,6.818293919745851972e-02,9.315050256484483024e-03,4.541690634270348914e-01,5.502016144941867734e-03,7.195078183959070506e-01,9.341900285553674660e-03
1.006000000000000050e+01,6.916588635197384871e-02,9.223730780067742469e-03,4.241822479534938517e-01,5.455304271890790493e-03,7.866259994397368782e-01,9.233639368110793666e-03
1.006499999999999950e+01,7.018104369985088409e-02,9.133747574988018356e-03,3.972685861510855676e-01,5.409809844002621063e-03,8.639740430960738404e-01,9.128306494220101569e-03
1.007000000000000028e+01,7.122958948765188703e-02,9.045074697244626788e-03,3.730171129456074652e-01,5.365503935151864565e-03,9.537456440119950196e-01,9.025813522464523619e-03
1.007499999999999929e+01,7.231276206966315290e-02,8.957686829410588247e-03,3.510839857890097893e-01,5.322359040847910588e-03,1.058758212787911157e+00,8.926076493751673030e-03
1.008000000000000007e+01,7.343186345959078209e-02,8.871559262561232520e-03,3.311796890539610017e-01,5.280349030111283412e-03,1.182679140538537066e+00,8.829015442536667854e-03
1.008500000000000085e+01,7.458826313592531454e-02,8.786667878808638449e-03,3.130590045228851537e-01,5.239449108859160591e-03,1.330354200814435561e+00,8.734554235069930811e-03
1.008999999999999986e+01,7.578340212172553214e-02,8.702989134417842693e-03,2.965130832156269713e-01,5.199635783442405762e-03,1.508294443305350008e+00,8.642620413425438144e-03
1.009500000000000064e+01,7.701879736150403499e-02,8.620500043482819466e-03,2.813631101085884989e-01,5.160886678116667799e-03,1.725415374012156278e+00,8.553144779473324799e-03
1.009999999999999964e+01,7.829604642002832571e-02,8.539178162141981832e-03,2.674551758820756242e-01,5.123179998166253052e-03,1.994189611323589739e+00,8.466060339222352543e-03
1.010500000000000043e+01,7.961683253025918228e-02,8.459001573311553460e-03,2.546563028276436769e-01,5.086495401560846980e-03,2.332500986096774032e+00,8.381303806543076787e-03
1.010999999999999943e+01,8.098293002023534970e-02,8.379948871918884226e-03,2.428511893276728006e-01,5.050814640319914103e-03,2.766728003045090922e+00,8.298816731633278793e-03
1.011500000000000021e+01,8.239621015166495588e-02,8.301999150616024004e-03,2.319392741201794506e-01,5.016119424086187481e-03,3.337074695496046850e+00,8.218541643064356320e-03
1.012000000000000099e+01,8.385864740619571045e-02,8.225131985956330577e-03,2.218325682557277800e-01,4.982392590177516650e-03,4.107209779871634936e+00,8.140423912138134918e-03
1.012500000000000000e+01,8.537232625893668991e-02,8.149327425017026394e-03,2.124538597492568737e-01,4.949618949247861117e-03,5.182557370554618181e+00,8.064413130841507210e-03
1.012999999999999901e+01,8.693944848281327797e-02,8.074565972450879064e-03,2.037351117508462151e-01,4.917783810644199560e-03,6.746842746721514850e+00,7.990460659123212184e-03
1.013499999999999979e+01,8.856234103176836847e-02,8.000828577952031478e-03,1.956161854306873726e-01,4.886873233253873593e-03,9.138551722432703528e+00,7.918519970575710679e-03
1.014000000000000057e+01,9.024346455580681270e-02,7.928096624120528624e-03,1.880437706844542978e-01,4.856874301058840791e-03,1.301230199431428680e+01,7.848547043576063753e-03
1.014499999999999957e+01,9.198542260642651736e-02,7.856351914710868814e-03,1.809704702089265649e-01,4.827775034583283581e-03,1.962523638732565345e+01,7.780500172161128325e-03
1.015000000000000036e+01,9.379097159715536758e-02,7.785576663251336446e-03,1.743540088869984794e-01,4.799563983327264846e-03,3.074465717915866847e+01,7.714339280948641700e-03
1.015500000000000114e+01,9.566303159087526098e-02,7.715753482020340850e-03,1.681566139499147128e-01,4.772230857554560918e-03,4.443086965522842746e+01,7.650026871200140549e-03
1.016000000000000014e+01,9.760469799337140318e-02,7.646865371367352754e-03,1.623444591870559506e-01,4.745766932964008353e-03,4.961785955571546225e+01,7.587528519164740345e-03
1.016499999999999915e+01,9.961925424129096374e-02,7.578895709365695080e-03,1.568870297367645772e-01,4.720162499134305904e-03,5.067581673230445460e+01,7.526808546207108472e-03
1.016999999999999993e+01,1.017101855824757289e-01,7.511828241786099730e-03,1.517569002005983714e-01,4.695409351219105229e-03,5.893418682941175035e+01,7.467834434482788740e-03
1.017500000000000071e+01,1.038811940576933462e-01,7.445647072379346990e-03,1.469295224031151592e-01,4.671502880806489497e-03,6.044775970878535531e+01,7.410580478452482439e-03
1.017999999999999972e+01,1.061362148052362037e-01,7.380336653456961646e-03,1.423826201276512660e-01,4.648438100086371011e-03,4.396950317209822856e+01,7.355020584612560058e-03
1.018500000000000050e+01,1.084794338238792150e-01,7.315881776759939129e-03,1.380959664632065431e-01,4.626210206713731593e-03,2.755327356276283979e+01,7.301129245062709661e-03
1.018999999999999950e+01,1.109153073455751148e-01,7.252267564605525269e-03,1.340512127256240915e-01,4.604815420971157189e-03,1.760831376304918905e+01,7.248882998894816583e-03
1.019500000000000028e+01,1.134485829872736856e-01,7.189479461301741085e-03,1.302316907863281803e-01,4.584251071188801506e-03,1.193378958805385004e+01,7.198260540140445120e-03
1.019999999999999929e+01,1.160843228715761621e-01,7.127503224821517616e-03,1.266222339417233389e-01,4.564515593430618773e-03,8.547358508506533781e+00,7.149242669134779800e-03
1.020500000000000007e+01,1.188279289291886975e-01,7.066324918726299593e-03,1.232090209049484658e-01,4.545608557911411975e-03,6.402795919826684390e+00,7.101812288844549723e-03
1.021000000000000085e+01,1.216851706224046786e-01,7.005930904331801774e-03,1.199794397211765146e-01,4.527530721374243422e-03,4.969934759432166338e+00,7.055954444049288357e-03
1.021499999999999986e+01,1.246622153589905801e-01,6.946307833106617202e-03,1.169219685894533761e-01,4.510284101299617820e-03,3.968733183223789762e+00,7.011656394823732527e-03
1.022000000000000064e+01,1.277656619000974436e-01,6.887442639296454880e-03,1.140260712317691799e-01,4.493872072232725327e-03,3.242857214384869291e+00,6.968907723316250524e-03
1.022499999999999964e+01,1.310025771051126775e-01,6.829322532766348916e-03,1.112821049330687539e-01,4.478299487685482097e-03,2.700293964009747860e+00,6.927700478031387221e-03
1.023000000000000043e+01,1.343805364014147574e-01,6.771934992052922736e-03,1.086812397344037451e-01,4.463572833629558465e-03,2.284293363534540600e+00,6.888029363758135099e-03
1.023499999999999943e+01,1.379076684186080481e-01,6.715267757620668916e-03,1.062153875533469183e-01,4.449700422377874873e-03,1.958407422378883656e+00,6.849891989343673271e-03
1.024000000000000021e+01,1.415927042864297269e-01,6.659308825314324762e-03,1.038771402648544784e-01,4.436692639277429497e-03,1.698395591404078031e+00,6.813289190672741635e-03
1.024500000000000099e+01,1.454450321640293753e-01,6.604046440001858434e-03,1.016597160265490796e-01,4.424562259764996779e-03,1.487642250954640977e+00,6.778225453443845541e-03
1.025000000000000000e+01,1.494747576477222506e-01,6.549469089401112852e-03,9.955691339871788892e-02,4.413324861884632827e-03,1.314455635009451617e+00,6.744709470926109514e-03
1.025499999999999901e+01,1.536927707961569800e-01,6.495565498084138190e-03,9.756307312345521843e-02,4.402999370784123345e-03,1.170417824950675811e+00,6.712754887862425537e-03
1.025999999999999979e+01,1.581108206184659581e-01,6.442324621653713890e-03,9.567304783863492257e-02,4.393608789419375590e-03,1.049344437253283635e+00,6.682381306415992664e-03
1.026500000000000057e+01,1.627415979951261082e-01,6.389735641086231530e-03,9.388218059442737795e-02,4.385181197896459784e-03,9.466100664458376723e-01,6.653615669340651358e-03
1.026999999999999957e+01,1.675988281460503715e-01,6.337787957235304151e-03,9.218629396279874599e-02,4.377751150082754422e-03,8.586998424205878333e-01,6.626494199751553973e-03
1.027500000000000036e+01,1.726973739296972510e-01,6.286471185491341110e-03,9.058169306517865893e-02,4.371361674249075666e-03,7.829046018761102177e-01,6.601065185137075519e-03
1.028000000000000114e+01,1.780533514555833752e-01,6.235775150591739424e-03,8.906518854162071008e-02,4.366067221395259282e-03,7.171095345239633101e-01,6.577393082386797860e-03
1.028500000000000014e+01,1.836842597259405463e-01,6.185689881577049500e-03,8.763415047571529448e-02,4.361938154455987163e-03,6.596450589579846424e-01,6.555564764324735283e-03
1.028999999999999915e+01,1.896091262974832492e-01,6.136205606888133976e-03,8.628661399241377428e-02,4.359067846993519048e-03,6.091800402753554389e-01,6.535699380943784179e-03
1.029499999999999993e+01,1.958486712795083906e-01,6.087312749600267379e-03,8.502147708337795540e-02,4.357584410355608284e-03,5.646445058885561918e-01,6.517964609082682950e-03
1.030000000000000071e+01,2.024254923704159048e-01,6.039001922789579563e-03,8.383887383466845367e-02,4.357671065640071964e-03,5.251735892571067765e-01,6.502604788942937392e-03
1.030499999999999972e+01,2.093642740936689228e-01,5.991263925027493116e-03,8.274090166105688149e-02,4.359603567597739732e-03,4.900676998523132433e-01,6.489992418362976190e-03
1.031000000000000050e+01,2.166920249417734201e-01,5.944089735999523103e-03,8.173309608633061440e-02,4.363822904833562950e-03,4.587668079794708365e-01,6.480727801616579034e-03
1.031499999999999950e+01,2.244383467926586162e-01,5.897470512244228080e-03,8.082746392723799689e-02,4.371081280172064119e-03,4.308399790000425056e-01,6.475838503428817117e-03
1.032000000000000028e+01,2.326357417506211278e-01,5.851397583008621783e-03,8.004788488850070327e-02,4.382710295368411751e-03,4.059915961384731320e-01,6.477145710590687111e-03
1.032499999999999929e+01,2.413199625138894855e-01,5.805862446216660151e-03,7.943020263715215579e-02,4.400762323971012246e-03,3.840396420386002485e-01,6.487467914528076765e-03
1.033000000000000007e+01,2.505304135207586103e-01,5.760856764546740116e-03,7.896095410500912626e-02,4.425638917002943165e-03,3.645679833416328730e-01,6.507477499271389215e-03
1.033500000000000085e+01,2.603106115229846251e-01,5.716372361615615870e-03,7.850109418781107962e-02,4.451548010668477870e-03,3.465286244178075736e-01,6.529683411046526345e-03
1.033999999999999986e+01,2.707087159397173481e-01,5.672401218264695039e-03,7.815799059446115749e-02,4.484127238555100231e-03,3.301259216179177058e-01,6.562131789528174303e-03
1.034500000000000064e+01,2.817781414330761680e-01,5.628935468946065848e-03,7.822501005647715389e-02,4.541473242359407581e-03,3.164875793682955241e-01,6.629954506657606897e-03
1.034999999999999964e+01,2.935782677161041798e-01,5.585967398205190018e-03,7.848393363703404235e-02,4.625551967125470301e-03,3.046301775416369595e-01,6.736782172650781879e-03
1.035500000000000043e+01,3.061752647806901817e-01,5.543489437256889085e-03,7.818107205806298921e-02,4.703453772345406181e-03,2.916726749709834254e-01,6.836834476263782719e-03
1.035999999999999943e+01,3.196430556791209354e-01,5.501494160652492180e-03,7.720183243010296514e-02,4.716258304393285833e-03,2.773895254514766595e-01,6.843518981881028564e-03
1.036500000000000021e+01,3.340644439207092753e-01,5.459974283034622899e-03,7.618904694729054794e-02,4.679897127756565446e-03,2.639444055837575909e-01,6.776476295710749317e-03
1.037000000000000099e+01,3.495324387294273527e-01,5.418922655977696269e-03,7.562646775134156119e-02,4.666198692034176365e-03,2.527062018264318866e-01,6.740487709709795140e-03
1.037500000000000000e+01,3.661518192154744056e-01,5.378332264911102160e-03,7.556570004574944543e-02,4.702845272363277533e-03,2.436448950572383809e-01,6.777759481873119052e-03
1.037999999999999901e+01,3.840409884249558758e-01,5.338196226122655236e-03,7.598400366938272421e-02,4.798201004395395708e-03,2.365281945428734378e-01,6.900709790673158553e-03
1.038499999999999979e+01,4.033341808926944605e-01,5.298507783840167296e-03,7.687743659064932844e-02,4.967942378859451988e-03,2.311892119185848804e-01,7.131405580709947525e-03
1.039000000000000057e+01,4.241841036014944999e-01,5.259260307388672652e-03,7.842888863574530578e-02,5.216332512968775703e-03,2.282045739980166354e-01,7.474510041365740008e-03
1.039499999999999957e+01,4.467651113229653692e-01,5.220447288420910006e-03,8.052670985066841258e-02,5.460073010232558907e-03,2.274630771003693097e-01,7.806425599700603062e-03
1.040000000000000036e+01,4.712770447883196656e-01,5.182062338219236772e-03,8.227231622640149289e-02,5.581644301222747455e-03,2.258883134763594591e-01,7.957715606146182480e-03
1.040500000000000114e+01,4.979498962311112997e-01,5.144099185066628756e-03,8.336838848726037254e-02,5.574301155278091856e-03,2.221639927942625770e-01,7.921647548120094862e-03
1.041000000000000014e+01,5.270495146433343825e-01,5.106551671684925534e-03,8.434601302183009075e-02,5.501135700174021939e-03,2.181459144380115400e-01,7.789596527810909755e-03
1.041499999999999915e+01,5.588846269304671432e-01,5.069413752738110603e-03,8.535048557598953756e-02,5.442931595808008644e-03,2.138208140021591874e-01,7.681101416776644521e-03
1.041999999999999993e+01,5.938155371976729935e-01,5.032679492399075478e-03,8.686878391871551142e-02,5.379539791468792437e-03,2.104914633494071319e-01,7.572915809393508321e-03
1.042500000000000071e+01,6.322649834900907484e-01,4.996343061977843308e-03,8.951413755042154918e-02,5.322461086284408123e-03,2.101550448379720937e-01,7.477917611493510065e-03
1.042999999999999972e+01,6.747317922805657897e-01,4.960398737609385440e-03,9.115959155147494719e-02,5.294492061186739304e-03,2.077545817850519616e-01,7.419437376340593318e-03
1.043500000000000050e+01,7.218081947179041391e-01,4.924840897999566841e-03,9.070098242829116586e-02,5.285635293463897613e-03,1.994432737146328571e-01,7.380630854199436014e-03
1.043999999999999950e+01,7.742019832244058097e-01,4.889664022227403241e-03,9.155489671020569653e-02,5.335284373771385404e-03,1.932016756220193976e-01,7.419787848626048510e-03
1.044500000000000028e+01,8.327651349112965562e-01,4.854862687601987220e-03,9.364402444808220261e-02,5.380711182113763133e-03,1.901857709706296917e-01,7.447598976581377983e-03
1.044999999999999929e+01,8.985311745473880674e-01,4.820431567572802146e-03,9.559620825605603944e-02,5.435587512768963979e-03,1.871838790760897431e-01,7.479434581634561777e-03
1.045500000000000007e+01,9.727644958660462970e-01,4.786365429691417754e-03,9.824726510905733290e-02,5.601233042972162887e-03,1.844531073414168720e-01,7.648743469027521197e-03
1.046000000000000085e+01,1.057026266533490189e+00,4.752659133623747707e-03,1.039509066259024228e-01,5.935800709344685178e-03,1.855420729325696072e-01,8.024036409509735165e-03
1.046499999999999986e+01,1.153263668621918425e+00,4.719307629210869881e-03,1.117961543872689339e-01,6.386284139002405824e-03,1.904380886695854203e-01,8.545964659939207092e-03
1.047000000000000064e+01,1.263932500361485634e+00,4.686305954577390208e-03,1.143359372260644019e-01,6.655423291134743638e-03,1.921697814649898084e-01,8.870075775485299074e-03
1.047499999999999964e+01,1.392168305750073554e+00,4.653649234286058589e-03,1.135486198760918691e-01,6.622938975904386905e-03,1.921354105199443718e-01,8.838927132779741958e-03
1.048000000000000043e+01,1.542029445944972155e+00,4.621332677536971537e-03,1.160304931256758848e-01,6.446480742376749576e-03,1.965957342134354857e-01,8.634723364485950500e-03
1.048499999999999943e+01,1.718849071222170233e+00,4.589351576410695410e-03,1.246566111999204696e-01,6.442578424914267854e-03,2.094351244978717719e-01,8.646855982462951437e-03
1.049000000000000021e+01,1.929755775512489002e+00,4.557701304153496599e-03,1.421716757274558707e-01,6.744271269785101844e-03,2.355692866216124448e-01,9.046801417097861606e-03
1.049500000000000099e+01,2.184462270907615355e+00,4.526377313504057615e-03,1.697070387513845424e-01,7.295849292159648121e-03,2.775495640002205167e-01,9.780000665822560779e-03
1.050000000000000000e+01,2.496492128851066639e+00,4.495375135060189833e-03,2.046382799315838441e-01,7.650193103510968470e-03,3.395723632721865948e-01,1.025357823279682973e-02
1.050499999999999901e+01,2.885145413661485581e+00,4.464690375684506399e-03,2.264545520781683363e-01,7.294960697618535495e-03,3.983933866269568913e-01,9.757138662991731229e-03
1.050999999999999979e+01,3.378755135149729139e+00,4.434318716948206125e-03,2.175611278695462891e-01,6.832164466592052267e-03,3.887479888714587828e-01,9.089467260610115465e-03
1.051500000000000057e+01,4.020288682360455113e+00,4.404255913611642217e-03,2.033757060206350387e-01,6.611363753807979020e-03,3.404462563330989400e-01,8.740974536204825646e-03
1.051999999999999957e+01,4.877398062626245867e+00,4.374497792140928133e-03,1.842527561861392882e-01,6.503096688088097661e-03,2.899827025051470164e-01,8.583751327624100300e-03
1.052500000000000036e+01,6.061318543033101136e+00,4.345040249259359347e-03,1.619025235530177076e-01,6.454484352949209705e-03,2.426805062014825431e-01,8.532894250665173583e-03
1.053000000000000114e+01,7.764252644446163032e+00,4.315879250533029114e-03,1.497070616303058932e-01,6.497244664535095464e-03,2.138184501390474612e-01,8.593897259975894626e-03
1.053500000000000014e+01,1.033711832785380125e+01,4.287010828989468170e-03,1.478207693866431249e-01,6.626213266403854427e-03,2.013850884457264179e-01,8.757930031351954595e-03
1.053999999999999915e+01,1.445689069996578446e+01,4.258431083768452266e-03,1.544538083811591855e-01,6.840539362969202952e-03,2.011782400051754238e-01,9.029678418394837189e-03
1.054499999999999993e+01,2.147273042963896117e+01,4.230136178804288875e-03,1.691018348930544424e-01,7.164118456891792330e-03,2.113287789659680227e-01,9.445676292677800470e-03
1.055000000000000071e+01,3.384895546125441257e+01,4.202122341538651502e-03,1.856049390906599761e-01,7.659853014877098139e-03,2.237843724600234174e-01,1.009262849726736549e-02
1.055499999999999972e+01,5.325427665626006757e+01,4.174385861663016187e-03,1.925049008490400393e-01,8.457721773335695470e-03,2.250838026730662134e-01,1.114521374214232433e-02
1.056000000000000050e+01,6.726644973744208755e+01,4.146923089890188451e-03,1.982214311593708533e-01,9.736000445674630743e-03,2.254541789385285933e-01,1.284978700846704097e-02
1.056499999999999950e+01,5.604358498210500983e+01,4.119730436753958787e-03,2.119587746126568584e-01,1.118851715827472171e-02,2.342182017441776787e-01,1.479466182209372010e-02
1.057000000000000028e+01,3.789369327989560077e+01,4.092804371436198005e-03,2.285885968053790740e-01,1.130162431841581078e-02,2.422163532639291794e-01,1.488819690567859053e-02
1.057499999999999929e+01,2.695786394164719013e+01,4.066141420620802624e-03,2.499860962571822387e-01,1.032522164805066076e-02,2.498673589161923836e-01,1.344710511784455789e-02
1.058000000000000007e+01,2.223005318593388679e+01,4.039738167373486781e-03,2.868534094652755995e-01,9.696486407752858208e-03,2.691236084090694591e-01,1.245689558656271415e-02
1.058500000000000085e+01,2.169320267682632419e+01,4.013591250047184728e-03,3.490024144445330601e-01,9.601164900719945383e-03,3.067606200752400203e-01,1.216609710212095477e-02
1.058999999999999986e+01,2.491551134103934473e+01,3.987697361211973643e-03,4.529067731315318257e-01,9.914318319722665099e-03,3.724917851908892685e-01,1.237502764095470276e-02
1.059500000000000064e+01,3.313485322226285490e+01,3.962053246609152472e-03,6.199088615782732958e-01,1.059863635511615679e-02,4.820926986133387548e-01,1.300516294410541257e-02
1.059999999999999964e+01,4.957958111275568314e+01,3.936655704128870503e-03,8.179217707089768696e-01,1.162617945794141433e-02,6.282704797604087288e-01,1.410668629553858168e-02
1.060500000000000043e+01,7.685377676245261114e+01,3.911501582810414032e-03,9.326796494149929284e-01,1.299504344292689087e-02,7.278486750289197005e-01,1.586790655570025771e-02
1.060999999999999943e+01,9.779993483238753527e+01,3.886587781865028391e-03,1.032731922533251856e+00,1.513417773299043090e-02,7.812444976405257258e-01,1.874600160865106530e-02
1.061500000000000021e+01,8.097558243685472235e+01,3.861911249720202405e-03,1.221601710266703389e+00,1.792454314055997450e-02,8.894092560788793289e-01,2.259979083623634560e-02
1.062000000000000099e+01,5.151786457703656197e+01,3.837468983085356306e-03,1.329648990037164413e+00,1.947410446152524066e-02,9.787890997662144210e-01,2.448311431187271195e-02
1.062500000000000000e+01,3.202973813866961450e+01,3.813258026037972051e-03,1.382244064340255374e+00,2.037745380048803720e-02,1.038723081165720208e+00,2.386746279168568824e-02
1.062999999999999901e+01,2.103827622247575135e+01,3.789275469129928416e-03,1.584170492335746694e+00,2.349038228305110054e-02,1.235870897699799409e+00,2.475395138421437533e-02
1.063499999999999979e+01,1.468333960538233107e+01,3.765518448513460129e-03,1.894407381099242116e+00,2.986537448843007425e-02,1.524984882197608416e+00,2.890430214744395959e-02
1.064000000000000057e+01,1.078434931944515718e+01,3.741984145086172525e-03,2.202321048910062196e+00,3.628099744433043589e-02,1.741444555970455221e+00,3.617905068485782749e-02
1.064499999999999957e+01,8.249108612890863057e+00,3.718669783654777322e-03,2.170789251312071233e+00,3.675107114128527142e-02,1.818977553740344533e+00,4.199741080201527255e-02
1.065000000000000036e+01,6.516510164264317950e+00,3.695572632116887746e-03,1.862998075905651918e+00,3.601090084998597590e-02,1.655163974294647122e+00,4.383415187680461678e-02
1.065500000000000114e+01,5.282491992774803080e+00,3.672690000660685204e-03,1.569710926805147677e+00,3.426188240242709904e-02,1.437790765301496076e+00,4.205968392711311593e-02
1.066000000000000014e+01,4.373003463434103288e+00,3.650019240981806565e-03,1.486918083035105420e+00,2.926565691827540117e-02,1.333256172769566206e+00,3.572276576714639162e-02
1.066499999999999915e+01,3.683336184365680221e+00,3.627557745517046538e-03,1.628338634010860098e+00,2.584631218679361159e-02,1.383284587897879447e+00,3.116914493779394946e-02
1.066999999999999993e+01,3.147695593206328191e+00,3.605302946694598915e-03,1.836013885528565259e+00,2.540661649813405476e-02,1.493665606964070802e+00,3.020351579201598774e-02
1.067500000000000071e+01,2.723149108816308228e+00,3.583252316200348335e-03,2.045974372612406000e+00,2.671367911271226026e-02,1.605885575898218232e+00,3.175726245583386509e-02
1.067999999999999972e+01,2.380750499585208235e+00,3.561403364259724692e-03,2.189158489066721280e+00,2.768101320292686712e-02,1.756783308442206870e+00,3.392511368215932882e-02
1.068500000000000050e+01,2.100419859075898010e+00,3.539753638934931088e-03,2.074288954227637038e+00,2.826996835881435272e-02,1.759587623337536710e+00,3.502148277937489063e-02
1.068999999999999950e+01,1.867876503296187707e+00,3.518300725437038812e-03,1.799609863027175738e+00,3.068135560292625796e-02,1.662084078236359064e+00,3.694290907296863408e-02
1.069500000000000028e+01,1.672739041150181238e+00,3.497042245452606710e-03,1.540436472065975115e+00,3.645403100188358142e-02,1.507432283969284192e+00,4.261180280062371040e-02
1.069999999999999929e+01,1.507312848143510742e+00,3.475975856484589486e-03,1.448871218547367778e+00,4.541222246152588904e-02,1.374007695276039609e+00,5.208388592241536968e-02
1.070500000000000007e+01,1.365795382317583684e+00,3.455099251206944239e-03,1.548952499921290693e+00,5.211335411119491501e-02,1.367951218735949048e+00,5.933085262531840459e-02
1.071000000000000085e+01,1.243742796925315197e+00,3.434410156832941752e-03,1.847587166131646086e+00,5.531121883246499504e-02,1.571080291085718894e+00,6.283087482534296941e-02
1.071499999999999986e+01,1.137704181760300415e+00,3.413906334496522900e-03,2.054018151362984046e+00,6.235967874790691867e-02,1.868189018310850491e+00,7.066322963415197500e-02
1.072000000000000064e+01,1.044965852748027890e+00,3.393585578646634258e-03,1.935992844877987507e+00,7.397728068056480533e-02,1.904375568527479912e+00,8.369507284709171158e-02
1.072499999999999964e+01,9.633694154395077147e-01,3.373445716454117477e-03,1.814306152592131127e+00,9.051761835055691097e-02,1.813002541189003169e+00,1.030699209563624152e-01
1.073000000000000043e+01,8.911802351527975397e-01,3.353484607230850997e-03,1.846665318812241496e+00,1.023237455485334485e-01,1.847159279895056905e+00,1.178269698227436824e-01
1.073499999999999943e+01,8.269909515610177619e-01,3.333700141860974561e-03,1.986664958762427879e+00,1.031948072831832264e-01,1.992259896020433185e+00,1.169696488631515041e-01
1.074000000000000021e+01,7.696497482989922423e-01,3.314090242243678246e-03,2.050307309674731737e+00,9.955301963625583228e-02,2.082368289893008484e+00,1.114517150638649895e-01
1.074500000000000099e+01,7.182063669019824736e-01,3.294652860747598975e-03,1.912538204446466716e+00,9.786073534580380651e-02,1.970970562441449303e+00,1.075246958876050762e-01
1.075000000000000000e+01,6.718710124640349113e-01,3.275385979676238585e-03,1.752529122149263152e+00,9.810107737125883798e-02,1.813949933366882483e+00,1.071289778609455651e-01
1.075499999999999901e+01,6.299827429071604978e-01,3.256287610744357068e-03,1.629004323459290582e+00,1.019751460955070493e-01,1.680157427736737263e+00,1.113723327778632366e-01
1.075999999999999979e+01,5.919849157661173367e-01,3.237355794565040419e-03,1.508311816547737383e+00,1.163669465497441935e-01,1.538383757774761662e+00,1.266794314268709087e-01
1.076500000000000057e+01,5.574059436908966880e-01,3.218588600147120893e-03,1.436098251678412208e+00,1.408627957253612284e-01,1.456745740933873101e+00,1.531223238030569034e-01
1.076999999999999957e+01,5.258440833092008493e-01,3.199984124402822580e-03,1.348540593899682172e+00,1.563847908784527507e-01,1.372271878824221414e+00,1.704066428969487068e-01
1.077500000000000036e+01,4.969553171942730496e-01,3.181540491665253278e-03,1.213819872409638956e+00,1.509928247096149478e-01,1.235982700107534082e+00,1.647017824965128496e-01
1.078000000000000114e+01,4.704436286587450056e-01,3.163255853215703184e-03,1.075895925229905181e+00,1.481956919015230689e-01,1.089664391887752659e+00,1.600244865317512200e-01
1.078500000000000014e+01,4.460531428343530447e-01,3.145128386820376584e-03,9.871910609529761516e-01,1.625141898602266988e-01,9.911492164300557128e-01,1.744488173903452344e-01
1.078999999999999915e+01,4.235617345804328915e-01,3.127156296276340126e-03,9.504123964186097506e-01,1.664398394269118731e-01,9.458011832789307016e-01,1.808219587298311726e-01
1.079499999999999993e+01,4.027757976193335754e-01,3.109337810966625662e-03,9.655879721900231250e-01,1.425385055429898018e-01,9.470084685818295211e-01,1.554564168249056577e-01
1.080000000000000071e+01,3.835259392432018299e-01,3.091671185424100382e-03,1.051449438621777865e+00,1.209527314028926853e-01,1.022185020915419962e+00,1.297076591845520155e-01
1.080499999999999972e+01,3.656634175134026998e-01,3.074154698904020544e-03,1.092125905460803459e+00,1.104602370315854176e-01,1.067480585499826606e+00,1.161018053333780775e-01
1.081000000000000050e+01,3.490571777137426723e-01,3.056786654965027231e-03,1.000051469250376357e+00,1.047998132542130867e-01,9.822636122699212047e-01,1.080340487308545094e-01
1.081499999999999950e+01,3.335913752392237752e-01,3.039565381058400260e-03,8.758557375705926518e-01,1.059229449598891176e-01,8.534523237131133033e-01,1.067158355697070127e-01
1.082000000000000028e+01,3.191632954986668991e-01,3.022489228125400246e-03,7.912060071561232144e-01,1.120027851408049863e-01,7.600352911431895730e-01,1.100446575910100228e-01
1.082499999999999929e+01,3.056815995278650000e-01,3.005556570202501041e-03,7.759865626552029383e-01,1.220365469454128410e-01,7.339971661999213914e-01,1.165326996245399649e-01
1.083000000000000007e+01,2.930648381323761598e-01,2.988765804034307881e-03,7.915785953533723829e-01,1.377300492957065359e-01,7.391114739231109398e-01,1.272882199990809093e-01
1.083500000000000085e+01,2.812401884554384113e-01,2.972115348694108310e-03,7.330444578098777031e-01,1.559695460950555057e-01,6.702900264933212560e-01,1.385657598515673827e-01
1.083999999999999986e+01,2.701423756047166558e-01,2.955603645211692023e-03,6.524483094389842419e-01,1.763521956231327015e-01,5.754625623366367293e-01,1.495974164249966598e-01
1.084500000000000064e+01,2.597127489047738602e-01,2.939229156208465234e-03,6.152790252169462182e-01,2.060567275810381849e-01,5.175389616982115637e-01,1.651624944850296761e-01
1.084999999999999964e+01,2.498984878718996105e-01,2.922990365539595431e-03,6.316342474604565993e-01,2.551787349456406395e-01,5.012148188152274475e-01,1.907799371299843672e-01
1.085500000000000043e+01,2.406519174415671924e-01,2.906885777943034321e-03,7.009755702432832747e-01,3.343161682020270864e-01,5.180965706081435140e-01,2.296815936621786347e-01
1.085999999999999943e+01,2.319299155507825172e-01,2.890913918695359099e-03,8.357404794541977155e-01,4.631867456848476894e-01,5.654495748135660582e-01,2.869595736702612587e-01
1.086500000000000021e+01,2.236933990686892360e-01,2.875073333274100716e-03,1.073299309787570266e+00,6.822081814238043496e-01,6.490825064195379079e-01,3.724310213521664359e-01
1.087000000000000099e+01,2.159068764198978641e-01,2.859362587026664532e-03,1.493794735879419022e+00,1.071868167870407174e+00,7.857337755813141866e-01,5.047063018170377946e-01
1.087500000000000000e+01,2.085380571643371816e-01,2.843780264845448269e-03,2.218041692208481130e+00,1.751377260742059683e+00,1.011001105428626978e+00,7.200647270606276296e-01
1.087999999999999901e+01,2.015575103716768512e-01,2.828324970849195423e-03,3.124122609309933907e+00,2.595705955939411336e+00,1.397777473432672890e+00,1.091277223256571949e+00
1.088499999999999979e+01,1.949383649239622152e-01,2.812995328070407204e-03,3.256631422047941538e+00,2.645121632889250396e+00,2.083658819302607323e+00,1.755102647763208790e+00
1.089000000000000057e+01,1.886560459508028476e-01,2.797789978148622174e-03,2.544615539769841561e+00,1.819337023717922941e+00,3.195518935127273252e+00,2.837062126765599324e+00
1.089499999999999957e+01,1.826880424895173383e-01,2.782707581029538000e-03,1.999638786584340355e+00,1.112681210594258729e+00,4.149439643172728509e+00,3.753075002268587479e+00
1.090000000000000036e+01,1.770137022016139150e-01,2.767746814669713382e-03,1.827103820383010557e+00,7.029636567897760147e-01,3.642383039159386549e+00,3.200879990824644583e+00
1.090500000000000114e+01,1.716140495942997946e-01,2.752906374746906960e-03,1.958664527713165127e+00,4.723948776351318823e-01,2.541106083558837270e+00,2.040896021363664659e+00
1.091000000000000014e+01,1.664716247127137616e-01,2.738184974375787797e-03,2.404192264069237694e+00,3.360480414652011749e-01,1.835295761280536730e+00,1.253788089505375902e+00
1.091499999999999915e+01,1.615703397032590971e-01,2.723581343828919421e-03,3.309419444094604312e+00,2.505503602067007396e-01,1.507342554511780230e+00,8.114780894814801471e-01
1.091999999999999993e+01,1.568953510148643204e-01,2.709094230263020021e-03,5.016409877654944616e+00,1.940769262366338066e-01,1.419628297974727449e+00,5.587637350560861194e-01
1.092500000000000071e+01,1.524329453147005020e-01,2.694722397450229501e-03,7.947878962316617724e+00,1.551366503297783028e-01,1.514598914008685293e+00,4.060015628285383871e-01
1.092999999999999972e+01,1.481704374576713890e-01,2.680464625514415028e-03,1.101524168293266293e+01,1.273420493733766201e-01,1.808615053897674185e+00,3.083347307927948866e-01
1.093500000000000050e+01,1.440960790722602969e-01,2.666319710672268757e-03,1.029683747071465483e+01,1.069593289158458776e-01,2.399880202721413447e+00,2.428647087251380732e-01
1.093999999999999950e+01,1.401989765158031254e-01,2.652286464979264954e-03,6.889610936774336558e+00,9.171050619201606691e-02,3.504687522331698002e+00,1.972905658637836290e-01
1.094500000000000028e+01,1.364690171149018083e-01,2.638363716080218899e-03,4.294684144447151297e+00,8.015853196367504763e-02,5.358971401228036946e+00,1.646506556901061180e-01
1.094999999999999929e+01,1.328968027461956969e-01,2.624550306964447150e-03,2.816292120560608847e+00,7.137773619938368730e-02,7.172596361702368029e+00,1.408255237904217916e-01
1.095500000000000007e+01,1.294735899324191697e-01,2.610845095725371299e-03,1.983550413645177146e+00,6.477204876870971961e-02,6.908602777094474234e+00,1.232977941511081144e-01
1.096000000000000085e+01,1.261912357318066280e-01,2.597246955324567820e-03,1.492861882797187567e+00,5.997546222676707062e-02,5.937123587536346392e+00,1.105113398230592181e-01
1.096499999999999986e+01,1.230421487877948888e-01,2.583754773360024196e-03,1.191431963254293569e+00,5.680416315334379379e-02,5.747585862650882227e+00,1.015358966367687077e-01
1.097000000000000064e+01,1.200192449829660113e-01,2.570367451838660722e-03,1.003082328874580709e+00,5.524986190124736574e-02,5.066131315385367095e+00,9.590545398735933480e-02
1.097499999999999964e+01,1.171159072077666008e-01,2.557083906952942361e-03,8.893667391418352830e-01,5.552091833529896464e-02,3.587533969712954018e+00,9.358075778557203850e-02
1.098000000000000043e+01,1.143259488124404727e-01,2.543903068861505176e-03,8.323349653951985783e-01,5.816181754800665848e-02,2.458534769098806194e+00,9.504366803934856389e-02
1.098499999999999943e+01,1.116435803609864136e-01,2.530823881473789980e-03,8.280756952137084959e-01,6.431875315192386866e-02,1.828106166282969181e+00,1.015899300249090004e-01
1.099000000000000021e+01,1.090633793498025916e-01,2.517845302238443366e-03,8.858259409106079563e-01,7.618530107502284598e-02,1.518404107760171762e+00,1.158570327293158841e-01
1.099500000000000099e+01,1.065802625921058455e-01,2.504966301935617531e-03,1.021296885558845791e+00,9.670382599159096926e-02,1.414944295422638332e+00,1.414943076083187423e-01
1.100000000000000000e+01,1.041894610026784102e-01,2.492185864472888299e-03,1.207640718083837994e+00,1.247128114872270155e-01,1.414737334576632755e+00,1.772014534192475899e-01
1.100499999999999901e+01,1.018864965469836875e-01,2.479502986684847289e-03,1.410353319322285470e+00,1.593145989291211706e-01,1.422964915392662455e+00,2.214960901347330924e-01
1.100999999999999979e+01,9.966716114448664898e-02,2.466916678136268914e-03,1.763590185577306180e+00,2.177269029320862415e-01,1.537805431462370365e+00,3.010859311898750890e-01
1.101500000000000057e+01,9.752749733873455895e-02,2.454425960928731647e-03,2.254417303559995478e+00,2.779246991152475865e-01,1.822694592361682853e+00,4.201895234895685061e-01
1.101999999999999957e+01,9.546378056679760693e-02,2.442029869510691821e-03,2.485491555530150887e+00,2.553109427384706587e-01,2.127815041959832065e+00,4.620872553355080958e-01
1.102500000000000036e+01,9.347250287830528859e-02,2.429727450490848199e-03,2.296309330030253282e+00,1.855443191915946421e-01,2.447642801076813868e+00,3.649070743818825791e-01
1.103000000000000114e+01,9.155035796997598729e-02,2.417517762454883621e-03,2.145164949104989116e+00,1.380457907360064240e-01,2.985846689168840218e+00,2.661603399848448959e-01
1.103500000000000014e+01,8.969422741530666543e-02,2.405399875785324808e-03,2.010553419651442741e+00,1.209210809734445474e-01,3.152618044747826254e+00,2.223510431088687178e-01
1.103999999999999915e+01,8.790116798139935295e-02,2.393372872484601441e-03,1.809336542730651143e+00,1.286201207110362899e-01,2.604300616580485173e+00,2.281429799467729613e-01
1.104499999999999993e+01,8.616839993575779733e-02,2.381435846001206912e-03,1.745502935695676605e+00,1.487383994993695668e-01,2.102482167184429596e+00,2.664680497093436795e-01
1.105000000000000071e+01,8.449329625556216417e-02,2.369587901058850185e-03,1.721011051129740732e+00,1.527169958473621469e-01,1.770654996142793536e+00,2.845895053171711986e-01
1.105499999999999972e+01,8.287337266056547802e-02,2.357828153488612192e-03,1.774601519893126200e+00,1.538015965395621021e-01,1.518208216006639466e+00,2.817868558390922984e-01
1.106000000000000050e+01,8.130627839841148008e-02,2.346155730063955412e-03,2.022857085820505940e+00,1.760378223064441583e-01,1.440960283656193219e+00,3.184057256779817546e-01
1.106500000000000128e+01,7.978978771806460868e-02,2.334569768338653865e-03,2.352320690824546645e+00,1.822888401351211440e-01,1.416503949258822059e+00,3.567585877820759199e-01
1.107000000000000028e+01,7.832179197314172170e-02,2.323069416487479142e-03,2.720054910091581846e+00,1.407759032176755520e-01,1.244932336699877018e+00,2.990294945319927900e-01
1.107499999999999929e+01,7.690029230243800029e-02,2.311653833149609084e-03,3.343354190305637186e+00,9.555842796419861118e-02,1.035650485154090195e+00,2.039976761086015333e-01
1.108000000000000007e+01,7.552339283986644891e-02,2.300322187274756076e-03,4.607972020778371203e+00,6.558898302783579271e-02,9.005430390695713383e-01,1.360456549105961699e-01
1.108500000000000085e+01,7.418929441042593220e-02,2.289073657971939062e-03,7.013842808385823524e+00,4.768979728501965276e-02,8.382940356111262536e-01,9.563562067958286672e-02
1.108999999999999986e+01,7.289628867277904434e-02,2.277907434360780872e-03,1.016278157629488810e+01,3.678359836599362498e-02,8.253952312191442653e-01,7.152944189623337834e-02
1.109499999999999886e+01,7.164275267260226954e-02,2.266822715425395943e-03,1.097557524332832557e+01,2.973317652138424139e-02,8.470235731563584558e-01,5.630232319153463671e-02
1.109999999999999964e+01,7.042714377405824566e-02,2.255818709870718343e-03,9.229302334027986277e+00,2.489775183532564815e-02,8.971418766768043396e-01,4.608206854469068525e-02
1.110500000000000043e+01,6.924799493965456965e-02,2.244894635981312635e-03,6.946542875828256136e+00,2.141129501227741899e-02,9.752077817606584764e-01,3.885481442797303342e-02
1.110999999999999943e+01,6.810391033134122196e-02,2.234049721482516630e-03,4.592009300863891141e+00,1.879268077496109787e-02,1.084649016991366954e+00,3.352026958845631677e-02
1.111500000000000021e+01,6.699356120807893611e-02,2.223283203403953346e-03,2.980187174856681498e+00,1.675939149131306163e-02,1.232779893223076906e+00,2.944261120889095362e-02
1.112000000000000099e+01,6.591568209723401572e-02,2.212594327945365327e-03,2.034086266079138561e+00,1.513695438299979962e-02,1.431858210649848306e+00,2.623490599332192058e-02
1.112500000000000000e+01,6.486906721907503837e-02,2.201982350344644686e-03,1.469106461247253304e+00,1.381278609987766914e-02,1.701504872961009607e+00,2.365077558608555397e-02
1.112999999999999901e+01,6.385256714541755196e-02,2.191446534748121323e-03,1.112388263789909404e+00,1.271143844640286111e-02,2.073352600080871522e+00,2.152708632592157875e-02
1.113499999999999979e+01,6.286508567502846478e-02,2.180986154082983127e-03,8.744720107189690728e-01,1.178067278185779103e-02,2.599925563740522527e+00,1.975211975691482449e-02
1.114000000000000057e+01,6.190557690985650646e-02,2.170600489931856329e-03,7.082323772743572832e-01,1.098328300650167413e-02,3.372201622786278108e+00,1.824710136245887709e-02
1.114499999999999957e+01,6.097304251745359893e-02,2.160288832409457127e-03,5.875313029066070447e-01,1.029210813681016162e-02,4.555961271669793256e+00,1.695505498907196387e-02
1.115000000000000036e+01,6.006652916614377280e-02,2.150050480041251245e-03,4.970747907407609967e-01,9.686886377509333276e-03,6.469770023063258435e+00,1.583384142390483612e-02
1.115500000000000114e+01,5.918512612059179806e-02,2.139884739644205575e-03,4.274728144011126219e-01,9.152210804730897403e-03,9.748175911070008581e+00,1.485167534070123453e-02
1.116000000000000014e+01,5.832796298638706634e-02,2.129790926209422855e-03,3.727145482076321126e-01,8.676165274084268741e-03,1.558005428396353231e+01,1.398415872299041407e-02
1.116499999999999915e+01,5.749420759318189800e-02,2.119768362786752201e-03,3.288116251527529177e-01,8.249392437359474514e-03,2.511202449279081961e+01,1.321226956682500578e-02
1.116999999999999993e+01,5.668306400673304990e-02,2.109816380371302199e-03,2.930344045080404136e-01,7.864443330671766486e-03,3.406604389742904715e+01,1.252096824920781448e-02
1.117500000000000071e+01,5.589377066094444041e-02,2.099934317791786291e-03,2.634638458195365240e-01,7.515314697914885107e-03,3.123635237099545492e+01,1.189821276111377446e-02
1.117999999999999972e+01,5.512559860170355291e-02,2.090121521600729095e-03,2.387187487302076250e-01,7.197114109689818975e-03,2.071740813935210213e+01,1.133425039957011368e-02
1.118500000000000050e+01,5.437784983492074259e-02,2.080377345966410909e-03,2.177842712655144730e-01,6.905813730516349030e-03,1.270949201026358999e+01,1.082110002893517040e-02
1.119000000000000128e+01,5.364985577176961673e-02,2.070701152566635853e-03,1.999009873838961393e-01,6.638066644791352014e-03,8.122704850334260485e+00,1.035216803454414372e-02
1.119500000000000028e+01,5.294097576463890203e-02,2.061092310484187451e-03,1.844912593435320824e-01,6.391068029873041290e-03,5.516796967140538577e+00,9.921959586202896281e-03
1.119999999999999929e+01,5.225059572779634093e-02,2.051550196103965173e-03,1.711092493872886644e-01,6.162448946739026642e-03,3.955080491369201479e+00,9.525858856717566575e-03
1.120500000000000007e+01,5.157812683721407082e-02,2.042074193011827934e-03,1.594062802319927141e-01,5.950194171234639978e-03,2.962697971314264933e+00,9.159959810041343534e-03
1.121000000000000085e+01,5.092300430439892361e-02,2.032663691895032244e-03,1.491063848250192003e-01,5.752577963407639293e-03,2.298747206837889578e+00,8.820934543361944741e-03
1.121499999999999986e+01,5.028468621945749589e-02,2.023318090444284085e-03,1.399887573049495570e-01,5.568113374812597161e-03,1.834941096146790240e+00,8.505929842940657126e-03
1.121999999999999886e+01,4.966265245896431257e-02,2.014036793257371546e-03,1.318749641590950261e-01,5.395511881694186815e-03,1.499119175064490772e+00,8.212485166190995264e-03
1.122499999999999964e+01,4.905640365451802154e-02,2.004819211744316224e-03,1.246194938627590842e-01,5.233650972105694833e-03,1.248576945900331303e+00,7.938467059448206173e-03
1.123000000000000043e+01,4.846546021816844352e-02,1.995664764034085856e-03,1.181026838441343180e-01,5.081547916537592843e-03,1.056885732502695463e+00,7.682016301854031198e-03
1.123499999999999943e+01,4.788936142115520628e-02,1.986572874882741157e-03,1.122253642029406445e-01,4.938338387290496997e-03,9.070420046599638741e-01,7.441504989695757466e-03
1.124000000000000021e+01,4.732766452265909501e-02,1.977542975583069726e-03,1.069047572652517819e-01,4.803258910791514610e-03,7.877318063200763332e-01,7.215501449287215104e-03
1.124500000000000099e+01,4.677994394549036400e-02,1.968574503875676271e-03,1.020713068373638871e-01,4.675632372948157478e-03,6.912034589501899751e-01,7.002741362863648678e-03
1.125000000000000000e+01,4.624579049584562340e-02,1.959666903861433281e-03,9.766620338139553326e-02,4.554855973763239328e-03,6.120083486508279824e-01,6.802103861228729273e-03
1.125499999999999901e+01,4.572481062447079914e-02,1.950819625915353522e-03,9.363943551171176327e-02,4.440391160125125095e-03,5.462295207625231797e-01,6.612591614106327551e-03
1.125999999999999979e+01,4.521662572673823544e-02,1.942032126601795240e-03,8.994824338404773523e-02,4.331755166493327439e-03,4.909944732997897354e-01,6.433314159037240715e-03
1.126500000000000057e+01,4.472087147932075901e-02,1.933303868591022606e-03,8.655588173120570827e-02,4.228513870401915190e-03,4.441589683157526891e-01,6.263473869876400382e-03
1.126999999999999957e+01,4.423719721129516780e-02,1.924634320577073288e-03,8.343062348555682628e-02,4.130275729270736773e-03,4.040967815351815262e-01,6.102354089173291085e-03
1.127500000000000036e+01,4.376526530765211670e-02,1.916022957196874144e-03,8.054495181088537625e-02,4.036686611308274233e-03,3.695568092196088172e-01,5.949309044192022285e-03
1.128000000000000114e+01,4.330475064332827556e-02,1.907469258950687894e-03,7.787490078047686060e-02,3.947425369512645374e-03,3.395640208109492741e-01,5.803755240807441547e-03
1.128500000000000014e+01,4.285534004598817726e-02,1.898972712123739390e-03,7.539951415235167376e-02,3.862200036298299097e-03,3.133495669288183239e-01,5.665164087990004482e-03
1.128999999999999915e+01,4.241673178590932292e-02,1.890532808709085482e-03,7.310039859157498043e-02,3.780744538878512070e-03,2.903006531178989325e-01,5.533055551800810171e-03
1.129499999999999993e+01,4.198863509142449629e-02,1.882149046331695269e-03,7.096135289788875478e-02,3.702815853543536123e-03,2.699240523570292094e-01,5.406992674537942217e-03
1.130000000000000071e+01,4.157076968847286252e-02,1.873820928173678324e-03,6.896805875978105627e-02,3.628191531408456530e-03,2.518191819051873170e-01,5.286576824025352589e-03
1.130499999999999972e+01,4.116286536290818254e-02,1.865547962900697496e-03,6.710782159369943489e-02,3.556667539834825614e-03,2.356579875436319860e-01,5.171443561621543068e-03
1.131000000000000050e+01,4.076466154429109895e-02,1.857329664589473742e-03,6.536935237177400604e-02,3.488056373146091946e-03,2.211697396861455056e-01,5.061259036572696504e-03
1.131500000000000128e+01,4.037590690998096171e-02,1.849165552656466868e-03,6.374258316338222985e-02,3.422185393921040215e-03,2.081294187200267987e-01,4.955716829798930724e-03
1.132000000000000028e+01,3.999635900840508435e-02,1.841055151787595809e-03,6.221851054052778690e-02,3.358895372411876273e-03,1.963487539921749958e-01,4.854535182808210510e-03
1.132499999999999929e+01,3.962578390046275073e-02,1.832997991869053742e-03,6.078906211783829255e-02,3.298039196779332417e-03,1.856692461980588849e-01,4.757454557763926561e-03
1.133000000000000007e+01,3.926395581807990559e-02,1.824993607919203273e-03,5.944698238473274804e-02,3.239480731078370462e-03,1.759566873220777261e-01,4.664235483228454729e-03
1.133500000000000085e+01,3.891065683899008060e-02,1.817041540021472560e-03,5.818573469277524973e-02,3.183093801440625356e-03,1.670968220444133678e-01,4.574656647124719124e-03
1.133999999999999986e+01,3.856567657687664380e-02,1.809141333258309191e-03,5.699941682540932836e-02,3.128761293820630889e-03,1.589918869386343636e-01,4.488513204281675308e-03
1.134499999999999886e+01,3.822881188605815883e-02,1.801292537646095957e-03,5.588268803067132640e-02,3.076374349108987154e-03,1.515578303215533718e-01,4.405615270775875558e-03
1.135000000000000142e+01,3.789986657995368657e-02,1.793494708071082747e-03,5.483070576366357723e-02,3.025831643457389895e-03,1.447220640250073409e-01,4.325786581334157763e-03
1.135500000000000043e+01,3.757865116260592636e-02,1.785747404226306363e-03,5.383907068260374018e-02,2.977038743375394220e-03,1.384216339221045755e-01,4.248863289458684744e-03
1.135999999999999943e+01,3.726498257258038099e-02,1.778050190549391139e-03,5.290377868430342495e-02,2.929907526604982534e-03,1.326017224073234579e-01,4.174692892794111022e-03
1.136500000000000021e+01,3.695868393860729517e-02,1.770402636161353977e-03,5.202117896300695321e-02,2.884355661004400859e-03,1.272144157484692284e-01,4.103133268672276394e-03
1.137000000000000099e+01,3.665958434636137908e-02,1.762804314806312722e-03,5.118793723920595645e-02,2.840306134710147458e-03,1.222176840955577631e-01,4.034051806811791291e-03
1.137500000000000000e+01,3.636751861581172252e-02,1.755254804792070154e-03,5.040100343925338344e-02,2.797686831730929104e-03,1.175745332282013972e-01,3.967324627887415175e-03
1.137999999999999901e+01,3.608232708861046356e-02,1.747753688931620846e-03,4.965758321770653849e-02,2.756430147882929678e-03,1.132522957693747334e-01,3.902835878164219625e-03
1.138499999999999979e+01,3.580385542501386686e-02,1.740300554485504133e-03,4.895511280661562353e-02,2.716472642621627076e-03,1.092220362572272618e-01,3.840477091654933769e-03
1.139000000000000057e+01,3.553195440986266912e-02,1.732894993105039624e-03,4.829123675294057227e-02,2.677754722881120920e-03,1.054580496366454290e-01,3.780146612343024230e-03
1.139499999999999957e+01,3.526647976717210697e-02,1.725536600776398852e-03,4.766378816964094572e-02,2.640220355509408784e-03,1.019374367683854310e-01,3.721749069944060417e-03
1.140000000000000036e+01,3.500729198290791766e-02,1.718224977765477708e-03,4.707077118000821403e-02,2.603816805300658305e-03,9.863974372349698649e-02,3.665194903479774592e-03
1.140500000000000114e+01,3.475425613555169213e-02,1.710959728563642103e-03,4.651034528029100723e-02,2.568494395982817008e-03,9.554665413452220757e-02,3.610399927632112430e-03
1.141000000000000014e+01,3.450724173407411499e-02,1.703740461834216732e-03,4.598081138404586793e-02,2.534206291827526773e-03,9.264172586319603664e-02,3.557284937442247927e-03
1.141499999999999915e+01,3.426612256296301257e-02,1.696566790359802825e-03,4.548059934417728045e-02,2.500908297819345177e-03,8.991016483171129781e-02,3.505775347440923291e-03
1.141999999999999993e+01,3.403077653396702901e-02,1.689438330990342477e-03,4.500825677622779381e-02,2.468558676555012137e-03,8.733863013789559815e-02,3.455800861747392819e-03
1.142500000000000071e+01,3.380108554423785772e-02,1.682354704591969893e-03,4.456243902999907497e-02,2.437117980248662986e-03,8.491506560110842483e-02,3.407295172068839067e-03
1.142999999999999972e+01,3.357693534056872819e-02,1.675315535996603142e-03,4.414190017664865878e-02,2.406548896397702267e-03,8.262855371675743854e-02,3.360195680875781819e-03
1.143500000000000050e+01,3.335821538944361286e-02,1.668320453952246499e-03,4.374548489558985342e-02,2.376816105821182024e-03,8.046918867328646530e-02,3.314443247330072471e-03
1.144000000000000128e+01,3.314481875262998561e-02,1.661369091074071241e-03,4.337212116026683412e-02,2.347886151920925042e-03,7.842796563754877992e-02,3.269981953806782183e-03
1.144500000000000028e+01,3.293664196805645705e-02,1.654461083796155427e-03,4.302081363454513668e-02,2.319727320136318657e-03,7.649668396708481088e-02,3.226758891082059846e-03
1.144999999999999929e+01,3.273358493573590849e-02,1.647596072323949650e-03,4.269063770239842764e-02,2.292309526671655259e-03,7.466786238049721858e-02,3.184723960464426289e-03
1.145500000000000007e+01,3.253555080850487752e-02,1.640773700587439508e-03,4.238073406301058610e-02,2.265604215669133215e-03,7.293466442495019630e-02,3.143829691326482500e-03
1.146000000000000085e+01,3.234244588736134157e-02,1.633993616194961843e-03,4.209030383159083344e-02,2.239584264084379123e-03,7.129083283510259661e-02,3.104031072653046057e-03
1.146499999999999986e+01,3.215417952119683370e-02,1.627255470387715518e-03,4.181860409329973133e-02,2.214223893595992747e-03,6.973063159021285207e-02,3.065285397363006273e-03
1.146999999999999886e+01,3.197066401072653358e-02,1.620558917994892149e-03,4.156494386385203854e-02,2.189498588946149453e-03,6.824879465345744245e-02,3.027552118286463284e-03
1.147500000000000142e+01,3.179181451643447315e-02,1.613903617389480334e-03,4.132868041574541684e-02,2.165385022168478130e-03,6.684048052604858736e-02,2.990792714790197881e-03
1.148000000000000043e+01,3.161754897035831680e-02,1.607289230444714986e-03,4.110921593375681249e-02,2.141860982211471216e-03,6.550123187348992626e-02,2.954970569142738920e-03
1.148499999999999943e+01,3.144778799154595433e-02,1.600715422491095011e-03,4.090599446745572798e-02,2.118905309512126352e-03,6.422693958643760359e-02,2.920050851797831911e-03
1.149000000000000021e+01,3.128245480502955117e-02,1.594181862274069057e-03,4.071849915209054677e-02,2.096497835116970920e-03,6.301381072752075541e-02,2.886000414854470765e-03
1.149500000000000099e+01,3.112147516416568019e-02,1.587688221912316074e-03,4.054624967236019478e-02,2.074619323984235476e-03,6.185833989073382527e-02,2.852787693020667186e-03
1.150000000000000000e+01,3.096477727619972170e-02,1.581234176856587473e-03,4.038879994636796616e-02,2.053251422134697284e-03,6.075728356400784264e-02,2.820382611471146037e-03
1.150499999999999901e+01,3.081229173092120410e-02,1.574819405849171849e-03,4.024573600950814151e-02,2.032376607348936569e-03,5.970763714009161977e-02,2.788756500045564291e-03
1.150999999999999979e+01,3.066395143228142078e-02,1.568443590883902231e-03,4.011667408019832515e-02,2.011978143135427326e-03,5.870661426741535793e-02,2.757882013283750964e-03
1.151500000000000057e+01,3.051969153285307226e-02,1.562106417166763978e-03,4.000125879128800521e-02,1.992040035718535378e-03,5.775162827249476910e-02,2.727733055840193994e-03
1.151999999999999957e+01,3.037944937101567239e-02,1.555807573077023099e-03,3.989916157266813757e-02,1.972546993817026438e-03,5.684027541963273394e-02,2.698284712860165441e-03
1.152500000000000036e+01,3.024316441075857592e-02,1.549546750128917268e-03,3.981007917211581287e-02,1.953484391003803243e-03,5.597031980313253718e-02,2.669513184937103920e-03
1.153000000000000114e+01,3.011077818399792230e-02,1.543323642933902388e-03,3.973373230274513529e-02,1.934838230455353074e-03,5.513967969260835655e-02,2.641395727303727167e-03
1.153500000000000014e+01,2.998223423530793630e-02,1.537137949163392033e-03,3.966986440662935431e-02,1.916595111915278798e-03,5.434641517390536442e-02,2.613910592938920290e-03
1.153999999999999915e+01,2.985747806897447870e-02,1.530989369512052644e-03,3.961824052522432832e-02,1.898742200711391005e-03,5.358871694714924944e-02,2.587036979300071180e-03
1.154499999999999993e+01,2.973645709828108552e-02,1.524877607661587068e-03,3.957864626817467202e-02,1.881267198678654743e-03,5.286489615990961483e-02,2.560754978414345358e-03
1.155000000000000071e+01,2.961912059694388893e-02,1.518802370245041743e-03,3.955088687293714655e-02,1.864158316852665073e-03,5.217337516780168327e-02,2.535045530085046697e-03
1.155499999999999972e+01,2.950541965261505029e-02,1.512763366811605264e-03,3.953478634842077372e-02,1.847404249809009389e-03,5.151267912732552384e-02,2.509890377988901328e-03
1.156000000000000050e+01,2.939530712237833215e-02,1.506760309791875529e-03,3.953018669653072387e-02,1.830994151533927618e-03,5.088142833663849424e-02,2.485272028458506127e-03
1.156500000000000128e+01,2.928873759016607445e-02,1.500792914463649260e-03,3.953694720612462715e-02,1.814917612720915114e-03,5.027833124949263738e-02,2.461173711761024778e-03
1.157000000000000028e+01,2.918566732602745697e-02,1.494860898918145631e-03,3.955494381444848995e-02,1.799164639395759661e-03,4.970217809589723423e-02,2.437579345698730107e-03
1.157499999999999929e+01,2.908605424718430088e-02,1.488963984026710425e-03,3.958406853162703409e-02,1.783725632780462254e-03,4.915183505040674611e-02,2.414473501371286815e-03
1.158000000000000007e+01,2.898985788081258688e-02,1.483101893407993760e-03,3.962422892424417170e-02,1.768591370313176304e-03,4.862623889536515226e-02,2.391841370952003942e-03
1.158500000000000085e+01,2.889703932849096643e-02,1.477274353395553047e-03,3.967534765446673745e-02,1.753752987747516289e-03,4.812439213210397554e-02,2.369668737341562061e-03
1.158999999999999986e+01,2.880756123226136875e-02,1.471481093005926489e-03,3.973736207154829336e-02,1.739201962260571253e-03,4.764535849809785339e-02,2.347941945573519748e-03
1.159499999999999886e+01,2.872138774224875651e-02,1.465721843907114453e-03,3.981022385289919446e-02,1.724930096503953869e-03,4.718825885249022800e-02,2.326647875855071892e-03
1.160000000000000142e+01,2.863848448579097566e-02,1.459996340387513612e-03,3.989389869223085999e-02,1.710929503537340001e-03,4.675226739631790224e-02,2.305773918135689549e-03
1.160500000000000043e+01,2.855881853803162937e-02,1.454304319325290182e-03,3.998836603257863165e-02,1.697192592588195673e-03,4.633660819721879126e-02,2.285307948104016180e-03
1.160999999999999943e+01,2.848235839393052637e-02,1.448645520158114205e-03,4.009361884228376111e-02,1.683712055585379151e-03,4.594055199147846491e-02,2.265238304520611999e-03
1.161500000000000021e+01,2.840907394165150326e-02,1.443019684853366971e-03,4.020966343226833190e-02,1.670480854418413853e-03,4.556341323901345192e-02,2.245553767801430466e-03
1.162000000000000099e+01,2.833893643728633074e-02,1.437426557878714690e-03,4.033651931317849132e-02,1.657492208877233645e-03,4.520454740930433812e-02,2.226243539772467753e-03
1.162500000000000000e+01,2.827191848087840312e-02,1.431865886173101961e-03,4.047421909119394701e-02,1.644739585230688226e-03,4.486334847846948359e-02,2.207297224522145659e-03
1.162999999999999901e+01,2.820799399371020158e-02,1.426337419118112139e-03,4.062280840151628186e-02,1.632216685404799892e-03,4.453924661959663550e-02,2.188704810282975782e-03
1.163499999999999979e+01,2.814713819682209545e-02,1.420840908509738397e-03,4.078234587874771111e-02,1.619917436724660790e-03,4.423170607018233474e-02,2.170456652279110360e-03
1.164000000000000057e+01,2.808932759073099958e-02,1.415376108530532959e-03,4.095290316356789417e-02,1.607835982186190836e-03,4.394022316207250173e-02,2.152543456480635661e-03
1.164499999999999957e+01,2.803453993631963709e-02,1.409942775722110211e-03,4.113456494530214752e-02,1.595966671226247855e-03,4.366432450068235410e-02,2.134956264209536114e-03
1.165000000000000036e+01,2.798275423686918603e-02,1.404540668958031459e-03,4.132742904015446195e-02,1.584304050961869628e-03,4.340356528152145010e-02,2.117686437546252836e-03
1.165500000000000114e+01,2.793395072121021561e-02,1.399169549417067851e-03,4.153160650505571816e-02,1.572842857871265421e-03,4.315752773316423180e-02,2.100725645489103909e-03
1.166000000000000014e+01,2.788811082796737242e-02,1.393829180556787912e-03,4.174722178725463750e-02,1.561578009890927151e-03,4.292581967680988986e-02,2.084065850821928932e-03
1.166499999999999915e+01,2.784521719087661162e-02,1.388519328087525848e-03,4.197441290994779334e-02,1.550504598905096815e-03,4.270807319348648989e-02,2.067699297648646715e-03
1.166999999999999993e+01,2.780525362515401042e-02,1.383239759946675116e-03,4.221333169442266497e-02,1.539617883605198410e-03,4.250394339076561667e-02,2.051618499555803252e-03
1.167500000000000071e+01,2.776820511489791823e-02,1.377990246273342375e-03,4.246414401935907218e-02,1.528913282698426100e-03,4.231310726159613622e-02,2.035816228367047682e-03
1.167999999999999972e+01,2.773405780150679442e-02,1.372770559383330391e-03,4.272703011811454510e-02,1.518386368445911192e-03,4.213526262853072024e-02,2.020285503455607201e-03
1.168500000000000050e+01,2.770279897309736034e-02,1.367580473744433190e-03,4.300218491500015783e-02,1.508032860512158353e-03,4.197012716722381409e-02,2.005019581583123486e-03
1.169000000000000128e+01,2.767441705490902848e-02,1.362419765952096800e-03,4.328981840173758144e-02,1.497848620108738205e-03,4.181743750363113576e-02,1.990011947235398489e-03
1.169500000000000028e+01,2.764890160068164682e-02,1.357288214705362544e-03,4.359015605548757777e-02,1.487829644416007509e-03,4.167694837983375311e-02,1.975256303427111882e-03
1.169999999999999929e+01,2.762624328499554971e-02,1.352185600783143826e-03,4.390343930003712952e-02,1.477972061267929888e-03,4.154843188386887765e-02,1.960746562949750374e-03
1.170500000000000007e+01,2.760643389656423918e-02,1.347111707020822542e-03,4.422992601194634943e-02,1.468272124085825015e-03,4.143167673935902601e-02,1.946476840038369096e-03
1.171000000000000085e+01,2.758946633247098476e-02,1.342066318287133027e-03,4.456989107368083264e-02,1.458726207047753975e-03,4.132648765110908534e-02,1.932441442434333547e-03
1.171499999999999986e+01,2.757533459334271173e-02,1.337049221461369952e-03,4.492362697598894367e-02,1.449330800481143369e-03,4.123268470318677825e-02,1.918634863822768748e-03
1.171999999999999886e+01,2.756403377945531100e-02,1.332060205410866630e-03,4.529144447203870688e-02,1.440082506466867224e-03,4.115010280631612588e-02,1.905051776624502825e-03
1.172500000000000142e+01,2.755556008776627319e-02,1.327099060968790333e-03,4.567367328609236998e-02,1.430978034643873775e-03,4.107859119170556572e-02,1.891687025123816191e-03
1.173000000000000043e+01,2.754991080987180194e-02,1.322165580912232309e-03,4.607066287978723446e-02,1.422014198203986951e-03,4.101801294869693998e-02,1.878535618914243394e-03
1.173499999999999943e+01,2.754708433088661965e-02,1.317259559940542378e-03,4.648278327940479765e-02,1.413187910067053611e-03,4.096824460386881001e-02,1.865592726645671920e-03
1.174000000000000021e+01,2.754708012924671906e-02,1.312380794653990757e-03,4.691042596783032148e-02,1.404496179227462819e-03,4.092917573945482196e-02,1.852853670057356831e-03
1.174500000000000099e+01,2.754989877743582033e-02,1.307529083532678153e-03,4.735400484528013570e-02,1.395936107263247511e-03,4.090070864914772952e-02,1.840313918281924997e-03
1.175000000000000000e+01,2.755554194363838555e-02,1.302704226915732746e-03,4.781395726325216033e-02,1.387504884999755028e-03,4.088275802955636251e-02,1.827969082406663776e-03
1.175499999999999901e+01,2.756401239432298977e-02,1.297906026980757618e-03,4.829074513658618284e-02,1.379199789320153299e-03,4.087525070576428915e-02,1.815814910278985665e-03
1.175999999999999979e+01,2.757531399776134984e-02,1.293134287723558557e-03,4.878485613897369511e-02,1.371018180115651233e-03,4.087812538961125425e-02,1.803847281543909196e-03
1.176500000000000057e+01,2.758945172848976252e-02,1.288388814938137492e-03,4.929680498776421033e-02,1.362957497368582661e-03,4.089133246947734834e-02,1.792062202901963108e-03
1.176999999999999957e+01,2.760643167272104972e-02,1.283669416196918378e-03,4.982713482446293057e-02,1.355015258361927984e-03,4.091483383050218553e-02,1.780455803576577473e-03
1.177500000000000036e+01,2.762626103471654826e-02,1.278975900831241970e-03,5.037641869790901450e-02,1.347189055009275068e-03,4.094860270431442684e-02,1.769024330980803212e-03
1.178000000000000114e+01,2.764894814412918733e-02,1.274308079912119494e-03,5.094526115778241077e-02,1.339476551299510852e-03,4.099262354748300918e-02,1.757764146573679177e-03
1.178500000000000014e+01,2.767450246433015432e-02,1.269665766231205988e-03,5.153429996681153924e-02,1.331875480850813103e-03,4.104689194803279317e-02,1.746671721897053407e-03
1.178999999999999915e+01,2.770293460173315486e-02,1.265048774282039263e-03,5.214420794083542837e-02,1.324383644568928554e-03,4.111141455949176432e-02,1.735743634784358202e-03
1.179499999999999993e+01,2.773425631613193540e-02,1.260456920241499832e-03,5.277569492675293628e-02,1.316998908404892537e-03,4.118620906205918558e-02,1.724976565733154360e-03
1.180000000000000071e+01,2.776848053206809608e-02,1.255890021951521288e-03,5.342950992934186044e-02,1.309719201207710636e-03,4.127130415060172031e-02,1.714367294433857998e-03
1.180499999999999972e+01,2.780562135124811304e-02,1.251347898901026840e-03,5.410644339899297467e-02,1.302542512667700676e-03,4.136673954930015357e-02,1.703912696447355867e-03
1.181000000000000050e+01,2.784569406603027222e-02,1.246830372208077280e-03,5.480732969357032802e-02,1.295466891346450534e-03,4.147256605288442838e-02,1.693609740024704276e-03
1.181500000000000128e+01,2.788871517400314665e-02,1.242337264602278715e-03,5.553304972888876284e-02,1.288490442789666903e-03,4.158884559450513885e-02,1.683455483062552133e-03
1.182000000000000028e+01,2.793470239368051403e-02,1.237868400407377001e-03,5.628453383374572988e-02,1.281611327719218291e-03,4.171565134040598061e-02,1.673447070188067163e-03
1.182499999999999929e+01,2.798367468133778832e-02,1.233423605524093958e-03,5.706276482700731872e-02,1.274827760301083888e-03,4.185306781167198037e-02,1.663581729967763666e-03
1.183000000000000007e+01,2.803565224901845288e-02,1.229002707413163944e-03,5.786878133601774943e-02,1.268138006485951350e-03,4.200119103344473331e-02,1.653856772234709761e-03
1.183500000000000085e+01,2.809065658373970445e-02,1.224605535078597020e-03,5.870368137754420484e-02,1.261540382419517074e-03,4.216012871211221452e-02,1.644269585529083188e-03
1.183999999999999986e+01,2.814871046792955661e-02,1.220231919051144222e-03,5.956862622464322021e-02,1.255033252919618859e-03,4.233000044109982984e-02,1.634817634647189183e-03
1.184499999999999886e+01,2.820983800112951412e-02,1.215881691371959719e-03,6.046484458525266253e-02,1.248615030017538596e-03,4.251093793601395943e-02,1.625498458294374633e-03
1.185000000000000142e+01,2.827406462299861256e-02,1.211554685576480671e-03,6.139363712100057852e-02,1.242284171561024468e-03,4.270308530001457742e-02,1.616309666837620297e-03
1.185500000000000043e+01,2.834141713765754925e-02,1.207250736678514838e-03,6.235638133773748620e-02,1.236039179876668873e-03,4.290659932042767410e-02,1.607248940153705461e-03
1.185999999999999943e+01,2.841192373941459764e-02,1.202969681154489497e-03,6.335453688267465855e-02,1.229878600489397794e-03,4.312164979774974621e-02,1.598314025569066814e-03
1.186500000000000021e+01,2.848561403991557023e-02,1.198711356927938034e-03,6.438965128674722926e-02,1.223801020897138025e-03,4.334841990833605829e-02,1.589502735887906616e-03
1.187000000000000099e+01,2.856251909676517375e-02,1.194475603354152194e-03,6.546336619508015542e-02,1.217805069398658667e-03,4.358710660222699096e-02,1.580812947505021940e-03
1.187500000000000000e+01,2.864267144366802742e-02,1.190262261205037291e-03,6.657742413314832186e-02,1.211889413972894658e-03,4.383792103772388149e-02,1.572242598600273903e-03
1.187999999999999901e+01,2.872610512214170825e-02,1.186071172654138296e-03,6.773367586157046094e-02,1.206052761208062938e-03,4.410108905450473710e-02,1.563789687411622741e-03
1.188499999999999979e+01,2.881285571485627667e-02,1.181902181261865409e-03,6.893408837845749204e-02,1.200293855279156371e-03,4.437685168725138268e-02,1.555452270584032530e-03
1.189000000000000057e+01,2.890296038065843717e-02,1.177755131960901572e-03,7.018075363501259656e-02,1.194611476972411808e-03,4.466546572196246345e-02,1.547228461591560432e-03
1.189499999999999957e+01,2.899645789134237470e-02,1.173629871041772816e-03,7.147589803771717265e-02,1.189004442755526268e-03,4.496720429733990637e-02,1.539116429230176671e-03
1.190000000000000036e+01,2.909338867023143066e-02,1.169526246138610738e-03,7.282189281905569744e-02,1.183471603892588889e-03,4.528235755386338102e-02,1.531114396179100029e-03
1.190500000000000114e+01,2.919379483263978906e-02,1.165444106215082591e-03,7.422126536852659273e-02,1.178011845602747187e-03,4.561123333341943892e-02,1.523220637628482175e-03
1.191000000000000014e+01,2.929772022828656258e-02,1.161383301550493333e-03,7.567671162676875563e-02,1.172624086261835280e-03,4.595415793261777709e-02,1.515433479971526557e-03
1.191499999999999915e+01,2.940521048573898483e-02,1.157343683726059624e-03,7.719110965823562653e-02,1.167307276646306798e-03,4.631147691321916421e-02,1.507751299559218243e-03
1.191999999999999993e+01,2.951631305896579294e-02,1.153325105611341904e-03,7.876753453219216550e-02,1.162060399218990247e-03,4.668355597341515562e-02,1.500172521516029501e-03
1.192500000000000071e+01,2.963107727608578490e-02,1.149327421350858185e-03,8.040927465814373676e-02,1.156882467456366720e-03,4.707078188404069385e-02,1.492695618615156542e-03
1.192999999999999972e+01,2.974955439040280133e-02,1.145350486350841385e-03,8.211984974049905961e-02,1.151772525217179335e-03,4.747356349417987398e-02,1.485319110211856487e-03
1.193500000000000050e+01,2.987179763382181302e-02,1.141394157266161467e-03,8.390303053859815563e-02,1.146729646152475687e-03,4.789233281102724810e-02,1.478041561233778452e-03
1.194000000000000128e+01,2.999786227274656158e-02,1.137458291987423001e-03,8.576286064272189980e-02,1.141752933157324200e-03,4.832754615931417197e-02,1.470861581227236869e-03
1.194500000000000028e+01,3.012780566656632353e-02,1.133542749628188269e-03,8.770368050482509059e-02,1.136841517864664759e-03,4.877968542610176816e-02,1.463777823458481397e-03
1.194999999999999929e+01,3.026168732884271240e-02,1.129647390512379277e-03,8.973015399503939116e-02,1.131994560182075522e-03,4.924925939726802759e-02,1.456788984069314194e-03
1.195500000000000007e+01,3.039956899131626006e-02,1.125772076161814629e-03,9.184729779230370317e-02,1.127211247872437778e-03,4.973680519260945121e-02,1.449893801286410763e-03
1.196000000000000085e+01,3.054151467085722618e-02,1.121916669283907955e-03,9.406051396052469982e-02,1.122490796179862783e-03,5.024288980711515140e-02,1.443091054683978778e-03
1.196499999999999986e+01,3.068759073949353308e-02,1.118081033759509881e-03,9.637562611154412706e-02,1.117832447502543078e-03,5.076811176668282605e-02,1.436379564499478409e-03
1.196999999999999886e+01,3.083786599765600545e-02,1.114265034630883581e-03,9.879891961403607092e-02,1.113235471114618416e-03,5.131310290732389590e-02,1.429758191002312648e-03
1.197500000000000142e+01,3.099241175078768645e-02,1.110468538089839485e-03,1.013371863746985041e-01,1.108699162939622614e-03,5.187853028775844810e-02,1.423225833915635515e-03
1.198000000000000043e+01,3.115130188947368844e-02,1.106691411466014831e-03,1.039977747965190602e-01,1.104222845378589803e-03,5.246509824625183310e-02,1.416781431891558961e-03
1.198499999999999943e+01,3.131461297325835447e-02,1.102933523215262734e-03,1.067886456105089782e-01,1.099805867196433293e-03,5.307355061359635140e-02,1.410423962040176747e-03
1.199000000000000021e+01,3.148242431832125321e-02,1.099194742908216017e-03,1.097184343844888471e-01,1.095447603471080226e-03,5.370467309528058342e-02,1.404152439513237744e-03
1.199500000000000099e+01,3.165481808919928808e-02,1.095474941218961421e-03,1.127965216385490854e-01,1.091147455610472087e-03,5.435929583719167901e-02,1.397965917143279219e-03
1.200000000000000000e+01,3.183187939474847045e-02,1.091773989913863863e-03,1.160331116450058625e-01,1.086904851443630093e-03,5.503829619059973782e-02,1.391863485139469524e-03
1.200499999999999901e+01,3.201369638855334349e-02,1.088091761840502807e-03,1.194393211657399506e-01,1.082719245393016887e-03,5.574260169376103052e-02,1.385844270841525864e-03
1.200999999999999979e+01,3.220036037400113293e-02,1.084428130916759115e-03,1.230272795869345043e-01,1.078590118736809161e-03,5.647319328921877879e-02,1.379907438533486963e-03
1.201500000000000057e+01,3.239196591425281407e-02,1.080782972120025937e-03,1.268102421572079030e-01,1.074516979971210269e-03,5.723110879783636917e-02,1.374052189319322978e-03
1.201999999999999957e+01,3.258861094735682890e-02,1.077156161476532786e-03,1.308027183280013883e-01,1.070499365284749427e-03,5.801744667277096423e-02,1.368277761062728672e-03
1.202500000000000036e+01,3.279039690676351093e-02,1.073547576050810567e-03,1.350206175448191992e-01,1.066536839158795710e-03,5.883337005900717009e-02,1.362583428393852186e-03
1.203000000000000114e+01,3.299742884751620531e-02,1.069957093935272607e-03,1.394814152571100807e-01,1.062628995111049258e-03,5.968011118678590715e-02,1.356968502786060462e-03
1.203500000000000014e+01,3.320981557840992082e-02,1.066384594239921891e-03,1.442043424184415723e-01,1.058775456601983517e-03,6.055897613027991233e-02,1.351432332706328484e-03
1.203999999999999915e+01,3.342766980042744668e-02,1.062829957082167369e-03,1.492106023565805961e-01,1.054975878127947624e-03,6.147134996626287679e-02,1.345974303843270204e-03
1.204499999999999993e+01,3.365110825177905496e-02,1.059293063576771665e-03,1.545236196290441788e-01,1.051229946529294492e-03,6.241870237130075355e-02,1.340593839417472113e-03
1.205000000000000071e+01,3.388025185989400334e-02,1.055773795825916536e-03,1.601693263741969242e-01,1.047537382547403554e-03,6.340259370026926633e-02,1.335290400579298075e-03
1.205499999999999972e+01,3.411522590073369499e-02,1.052272036909368286e-03,1.661764927591682373e-01,1.043897942671255085e-03,6.442468159379091674e-02,1.330063486900042455e-03
1.206000000000000050e+01,3.435616016581660020e-02,1.048787670874767441e-03,1.725771094623909374e-01,1.040311421322557932e-03,6.548672816757042381e-02,1.324912636963079642e-03
1.206500000000000128e+01,3.460318913737069763e-02,1.045320582728039840e-03,1.794068317726188744e-01,1.036777653438605753e-03,6.659060784269457689e-02,1.319837429062516556e-03
1.207000000000000028e+01,3.485645217205714241e-02,1.041870658423898165e-03,1.867054969173660983e-01,1.033296517524607975e-03,6.773831588283715788e-02,1.314837482017705821e-03
1.207499999999999929e+01,3.511609369373216993e-02,1.038437784856468789e-03,1.945177287541921818e-01,1.029867939262948083e-03,6.893197771205634983e-02,1.309912456113189417e-03
1.208000000000000007e+01,3.538226339574843810e-02,1.035021849850017951e-03,2.028936471014200771e-01,1.026491895786217591e-03,7.017385909568590874e-02,1.305062054174706884e-03
1.208500000000000085e+01,3.565511645332512108e-02,1.031622742149791109e-03,2.118897029234919349e-01,1.023168420745367664e-03,7.146637727677920826e-02,1.300286022793383173e-03
1.208999999999999986e+01,3.593481374655273924e-02,1.028240351412957471e-03,2.215696655477490673e-01,1.019897610334991826e-03,7.281211317191547960e-02,1.295584153711643038e-03
1.209499999999999886e+01,3.622152209463482680e-02,1.024874568199642989e-03,2.320057943733380701e-01,1.016679630476703547e-03,7.421382474307286481e-02,1.290956285386209244e-03
1.210000000000000142e+01,3.651541450200424671e-02,1.021525283964090430e-03,2.432802355370809466e-01,1.013514725411194519e-03,7.567446167696606496e-02,1.286402304745544629e-03
1.210500000000000043e+01,3.681667041699894505e-02,1.018192391045904437e-03,2.554866942579285261e-01,1.010403228013000403e-03,7.719718152006528611e-02,1.281922149161301809e-03
1.210999999999999943e+01,3.712547600382447993e-02,1.014875782661393529e-03,2.687324468070266259e-01,1.007345572223955921e-03,7.878536743671624154e-02,1.277515808655958936e-03
1.211500000000000021e+01,3.744202442857619967e-02,1.011575352895025936e-03,2.831407732168749747e-01,1.004342308107620228e-03,8.044264777979731607e-02,1.273183328371824737e-03
1.212000000000000099e+01,3.776651616015162111e-02,1.008290996690966966e-03,2.988539142805520243e-01,1.001394120165840888e-03,8.217291768866805124e-02,1.268924811329904135e-03
1.212500000000000000e+01,3.809915928693335258e-02,1.005022609844726314e-03,3.160366859335236311e-01,9.985018497415793469e-04,8.398036295824236330e-02,1.264740421511095433e-03
1.212999999999999901e+01,3.844016985018827715e-02,1.001770088994882128e-03,3.348809233082973291e-01,9.956665225747548219e-04,8.586948645659985002e-02,1.260630387296612746e-03
1.213499999999999979e+01,3.878977219518710967e-02,9.985333316149160986e-04,3.556109791879255577e-01,9.928893829025541191e-04,8.784513740728880360e-02,1.256595005309789391e-03
1.214000000000000057e+01,3.914819934112262478e-02,9.953122360051368071e-04,3.784905723395698973e-01,9.901719359336495687e-04,8.991254389738072283e-02,1.252634644707351173e-03
1.214499999999999957e+01,3.951569337097900897e-02,9.921067012846826461e-04,4.038313775635097858e-01,9.875160011222864232e-04,9.207734902441895575e-02,1.248749751975207966e-03
1.215000000000000036e+01,3.989250584258157567e-02,9.889166273836301306e-04,4.320038817930184072e-01,9.849237794885095081e-04,9.434565115594195639e-02,1.244940856291952211e-03
1.215500000000000114e+01,4.027889822214725246e-02,9.857419150351791858e-04,4.634512146876405558e-01,9.823979393705070326e-04,9.672404884589083651e-02,1.241208575532593093e-03
1.216000000000000014e+01,4.067514234174648968e-02,9.825824657679368794e-04,4.987069208213543159e-01,9.799417265963317279e-04,9.921969103467337403e-02,1.237553622996098463e-03
1.216499999999999915e+01,4.108152088219228781e-02,9.794381818982737971e-04,5.384180082902020326e-01,9.775591073386833210e-04,1.018403332562973496e-01,1.233976814953165841e-03
1.216999999999999993e+01,4.149832788297523611e-02,9.763089665227773443e-04,5.833751379967050399e-01,9.752549551939231412e-04,1.045944006894052314e-01,1.230479079125769339e-03
1.217500000000000071e+01,4.192586928098652327e-02,9.731947235107902671e-04,6.345525905532413136e-01,9.730352988098457060e-04,1.074910590226536289e-01,1.227061464227807664e-03
1.217999999999999972e+01,4.236446347989807765e-02,9.700953574970211640e-04,6.931617920480160899e-01,9.709076534705362747e-04,1.105402942625759027e-01,1.223725150717140534e-03
1.218500000000000050e+01,4.281444195220349830e-02,9.670107738742429260e-04,7.607239014825671886e-01,9.688814707040723949e-04,1.137530027987427722e-01,1.220471462934189996e-03
1.219000000000000128e+01,4.327614987607440039e-02,9.639408787860813833e-04,8.391695972473087739e-01,9.669687562880776438e-04,1.171410932627129919e-01,1.217301882831748087e-03
1.219500000000000028e+01,4.374994680935329061e-02,9.608855791198671597e-04,9.309783069172047343e-01,9.651849324520142635e-04,1.207176019812844503e-01,1.214218065535704882e-03
1.219999999999999929e+01,4.423620740317101008e-02,9.578447824995805528e-04,1.039375656670673553e+00,9.635500605116511120e-04,1.244968241398512337e-01,1.211221857018410838e-03
1.220500000000000007e+01,4.473532215787585919e-02,9.548183972788628748e-04,1.168618535840998840e+00,9.620906059093453470e-04,1.284944631496640344e-01,1.208315314216584346e-03
1.221000000000000085e+01,4.524769822416039450e-02,9.518063325341214690e-04,1.324414854388077378e+00,9.608420370959647010e-04,1.327278011671861324e-01,1.205500727986119061e-03
1.221499999999999986e+01,4.577376025250557562e-02,9.488084980576920804e-04,1.514555297751504215e+00,9.598527368084851805e-04,1.372158942621480859e-01,1.202780649358988537e-03
1.221999999999999886e+01,4.631395129429730084e-02,9.458248043510842761e-04,1.749887567282136791e+00,9.591900335312376381e-04,1.419797963948554453e-01,1.200157919655767645e-03
1.222500000000000142e+01,4.686873375824052862e-02,9.428551626183076387e-04,2.045860192705937219e+00,9.589497589201974748e-04,1.470428171704528109e-01,1.197635705114515232e-03
1.223000000000000043e+01,4.743859042598620041e-02,9.398994847592632290e-04,2.425044703958210590e+00,9.592718617888657852e-04,1.524308193226853736e-01,1.195217536827666892e-03
1.223499999999999943e+01,4.802402553120035944e-02,9.369576833632075816e-04,2.921400116062541574e+00,9.603668079111114244e-04,1.581725630862641507e-01,1.192907356938958854e-03
1.224000000000000021e+01,4.862556590664659367e-02,9.340296717022884745e-04,3.587767561619573442e+00,9.625619760801371961e-04,1.643001061013678599e-01,1.190709572249722733e-03
1.224500000000000099e+01,4.924376220422966438e-02,9.311153637251570270e-04,4.509625415881290955e+00,9.663868097715146675e-04,1.708492693281286334e-01,1.188629116627742260e-03
1.225000000000000000e+01,4.987919019335895071e-02,9.282146740506466926e-04,5.831572472247045447e+00,9.727367618200170960e-04,1.778601817260078155e-01,1.186671523914620925e-03
1.225499999999999901e+01,5.053245214343714958e-02,9.253275179615116659e-04,7.810958919574882309e+00,9.832052975638516136e-04,1.853779192930719022e-01,1.184843013405363502e-03
1.225999999999999979e+01,5.120417829676511545e-02,9.224538113982471473e-04,1.093161325383817584e+01,1.000787921828915879e-03,1.934532576202420417e-01,1.183150590447612678e-03
1.226500000000000057e+01,5.189502843869428506e-02,9.195934709529728166e-04,1.614898160764175117e+01,1.031399714351740205e-03,2.021435616016507564e-01,1.181602165305226234e-03
1.226999999999999957e+01,5.260569357244699457e-02,9.167464138633757203e-04,2.535768904317635730e+01,1.086769768115360395e-03,2.115138416259020326e-01,1.180206694188313653e-03
1.227500000000000036e+01,5.333689770665939189e-02,9.139125580067254759e-04,4.153748807724398517e+01,1.185344684330997319e-03,2.216380128153106199e-01,1.178974347318226213e-03
1.228000000000000114e+01,5.408939976441778930e-02,9.110918218939522513e-04,6.295928428331140481e+01,1.316420982606100656e-03,2.326004031648266912e-01,1.177916710137261267e-03
1.228500000000000014e+01,5.486399562332768681e-02,9.082841246637917473e-04,6.717872311821098208e+01,1.341057422670596756e-03,2.444975684104007674e-01,1.177047025378957909e-03
1.228999999999999915e+01,5.566152029701535581e-02,9.054893860769828735e-04,4.743083028496656794e+01,1.217375977771989600e-03,2.574404870142483759e-01,1.176380485810622940e-03
1.229499999999999993e+01,5.648285026938914405e-02,9.027075265105399078e-04,2.902592504488809766e+01,1.102060715299997161e-03,2.715572290057454707e-01,1.175934590221780311e-03
1.230000000000000071e+01,5.732890599402947623e-02,8.999384669520840707e-04,1.820246959192467529e+01,1.033731431114570882e-03,2.869962192439893256e-01,1.175729578918660763e-03
1.230499999999999972e+01,5.820065457221794414e-02,8.971821289942270329e-04,1.212817566147022497e+01,9.948554887608776921e-04,3.039302513272468254e-01,1.175788969989318778e-03
1.231000000000000050e+01,5.909911262436061408e-02,8.944384348290235947e-04,8.556412569794783707e+00,9.715258038425465554e-04,3.225614562123396145e-01,1.176140224564009747e-03
1.231500000000000128e+01,6.002534937096208612e-02,8.917073072424806356e-04,6.328085178208274542e+00,9.565677247675764307e-04,3.431274944468633015e-01,1.176815579293584999e-03
1.232000000000000028e+01,6.098048994083490881e-02,8.889886696091240693e-04,4.861452717576322691e+00,9.463807676835720144e-04,3.659093296694316266e-01,1.177853098934203467e-03
1.232499999999999929e+01,6.196571892592928066e-02,8.862824458866258625e-04,3.851695161184938598e+00,9.390787974454175169e-04,3.912410620128251582e-01,1.179298020437734469e-03
1.233000000000000007e+01,6.298228420405287131e-02,8.835885606104812526e-04,3.130096541568738733e+00,9.336182809765820531e-04,4.195224535963441026e-01,1.181204456484267638e-03
1.233500000000000085e+01,6.403150105282992555e-02,8.809069388887574154e-04,2.598267068286941761e+00,9.293909762898126554e-04,4.512349725313262172e-01,1.183637445528392795e-03
1.233999999999999986e+01,6.511475658058243909e-02,8.782375063968801861e-04,2.196104789442339111e+00,9.260255743906299197e-04,4.869623647227557250e-01,1.186674862564373635e-03
1.234499999999999886e+01,6.623351450237498217e-02,8.755801893724849674e-04,1.885382228384468783e+00,9.232855152930983730e-04,5.274172116407361832e-01,1.190409141312425648e-03
1.235000000000000142e+01,6.738932029234143140e-02,8.729349146103247735e-04,1.640927357736758241e+00,9.210156264443927418e-04,5.734790967118068572e-01,1.194957704502565624e-03
1.235500000000000043e+01,6.858380674660655152e-02,8.703016094572281480e-04,1.445660840530497593e+00,9.191121332531123527e-04,6.262438856214752603e-01,1.200470107900916423e-03
1.235999999999999943e+01,6.981869999467679722e-02,8.676802018071074971e-04,1.287680847256536421e+00,9.175029792901047898e-04,6.870875028310438060e-01,1.207130913281382213e-03
1.236500000000000021e+01,7.109582600114892903e-02,8.650706200960228253e-04,1.158500914996876130e+00,9.161367041965048311e-04,7.577563972483659649e-01,1.215172756143430028e-03
1.237000000000000099e+01,7.241711760403757303e-02,8.624727932973009830e-04,1.051949113940357172e+00,9.149761392088873267e-04,8.404947305825136716e-01,1.224894394626783534e-03
1.237500000000000000e+01,7.378462214100524330e-02,8.598866509167039191e-04,9.634586497538460970e-01,9.139941573133249144e-04,9.382242115473653499e-01,1.236684722082562844e-03
1.237999999999999901e+01,7.520050972036104731e-02,8.573121229876387844e-04,8.895994627391962117e-01,9.131707573012477937e-04,1.054803724890406524e+00,1.251057168294708328e-03
1.238499999999999979e+01,7.666708219995040097e-02,8.547491400664310266e-04,8.277623115807833942e-01,9.124910884617465833e-04,1.195412060455268266e+00,1.268700456049944329e-03
1.239000000000000057e+01,7.818678294411395002e-02,8.521976332276439987e-04,7.759415366400436165e-01,9.119440954231183361e-04,1.367124664635035458e+00,1.290555130668068901e-03
1.239499999999999957e+01,7.976220743682359282e-02,8.496575340594400907e-04,7.325831042071937471e-01,9.115215718479071239e-04,1.579804282843344510e+00,1.317931760258581183e-03
1.240000000000000036e+01,8.139611483802079717e-02,8.471287746589967237e-04,6.964767499066216727e-01,9.112174887892460304e-04,1.847514459534863818e+00,1.352698534586066221e-03
1.240500000000000114e+01,8.309144058028833379e-02,8.446112876279680956e-04,6.666785140049065195e-01,9.110275112977395161e-04,2.190832779804103847e+00,1.397588279596094930e-03
1.241000000000000014e+01,8.485131011437331561e-02,8.421050060679975604e-04,6.424546400124073742e-01,9.109486464935049634e-04,2.640769657557813233e+00,1.456718560197641605e-03
1.241499999999999915e+01,8.667905392500523110e-02,8.396098635762670867e-04,6.232408025510549621e-01,9.109789850777571087e-04,3.245670404847154966e+00,1.536507722336265345e-03
1.241999999999999993e+01,8.857822395306333418e-02,8.371257942411021186e-04,6.086125904493022709e-01,9.111175104033651054e-04,4.083913556677485346e+00,1.647360209179399120e-03
1.242500000000000071e+01,9.055261157679393713e-02,8.346527326376226245e-04,5.982644850535033809e-01,9.113639572501421038e-04,5.288423868879661427e+00,1.806919909382979656e-03
1.242999999999999972e+01,9.260626732369124647e-02,8.321906138234292727e-04,5.919954803169032997e-01,9.117187078599665526e-04,7.096445368560308609e+00,2.046675993906778464e-03
1.243500000000000050e+01,9.474352250618027493e-02,8.297393733343427346e-04,5.897001410179312231e-01,9.121827165053473380e-04,9.955297675094142207e+00,2.425998794036566923e-03
1.244000000000000128e+01,9.696901299886871717e-02,8.272989471801831017e-04,5.913643874260865463e-01,9.127574564777154792e-04,1.475006597004414388e+01,3.062358584125023792e-03
1.244500000000000028e+01,9.928770540324265148e-02,8.248692718405969005e-04,5.970656978623749556e-01,9.134448852672226102e-04,2.323049007469426286e+01,4.187981857957517005e-03
1.244999999999999929e+01,1.017049258779306048e-01,8.224502842609185838e-04,6.069777878311660713e-01,9.142474251165698526e-04,3.806190752326998705e+01,6.156612460543216953e-03
1.245500000000000007e+01,1.042263919496132368e-01,8.200419218480812459e-04,6.213802025795162054e-01,9.151679572426618062e-04,5.705620622272139286e+01,8.677849874033367883e-03
1.246000000000000085e+01,1.068582476622185612e-01,8.176441224665725481e-04,6.406736983562177912e-01,9.162098289616771567e-04,5.939752284709034313e+01,8.989038798661570448e-03
1.246499999999999986e+01,1.096071024710522229e-01,8.152568244344205687e-04,6.654028472383832771e-01,9.173768738322022557e-04,4.132118529894447789e+01,6.590539955715079418e-03
1.246999999999999886e+01,1.124800743450722340e-01,8.128799665192283338e-04,6.962880660178152326e-01,9.186734458488576751e-04,2.525927397763386040e+01,4.459519163113789299e-03
1.247500000000000142e+01,1.154848376060052251e-01,8.105134879342493302e-04,7.342703687194412909e-01,9.201044697897697335e-04,1.588993653275398188e+01,3.216859860913335277e-03
1.248000000000000043e+01,1.186296761089169760e-01,8.081573283345019421e-04,7.805737755951860368e-01,9.216755111947910880e-04,1.062477544426190335e+01,2.519037965117889265e-03
1.248499999999999943e+01,1.219235424570611903e-01,8.058114278129192322e-04,8.367928058991392914e-01,9.233928713466340449e-04,7.519369110489005692e+00,2.107997805943947339e-03
1.249000000000000021e+01,1.253761240465696702e-01,8.034757268965406814e-04,9.050163849528304327e-01,9.252637153890184854e-04,5.576326269001757652e+00,1.851373333998427564e-03
1.249500000000000099e+01,1.289979168565150158e-01,8.011501665427466466e-04,9.880057487578153275e-01,9.272962459168714814e-04,4.294361094850086324e+00,1.682642059542236845e-03
1.250000000000000000e+01,1.328003080402733183e-01,7.988346881355264280e-04,1.089454191156112195e+00,9.294999410023878535e-04,3.410072993598810331e+00,1.566854633147929604e-03
1.250499999999999901e+01,1.367956685388377058e-01,7.965292334817798388e-04,1.214373778693880190e+00,9.318858864496911299e-04,2.777255734885980321e+00,1.484617296932097975e-03
1.250999999999999979e+01,1.409974571304533908e-01,7.942337448076668052e-04,1.369684080297958628e+00,9.344672503971135488e-04,2.310429681765064913e+00,1.424598151104539481e-03
1.251500000000000057e+01,1.454203375595507219e-01,7.919481647549837453e-04,1.565131377700425208e+00,9.372599805868922496e-04,1.957267798258171432e+00,1.379868487382392064e-03
1.251999999999999957e+01,1.500803106581822532e-01,7.896724363775861361e-04,1.814765446268213234e+00,9.402838635567738147e-04,1.684434529897997246e+00,1.346024794345489694e-03
1.252500000000000036e+01,1.549948636938441593e-01,7.874065031378324388e-04,2.139389929400530299e+00,9.435641977848820399e-04,1.469950653061876666e+00,1.320177809698602940e-03
1.253000000000000114e+01,1.601831395588853013e-01,7.851503089030798486e-04,2.570779194673263213e+00,9.471345592514374525e-04,1.298890899534113741e+00,1.300385596074842736e-03
1.253500000000000014e+01,1.656661288719172287e-01,7.829037979422083428e-04,3.159239695593928143e+00,9.510416156787175525e-04,1.160863546817463510e+00,1.285326403437329814e-03
1.253999999999999915e+01,1.714668886064254494e-01,7.806669149221727010e-04,3.987804389988280906e+00,9.553540004128716154e-04,1.048485044663961085e+00,1.274110285222165937e-03
1.254499999999999993e+01,1.776107915160804462e-01,7.784396049045994113e-04,5.200228030245669153e+00,9.601796325010130686e-04,9.564359656200683846e-01,1.266182119194575245e-03
1.255000000000000071e+01,1.841258114148546787e-01,7.762218133424158856e-04,7.058897222236669045e+00,9.657007856011781861e-04,8.808777147756013948e-01,1.261302793941345562e-03
1.255499999999999972e+01,1.910428503237256159e-01,7.740134860765066722e-04,1.006783467863844983e+01,9.722403009577085991e-04,8.191095795241100097e-01,1.259613299187320023e-03
1.256000000000000050e+01,1.983961146532649544e-01,7.718145693324078311e-04,1.521639729728432755e+01,9.803125119295927944e-04,7.692980719660319489e-01,1.261650223814120893e-03
1.256500000000000128e+01,2.062235490020126738e-01,7.696250097170336197e-04,2.425759676622562111e+01,9.901360116853575102e-04,7.294376618974414139e-01,1.267138895375051130e-03
1.257000000000000028e+01,2.145673378759892502e-01,7.674447542154383059e-04,3.881594159652792797e+01,1.000414982713301176e-03,6.955088856631566063e-01,1.272339815844872931e-03
1.257499999999999929e+01,2.234744877544026231e-01,7.652737501876014006e-04,5.253476485880428015e+01,1.012062626101535622e-03,6.666543321405669076e-01,1.277940283488707531e-03
1.258000000000000007e+01,2.329975045414652002e-01,7.631119453652525711e-04,4.694109388437635033e+01,1.027863831811087411e-03,6.456874839219681750e-01,1.289103496106750943e-03
1.258500000000000085e+01,2.431951846849283727e-01,7.609592878487301659e-04,3.090239570027523541e+01,1.042017727121325940e-03,6.325217449219044941e-01,1.299253706997770003e-03
1.258999999999999986e+01,2.541335422767180274e-01,7.588157261038603382e-04,1.955370198663441883e+01,1.049255136985535134e-03,6.241683766004213485e-01,1.302091994659599489e-03
1.259499999999999886e+01,2.658868994991229751e-01,7.566812089588740090e-04,1.286732119647869865e+01,1.055274620814468768e-03,6.171019570210848348e-01,1.304433908730749745e-03
1.260000000000000142e+01,2.785391741285735967e-01,7.545556856013546209e-04,8.805835705266620295e+00,1.063736922755598082e-03,6.134316491329209198e-01,1.310446969604093896e-03
1.260500000000000043e+01,2.921854058357096218e-01,7.524391055752145153e-04,6.317635230994899764e+00,1.079250896830649155e-03,6.173143190402071712e-01,1.324881938750580284e-03
1.260999999999999943e+01,3.069335732258438587e-01,7.503314187776989564e-04,4.767897384393722682e+00,1.106433676215259551e-03,6.302688793669153355e-01,1.352640247837779384e-03
1.261500000000000021e+01,3.229067666160284067e-01,7.482325754564185614e-04,3.743509845329029861e+00,1.151847286046315654e-03,6.491134523694461755e-01,1.401000599491193351e-03
1.262000000000000099e+01,3.402457983411657505e-01,7.461425262064209788e-04,2.997632363760103225e+00,1.225312501572692770e-03,6.710583674145441657e-01,1.480999782599684914e-03
1.262500000000000000e+01,3.591123541368863581e-01,7.440612219672764448e-04,2.450770993938870657e+00,1.317576485273126794e-03,7.017567890739720982e-01,1.582924231182890632e-03
1.262999999999999901e+01,3.796928175177172182e-01,7.419886140201995516e-04,2.045643500769645406e+00,1.370972701888428921e-03,7.419920684768224195e-01,1.642971714110802407e-03
1.263499999999999979e+01,4.022029363353689102e-01,7.399246539852027829e-04,1.737006206502568206e+00,1.383725153751178385e-03,7.931148210552695366e-01,1.657074919577397869e-03
1.264000000000000057e+01,4.268935500253305815e-01,7.378692938182679394e-04,1.505320396521446780e+00,1.416722477600748480e-03,8.631304922613980413e-01,1.694183004267167929e-03
1.264499999999999957e+01,4.540576618570242862e-01,7.358224858085556184e-04,1.338415385467957019e+00,1.463195502871602466e-03,9.621468204859529028e-01,1.749968316064525213e-03
1.265000000000000036e+01,4.840392290522727570e-01,7.337841825756294400e-04,1.223128197033293008e+00,1.440691792773813630e-03,1.095957752904264115e+00,1.730912237772036250e-03
1.265500000000000114e+01,5.172441638641789297e-01,7.317543370667202798e-04,1.136034377155345609e+00,1.377139531870234367e-03,1.259336226890623633e+00,1.658767553031759070e-03
1.266000000000000014e+01,5.541542035165678559e-01,7.297329025540101252e-04,1.063218569699022620e+00,1.331816348984057137e-03,1.440287316335955969e+00,1.602164549774146886e-03
1.266499999999999915e+01,5.953445351303781052e-01,7.277198326319383754e-04,9.652099437768218992e-01,1.313761757956016622e-03,1.596363135948089651e+00,1.574341761126950030e-03
1.266999999999999993e+01,6.415063812560148904e-01,7.257150812145419681e-04,8.423952385243709262e-01,1.321798895810859199e-03,1.768879834285447039e+00,1.572920557495172209e-03
1.267500000000000071e+01,6.934762040934147054e-01,7.237186025328195757e-04,7.442156658793487312e-01,1.350182105867714019e-03,2.049987607384206711e+00,1.595210987470161530e-03
1.267999999999999972e+01,7.522738352385012206e-01,7.217303511321151001e-04,6.758403741047227520e-01,1.359060743659720218e-03,2.488334098662313032e+00,1.597296902165569899e-03
1.268500000000000050e+01,8.191527804405923652e-01,7.197502818695328264e-04,6.283830063944590982e-01,1.360978883875934567e-03,3.148335272119473061e+00,1.588432443310980238e-03
1.269000000000000128e+01,8.956673382181267185e-01,7.177783499113738266e-04,5.962640094486599818e-01,1.398070614630818201e-03,4.158441137124698095e+00,1.607269374088040204e-03
1.269500000000000028e+01,9.837632506963484014e-01,7.158145107306017460e-04,5.838402658981547422e-01,1.487104780950134798e-03,5.786457247106557844e+00,1.669401236080647697e-03
1.269999999999999929e+01,1.085901769686541396e+00,7.138587201043226829e-04,5.839659711274257647e-01,1.598322682006297034e-03,8.510416477330116081e+00,1.757419974233751479e-03
1.270500000000000007e+01,1.205231924545649536e+00,7.119109341112993304e-04,5.558351184103393905e-01,1.600293557655002499e-03,1.316796327085182483e+01,1.770992095461512705e-03
1.271000000000000085e+01,1.345833526212171005e+00,7.099711091294885366e-04,5.053021274799548435e-01,1.508717042225670574e-03,2.094104364766812054e+01,1.706512102360435972e-03
1.271499999999999986e+01,1.513065947459464988e+00,7.080392018335926333e-04,4.712178772807308347e-01,1.444507035534009151e-03,2.912174143197860232e+01,1.661728806679679989e-03
1.271999999999999886e+01,1.714078379748112280e+00,7.061151691926442677e-04,4.618406863918111394e-01,1.422701121335499547e-03,2.727172308718831673e+01,1.654078351508761566e-03
1.272500000000000142e+01,1.958572281072755494e+00,7.041989684676060873e-04,4.809994328823132270e-01,1.430555661980330382e-03,1.891090719282583521e+01,1.675861972466767113e-03
1.273000000000000043e+01,2.259967754268159990e+00,7.022905572090064200e-04,5.363270494012200018e-01,1.459485485183402518e-03,1.328548351861173238e+01,1.721178546025830961e-03
1.273499999999999943e+01,2.637235283216619042e+00,7.003898932545765807e-04,6.067789533682664826e-01,1.490620041308569855e-03,1.109631403599678379e+01,1.762356496239915341e-03
1.274000000000000021e+01,3.117858216675833738e+00,6.984969347269287272e-04,6.091294938772964240e-01,1.503939487465862958e-03,1.062938565830253879e+01,1.764527224337968884e-03
1.274500000000000099e+01,3.742785073383394945e+00,6.966116400312508464e-04,5.457953554175026811e-01,1.520069723676744592e-03,9.555939555052352929e+00,1.760494115310636508e-03
1.275000000000000000e+01,4.575022242018699004e+00,6.947339678530176782e-04,4.962846051569234085e-01,1.546655226399612894e-03,7.988209337142154531e+00,1.772176379462547411e-03
1.275499999999999901e+01,5.715180196475547092e+00,6.928638771557271182e-04,4.393147843207889647e-01,1.568401073317528347e-03,6.505702186887194038e+00,1.795601315212622031e-03
1.275999999999999979e+01,7.330939652930970496e+00,6.910013271786619908e-04,3.746482242490447589e-01,1.589188266227013367e-03,4.716834149456553327e+00,1.827043039336317606e-03
1.276500000000000057e+01,9.715769556081452762e+00,6.891462774346654831e-04,3.290837415221272710e-01,1.618547715509973013e-03,3.321071183720746056e+00,1.865255029934453695e-03
1.276999999999999957e+01,1.341179823537432902e+01,6.872986877079442260e-04,3.008817931312332550e-01,1.656236836592458453e-03,2.448265069892693102e+00,1.909332706197684228e-03
1.277500000000000036e+01,1.947501739082408179e+01,6.854585180518836269e-04,2.831495848322657105e-01,1.700692212787456884e-03,1.902293244290322427e+00,1.958886152355135413e-03
1.278000000000000114e+01,3.001840644540061831e+01,6.836257287868928011e-04,2.718040884945212010e-01,1.751256189376621236e-03,1.542601386861574886e+00,2.013963844005647180e-03
1.278500000000000014e+01,4.883129159064504421e+01,6.818002804982668504e-04,2.648193055678302321e-01,1.807959217480349743e-03,1.293669281794313619e+00,2.074914690310126521e-03
1.278999999999999915e+01,7.775072264890738438e+01,6.799821340340612844e-04,2.612651166589652907e-01,1.871283660422017048e-03,1.115020620861953082e+00,2.142326023161959282e-03
1.279499999999999993e+01,9.549473139529486332e+01,6.781712505029997276e-04,2.608408044677061888e-01,1.942089964621630544e-03,9.839850345465251946e-01,2.217020086432360936e-03
1.280000000000000071e+01,7.511889099686503357e+01,6.763675912723901909e-04,2.637054795511921679e-01,2.021662959159066433e-03,8.874132272440256042e-01,2.300095217619470885e-03
1.280499999999999972e+01,4.677616445081875440e+01,6.745711179660658467e-04,2.704912151908928086e-01,2.111879443733362654e-03,8.177423319936718560e-01,2.393016304756917165e-03
1.281000000000000050e+01,2.885379164586831280e+01,6.727817924623435844e-04,2.824933097907673663e-01,2.215567238608322220e-03,7.712192978169264412e-01,2.497780064456547530e-03
1.281500000000000128e+01,1.882257973084474756e+01,6.709995768920009977e-04,3.021409106016966772e-01,2.337242573589424013e-03,7.474357233068806838e-01,2.617215332287103208e-03
1.282000000000000028e+01,1.302804151305503666e+01,6.692244336362754894e-04,3.340184124247465580e-01,2.484620861251589895e-03,7.500897285496485045e-01,2.755545756217067134e-03
1.282499999999999929e+01,9.478216754655264253e+00,6.674563253248743267e-04,3.868536638785908255e-01,2.671254072259389087e-03,7.894029539505188486e-01,2.919435436819026869e-03
1.283000000000000007e+01,7.177858964189828939e+00,6.656952148340106092e-04,4.752221063860731509e-01,2.916030077151384250e-03,8.851890655708301026e-01,3.119444068636961429e-03
1.283500000000000085e+01,5.613904256868556431e+00,6.639410652844569090e-04,6.069504556024089004e-01,3.209965352753506480e-03,1.053905580816726362e+00,3.369366436310662887e-03
1.283999999999999986e+01,4.507290374302384883e+00,6.621938400396102948e-04,7.527072977891586802e-01,3.487459224180932543e-03,1.253029235143561460e+00,3.688813012814095259e-03
1.284499999999999886e+01,3.697857952296222273e+00,6.604535027035820767e-04,9.176508658144315600e-01,3.822340746623576792e-03,1.457402927844699381e+00,4.135819871215886540e-03
1.285000000000000142e+01,3.089132062604822870e+00,6.587200171192993678e-04,1.087425343581504444e+00,4.324468183070929658e-03,1.720797360204448401e+00,4.773947095539666195e-03
1.285500000000000043e+01,2.620490531069911366e+00,6.569933473666341849e-04,1.132577484100539600e+00,4.816020968741534757e-03,1.995737467002558718e+00,5.406855739386559265e-03
1.285999999999999943e+01,2.252418547270507165e+00,6.552734577605330915e-04,9.688852413263622232e-01,4.936605016605949414e-03,1.986475400363669541e+00,5.549955386906080604e-03
1.286500000000000021e+01,1.958327607885095745e+00,6.535603128491791498e-04,7.516763108456392395e-01,4.964008723970641038e-03,1.564896652819319334e+00,5.516786581729419062e-03
1.287000000000000099e+01,1.719824465153203974e+00,6.518538774121661241e-04,6.293512550459586796e-01,5.211433167253163266e-03,1.182691501785707588e+00,5.719203347526735648e-03
1.287500000000000000e+01,1.523872477075627563e+00,6.501541164586849362e-04,5.988716789936668894e-01,5.714998795769771905e-03,9.897138623404013735e-01,6.197731014133637563e-03
1.287999999999999901e+01,1.361031747609373843e+00,6.484609952257298525e-04,6.381043936455288446e-01,6.513430701192321828e-03,9.363908542464119966e-01,6.972599474914836087e-03
1.288499999999999979e+01,1.224335850440128048e+00,6.467744791763244041e-04,7.241904755358757884e-01,7.740604586985097568e-03,9.656099823759159984e-01,8.155710123841806644e-03
1.289000000000000057e+01,1.108555996497732954e+00,6.450945339977565227e-04,8.558304085388778182e-01,9.651646652653013067e-03,1.054218498726239961e+00,9.981602235618206378e-03
1.289499999999999957e+01,1.009707651625485036e+00,6.434211255998373118e-04,1.062062418289438703e+00,1.234282094924884186e-02,1.219034823634881803e+00,1.261494705898251120e-02
1.290000000000000036e+01,9.247127137980745148e-01,6.417542201131659976e-04,1.324462267139330907e+00,1.473796924796328886e-02,1.456163516318353723e+00,1.519629538781314473e-02
1.290500000000000114e+01,8.511637808559748830e-01,6.400937838874206851e-04,1.602988883573924772e+00,1.648979755734653399e-02,1.744738792024529861e+00,1.706216842879131057e-02
1.291000000000000014e+01,7.871568057023397014e-01,6.384397834896608217e-04,1.751912788576550639e+00,1.907294149006351358e-02,1.980306252397849631e+00,1.967156068228002874e-02
1.291499999999999915e+01,7.311704252406382443e-01,6.367921857026386618e-04,1.676229714227251533e+00,2.095092086140750570e-02,1.974562947904498600e+00,2.230012685141883125e-02
1.291999999999999993e+01,6.819776915201066769e-01,6.351509575231372925e-04,1.615812771097969280e+00,2.143732310400341123e-02,1.853080884457534383e+00,2.374920741551351383e-02
1.292500000000000071e+01,6.385806518882002347e-01,6.335160661603144068e-04,1.681718104104574341e+00,2.351119912241339885e-02,1.855589264087267098e+00,2.635048188217810339e-02
1.292999999999999972e+01,6.001612750061919854e-01,6.318874790340681937e-04,1.819684170810946799e+00,2.881050800595756287e-02,2.007691935357407864e+00,3.195370268873701236e-02
1.293500000000000050e+01,5.660442267845335884e-01,6.302651637734078913e-04,2.029059240723352975e+00,3.860571572137255769e-02,2.254949115768501766e+00,4.232152951684440417e-02
1.294000000000000128e+01,5.356683431961837272e-01,6.286490882148516608e-04,2.308901794467617563e+00,5.257758221864154702e-02,2.584673946743472950e+00,5.746444969980082224e-02
1.294500000000000028e+01,5.085645592221852418e-01,6.270392204008304240e-04,2.542668699157671242e+00,6.403328039459216248e-02,2.906006651798616947e+00,6.938484451566945266e-02
1.294999999999999929e+01,4.843386818110729242e-01,6.254355285781052539e-04,2.622090266129569081e+00,7.422970758462062169e-02,3.150059227617256763e+00,7.609089436499047454e-02
1.295500000000000007e+01,4.626578336567289118e-01,6.238379811962033042e-04,2.421356601274933684e+00,9.569949719897991036e-02,3.258733546559923866e+00,9.287486357796442826e-02
1.296000000000000085e+01,4.432397048690243091e-01,6.222465469058696772e-04,2.103080874957389490e+00,1.359898271327041608e-01,2.913339899119652632e+00,1.301917284719226742e-01
1.296499999999999986e+01,4.258439714844291513e-01,6.206611945575235198e-04,1.940103936486092584e+00,1.812962006825162287e-01,2.548160796220257041e+00,1.835949770826899863e-01
1.296999999999999886e+01,4.102654001523584615e-01,6.190818931997378637e-04,1.779241209223558995e+00,1.707282858081801968e-01,2.248619565756924565e+00,1.961872760259347204e-01
1.297500000000000142e+01,3.963282754635340521e-01,6.175086120777249950e-04,1.685495925139675055e+00,1.201743313374715183e-01,1.933953471933821167e+00,1.469248526836406665e-01
1.298000000000000043e+01,3.838818727558614419e-01,6.159413206318470856e-04,1.826457577245496955e+00,8.497864412599043238e-02,1.820218929321704593e+00,1.027384703210583450e-01
1.298499999999999943e+01,3.727967635047644834e-01,6.143799884961217289e-04,2.054016577425766155e+00,6.911378844336676930e-02,1.897540863905153863e+00,8.207970541828545075e-02
1.299000000000000021e+01,3.629617886543844985e-01,6.128245854967573998e-04,1.997139186918297060e+00,6.346888145774670642e-02,1.955695760162453833e+00,7.609779061393254218e-02
1.299500000000000099e+01,3.542815717735562919e-01,6.112750816506966117e-04,1.796487385014603033e+00,6.729871915731407139e-02,1.864828905408947746e+00,8.011949900621978538e-02
1.300000000000000000e+01,3.466744718043069384e-01,6.097314471641675313e-04,1.683645668864717004e+00,8.352401424572372668e-02,1.782608218254859489e+00,9.802828982779079880e-02
1.300499999999999901e+01,3.400708966313545356e-01,6.081936524312519642e-04,1.635122887738999387e+00,1.031118896034295684e-01,1.738323500169164593e+00,1.209472073728829478e-01
1.300999999999999979e+01,3.344119153571160075e-01,6.066616680324689532e-04,1.599212557946645630e+00,9.868179017261724528e-02,1.677733808741816546e+00,1.159032127244336574e-01
1.301500000000000057e+01,3.296481202082612305e-01,6.051354647333643394e-04,1.605472818216964637e+00,7.813667149439744442e-02,1.629558003729119520e+00,9.012077849439488475e-02
1.301999999999999957e+01,3.257386993098458361e-01,6.036150134831191894e-04,1.691672243303698808e+00,6.463515112066503532e-02,1.661672738832724150e+00,7.286612315969019649e-02
1.302500000000000036e+01,3.226506898029639636e-01,6.021002854131627747e-04,1.890002156603824091e+00,5.593949724548014091e-02,1.841161390247404439e+00,6.090286020475313422e-02
1.303000000000000114e+01,3.203583874532222042e-01,6.005912518358084290e-04,2.132085214651866956e+00,4.895051398880650995e-02,2.125680749194176933e+00,4.900803425046648676e-02
1.303500000000000014e+01,3.188428943842808172e-01,5.990878842428901639e-04,2.457129596390947412e+00,4.982975537598455240e-02,2.381978543618993527e+00,4.342651931634478046e-02
1.303999999999999915e+01,3.180917911734234549e-01,5.975901543044178244e-04,2.955507506438803222e+00,5.746067785912589015e-02,2.792970716349839400e+00,4.667291797500910250e-02
1.304499999999999993e+01,3.180989235027255613e-01,5.960980338672429782e-04,2.981290046993906984e+00,5.575287662547478984e-02,3.625962167813721937e+00,5.801278193610084899e-02
1.305000000000000071e+01,3.188642970652688091e-01,5.946114949537358637e-04,2.358984643585644747e+00,4.049057243279979845e-02,4.132834090554954543e+00,6.455560868091592130e-02
1.305499999999999972e+01,3.203940776464109796e-01,5.931305097604746982e-04,1.877617889514334948e+00,2.721717529684065939e-02,3.311059749339822833e+00,5.130540623448445747e-02
1.306000000000000050e+01,3.227006963824803898e-01,5.916550506569421414e-04,1.726763833656384861e+00,1.921102358461486068e-02,2.249709886570575801e+00,3.450118037505962160e-02
1.306500000000000128e+01,3.258030632817269234e-01,5.901850901842405159e-04,1.857168046587897692e+00,1.447209773201785926e-02,1.593533433256276277e+00,2.372383388678935001e-02
1.307000000000000028e+01,3.297268953132517777e-01,5.887206010538136415e-04,2.294198325219525714e+00,1.150344580356218831e-02,1.241442915601053132e+00,1.744251177129847730e-02
1.307499999999999929e+01,3.345051688760707354e-01,5.872615561461778846e-04,3.199604459667168666e+00,9.536601113707535160e-03,1.060793252818240884e+00,1.364181491019008513e-02
1.308000000000000007e+01,3.401787104179447296e-01,5.858079285096674110e-04,4.904838708470793840e+00,8.160173474169985994e-03,9.810066973894635556e-01,1.119210092403511402e-02
1.308500000000000085e+01,3.467969435774153619e-01,5.843596913591934255e-04,7.523995707192299598e+00,7.142363756855203173e-03,9.692074717410544826e-01,9.505024877570902170e-03
1.308999999999999986e+01,3.544188167111610444e-01,5.829168180750049283e-04,8.969754840050548239e+00,6.370000250259847362e-03,1.012986923918972160e+00,8.294139452310918606e-03
1.309499999999999886e+01,3.631139413420660378e-01,5.814792822014689874e-04,6.982384187612280080e+00,5.778645070656793573e-03,1.114941615866837710e+00,7.405144611547788761e-03
1.310000000000000142e+01,3.729639803062844150e-01,5.800470574458545898e-04,4.435942585395435067e+00,5.325100659365515458e-03,1.291705542182029376e+00,6.745220340228454473e-03
1.310500000000000043e+01,3.840643346910249112e-01,5.786201176771368741e-04,2.858789791989127860e+00,4.979183439365977501e-03,1.575487520612631309e+00,6.254939177080160589e-03
1.310999999999999943e+01,3.965261917014116788e-01,5.771984369247974613e-04,1.981597217235077979e+00,4.719083098429952342e-03,2.016600381386895791e+00,5.893636694784376573e-03
1.311500000000000021e+01,4.104790122569854649e-01,5.757819893776464689e-04,1.464269025916207001e+00,4.531018959115460168e-03,2.720729142472660733e+00,5.635310453125395858e-03
1.312000000000000099e+01,4.260735585879057430e-01,5.743707493826530905e-04,1.147093101994978381e+00,4.404901338603060650e-03,3.940869300666399067e+00,5.463131984599270581e-03
1.312500000000000000e+01,4.434855899960341574e-01,5.729646914437805123e-04,9.540625611931471406e-01,4.296148391231536384e-03,6.130733112020384290e+00,5.317079653690922302e-03
1.312999999999999901e+01,4.629203914893476601e-01,5.715637902208362247e-04,8.430117615194440139e-01,4.190812783742635383e-03,9.702413874246284209e+00,5.179516914920421003e-03
1.313499999999999979e+01,4.846183482684270349e-01,5.701680205283286233e-04,7.957392069371631571e-01,4.111782864197102358e-03,1.281300477939434046e+01,5.081491821719569604e-03
1.314000000000000057e+01,5.088618433443616862e-01,5.687773573343370527e-04,8.132174640407574540e-01,4.074994747420590882e-03,1.127848592219273449e+01,5.040934022879235352e-03
1.314499999999999957e+01,5.359838419765891038e-01,5.673917757593900917e-04,9.184445829919055670e-01,4.094010627259891955e-03,7.833561786292695395e+00,5.071390671782177902e-03
1.315000000000000036e+01,5.663786438062005102e-01,5.660112510753483907e-04,1.156975366580847764e+00,4.155800002086750336e-03,5.735512819593736822e+00,5.156703576408207083e-03
1.315500000000000114e+01,6.005154440274991234e-01,5.646357587043072425e-04,1.529010760773974020e+00,4.260494500859238719e-03,4.619229318640284632e+00,5.296437973708694597e-03
1.316000000000000014e+01,6.389555669273686567e-01,5.632652742174983941e-04,1.697586399294158666e+00,4.409203054032081320e-03,3.494801213656063776e+00,5.490297437171175882e-03
1.316499999999999915e+01,6.823745455552102657e-01,5.618997733342064949e-04,1.382479472066981963e+00,4.613861185492382222e-03,2.509542910306579167e+00,5.750560456973486875e-03
1.316999999999999993e+01,7.315906604493065402e-01,5.605392319206945438e-04,1.028273719649493989e+00,4.906794184983142432e-03,1.896599935974612849e+00,6.118670913478383745e-03
1.317500000000000071e+01,7.876021793284861960e-01,5.591836259891368177e-04,8.250876380978654501e-01,5.291757012004103672e-03,1.531702874346054788e+00,6.612886661396101193e-03
1.317999999999999972e+01,8.516364524902924060e-01,5.578329316965628584e-04,7.316144708195828628e-01,5.811731711287496452e-03,1.297831443040754262e+00,7.278364742475831525e-03
1.318500000000000050e+01,9.252153623779098002e-01,5.564871253438054711e-04,7.089413311622306813e-01,6.558209043693021163e-03,1.128799033482326797e+00,8.201356882404531312e-03
1.319000000000000128e+01,1.010243634252703471e+00,5.551461833744653117e-04,7.499898406557975461e-01,7.654594430884465936e-03,1.018275634143189556e+00,9.505308702788237835e-03
1.319500000000000028e+01,1.109129566983548809e+00,5.538100823738788345e-04,8.712462481697800243e-01,9.318236204565120626e-03,9.793794861047310230e-01,1.139821168040547512e-02
1.319999999999999929e+01,1.224952464554259990e+00,5.524787990680940465e-04,1.114236909469245917e+00,1.196669022705329662e-02,1.008208043072118087e+00,1.426129167453637180e-02
1.320500000000000007e+01,1.361698496448767948e+00,5.511523103228597054e-04,1.570219014929811863e+00,1.637979381937025233e-02,1.129626225217768232e+00,1.885548621991546547e-02
1.321000000000000085e+01,1.524598713468865663e+00,5.498305931426190722e-04,2.308610674721392808e+00,2.321714012163355462e-02,1.409727667710550802e+00,2.660045938310882929e-02
1.321499999999999986e+01,1.720622727198405366e+00,5.485136246695135288e-04,2.866560834178319084e+00,2.938903693523807134e-02,1.910907860934374813e+00,3.903536216096575862e-02
1.321999999999999886e+01,1.959215010783964983e+00,5.472013821823943280e-04,2.463240921516841819e+00,2.972557103741345352e-02,2.382879826914650501e+00,5.190683038135699562e-02
1.322500000000000142e+01,2.253418932787341067e+00,5.458938430958407400e-04,1.792775119489435687e+00,3.023548194949606666e-02,2.212339140675736449e+00,5.444402146513167839e-02
1.323000000000000043e+01,2.621637878871876826e+00,5.445909849591938114e-04,1.423392562176742704e+00,3.677014260309151988e-02,1.773601981060338950e+00,5.593235172332319122e-02
1.323499999999999943e+01,3.090476072621537451e+00,5.432927854555854620e-04,1.304995253252414944e+00,5.050046772235772252e-02,1.528469827556397043e+00,6.770829284893478683e-02
1.324000000000000021e+01,3.699473499824889711e+00,5.419992224009865557e-04,1.304693592479898578e+00,6.557457737193576885e-02,1.444165129690196725e+00,8.417826175010767464e-02
1.324500000000000099e+01,4.509294157440112194e+00,5.407102737432608252e-04,1.356956512603412879e+00,7.427726962427201596e-02,1.442336238753691324e+00,9.363401222816987446e-02
1.325000000000000000e+01,5.616485408494799714e+00,5.394259175612212912e-04,1.447088438022256174e+00,7.556558218596681753e-02,1.495784216151367252e+00,9.607511504698032501e-02
1.325499999999999901e+01,7.181338106130787047e+00,5.381461320637009925e-04,1.510147771421502805e+00,6.406719681802519606e-02,1.520018771102062516e+00,8.420948819171542032e-02
1.325999999999999979e+01,9.483165830461265600e+00,5.368708955886263186e-04,1.590480349240262159e+00,4.709561295278105741e-02,1.501933560069143248e+00,6.224554502571251480e-02
1.326500000000000057e+01,1.303553847565269308e+01,5.356001866021025933e-04,1.881604005214304376e+00,3.420384347139557996e-02,1.590345819762093660e+00,4.289210311932852709e-02
1.326999999999999957e+01,1.883475948105919429e+01,5.343339836975052968e-04,2.571919810466813061e+00,2.823364956631058825e-02,1.911342230997917335e+00,3.163202324711629487e-02
1.327500000000000036e+01,2.887490815232036212e+01,5.330722655945745398e-04,3.794796592569050997e+00,2.815825674553577157e-02,2.589394089385767206e+00,2.636577261583675919e-02
1.328000000000000114e+01,4.681299610300605707e+01,5.318150111385265598e-04,5.089937453076619711e+00,3.399985134779066193e-02,3.839584381984997297e+00,2.530861414553744679e-02
1.328500000000000014e+01,7.516720897151346037e+01,5.305621992991629409e-04,5.558748963991443581e+00,4.448336766393010816e-02,5.637349313867753509e+00,2.834052583295332273e-02
1.328999999999999915e+01,9.549854387866803052e+01,5.293138091699918675e-04,5.030722081971765292e+00,4.718583122766815963e-02,6.752833284183134666e+00,3.683337221364025443e-02
1.329499999999999993e+01,7.770458020840297308e+01,5.280698199673572934e-04,3.568195507179741544e+00,3.562434531851936537e-02,6.829791533990809960e+00,5.089662518505602695e-02
1.330000000000000071e+01,4.879426862538450393e+01,5.268302110295725559e-04,2.338975283888800494e+00,2.420734212755631248e-02,6.349395612074974160e+00,5.772663265163474611e-02
1.330499999999999972e+01,2.999761468714098456e+01,5.255949618160645062e-04,1.628722836861806300e+00,1.754189439688619984e-02,4.690986711884168159e+00,4.562188719956808414e-02
1.331000000000000050e+01,1.946366063946478420e+01,5.243640519065183997e-04,1.252690048753649865e+00,1.413514880053842564e-02,3.139755493790207908e+00,3.152686650820760161e-02
1.331500000000000128e+01,1.340538446114591586e+01,5.231374610000393737e-04,1.077969846019619427e+00,1.278499420255582372e-02,2.247100981289526622e+00,2.345198728165865526e-02
1.332000000000000028e+01,9.712033601462685795e+00,5.219151689143111065e-04,1.043122948419541229e+00,1.312050263671276501e-02,1.815691458067215436e+00,2.010387161579387308e-02
1.332499999999999929e+01,7.328741508806039917e+00,5.206971555847671618e-04,1.101132540032708551e+00,1.512580047934370883e-02,1.652112301318981125e+00,2.017061749566670739e-02
1.333000000000000007e+01,5.713917894009284737e+00,5.194834010637681878e-04,1.167241124793011897e+00,1.727732201662729103e-02,1.640428429538700605e+00,2.226941744964003322e-02
1.333500000000000085e+01,4.574359953627834763e+00,5.182738855197839946e-04,1.114481511475464481e+00,1.656675166929599818e-02,1.591583771300800976e+00,2.268699159452942926e-02
1.333999999999999986e+01,3.742525590172591787e+00,5.170685892365856073e-04,1.074520780887353144e+00,1.543473739321097118e-02,1.522358568545312929e+00,2.184305074503023469e-02
1.334499999999999886e+01,3.117880371320862931e+00,5.158674926124385109e-04,1.187077569309066050e+00,1.623855601089496670e-02,1.645619727198725402e+00,2.343037663381714042e-02
1.335000000000000142e+01,2.637461648638607770e+00,5.146705761593069542e-04,1.361781928156831301e+00,1.657907858375111745e-02,1.907798338189255594e+00,2.494837091379169258e-02
1.335500000000000043e+01,2.260347145789612266e+00,5.134778205020672530e-04,1.394434487638299913e+00,1.399787825337270655e-02,2.024906460339830794e+00,2.152596614442300535e-02
1.335999999999999943e+01,1.959069852988696292e+00,5.122892063777172980e-04,1.225324875022891558e+00,1.128062219605741046e-02,1.932597095578933333e+00,1.655098175210692815e-02
1.336500000000000021e+01,1.714669796435736915e+00,5.111047146346022179e-04,9.797023403642037831e-01,9.924279148539272288e-03,1.572719079807658238e+00,1.351640637687849880e-02
1.337000000000000099e+01,1.513733831221159010e+00,5.099243262316442704e-04,8.405759721174373977e-01,9.737206559183548410e-03,1.218970823999538267e+00,1.234023383644183500e-02
1.337500000000000000e+01,1.346565224599790778e+00,5.087480222375746850e-04,8.255508172302666869e-01,1.058322524645260998e-02,1.047537968131201147e+00,1.258494055882660931e-02
1.337999999999999901e+01,1.206018067824851325e+00,5.075757838301766731e-04,9.215772798592690718e-01,1.248210265644991539e-02,1.033685733285631292e+00,1.400667699090423629e-02
1.338499999999999979e+01,1.086735315552850301e+00,5.064075922955306062e-04,1.105450253141231354e+00,1.503503941485139286e-02,1.106490576251378810e+00,1.576026851040229770e-02
1.339000000000000057e+01,9.846388374989015757e-01,5.052434290272688443e-04,1.358312137226460825e+00,1.855412690554886918e-02,1.183600049596524650e+00,1.780874125845926734e-02
1.339499999999999957e+01,8.965808382263539267e-01,5.040832755258354420e-04,1.731378556550921877e+00,2.385677486065120381e-02,1.344578797400928227e+00,2.190299108632701858e-02
1.340000000000000036e+01,8.201009856501463302e-01,5.029271133977473735e-04,1.954106980814573680e+00,2.588303813086596100e-02,1.572092665671257494e+00,2.600575543602198780e-02
1.340500000000000114e+01,7.532542327309965646e-01,5.017749243548708278e-04,1.832933083376936167e+00,2.153712729109040144e-02,1.626920520671547132e+00,2.414713151450112449e-02
1.341000000000000014e+01,6.944868129966302872e-01,5.006266902136934918e-04,1.784649707587903533e+00,1.748084388409747170e-02,1.643369300337059524e+00,1.987194869051491647e-02
1.341499999999999915e+01,6.425456327759971886e-01,4.994823928946103865e-04,1.913192688289798715e+00,1.600301738016444986e-02,1.766818093622277042e+00,1.777305712207795721e-02
1.341999999999999993e+01,5.964111831559895105e-01,4.983420144212089443e-04,2.025832538333497634e+00,1.627772471507624857e-02,1.864790614261050417e+00,1.784498344849956564e-02
1.342500000000000071e+01,5.552472572270218398e-01,4.972055369195660119e-04,2.081670038031320225e+00,1.788097160595820620e-02,1.918159716961435501e+00,1.960541092067305882e-02
1.342999999999999972e+01,5.183628363761098035e-01,4.960729426175471309e-04,2.239583858944356187e+00,2.164374769012924332e-02,2.044401225506133013e+00,2.347136177093581133e-02
1.343500000000000050e+01,4.851828978982682949e-01,4.949442138441083111e-04,2.437802738095297350e+00,2.883947281208133068e-02,2.209046792144481852e+00,3.070106749306430322e-02
1.344000000000000128e+01,4.552258382887000021e-01,4.938193330286122246e-04,2.607445875804387470e+00,3.991088322663809834e-02,2.435430290527007990e+00,4.292004823212553638e-02
1.344500000000000028e+01,4.280858549658177470e-01,4.926982827001399542e-04,2.457961852454730867e+00,4.975902709957166770e-02,2.520040587264180676e+00,5.709563570486700379e-02
1.344999999999999929e+01,4.034190813905877970e-01,4.915810454868139090e-04,2.044590091272390442e+00,5.556905575500585559e-02,2.273608203664653438e+00,6.520799988454023532e-02
1.345500000000000007e+01,3.809325898709348124e-01,4.904676041151258357e-04,1.708097227777697791e+00,6.355311372339007836e-02,1.904656589260490529e+00,7.297738367224909650e-02
1.346000000000000085e+01,3.603756044494902389e-01,4.893579414092679748e-04,1.547506191463847935e+00,7.050007244256110972e-02,1.647626188423620519e+00,8.009930053044996001e-02
1.346499999999999986e+01,3.415324309990840912e-01,4.882520402904725102e-04,1.540505911433058372e+00,6.411265136924190755e-02,1.546089462927806801e+00,7.302794233421630588e-02
1.346999999999999886e+01,3.242167318200835924e-01,4.871498837763512898e-04,1.681511677568655383e+00,5.449051254126871524e-02,1.568649825912048934e+00,6.183751070653011050e-02
1.347500000000000142e+01,3.082668605419193741e-01,4.860514549802453046e-04,1.985147837435267126e+00,4.864857723447704729e-02,1.739417549849636702e+00,5.538095213978878883e-02
1.348000000000000043e+01,2.935420389083835957e-01,4.849567371105812687e-04,2.206505089183446344e+00,4.570407854849745100e-02,1.954509686818529657e+00,5.249428274023421048e-02
1.348499999999999943e+01,2.799192063277948783e-01,4.838657134702239169e-04,2.216818249517412909e+00,4.898391387608987124e-02,1.983293879367868717e+00,5.602389468271089940e-02
1.349000000000000021e+01,2.672904103197635273e-01,4.827783674558423430e-04,2.239232631621196123e+00,6.041309353781604274e-02,1.959676724669132231e+00,6.807090911229944641e-02
1.349500000000000099e+01,2.555606343490879895e-01,4.816946825572799695e-04,2.224145863763105968e+00,8.068256923235096745e-02,1.989266506614227215e+00,8.952181239540171753e-02
1.350000000000000000e+01,2.446459812837635250e-01,4.806146423569248975e-04,2.272906524137157103e+00,1.137950561252378812e-01,2.085988636361936877e+00,1.241604420670412295e-01
1.350499999999999901e+01,2.344721475038092917e-01,4.795382305290896889e-04,2.336887462140893934e+00,1.678989151738535801e-01,2.402848573530374843e+00,1.827492157604121426e-01
1.350999999999999979e+01,2.249731357345186311e-01,4.784654308393928831e-04,2.175937435755336491e+00,2.242782318020088983e-01,2.825365699461594993e+00,2.586919490245038755e-01
1.351500000000000057e+01,2.160901648795101881e-01,4.773962271441500003e-04,1.925215873203314665e+00,2.241844992976901318e-01,2.819701768152047983e+00,2.918374307769794895e-01
1.351999999999999957e+01,2.077707431524621340e-01,4.763306033897629741e-04,1.764951210470746545e+00,1.760311371044266660e-01,2.458413917636591339e+00,2.529463930036519037e-01
1.352500000000000036e+01,1.999678771528415333e-01,4.752685436121180385e-04,1.741621139989129485e+00,1.176246267986795213e-01,2.018491263170079097e+00,1.749475912934781163e-01
1.353000000000000114e+01,1.926393945772442717e-01,4.742100319359906103e-04,1.957777831856986062e+00,7.596427484719008028e-02,1.681375316812614873e+00,1.105510258225743253e-01
1.353500000000000014e+01,1.857473622912839684e-01,4.731550525744485439e-04,2.543631188249053210e+00,5.227933418712618630e-02,1.562551174484695604e+00,7.223107840663432755e-02
1.353999999999999915e+01,1.792575847266275058e-01,4.721035898282657404e-04,3.696092553307691375e+00,3.967803524957334849e-02,1.641069381647958236e+00,5.026883709671008116e-02
1.354499999999999993e+01,1.731391701817456552e-01,4.710556280853364620e-04,5.368005067675031938e+00,3.336205289080438480e-02,1.919383500745862614e+00,3.716848720115544652e-02
1.355000000000000071e+01,1.673641547239950178e-01,4.700111518200972348e-04,6.062995805472820798e+00,2.836484458746408449e-02,2.475620762998973490e+00,2.906886863230343648e-02
1.355499999999999972e+01,1.619071751155522210e-01,4.689701455929522222e-04,5.024663495099467525e+00,2.206908287574478600e-02,3.505784166711576333e+00,2.412523853440542293e-02
1.356000000000000050e+01,1.567451835958175721e-01,4.679325940496995733e-04,4.221677182009580420e+00,1.686127783617882847e-02,5.337785137867606444e+00,2.153628004740698598e-02
1.356500000000000128e+01,1.518571985102173671e-01,4.668984819209696978e-04,4.476783374263262338e+00,1.334181751616159844e-02,7.821991941411714500e+00,2.055846542127433979e-02
1.357000000000000028e+01,1.472240857285797011e-01,4.658677940216599087e-04,5.742163449465291336e+00,1.094648737779233688e-02,8.551117501123140840e+00,1.877228090637547003e-02
1.357499999999999929e+01,1.428283665847210615e-01,4.648405152503780639e-04,6.683620424089663281e+00,9.234602947049976376e-03,6.702490787157699081e+00,1.522145776848911336e-02
1.358000000000000007e+01,1.386540487229566132e-01,4.638166305888902739e-04,5.388766774942454596e+00,7.955984780481938773e-03,5.144881088525910862e+00,1.212548281039224456e-02
1.358500000000000085e+01,1.346864767819120068e-01,4.627961251015705064e-04,3.503199405428744750e+00,6.967978418863362070e-03,4.771212454451930540e+00,1.001110212542988785e-02
1.358999999999999986e+01,1.309122003010597945e-01,4.617789839348585392e-04,2.279077740772405214e+00,6.184564030711181895e-03,5.582203789416809059e+00,8.550131399072458116e-03
1.359499999999999886e+01,1.273188566166469637e-01,4.607651923167154742e-04,1.582428914787874286e+00,5.550850305487183695e-03,7.775053469437919418e+00,7.482690800630763250e-03
1.360000000000000142e+01,1.238950668342680556e-01,4.597547355560897137e-04,1.174378513152774195e+00,5.030103370162116415e-03,1.068649694705439757e+01,6.664641445195036012e-03
1.360500000000000043e+01,1.206303432355196881e-01,4.587475990423873270e-04,9.219715040766273129e-01,4.596783496262898949e-03,1.058768665938074705e+01,6.015665388101878661e-03
1.360999999999999943e+01,1.175150067046292490e-01,4.577437682449379732e-04,7.582922180453154359e-01,4.232586378107308471e-03,7.340530852612214829e+00,5.488065527237344365e-03
1.361500000000000021e+01,1.145401129547588964e-01,4.567432287124756764e-04,6.487567514552372572e-01,3.924074184925904936e-03,4.634977606313188225e+00,5.051590366371261354e-03
1.362000000000000099e+01,1.116973864982455100e-01,4.557459660726165111e-04,5.746694261912452806e-01,3.661195373280841034e-03,3.062062907052615746e+00,4.685965625451484276e-03
1.362500000000000000e+01,1.089791614454779928e-01,4.547519660313433356e-04,5.256043139543691289e-01,3.436326804790280388e-03,2.169142820773299896e+00,4.377007837325151522e-03
1.362999999999999901e+01,1.063783283370075966e-01,4.537612143724930724e-04,4.958103892338018848e-01,3.243637039277679802e-03,1.637707264796840700e+00,4.114473064199441338e-03
1.363499999999999979e+01,1.038882863162201298e-01,4.527736969572483802e-04,4.825166471148045755e-01,3.078655961012167000e-03,1.305272355819446783e+00,3.890797095807361269e-03
1.364000000000000057e+01,1.015029000380939656e-01,4.517893997236339877e-04,4.852452092271672401e-01,2.937983652358859554e-03,1.090169744815594699e+00,3.700322564054100115e-03
1.364499999999999957e+01,9.921646078546221548e-02,4.508083086860150334e-04,5.058149121164638995e-01,2.819100069667469441e-03,9.499796188218269100e-01,3.538808445332547806e-03
1.365000000000000036e+01,9.702365132965223848e-02,4.498304099346010429e-04,5.490711829746856010e-01,2.720257118775889094e-03,8.623483864170191637e-01,3.403113643194823935e-03
1.365500000000000114e+01,9.491951412894857054e-02,4.488556896349526711e-04,6.247697055236648422e-01,2.640453893803861724e-03,8.163849941353887862e-01,3.290995667916893352e-03
1.366000000000000014e+01,9.289942250732327600e-02,4.478841340274921853e-04,7.517639158577424929e-01,2.579523735445957838e-03,8.092284019492178571e-01,3.200993030294766763e-03
1.366499999999999915e+01,9.095905449840414880e-02,4.469157294270187722e-04,9.671968746095267466e-01,2.538414487915276012e-03,8.458657749488363020e-01,3.132378153191258188e-03
1.366999999999999993e+01,8.909436907662053595e-02,4.459504622222237912e-04,1.345928931512284654e+00,2.519826395137794196e-03,9.423728401175197611e-01,3.085184096524565180e-03
1.367500000000000071e+01,8.730158452971856220e-02,4.449883188752176287e-04,2.029231694946494802e+00,2.529186382303668865e-03,1.134922714552614842e+00,3.060330259886164667e-03
1.367999999999999972e+01,8.557715875489628476e-02,4.440292859210502640e-04,3.150317455364599173e+00,2.572502173697010716e-03,1.499201672606823799e+00,3.059898147345115407e-03
1.368500000000000050e+01,8.391777128548549847e-02,4.430733499672421345e-04,4.118982599397746469e+00,2.634513411814349334e-03,2.171864007571818078e+00,3.087506855173002135e-03
1.369000000000000128e+01,8.232030687658682677e-02,4.421204976933163573e-04,3.572172381166344390e+00,2.677564535616805581e-03,3.210838781453693169e+00,3.147427537778705632e-03
1.369500000000000028e+01,8.078184049700617986e-02,4.411707158503350157e-04,2.378577167645558710e+00,2.735068751966112863e-03,3.823782846232000487e+00,3.238469269493119557e-03
1.369999999999999929e+01,7.929962359145265038e-02,4.402239912604386440e-04,1.576975302455949191e+00,2.848850384015865975e-03,3.083575020824525836e+00,3.360918242592869035e-03
1.370500000000000007e+01,7.787107149158604968e-02,4.392803108163865263e-04,1.149639914639891014e+00,3.032982510369013583e-03,2.106136998076350686e+00,3.536544565104929837e-03
1.371000000000000085e+01,7.649375186743379018e-02,4.383396614811087581e-04,9.447045896424380862e-01,3.305304280948167736e-03,1.534080718921458919e+00,3.789358762618099796e-03
1.371499999999999986e+01,7.516537412204644941e-02,4.374020302872505019e-04,8.823795376601065721e-01,3.699444225372498091e-03,1.284208003522778307e+00,4.147740537618779810e-03
1.371999999999999886e+01,7.388377964240801232e-02,4.364674043367276811e-04,8.997634819607772672e-01,4.274848491315330797e-03,1.192858129861322558e+00,4.658443624000695692e-03
1.372500000000000142e+01,7.264693282849570000e-02,4.355357708002811023e-04,8.739327663040254990e-01,5.136211144978084994e-03,1.079609015012994000e+00,5.401924262253840828e-03
1.373000000000000043e+01,7.145291283035645757e-02,4.346071169170410389e-04,8.110366297822065862e-01,6.462876236336696084e-03,9.658051155589610914e-01,6.505986898890146405e-03
1.373499999999999943e+01,7.029990593006046895e-02,4.336814299940854739e-04,8.217756480509316175e-01,8.501720059712785868e-03,9.409068534237653436e-01,8.080500420465841840e-03
1.374000000000000021e+01,6.918619851170658419e-02,4.327586974060065265e-04,9.456402079892280987e-01,1.156379044532724991e-02,1.020179896146894194e+00,1.009563509503424474e-02
1.374500000000000099e+01,6.811017056821350169e-02,4.318389065944846323e-04,1.205667274138199074e+00,1.659312184863115380e-02,1.213299032746236072e+00,1.290794952319732763e-02
1.375000000000000000e+01,6.707028969859335499e-02,4.309220450678565972e-04,1.603832663009659543e+00,2.552047840006147275e-02,1.499320549482466403e+00,1.753071284838383578e-02
1.375499999999999901e+01,6.606510555389058514e-02,4.300081004006917279e-04,2.151469464073133331e+00,3.897139566712123915e-02,1.881891502283344009e+00,2.546793079662247605e-02
1.375999999999999979e+01,6.509324469392241408e-02,4.290970602333740898e-04,2.454852167627940673e+00,4.656074721342263328e-02,2.593071959430933049e+00,3.963594012694830748e-02
1.376500000000000057e+01,6.415340582051666518e-02,4.281889122716811850e-04,1.991669165596466451e+00,3.636203263894870891e-02,3.691240111162005011e+00,6.026883921983551551e-02
1.376999999999999957e+01,6.324435535615745285e-02,4.272836442863729321e-04,1.407414253407247129e+00,2.296857708269423037e-02,4.126060046606792930e+00,6.841642434554232044e-02
1.377500000000000036e+01,6.236492333978805452e-02,4.263812441127746273e-04,1.065134473719070884e+00,1.456543464230046145e-02,3.161851860111509538e+00,5.088815655160455059e-02
1.378000000000000114e+01,6.151399961413239054e-02,4.254816996503726998e-04,9.079441534907040090e-01,9.849797180287946444e-03,2.121826964606190913e+00,3.176146317968209232e-02
1.378500000000000014e+01,6.069053028117806642e-02,4.245849988624097624e-04,8.646689435636774057e-01,7.110250507913458071e-03,1.508535480917379434e+00,2.017493271821003964e-02
1.378999999999999915e+01,5.989351440456956721e-02,4.236911297754762467e-04,9.042994050538485373e-01,5.420138396260202295e-03,1.187178366510566851e+00,1.367334920066225548e-02
1.379499999999999993e+01,5.912200093955489316e-02,4.228000804791167289e-04,1.024779730373485576e+00,4.316101182753384613e-03,1.028169345326904738e+00,9.869765901127454735e-03
1.380000000000000071e+01,5.837508587279761213e-02,4.219118391254302394e-04,1.249253835673760138e+00,3.558702048016871254e-03,9.657514285293682388e-01,7.506275099469527853e-03
1.380499999999999972e+01,5.765190955592892214e-02,4.210263939286770763e-04,1.635929056020541283e+00,3.017359782755423686e-03,9.709554449767544559e-01,5.953156463560141040e-03
1.381000000000000050e+01,5.695165421808943973e-02,4.201437331648877338e-04,2.308186220044985415e+00,2.616933090575312981e-03,1.034775096647662984e+00,4.882807142609997021e-03
1.381500000000000128e+01,5.627354164397105341e-02,4.192638451714743785e-04,3.515658276023375883e+00,2.312043980960529991e-03,1.161799791280866856e+00,4.115240676917372026e-03
1.382000000000000028e+01,5.561683100501176036e-02,4.183867183468480177e-04,5.655087241663489195e+00,2.074107995466985266e-03,1.370326128187806081e+00,3.546182074314411115e-03
1.382499999999999929e+01,5.498081683241887868e-02,4.175123411500311675e-04,8.510736982127559358e+00,1.884448201820069710e-03,1.698482080816518858e+00,3.112285086873090544e-03
1.383000000000000007e+01,5.436482712165729980e-02,4.166407021002833705e-04,9.103521181096247972e+00,1.730467070870989488e-03,2.219888238470756558e+00,2.773442415215194353e-03
1.383500000000000085e+01,5.376822155886484822e-02,4.157717897767214529e-04,6.468442602733222024e+00,1.603428581790976347e-03,3.078891949727556199e+00,2.503333057126440244e-03
1.383999999999999986e+01,5.319038986045523248e-02,4.149055928179461259e-04,3.991037332585371633e+00,1.497125171252076947e-03,4.565877816884102103e+00,2.284136675079618053e-03
1.384499999999999886e+01,5.263075021786519508e-02,4.140420999216708631e-04,2.530000120487022830e+00,1.407049951081818830e-03,7.234909179574999349e+00,2.103455383606707332e-03
1.385000000000000142e+01,5.208874784004909053e-02,4.131812998443521335e-04,1.708375285944945920e+00,1.329867548097754884e-03,1.167323827849406825e+01,1.952455107490469509e-03
1.385500000000000043e+01,5.156385358691451676e-02,4.123231814008263560e-04,1.223984846608390020e+00,1.263066960522595027e-03,1.582316314453427530e+01,1.824706720249166889e-03
1.385999999999999943e+01,5.105556268741977960e-02,4.114677334639414881e-04,9.207180773524864525e-01,1.204728470914835734e-03,1.397395882690440949e+01,1.715442556762375968e-03
1.386500000000000021e+01,5.056339353656269520e-02,4.106149449642009191e-04,7.202128487617200925e-01,1.153363833883110914e-03,9.035263192972459834e+00,1.621067088016226376e-03
1.387000000000000099e+01,5.008688656591549215e-02,4.097648048894036782e-04,5.814068730877447466e-01,1.107804611242126352e-03,5.559829022105957641e+00,1.538827415598411144e-03
1.387500000000000000e+01,4.962560318279027327e-02,4.089173022842885444e-04,4.815670715818017311e-01,1.067122797194302967e-03,3.597178056267744672e+00,1.466586763928861767e-03
1.387999999999999901e+01,4.917912477348481554e-02,4.080724262501816274e-04,4.074295478344116539e-01,1.030573505595976883e-03,2.477330067724397455e+00,1.402665842684911856e-03
1.388499999999999979e+01,4.874705176640745791e-02,4.072301659446457903e-04,3.508855196844065105e-01,9.975529896821145465e-04,1.801026741552547383e+00,1.345729843537602551e-03
1.389000000000000057e+01,4.832900275119487304e-02,4.063905105811331086e-04,3.067720905587906222e-01,9.675674848889817374e-04,1.367998205761768116e+00,1.294706689600244815e-03
1.389499999999999957e+01,4.792461365022725184e-02,4.055534494286389016e-04,2.716840699289314598e-01,9.402098020864503277e-04,1.076271668688461691e+00,1.248727051064363932e-03
1.390000000000000036e+01,4.753353693921259088e-02,4.047189718113596664e-04,2.433056700691108298e-01,9.151415448826293172e-04,8.711996944336364290e-01,1.207079755581355954e-03
1.390500000000000114e+01,4.715544091375743763e-02,4.038870671083517709e-04,2.200192471919538983e-01,8.920794583817652111e-04,7.218509496642027123e-01,1.169178242616172479e-03
1.391000000000000014e+01,4.679000899906707311e-02,4.030577247531944842e-04,2.006679350275873686e-01,8.707848476603825220e-04,6.098178085700048934e-01,1.134535045066696352e-03
1.391499999999999915e+01,4.643693910012725024e-02,4.022309342336535484e-04,1.844070117635796535e-01,8.510553013730732825e-04,5.236524726571278876e-01,1.102742176673753623e-03
1.391999999999999993e+01,4.609594298991064737e-02,4.014066850913488704e-04,1.706081693192023629e-01,8.327181635343348150e-04,4.559580342862689095e-01,1.073455913629153737e-03
1.392500000000000071e+01,4.576674573332965151e-02,4.005849669214230275e-04,1.587962823511620547e-01,8.156253434039814100e-04,4.017938399224684765e-01,1.046384880139076667e-03
1.392999999999999972e+01,4.544908514481966338e-02,3.997657693722135130e-04,1.486066881267122941e-01,7.996491585078016519e-04,3.577631312724464663e-01,1.021280642620781519e-03
1.393500000000000050e+01,4.514271127758932856e-02,3.989490821449262828e-04,1.397557292754944558e-01,7.846789818484247456e-04,3.214707671639635556e-01,9.979302261660478665e-04
1.394000000000000128e+01,4.484738594271356349e-02,3.981348949933126631e-04,1.320200632960350506e-01,7.706185199084138876e-04,2.911898127304163864e-01,9.761501166474506608e-04
1.394500000000000028e+01,4.456288225637524553e-02,3.973231977233470172e-04,1.252218837609386515e-01,7.573835890208498178e-04,2.656502833548046172e-01,9.557814203035029958e-04
1.394999999999999929e+01,4.428898421368151345e-02,3.965139801929092912e-04,1.192182012062098645e-01,7.449002881776741608e-04,2.439016461735878660e-01,9.366859319879761950e-04
1.395500000000000007e+01,4.402548628759089117e-02,3.957072323114646864e-04,1.138929587131811555e-01,7.331034892348764920e-04,2.252211500617879725e-01,9.187429218698420262e-04
1.396000000000000085e+01,4.377219305159571472e-02,3.949029440397548783e-04,1.091511573251872091e-01,7.219355827915085663e-04,2.090513737190932975e-01,9.018464940348911059e-04
1.396499999999999986e+01,4.352891882489088454e-02,3.941011053894801289e-04,1.049144266722808333e-01,7.113454312210860204e-04,1.949568402403880352e-01,8.859034032478454394e-04
1.396999999999999886e+01,4.329548733886167539e-02,3.933017064229924571e-04,1.011176484054618629e-01,7.012874904712780490e-04,1.825933387430929145e-01,8.708312409821184538e-04
1.397500000000000142e+01,4.307173142379595865e-02,3.925047372529849067e-04,9.770635588289336426e-02,6.917210700838558870e-04,1.716858787215804205e-01,8.565569207837796977e-04
1.398000000000000043e+01,4.285749271481272688e-02,3.917101880421903007e-04,9.463471264127180926e-02,6.826097069847690503e-04,1.620126127602971866e-01,8.430154076077181046e-04
1.398499999999999943e+01,4.265262137606202347e-02,3.909180490030735988e-04,9.186392694083651833e-02,6.739206333676329161e-04,1.533929522765956344e-01,8.301486470370892257e-04
1.399000000000000021e+01,4.245697584232878408e-02,3.901283103975304893e-04,8.936099807496492020e-02,6.656243227537406940e-04,1.456786728011057741e-01,8.179046590764480883e-04
1.399500000000000099e+01,4.227042257723129942e-02,3.893409625365923236e-04,8.709771739614534380e-02,6.576941012888136082e-04,1.387471799049944388e-01,8.062367680866007209e-04
1.400000000000000000e+01,4.209283584726276894e-02,3.885559957801245452e-04,8.504986658222622731e-02,6.501058137071157907e-04,1.324963564589512754e-01,7.951029458491666807e-04
1.400499999999999901e+01,4.192409751098589987e-02,3.877734005365324373e-04,8.319656986873434634e-02,6.428375352909712149e-04,1.268405808056402850e-01,7.844652490444204264e-04
1.400999999999999979e+01,4.176409682273950208e-02,3.869931672624700144e-04,8.151976738123414834e-02,6.358693226792624942e-04,1.217076213946430285e-01,7.742893358475097954e-04
1.401500000000000057e+01,4.161273025026428207e-02,3.862152864625471795e-04,8.000378440159475191e-02,6.291829976113402648e-04,1.170361941352055374e-01,7.645440490880455083e-04
1.401999999999999957e+01,4.146990130570601257e-02,3.854397486890431693e-04,7.863497714897436930e-02,6.227619586935985701e-04,1.127740255993364277e-01,7.552010556228916502e-04
1.402500000000000036e+01,4.133552038949284829e-02,3.846665445416152292e-04,7.740143998153578564e-02,6.165910170915973355e-04,1.088763057648800964e-01,7.462345333538663054e-04
1.403000000000000114e+01,4.120950464663244300e-02,3.838956646670195396e-04,7.629276220610745063e-02,6.106562527187320115e-04,1.053044432282083109e-01,7.376208987696119320e-04
1.403500000000000014e+01,4.109177783500574110e-02,3.831270997588240648e-04,7.529982519073256941e-02,6.049448880410676025e-04,1.020250571150404240e-01,7.293385690705235080e-04
1.403999999999999915e+01,4.098227020527958619e-02,3.823608405571281787e-04,7.441463240556066283e-02,5.994451770712592303e-04,9.900915558416363560e-02,7.213677539024720194e-04
1.404499999999999993e+01,4.088091839209282569e-02,3.815968778482860301e-04,7.363016651362296050e-02,5.941463074995243648e-04,9.623146244719119058e-02,7.136902725193087745e-04
1.405000000000000071e+01,4.078766531620433428e-02,3.808352024646270901e-04,7.294026880008253055e-02,5.890383142215374146e-04,9.366986213366082503e-02,7.062893928497581764e-04
1.405499999999999972e+01,4.070246009732767650e-02,3.800758052841840713e-04,7.233953714458715711e-02,5.841120027834641269e-04,9.130493980234877238e-02,6.991496894875675553e-04
1.406000000000000050e+01,4.062525797740522415e-02,3.793186772304153720e-04,7.182323946460744679e-02,5.793588814820751359e-04,8.911959839817922002e-02,6.922569180749759939e-04
1.406500000000000128e+01,4.055602025410954409e-02,3.785638092719374953e-04,7.138724013205102747e-02,5.747711010410844245e-04,8.709873828420978958e-02,6.855979039263801738e-04
1.407000000000000028e+01,4.049471422438604556e-02,3.778111924222560584e-04,7.102793732410843386e-02,5.703414009389460313e-04,8.522898803308041893e-02,6.791604430538867058e-04
1.407499999999999929e+01,4.044131313788151827e-02,3.770608177394944166e-04,7.074220963759866865e-02,5.660630615938918838e-04,8.349847725733076931e-02,6.729332140210922061e-04
1.408000000000000007e+01,4.039579616013307811e-02,3.763126763261321001e-04,7.052737059340026538e-02,5.619298617227771932e-04,8.189664415156930333e-02,6.669056992742947989e-04
1.408500000000000085e+01,4.035814834541680968e-02,3.755667593287391297e-04,7.038112989883324455e-02,5.579360402843914699e-04,8.041407182949311672e-02,6.610681147882301436e-04
1.408999999999999986e+01,4.032836061918556453e-02,3.748230579377148327e-04,7.030156053276619132e-02,5.540762624985662039e-04,7.904234865375997510e-02,6.554113470230029477e-04
1.409499999999999886e+01,4.030642977005105543e-02,3.740815633870267672e-04,7.028707087977237311e-02,5.503455895013993453e-04,7.777394864306044764e-02,6.499268963241414251e-04
1.410000000000000142e+01,4.029235845129304494e-02,3.733422669539532236e-04,7.033638127299615683e-02,5.467394512563513755e-04,7.660212874910211911e-02,6.446068260130079263e-04
1.410500000000000043e+01,4.028615519190480859e-02,3.726051599588278956e-04,7.044850441612085512e-02,5.432536223923566717e-04,7.552084036514561394e-02,6.394437165132810632e-04
1.410999999999999943e+01,4.028783441721141972e-02,3.718702337647810264e-04,7.062272924741358482e-02,5.398842006846048085e-04,7.452465288683894629e-02,6.344306239434021081e-04
1.411500000000000021e+01,4.029741647912436775e-02,3.711374797774910726e-04,7.085860788682098177e-02,5.366275879326632987e-04,7.360868751837723600e-02,6.295610426774065835e-04
1.412000000000000099e+01,4.031492769612320115e-02,3.704068894449308921e-04,7.115594537337677217e-02,5.334804730245618163e-04,7.276855982010112245e-02,6.248288714385433033e-04
1.412500000000000000e+01,4.034040040308328051e-02,3.696784542571191368e-04,7.151479195706809955e-02,5.304398170056974244e-04,7.200032974161561794e-02,6.202283825439368608e-04
1.412999999999999901e+01,4.037387301109606613e-02,3.689521657458715367e-04,7.193543775870078760e-02,5.275028399981216299e-04,7.130045808811172336e-02,6.157541939648189652e-04
1.413499999999999979e+01,4.041539007745847956e-02,3.682280154845558699e-04,7.241840965476793734e-02,5.246670098397857073e-04,7.066576853549287607e-02,6.114012439070396626e-04
1.414000000000000057e+01,4.046500238603665395e-02,3.675059950878468247e-04,7.296447028317119832e-02,5.219300323350585524e-04,7.009341444892705497e-02,6.071647676514370894e-04
1.414499999999999957e+01,4.052276703824066184e-02,3.667860962114835176e-04,7.357461910098268831e-02,5.192898430277134280e-04,6.958084987499425778e-02,6.030402764239531713e-04
1.415000000000000036e+01,4.058874755487833219e-02,3.660683105520282587e-04,7.425009545823231527e-02,5.167446004260518389e-04,6.912580417401618937e-02,5.990235380918191091e-04
1.415500000000000114e+01,4.066301398918897164e-02,3.653526298466273220e-04,7.499238368279972922e-02,5.142926806271822882e-04,6.872625983991778598e-02,5.951105595052021916e-04
1.416000000000000014e+01,4.074564305139259657e-02,3.646390458727729635e-04,7.580322020166685437e-02,5.119326733040919413e-04,6.838043312289357467e-02,5.912975703239012381e-04
1.416499999999999915e+01,4.083671824512531690e-02,3.639275504480673899e-04,7.668460275374842927e-02,5.096633790353088250e-04,6.808675712750354714e-02,5.875810081863852693e-04
1.416999999999999993e+01,4.093633001617007910e-02,3.632181354299881919e-04,7.763880177997320442e-02,5.074838079729682410e-04,6.784386710745649030e-02,5.839575050939932888e-04
1.417500000000000071e+01,4.104457591392993154e-02,3.625107927156551862e-04,7.866837410791163721e-02,5.053931798612903894e-04,6.765058771976251162e-02,5.804238748968183455e-04
1.417999999999999972e+01,4.116156076613388531e-02,3.618055142415991556e-04,7.977617908176397321e-02,5.033909254341200051e-04,6.750592203638935973e-02,5.769771017798241541e-04
1.418500000000000050e+01,4.128739686730788228e-02,3.611022919835323768e-04,8.096539732467514239e-02,5.014766892376546284e-04,6.740904214206015765e-02,5.736143296584032911e-04
1.419000000000000128e+01,4.142220418159053841e-02,3.604011179561197463e-04,8.223955235996227575e-02,4.996503339430869708e-04,6.735928117322889652e-02,5.703328524019878618e-04
1.419500000000000028e+01,4.156611056052179898e-02,3.597019842127525610e-04,8.360253536182889189e-02,4.979119462340746800e-04,6.735612667626635075e-02,5.671301048126587687e-04
1.419999999999999929e+01,4.171925197648465589e-02,3.590048828453231127e-04,8.505863335555151339e-02,4.962618443760953135e-04,6.739921518307345760e-02,5.640036542931064437e-04
1.420500000000000007e+01,4.188177277253567893e-02,3.583098059840014510e-04,8.661256124313823634e-02,4.947005875994025560e-04,6.748832792021004778e-02,5.609511931448539143e-04
1.421000000000000085e+01,4.205382592941846187e-02,3.576167457970125794e-04,8.826949809448936257e-02,4.932289874550359939e-04,6.762338758360063318e-02,5.579705314435170951e-04
1.421499999999999986e+01,4.223557335061743634e-02,3.569256944904166339e-04,9.003512821776669950e-02,4.918481213348215551e-04,6.780445612532594313e-02,5.550595904430875426e-04
1.421999999999999886e+01,4.242718616637609214e-02,3.562366443078895484e-04,9.191568760797445836e-02,4.905593483823729754e-04,6.803173351223737453e-02,5.522163964658860676e-04
1.422500000000000142e+01,4.262884505767649407e-02,3.555495875305037749e-04,9.391801647199933545e-02,4.893643280636851035e-04,6.830555742842177314e-02,5.494390752389818021e-04
1.423000000000000043e+01,4.284074060125026701e-02,3.548645164765158884e-04,9.604961864433897434e-02,4.882650417142158912e-04,6.862640390513875810e-02,5.467258466416580068e-04
1.423499999999999943e+01,4.306307363678080202e-02,3.541814235011484999e-04,9.831872884398595858e-02,4.872638174356674814e-04,6.899488887299190520e-02,5.440750198317564467e-04
1.424000000000000021e+01,4.329605565753681662e-02,3.535003009963765593e-04,1.007343888833469592e-01,4.863633587818487047e-04,6.941177064196293878e-02,5.414849887218442601e-04
1.424500000000000099e+01,4.353990922577589268e-02,3.528211413907197860e-04,1.033065341299359285e-01,4.855667777509142823e-04,6.987795332575916230e-02,5.389542277788145989e-04
1.425000000000000000e+01,4.379486841436303762e-02,3.521439371490276706e-04,1.060460917469913944e-01,4.848776326935421289e-04,7.039449123789560947e-02,5.364812881229169116e-04
1.425499999999999901e+01,4.406117927615079560e-02,3.514686807722730436e-04,1.089650925075736909e-01,4.842999718563561259e-04,7.096259429821348552e-02,5.340647939045351043e-04
1.425999999999999979e+01,4.433910034279442414e-02,3.507953647973426612e-04,1.120767982978163463e-01,4.838383834108083087e-04,7.158363450039054166e-02,5.317034389389172378e-04
1.426500000000000057e+01,4.462890315479740161e-02,3.501239817968327252e-04,1.153958478101243523e-01,4.834980529746848174e-04,7.225915350357446643e-02,5.293959835809514906e-04
1.426999999999999957e+01,4.493087282472555538e-02,3.494545243788445645e-04,1.189384233910431438e-01,4.832848298221711046e-04,7.299087142485378987e-02,5.271412518236717921e-04
1.427500000000000036e+01,4.524530863567712002e-02,3.487869851867771739e-04,1.227224425691908760e-01,4.832053032064277448e-04,7.378069692408800728e-02,5.249381286056933361e-04
1.428000000000000114e+01,4.557252467725027983e-02,3.481213568991308642e-04,1.267677784688092668e-01,4.832668904950992539e-04,7.463073868892013130e-02,5.227855573141918693e-04
1.428500000000000014e+01,4.591285052143931344e-02,3.474576322293022402e-04,1.310965141432342274e-01,4.834779391557791385e-04,7.554331844598863310e-02,5.206825374711999922e-04
1.428999999999999915e+01,4.626663194106560295e-02,3.467958039253851406e-04,1.357332368756946073e-01,4.838478450399540044e-04,7.652098564467151032e-02,5.186281225922367453e-04
1.429499999999999993e+01,4.663423167356279403e-02,3.461358647699750487e-04,1.407053797393055250e-01,4.843871899191562165e-04,7.756653398267950028e-02,5.166214182073163106e-04
1.430000000000000071e+01,4.701603023316045654e-02,3.454778075799698695e-04,1.460436192429569457e-01,4.851079018500584206e-04,7.868301996889484617e-02,5.146615800353411801e-04
1.430499999999999972e+01,4.741242677474592770e-02,3.448216252063767795e-04,1.517823397912660965e-01,4.860234427169918964e-04,7.987378374857194430e-02,5.127478123038618990e-04
1.431000000000000050e+01,4.782384001295836295e-02,3.441673105341141970e-04,1.579601780539981182e-01,4.871490282609603384e-04,8.114247245014125087e-02,5.108793662069867174e-04
1.431500000000000128e+01,4.825070920033985855e-02,3.435148564818240528e-04,1.646206633011364218e-01,4.885018871056731170e-04,8.249306635203215721e-02,5.090555384951166726e-04
1.432000000000000028e+01,4.869349516870212502e-02,3.428642560016762538e-04,1.718129734830882993e-01,4.901015668017480627e-04,8.392990821330804929e-02,5.072756701908771437e-04
1.432499999999999929e+01,4.915268143818794788e-02,3.422155020791788397e-04,1.795928315413940490e-01,4.919702968195830122e-04,8.545773616436470876e-02,5.055391454264564124e-04
1.433000000000000007e+01,4.962877539888745082e-02,3.415685877329910662e-04,1.880235724178442036e-01,4.941334208485141394e-04,8.708172061504379502e-02,5.038453903982795115e-04
1.433500000000000085e+01,5.012230957027698913e-02,3.409235060147332362e-04,1.971774188795774596e-01,4.966199138633067616e-04,8.880750570877979366e-02,5.021938724357018690e-04
1.433999999999999986e+01,5.063384294418114134e-02,3.402802500088027648e-04,2.071370141194382730e-01,4.994630034117051752e-04,9.064125593475587384e-02,5.005840991812483820e-04
1.434499999999999886e+01,5.116396241745689577e-02,3.396388128321848774e-04,2.179972718360085049e-01,5.027009197471768789e-04,9.258970860800963543e-02,4.990156178807710757e-04
1.435000000000000142e+01,5.171328432110909590e-02,3.389991876342719280e-04,2.298676211144639325e-01,5.063778061720567575e-04,9.466023304270153316e-02,4.974880147830037375e-04
1.435500000000000043e+01,5.228245605314641581e-02,3.383613675966803849e-04,2.428747452520194638e-01,5.105448298090983165e-04,9.686089738017428230e-02,4.960009146492643352e-04
1.435999999999999943e+01,5.287215782311419782e-02,3.377253459330659753e-04,2.571659425479090877e-01,5.152615447337220364e-04,9.920054419520100975e-02,4.945539803759410255e-04
1.436500000000000021e+01,5.348310451692878109e-02,3.370911158889466344e-04,2.729132755963658008e-01,5.205975750251681366e-04,1.016888761966457527e-01,4.931469127352409824e-04
1.437000000000000099e+01,5.411604769142434879e-02,3.364586707415215521e-04,2.903187274418348451e-01,5.266347063170859818e-04,1.043365535700448432e-01,4.917794502443707805e-04
1.437500000000000000e+01,5.477177770884745361e-02,3.358280037994932558e-04,3.096206533037616504e-01,5.334695029669324915e-04,1.071553047888718635e-01,4.904513691819675867e-04
1.437999999999999901e+01,5.545112602246968225e-02,3.351991084028905598e-04,3.311019130052489379e-01,5.412166070829838894e-04,1.101580530628235022e-01,4.891624837874664847e-04
1.438499999999999979e+01,5.615496762550607063e-02,3.345719779228930333e-04,3.551002027833338182e-01,5.500129298275240096e-04,1.133590610173992597e-01,4.879126467144770688e-04
1.439000000000000057e+01,5.688422367665225271e-02,3.339466057616559012e-04,3.820212921738231349e-01,5.600230212948467332e-04,1.167740967487959913e-01,4.867017498875788185e-04
1.439499999999999957e+01,5.763986431679249400e-02,3.333229853521368436e-04,4.123561367287488233e-01,5.714460128263653804e-04,1.204206251471791750e-01,4.855297260907538801e-04
1.440000000000000036e+01,5.842291169280172669e-02,3.327011101579234443e-04,4.467032178189533909e-01,5.845246800576760823e-04,1.243180294540127545e-01,4.843965520028896887e-04
1.440500000000000114e+01,5.923444320587793743e-02,3.320809736730621041e-04,4.857980127692110295e-01,5.995573989810436440e-04,1.284878692706626357e-01,4.833022538854532578e-04
1.441000000000000014e+01,6.007559500351766779e-02,3.314625694218874957e-04,5.305522914097983156e-01,6.169140877692149468e-04,1.329541784499056467e-01,4.822469140118516959e-04
1.441499999999999915e+01,6.094756573610307648e-02,3.308458909588539161e-04,5.821069773393849900e-01,6.370576382349355058e-04,1.377437707145713897e-01,4.812306413889554818e-04
1.441999999999999993e+01,6.185162060112793514e-02,3.302309318683670182e-04,6.419040845969773423e-01,6.605730403973581128e-04,1.428865061369433975e-01,4.802534297995208817e-04
1.442500000000000071e+01,6.278909570037465027e-02,3.296176857646173318e-04,7.117885655033507897e-01,6.882087595828976058e-04,1.484160118728700961e-01,4.793153704390128124e-04
1.442999999999999972e+01,6.376140273789437929e-02,3.290061462914140012e-04,7.941506498937992431e-01,7.209346599518921860e-04,1.543703544407095674e-01,4.784168825605363798e-04
1.443500000000000050e+01,6.477003408946800656e-02,3.283963071220203657e-04,8.921254908877841450e-01,7.600229350590541203e-04,1.607919251488302281e-01,4.775579221476636575e-04
1.444000000000000128e+01,6.581656827737289439e-02,3.277881619589904623e-04,1.009894714431728957e+00,8.071701654293171211e-04,1.677288771521220911e-01,4.767385969430148096e-04
1.444500000000000028e+01,6.690267588779184871e-02,3.271817045340060697e-04,1.153133761484598008e+00,8.646786715908000255e-04,1.752365591102804376e-01,4.759597446471402560e-04
1.444999999999999929e+01,6.803012597211849366e-02,3.265769286077156502e-04,1.329685100512041585e+00,9.357300298261869449e-04,1.833775944430587612e-01,4.752219286973516691e-04
1.445500000000000007e+01,6.920079297779660465e-02,3.259738279695732375e-04,1.550624737205455572e+00,1.024817642386180189e-03,1.922233257309738930e-01,4.745255751484059531e-04
1.446000000000000085e+01,7.041666425923574779e-02,3.253723964376797635e-04,1.831985055283569030e+00,1.138445540164167817e-03,2.018555804315966262e-01,4.738711834030624346e-04
1.446499999999999986e+01,7.167984822484131657e-02,3.247726278586240056e-04,2.197629514004050044e+00,1.286294524243238122e-03,2.123685785681690419e-01,4.732593442748771781e-04
1.446999999999999886e+01,7.299258318236832854e-02,3.241745161073259201e-04,2.684233671689677081e+00,1.483242766394400267e-03,2.238712300641900188e-01,4.726907347826991520e-04
1.447500000000000142e+01,7.435724695174608656e-02,3.235780550868782397e-04,3.350283647654021646e+00,1.753016116552671847e-03,2.364899544651118402e-01,4.721661181809656566e-04
1.448000000000000043e+01,7.577636732230179362e-02,3.229832387283948481e-04,4.293103750012492448e+00,2.135095509169005618e-03,2.503721593757743946e-01,4.716863486560700760e-04
1.448499999999999943e+01,7.725263344014751676e-02,3.223900609908531912e-04,5.682729593106662591e+00,2.698457886375792234e-03,2.656905552029656947e-01,4.712523791681781041e-04
1.449000000000000021e+01,7.878890822136945526e-02,3.217985158609406996e-04,7.832682299652311109e+00,3.570286362280839648e-03,2.826485417555851809e-01,4.708652719154245289e-04
1.449500000000000099e+01,8.038824189789273156e-02,3.212085973529059282e-04,1.135267602297928669e+01,4.997917340588182815e-03,3.014869806929077467e-01,4.705262115166813680e-04
1.450000000000000000e+01,8.205388681561985587e-02,3.206202995084031352e-04,1.746295214022940456e+01,7.476352876069580072e-03,3.224927755535646479e-01,4.702365213894957210e-04
1.450499999999999901e+01,8.378931361877364759e-02,3.200336163963443431e-04,2.837257124109208561e+01,1.190171806407508588e-02,3.460098310978896863e-01,4.699976841173011044e-04
1.450999999999999979e+01,8.559822897077901116e-02,3.194485421127476587e-04,4.533943470727654557e+01,1.878429218158745445e-02,3.724531751037879479e-01,4.698113669544043544e-04
1.451500000000000057e+01,8.748459498054954320e-02,3.188650707805919357e-04,5.645832065412247402e+01,2.329462086876258123e-02,4.023273274136369704e-01,4.696794540800007327e-04
1.451999999999999957e+01,8.945265052428891250e-02,3.182831965496666130e-04,4.500518484149712606e+01,1.864845327371015063e-02,4.362504371137779224e-01,4.696040878592513262e-04
1.452500000000000036e+01,9.150693467701888351e-02,3.177029135964244255e-04,2.811177810625745721e+01,1.179543189392449551e-02,4.749863479787117537e-01,4.695877223039498756e-04
1.453000000000000114e+01,9.365231249570318828e-02,3.171242161238393737e-04,1.731533755344165826e+01,7.415736898851072595e-03,5.194877035219833683e-01,4.696331933049580944e-04
1.453500000000000014e+01,9.589400342752082973e-02,3.165470983612581881e-04,1.127017811508012635e+01,4.963480825493236416e-03,5.709546414489610200e-01,4.697438122839183014e-04
1.453999999999999915e+01,9.823761265307912049e-02,3.159715545642585157e-04,7.784386132377504097e+00,3.549496443681771085e-03,6.309158409347038754e-01,4.699234930919190959e-04
1.454499999999999993e+01,1.006891657161829018e-01,3.153975790145044497e-04,5.653088041313919732e+00,2.685017915635281617e-03,7.013421579168354070e-01,4.701769269521404717e-04
1.455000000000000071e+01,1.032551468398074379e-01,3.148251660196060711e-04,4.274282621254496206e+00,2.125839874346540943e-03,7.848086421037978599e-01,4.705098281735077765e-04
1.455499999999999972e+01,1.059425413834824969e-01,3.142543099129785572e-04,3.338139469245399837e+00,1.746278710041324327e-03,8.847298316424402342e-01,4.709292863089554158e-04
1.456000000000000050e+01,1.087588829615027952e-01,3.136850050536989579e-04,2.676452864577030244e+00,1.478102268402090285e-03,1.005708498609304558e+00,4.714442821016131277e-04
1.456500000000000128e+01,1.117123058157413334e-01,3.131172458263708873e-04,2.192854347865255349e+00,1.282220021179545028e-03,1.154064362937056831e+00,4.720664618356795522e-04
1.457000000000000028e+01,1.148116031234508311e-01,3.125510266409835779e-04,1.829383918170740975e+00,1.135122433038852300e-03,1.338656093459288376e+00,4.728113307724228086e-04
1.457499999999999929e+01,1.180662920209918920e-01,3.119863419327735901e-04,1.549669948309983614e+00,1.022057813602704783e-03,1.572195826455818457e+00,4.737001473683283910e-04
1.458000000000000007e+01,1.214866862420086319e-01,3.114231861620907508e-04,1.330032430775121233e+00,9.334233606058975298e-04,1.873418929362043350e+00,4.747630298390624897e-04
1.458500000000000085e+01,1.250839774060811260e-01,3.108615538142598636e-04,1.154554260357161910e+00,8.627659077454077419e-04,2.270795429880749783e+00,4.760442409472012215e-04
1.458999999999999986e+01,1.288703261550764867e-01,3.103014393994482189e-04,1.012234858765954648e+00,8.056274494851640988e-04,2.809138399546151632e+00,4.776115542554657065e-04
1.459499999999999886e+01,1.328589645241490258e-01,3.097428374525278464e-04,8.952844927204538505e-01,7.588534898412599818e-04,3.561910292951475654e+00,4.795736284779227639e-04
1.460000000000000142e+01,1.370643111577898310e-01,3.091857425329451394e-04,7.980681519930793444e-01,7.201650440390050143e-04,4.655292470294409846e+00,4.821138800934356801e-04
1.460500000000000043e+01,1.415021012458079486e-01,3.086301492245886366e-04,7.164324698235935429e-01,6.878862906527474959e-04,6.317691897179726013e+00,4.855599726838458934e-04
1.460999999999999943e+01,1.461895333675011510e-01,3.080760521356542018e-04,6.472658510673704457e-01,6.607673088935290661e-04,8.985835471537301444e+00,4.905324410526610938e-04
1.461500000000000021e+01,1.511454358049108548e-01,3.075234458985175753e-04,5.882049990249207383e-01,6.378671217231239544e-04,1.353058256988820318e+01,4.982606380337674650e-04
1.462000000000000099e+01,1.563904553308018697e-01,3.069723251696024812e-04,5.374365071170650321e-01,6.184771417684008189e-04,2.163183707673555389e+01,5.111076007841456421e-04
1.462500000000000000e+01,1.619472720088131201e-01,3.064226846292531794e-04,4.935633776930543615e-01,6.020748306710086177e-04,3.531523123505729700e+01,5.319315242991483946e-04
1.462999999999999901e+01,1.678408441820154751e-01,3.058745189816031683e-04,4.555207262303387350e-01,5.883057729944435321e-04,4.946201278558340420e+01,5.536759031020495238e-04
1.463499999999999979e+01,1.740986885951839036e-01,3.053278229544505564e-04,4.225373758423788262e-01,5.770022640288954971e-04,4.556582365753768471e+01,5.507082988004629014e-04
1.464000000000000057e+01,1.807512015262362493e-01,3.047825912991298548e-04,3.941479644191304144e-01,5.682474851990963098e-04,2.990312543411712909e+01,5.319797949994499757e-04
1.464499999999999957e+01,1.878320279303180851e-01,3.042388187903864814e-04,3.701850038218207906e-01,5.623391018840282569e-04,1.837945044809757178e+01,5.199159104991165573e-04
1.465000000000000036e+01,1.953784869741141406e-01,3.036965002262509384e-04,3.500353569838951517e-01,5.585404950826665426e-04,1.190120491470874420e+01,5.154746485959377320e-04
1.465500000000000114e+01,2.034320640179146378e-01,3.031556304279152143e-04,3.304466603769233846e-01,5.530501668891579011e-04,8.203735069669839675e+00,5.139354042997019848e-04
1.466000000000000014e+01,2.120389811655088719e-01,3.026162042396085333e-04,3.099864558807091108e-01,5.461041817291557594e-04,5.888423025874085504e+00,5.142433734448177696e-04
1.466499999999999915e+01,2.212508610450624469e-01,3.020782165284749497e-04,2.920069416686960628e-01,5.420723565557626676e-04,4.392386968333137354e+00,5.178810216343085861e-04
1.466999999999999993e+01,2.311255016337591117e-01,3.015416621844508325e-04,2.771714386218682713e-01,5.414883296362744567e-04,3.406782225808085762e+00,5.237343663594832069e-04
1.467500000000000071e+01,2.417277838580176585e-01,3.010065361201437603e-04,2.638431592680767768e-01,5.415667165283148156e-04,2.724265825555799214e+00,5.285597706618760635e-04
1.467999999999999972e+01,2.531307386012650040e-01,3.004728332707117954e-04,2.503151739076352467e-01,5.380915035551640194e-04,2.217440452950135477e+00,5.302687934421665417e-04
1.468500000000000050e+01,2.654168059094144105e-01,2.999405485937439502e-04,2.375763138552449971e-01,5.319945435550100729e-04,1.833117868501306980e+00,5.297469463832377200e-04
1.469000000000000128e+01,2.786793269646036242e-01,2.994096770691406003e-04,2.266827529767132532e-01,5.278101241932540728e-04,1.543522539905401336e+00,5.308670530694617733e-04
1.469500000000000028e+01,2.930243192826604282e-01,2.988802136989955225e-04,2.175111202301056312e-01,5.269945982279455095e-04,1.322247224241122510e+00,5.351958048579064792e-04
1.469999999999999929e+01,3.085725982220028918e-01,2.983521535074780428e-04,2.098082298056085648e-01,5.282482950801446059e-04,1.150156272655337375e+00,5.413642759818504532e-04
1.470500000000000007e+01,3.254623241341423334e-01,2.978254915407162130e-04,2.035067597379402737e-01,5.299613531648709542e-04,1.014880136565664781e+00,5.475582486356145567e-04
1.471000000000000085e+01,3.438520755054302880e-01,2.973002228666806390e-04,1.987751439054070979e-01,5.341560924350258199e-04,9.090847252697664693e-01,5.561943826416174824e-04
1.471499999999999986e+01,3.639245758262629193e-01,2.967763425750690126e-04,1.950068117219107000e-01,5.431135482246408300e-04,8.249012930250799736e-01,5.700940403997389406e-04
1.471999999999999886e+01,3.858912378621700556e-01,2.962538457771916206e-04,1.902038149165065917e-01,5.564740695187379328e-04,7.490317115011537741e-01,5.895150549715897628e-04
1.472500000000000142e+01,4.099977365184264699e-01,2.957327276058557136e-04,1.849420058057566207e-01,5.684468747521126625e-04,6.802671243377813592e-01,6.084908671608025253e-04
1.473000000000000043e+01,4.365308848184315527e-01,2.952129832152554064e-04,1.810494582019142318e-01,5.796669764037284348e-04,6.243078537326274269e-01,6.268290870150414109e-04
1.473499999999999943e+01,4.658271726338219509e-01,2.946946077808558300e-04,1.782663358639632323e-01,5.995272458113943322e-04,5.778777041065391584e-01,6.525216637951935985e-04
1.474000000000000021e+01,4.982834432307425843e-01,2.941775964992825979e-04,1.766871481514221687e-01,6.322012770229338760e-04,5.398138968527588233e-01,6.904669596746101099e-04
1.474500000000000099e+01,5.343703407206931155e-01,2.936619445882105123e-04,1.764681973524600545e-01,6.742926012471318897e-04,5.098757595593064185e-01,7.389584875364852042e-04
1.475000000000000000e+01,5.746493800349005143e-01,2.931476472862527046e-04,1.777930343317060680e-01,6.831989899991762656e-04,4.876825744939130014e-01,7.523898592105614323e-04
1.475499999999999901e+01,6.197947965135719439e-01,2.926346998528512938e-04,1.821179048373980647e-01,6.474925247145968052e-04,4.761565723091815694e-01,7.182852624815519406e-04
1.475999999999999979e+01,6.706217641312451905e-01,2.921230975681661469e-04,1.904460912226188796e-01,6.183815503301680339e-04,4.771047380472526189e-01,6.925359926659214495e-04
1.476500000000000057e+01,7.281231896567844641e-01,2.916128357329699828e-04,2.007605973512656961e-01,6.077467430318596103e-04,4.864580950616284594e-01,6.869409323355894076e-04
1.476999999999999957e+01,7.935181867928794430e-01,2.911039096685372413e-04,2.103042255328501919e-01,6.110058616570696651e-04,4.964005494050226508e-01,6.962602735783260952e-04
1.477500000000000036e+01,8.683166534874543485e-01,2.905963147165371808e-04,2.137464838088457275e-01,6.266995563221896886e-04,4.896811744784818066e-01,7.193259859145594536e-04
1.478000000000000114e+01,9.544063459136760130e-01,2.900900462389295782e-04,2.180262283767680220e-01,6.563790384699951051e-04,4.826286322158386821e-01,7.595878300165235467e-04
1.478500000000000014e+01,1.054171834298670118e+00,2.895850996178562001e-04,2.305994075849721048e-01,6.941349812818903850e-04,4.955466539974210938e-01,8.113389192958204467e-04
1.478999999999999915e+01,1.170659349932270388e+00,2.890814702555369363e-04,2.476879456354911524e-01,7.134662198693904377e-04,5.212383570601329952e-01,8.421211661473703130e-04
1.479499999999999993e+01,1.307808819675273293e+00,2.885791535741640359e-04,2.751034310170695218e-01,7.218264553609725180e-04,5.727153162168485689e-01,8.618854230795296948e-04
1.480000000000000071e+01,1.470786111891257963e+00,2.880781450157992706e-04,3.288059568370949592e-01,7.504765716081608987e-04,6.848213820371574778e-01,9.110757032235543805e-04
1.480499999999999972e+01,1.666467831151813961e+00,2.875784400422708273e-04,4.290113408781749404e-01,8.132564283087031142e-04,8.981703284891442429e-01,1.009905750221478651e-03
1.481000000000000050e+01,1.904163616386670199e+00,2.870800341350678150e-04,5.925737968319926274e-01,9.279827573015065993e-04,1.205560849964999681e+00,1.186584197150554422e-03
1.481500000000000128e+01,2.196717527427452410e+00,2.865829227952419820e-04,7.426116755970902927e-01,1.118118741405473449e-03,1.367219930495656710e+00,1.483069798202811193e-03
1.482000000000000028e+01,2.562231464522670699e+00,2.860871015433031988e-04,7.350908075005549991e-01,1.341222633589171783e-03,1.296099237425471618e+00,1.867628641263489658e-03
1.482499999999999929e+01,3.026841166713448494e+00,2.855925659191201451e-04,6.411700780597997529e-01,1.453641610436005871e-03,1.197188692451237824e+00,2.131215703029027027e-03
1.483000000000000007e+01,3.629335595370867917e+00,2.850993114818185033e-04,5.200711175439856060e-01,1.483757536003420079e-03,1.012011071417804109e+00,2.168930578708291694e-03
1.483500000000000085e+01,4.429130802229009234e+00,2.846073338096830009e-04,4.308419101436460896e-01,1.532562420006419301e-03,8.339091605144254293e-01,2.155279429495888036e-03
1.483999999999999986e+01,5.520613471045457743e+00,2.841166285000582058e-04,3.818662146593758688e-01,1.416953123749465195e-03,7.416926659182082604e-01,1.928744801726517237e-03
1.484499999999999886e+01,7.060155059852768922e+00,2.836271911692478040e-04,3.608620097337655874e-01,1.191221514120792933e-03,7.245876385151032162e-01,1.570343948367157027e-03
1.485000000000000142e+01,9.319585098409817192e+00,2.831390174524189189e-04,3.672963168738654360e-01,1.040466356977694457e-03,7.814264400957684487e-01,1.333239835041248557e-03
1.485500000000000043e+01,1.279742002354398345e+01,2.826521030035051836e-04,4.002667615287036074e-01,9.687158464643383848e-04,9.258988157993018886e-01,1.216500281142525843e-03
1.485999999999999943e+01,1.845853026686564036e+01,2.821664434951071565e-04,4.638257352457714755e-01,9.447715681337154857e-04,1.202776783751963174e+00,1.171980271533729946e-03
1.486500000000000021e+01,2.823378408076884227e+01,2.816820346183990806e-04,5.713107498113434435e-01,9.503803527623883290e-04,1.714455981573350440e+00,1.171743308888220604e-03
1.487000000000000099e+01,4.570250723901279599e+01,2.811988720830318469e-04,7.520313197164992802e-01,9.775753091916426166e-04,2.641223178400678329e+00,1.203393766945662011e-03
1.487500000000000000e+01,7.369428123563704958e+01,2.807169516170391569e-04,1.066606097840320455e+00,1.024236827155094618e-03,3.991540387950787139e+00,1.263297994570029446e-03
1.487999999999999901e+01,9.532651060876264637e+01,2.802362689667408659e-04,1.631258833000229114e+00,1.092257717682768373e-03,4.563547953551488234e+00,1.353743841103467174e-03
1.488499999999999979e+01,7.908574296432692563e+01,2.797568198966515849e-04,2.567216060544269318e+00,1.187574032147493486e-03,3.454972862836250158e+00,1.482855184118455445e-03
1.489000000000000057e+01,4.992291395908234364e+01,2.792786001893860837e-04,3.433580547838286368e+00,1.321926638362275110e-03,2.216375218766700517e+00,1.666995692803690176e-03
1.489499999999999957e+01,3.063293662570702480e+01,2.788016056455667547e-04,3.044381319394728891e+00,1.517323447392789591e-03,1.470009633828840423e+00,1.936981085167981120e-03
1.490000000000000036e+01,1.981087143891526381e+01,2.783258320837315634e-04,2.031390734027043621e+00,1.815981630882067656e-03,1.062837616385036377e+00,2.351967524368139134e-03
1.490500000000000114e+01,1.360228588057579202e+01,2.778512753402422172e-04,1.336317301990293416e+00,2.301299539710218930e-03,8.425086265038541633e-01,3.028820460053179356e-03
1.491000000000000014e+01,9.828217883115351938e+00,2.773779312691933090e-04,9.706233039799049278e-01,3.129074972034175291e-03,7.335036278537384602e-01,4.186579859747084457e-03
1.491499999999999915e+01,7.399201778432220600e+00,2.769057957423215694e-04,8.030068030346252383e-01,4.452729737874598984e-03,7.036193813307850542e-01,6.048600981390438863e-03
1.491999999999999993e+01,5.757106289964552204e+00,2.764348646489158778e-04,7.383925179672006234e-01,5.699593030927234058e-03,7.203246625725292507e-01,7.839537619179073186e-03
1.492500000000000071e+01,4.600555984113067431e+00,2.759651338957278704e-04,6.915252542024252769e-01,5.594112636900318118e-03,7.255215478612290214e-01,7.727939998618479217e-03
1.492999999999999972e+01,3.757757711341615625e+00,2.754965994068829809e-04,6.680953463066018339e-01,5.161026874355706742e-03,7.345892055509146701e-01,7.111969262352983191e-03
1.493500000000000050e+01,3.125848168240750180e+00,2.750292571237919698e-04,7.195231324764773673e-01,5.250389391117497168e-03,8.127931564647302709e-01,7.271195540063163723e-03
1.494000000000000128e+01,2.640526902210529325e+00,2.745631030050630500e-04,8.551959054011045724e-01,4.976042266055983633e-03,9.855706562215169608e-01,7.010101581628138366e-03
1.494500000000000028e+01,2.260070134803358055e+00,2.740981330264146082e-04,1.047814283143704062e+00,4.350367895187397249e-03,1.283377660803842080e+00,6.373280299239974210e-03
1.494999999999999929e+01,1.956512604066650729e+00,2.736343431805881438e-04,1.077044747286534321e+00,3.893885833438470289e-03,1.564217340742038109e+00,6.122613336057116870e-03
1.495500000000000007e+01,1.710574420421344444e+00,2.731717294772620201e-04,8.649855938906918507e-01,3.599742969760561309e-03,1.422804961937005341e+00,5.619232790373412598e-03
1.496000000000000085e+01,1.508631123920958217e+00,2.727102879429660299e-04,6.914170020462107047e-01,3.677113093834867043e-03,1.105038005184802108e+00,5.205464917973814942e-03
1.496499999999999986e+01,1.340842885201270152e+00,2.722500146209952008e-04,6.314995131145727525e-01,4.250483952756073033e-03,9.342567005887635334e-01,5.506239584093647159e-03
1.496999999999999886e+01,1.199964753474591639e+00,2.717909055713260951e-04,6.288397581704909811e-01,5.308626332964704736e-03,8.655826140152595993e-01,6.529625947235330810e-03
1.497500000000000142e+01,1.080569805522382687e+00,2.713329568705308325e-04,6.309303877586742715e-01,6.086552422842003013e-03,8.226727609361400573e-01,7.323158230474093554e-03
1.498000000000000043e+01,9.785297758582758298e-01,2.708761646116957206e-04,6.714945826075500168e-01,5.839677129643581176e-03,8.399024251586783008e-01,6.965042668450209529e-03
1.498499999999999943e+01,8.906603717135929132e-01,2.704205249043356032e-04,8.098836865022215337e-01,5.682887810803981428e-03,9.771670900697415618e-01,6.737485317161413974e-03
1.499000000000000021e+01,8.144743597999384299e-01,2.699660338743121654e-04,1.032629617245125697e+00,6.270891933595834980e-03,1.238383766351996318e+00,7.412384619478693329e-03
1.499500000000000099e+01,7.480066594402896563e-01,2.695126876637514261e-04,1.126176198129807071e+00,7.626809717362102031e-03,1.412836468112943278e+00,8.977534351667268778e-03
1.500000000000000000e+01,6.896884631429395229e-01,2.690604824309617178e-04,1.015492459636948563e+00,9.807185766657636194e-03,1.338635697786468626e+00,1.137541351030732333e-02
1.500500000000000078e+01,6.382553195506062149e-01,2.686094143503525342e-04,8.696119013977140488e-01,1.329439255154830565e-02,1.185568345271227786e+00,1.505784941917404259e-02
1.500999999999999979e+01,5.926791176486464474e-01,2.681594796123532693e-04,8.156092399929473213e-01,1.887583732584175583e-02,1.152293667148225786e+00,2.104581805168776951e-02
1.501500000000000057e+01,5.521171378445423050e-01,2.677106744233331490e-04,8.645666379674353808e-01,2.329168376997758222e-02,1.285794143970737435e+00,2.605076343592455101e-02
1.501999999999999957e+01,5.158734541761934578e-01,2.672629950055211627e-04,9.621267808272235822e-01,2.207138444330772678e-02,1.501024572360875275e+00,2.503140420624425100e-02
1.502500000000000036e+01,4.833693863872309260e-01,2.668164375969263205e-04,1.110500224551268511e+00,1.977987640507480188e-02,1.753951241805514316e+00,2.280096122988610821e-02
1.502999999999999936e+01,4.541206596535811157e-01,2.663709984512592109e-04,1.377070203607696275e+00,1.893692468261488904e-02,2.077829460556849916e+00,2.209344852099241752e-02
1.503500000000000014e+01,4.277195893786781000e-01,2.659266738378518783e-04,1.649822396957832948e+00,1.936391954230577347e-02,2.111705848958150167e+00,2.246908499444310800e-02
1.504000000000000092e+01,4.038210682577507149e-01,2.654834600415826337e-04,1.669771743932593422e+00,1.863202491258546603e-02,1.884091905132402989e+00,2.139827880070745841e-02
1.504499999999999993e+01,3.821314572984110813e-01,2.650413533627953358e-04,1.687692516028146628e+00,1.583398876100667457e-02,1.862307087144426943e+00,1.805899278441012307e-02
1.505000000000000071e+01,3.623997141649922815e-01,2.646003501172238762e-04,1.916954736948154325e+00,1.438784034028399786e-02,2.084134386925183158e+00,1.609044193516491472e-02
1.505499999999999972e+01,3.444102594369637949e-01,2.641604466359152555e-04,2.261717889140832938e+00,1.516296124747837717e-02,2.403638842343719162e+00,1.641531592420889321e-02
1.506000000000000050e+01,3.279772033109428775e-01,2.637216392651518999e-04,2.168465950485419569e+00,1.634195716276107962e-02,2.302493680941365195e+00,1.730735886648418487e-02
1.506499999999999950e+01,3.129396450508113436e-01,2.632839243663789657e-04,1.644761806630494316e+00,1.647737873085138027e-02,1.774042841740127940e+00,1.739141569588866301e-02
1.507000000000000028e+01,2.991578241851758357e-01,2.628472983161245420e-04,1.267953938168975281e+00,1.822460278326498012e-02,1.392307715084499797e+00,1.925638357758385072e-02
1.507499999999999929e+01,2.865099524267294417e-01,2.624117575059293399e-04,1.149358199483960341e+00,2.369119053388755655e-02,1.280268977092394511e+00,2.495577668852989178e-02
1.508000000000000007e+01,2.748895930363816631e-01,2.619772983422678173e-04,1.240162736379122110e+00,3.322523280725442341e-02,1.389658568068736999e+00,3.482087483684257606e-02
1.508500000000000085e+01,2.642034830907618037e-01,2.615439172464767295e-04,1.430236037394406301e+00,4.265963604297232092e-02,1.583317906074470649e+00,4.468059452990422176e-02
1.508999999999999986e+01,2.543697161439811283e-01,2.611116106546818375e-04,1.486590358011394386e+00,4.804567313687457125e-02,1.613926656262605785e+00,5.088371590867306338e-02
1.509500000000000064e+01,2.453162197876189721e-01,2.606803750177213628e-04,1.402474217507398979e+00,4.838815296599788263e-02,1.539632034741879263e+00,5.206978041287085857e-02
1.509999999999999964e+01,2.369794758376784494e-01,2.602502068010776291e-04,1.317708463569953858e+00,3.995453422637076230e-02,1.524619832845333534e+00,4.348672624403754350e-02
1.510500000000000043e+01,2.293034412234969399e-01,2.598211024848005174e-04,1.239931319540132248e+00,3.207435979821555982e-02,1.511916616089536980e+00,3.503538126334987401e-02
1.510999999999999943e+01,2.222386358006542828e-01,2.593930585634380767e-04,1.285382721447499765e+00,3.117698828577937162e-02,1.538097676947494552e+00,3.420664933852302081e-02
1.511500000000000021e+01,2.157413697634593119e-01,2.589660715459642082e-04,1.484106520027586695e+00,3.511204537590247726e-02,1.741935556952227904e+00,4.028032847525982174e-02
1.512000000000000099e+01,2.097730884782978422e-01,2.585401379557068367e-04,1.676280078470897994e+00,3.353235561156206468e-02,2.020231569257778581e+00,4.337522135136363116e-02
1.512500000000000000e+01,2.042998166873614685e-01,2.581152543302790096e-04,1.678012070497207686e+00,2.388244836734549487e-02,2.135837768762842259e+00,3.343611233639642855e-02
1.513000000000000078e+01,1.992916873670025069e-01,2.576914172215052793e-04,1.495026258669328367e+00,1.565602277801276393e-02,1.945639398434310774e+00,2.179329441981895515e-02
1.513499999999999979e+01,1.947225432387350297e-01,2.572686231953557300e-04,1.410141992186445314e+00,1.075237495996812613e-02,1.730106610832408132e+00,1.445497065583956769e-02
1.514000000000000057e+01,1.905696011569380233e-01,2.568468688318726852e-04,1.554016409358487394e+00,7.914950841315016375e-03,1.741296869401032454e+00,1.022031359427841291e-02
1.514499999999999957e+01,1.868131714419387357e-01,2.564261507251041922e-04,1.989688024882698691e+00,6.229103622068538765e-03,2.014338169026182790e+00,7.677892688608477928e-03
1.515000000000000036e+01,1.834364257723486435e-01,2.560064654830341451e-04,2.863442909897435662e+00,5.246557132343520474e-03,2.618588590021766027e+00,6.064396160655774817e-03
1.515499999999999936e+01,1.804252085643062720e-01,2.555878097275140343e-04,4.224337025626795139e+00,4.729437955195389329e-03,3.762709068655664346e+00,4.997972764231537260e-03
1.516000000000000014e+01,1.777678879014768232e-01,2.551701800941949668e-04,5.035102609612577496e+00,4.302891670367876321e-03,5.856396267967187264e+00,4.286341731615294325e-03
1.516500000000000092e+01,1.754552430841558319e-01,2.547535732324602295e-04,4.211810433991190372e+00,3.636232727723367336e-03,9.138316795563287798e+00,3.812885743097207264e-03
1.516999999999999993e+01,1.734803867775431274e-01,2.543379858053580137e-04,3.225673838311299502e+00,3.011037992503903110e-03,1.165269478365939193e+01,3.416349908656356703e-03
1.517500000000000071e+01,1.718387205929531591e-01,2.539234144895343576e-04,2.904066891437369513e+00,2.568729362683081115e-03,1.016943951095233878e+01,2.998581171601916867e-03
1.517999999999999972e+01,1.705279237637090661e-01,2.535098559751671182e-04,3.283185442087018568e+00,2.260020090115233589e-03,6.694385048550473449e+00,2.648544920435824852e-03
1.518500000000000050e+01,1.695479754113445869e-01,2.530973069658996183e-04,4.488774069155716973e+00,2.034974014036259292e-03,4.169597871853060411e+00,2.388488569361154387e-03
1.518999999999999950e+01,1.689012117701682025e-01,2.526857641787750523e-04,6.463002864291013339e+00,1.864708136767118975e-03,2.727378923518898990e+00,2.194080083993431296e-03
1.519500000000000028e+01,1.685924206847550233e-01,2.522752243441712169e-04,7.305015127444068668e+00,1.733001879291900214e-03,1.902456790041802126e+00,2.045715597441760160e-03
1.519999999999999929e+01,1.686289767560649189e-01,2.518656842057353509e-04,5.510573548316864745e+00,1.630306014941828793e-03,1.404320059837873336e+00,1.931692230566034625e-03
1.520500000000000007e+01,1.690210217356748479e-01,2.514571405203200587e-04,3.491452608101533794e+00,1.550109273752456503e-03,1.085876868072780832e+00,1.844359051395955476e-03
1.521000000000000085e+01,1.697816962128272933e-01,2.510495900579185293e-04,2.254394170583108536e+00,1.486675731722343977e-03,8.720368487392616830e-01,1.777171955713858012e-03
1.521499999999999986e+01,1.709274303792111815e-01,2.506430296016008393e-04,1.555876173724533462e+00,1.436636376663324045e-03,7.224524323931015291e-01,1.726133364349815864e-03
1.522000000000000064e+01,1.724783037854861478e-01,2.502374559474509607e-04,1.145343065523297232e+00,1.399864758429615564e-03,6.143815995472027280e-01,1.691221758754455230e-03
1.522499999999999964e+01,1.744584866430486103e-01,2.498328659045029559e-04,8.897432709465049605e-01,1.376461208239808907e-03,5.344148064574256729e-01,1.672839297589798907e-03
1.523000000000000043e+01,1.768967785336146847e-01,2.494292562946784191e-04,7.222605083309752150e-01,1.365928221589642446e-03,4.742072777326375999e-01,1.670618882225600966e-03
1.523499999999999943e+01,1.798272645785564949e-01,2.490266239527245680e-04,6.080442726230361750e-01,1.368266954510986453e-03,4.283598725679141905e-01,1.684774449159053694e-03
1.524000000000000021e+01,1.832901144710912811e-01,2.486249657261513607e-04,5.279314313093954603e-01,1.384298765153042223e-03,3.933053254906511143e-01,1.716502848291719813e-03
1.524500000000000099e+01,1.873325566667872200e-01,2.482242784751704547e-04,4.708524858015172843e-01,1.415693363445922866e-03,3.666439998274309553e-01,1.768033214240001191e-03
1.525000000000000000e+01,1.920100689772829827e-01,2.478245590726335158e-04,4.301234556354586180e-01,1.463935300848339706e-03,3.466977133241925801e-01,1.841602289314856703e-03
1.525500000000000078e+01,1.973878385260488255e-01,2.474258044039712862e-04,4.016437196227432560e-01,1.528346760240763009e-03,3.323651891255360868e-01,1.937485370091322247e-03
1.525999999999999979e+01,2.035425594823755957e-01,2.470280113671329231e-04,3.829446044660646531e-01,1.613440997505355499e-03,3.230130947027730071e-01,2.061597097079808684e-03
1.526500000000000057e+01,2.105646575576824997e-01,2.466311768725256630e-04,3.724560299619950055e-01,1.729855139889008124e-03,3.182391847253775441e-01,2.226565288317265690e-03
1.526999999999999957e+01,2.185610578544984473e-01,2.462352978429547569e-04,3.690653394404723175e-01,1.887361624165883635e-03,3.177602916933959798e-01,2.444791888456058701e-03
1.527500000000000036e+01,2.276586500493179011e-01,2.458403712135640018e-04,3.728875699415193923e-01,2.096801257046251171e-03,3.219034201916950444e-01,2.730763864865644579e-03
1.527999999999999936e+01,2.380086560201483681e-01,2.454463939317765432e-04,3.850788606092604427e-01,2.379425999004741894e-03,3.315889412376420431e-01,3.110781467172413564e-03
1.528500000000000014e+01,2.497921756565695539e-01,2.450533629572344851e-04,4.074872801257976018e-01,2.773548893326211861e-03,3.481722767484250469e-01,3.630252821077496403e-03
1.529000000000000092e+01,2.632272852021694254e-01,2.446612752617431620e-04,4.434748810485150683e-01,3.338634269888357368e-03,3.739307237585772770e-01,4.358811599766979766e-03
1.529499999999999993e+01,2.785782017496247209e-01,2.442701278292097188e-04,4.992126163965378005e-01,4.176541959369934817e-03,4.128574971052988429e-01,5.412461417696620702e-03
1.530000000000000071e+01,2.961672266168233203e-01,2.438799176555870847e-04,5.860335373272507198e-01,5.473890417409376513e-03,4.720985322298335563e-01,6.996709398801533725e-03
1.530499999999999972e+01,3.163904687391475568e-01,2.434906417488152909e-04,7.248458501153093314e-01,7.599614898449777445e-03,5.648966365860182970e-01,9.508668872014586909e-03
1.531000000000000050e+01,3.397387728769073467e-01,2.431022971287646580e-04,9.556350013570651392e-01,1.128604279569447345e-02,7.167330027937779402e-01,1.373561649324158557e-02
1.531499999999999950e+01,3.668259092783806574e-01,2.427148808271787131e-04,1.348241898518213411e+00,1.773282789056303613e-02,9.740455128743265023e-01,2.112882438750063319e-02
1.532000000000000028e+01,3.984270392647611958e-01,2.423283898876165646e-04,1.903730012193277199e+00,2.679734094318545617e-02,1.365865911132541743e+00,3.307756687087985703e-02
1.532499999999999929e+01,4.355319490909460578e-01,2.419428213653986373e-04,2.239128806784948633e+00,3.098402868781116593e-02,1.728085588545605011e+00,4.461868305879850005e-02
1.533000000000000007e+01,4.794198689379164380e-01,2.415581723275475297e-04,2.045018631786239105e+00,2.659610324147498872e-02,1.762182605697804272e+00,4.459185171351852384e-02
1.533500000000000085e+01,5.317664271603322890e-01,2.411744398527354842e-04,1.790673717242320162e+00,2.273712772126416579e-02,1.634446588433522418e+00,4.098121801945524278e-02
1.533999999999999986e+01,5.947994240508894803e-01,2.407916210312266805e-04,1.627957857779059436e+00,1.948347754189836203e-02,1.526225469271791368e+00,3.882097586000501921e-02
1.534500000000000064e+01,6.715304432164627135e-01,2.404097129648221308e-04,1.514855740552101926e+00,1.410254466717339103e-02,1.363493435262843390e+00,3.025626045917934742e-02
1.534999999999999964e+01,7.661072112861420091e-01,2.400287127668068797e-04,1.561308821153630122e+00,9.529799021773317780e-03,1.257967127626926196e+00,1.989146727457087593e-02
1.535500000000000043e+01,8.843635454617124747e-01,2.396486175618922968e-04,1.836355085042934876e+00,6.758923041745679844e-03,1.313297444975988659e+00,1.310426015288254295e-02
1.535999999999999943e+01,1.034702628124013035e+00,2.392694244861653095e-04,2.424923700367779045e+00,5.036606182193504970e-03,1.550140183709559638e+00,9.112726406128635742e-03
1.536500000000000021e+01,1.229562044615678529e+00,2.388911306870312654e-04,3.531013181227069087e+00,3.914930118186193964e-03,2.025967867563933655e+00,6.686128257564020842e-03
1.537000000000000099e+01,1.487933450989076256e+00,2.385137333231622156e-04,5.454849782653006685e+00,3.194216207065375852e-03,2.842478074390772491e+00,5.148438637929585865e-03
1.537500000000000000e+01,1.839876410105769855e+00,2.381372295644438707e-04,8.044829472691079175e+00,2.725348960093975943e-03,4.196292489374875423e+00,4.126633565926755322e-03
1.538000000000000078e+01,2.334981059660659497e+00,2.377616165919201161e-04,8.928049387187945385e+00,2.417222089780401983e-03,6.341159610341446928e+00,3.417191592523677237e-03
1.538499999999999979e+01,3.059039187784128977e+00,2.373868915977435726e-04,6.702970574915315893e+00,2.219483515303946174e-03,8.149865498837444378e+00,2.906805900844083509e-03
1.539000000000000057e+01,4.168567709750368167e+00,2.370130517851199770e-04,4.303397809997758117e+00,2.105290036120328629e-03,7.166480633565980973e+00,2.529505984689786775e-03
1.539499999999999957e+01,5.965059823955796148e+00,2.366400943682582818e-04,2.862431264712842260e+00,2.062287409908600874e-03,4.759807822738911121e+00,2.245164641499904426e-03
1.540000000000000036e+01,9.051315661391006628e+00,2.362680165723177184e-04,2.087641344648934805e+00,2.088985177080678046e-03,3.062959205134474949e+00,2.028546128130524848e-03
1.540499999999999936e+01,1.456582427198251928e+01,2.358968156333563523e-04,1.683028962071846157e+00,2.194778349644141858e-03,2.119663796706736658e+00,1.863525604674049320e-03
1.541000000000000014e+01,2.361985840225557709e+01,2.355264887982797461e-04,1.499464934730104115e+00,2.403720011593426555e-03,1.605837739158534783e+00,1.739988831747366765e-03
1.541500000000000092e+01,3.160626766250319619e+01,2.351570333247899203e-04,1.477585207303956372e+00,2.764310693586943812e-03,1.328523638624502734e+00,1.652271474304555562e-03
1.541999999999999993e+01,2.731964599300569319e+01,2.347884464813348570e-04,1.615434823850920854e+00,3.371490555252302027e-03,1.195849121576538998e+00,1.598687157895783799e-03
1.542500000000000071e+01,1.747809571321745992e+01,2.344207255470573794e-04,1.968548539552594789e+00,4.414962766398203287e-03,1.170145435781165144e+00,1.582174886423895000e-03
1.542999999999999972e+01,1.070657210056572950e+01,2.340538678117456853e-04,2.680204303313773462e+00,6.275532022057001523e-03,1.247872016317328248e+00,1.612687697071866176e-03
1.543500000000000050e+01,6.894618076881867452e+00,2.336878705757827691e-04,4.007263462278546129e+00,9.598751242396898545e-03,1.458948508405828015e+00,1.713031352800922433e-03
1.543999999999999950e+01,4.717695931469147119e+00,2.333227311500971719e-04,5.945162707463407692e+00,1.437989599947007632e-02,1.884401021330218029e+00,1.931580889230130518e-03
1.544500000000000028e+01,3.401654838659187163e+00,2.329584468561135416e-04,6.735705029531928290e+00,1.630606371778231534e-02,2.688338864304671727e+00,2.361328473570994697e-03
1.544999999999999929e+01,2.558742851309491861e+00,2.325950150257032479e-04,5.162281179541417409e+00,1.238067812406593721e-02,4.033651660933559313e+00,3.091657920797776828e-03
1.545500000000000007e+01,1.991161360408639114e+00,2.322324330011357556e-04,3.478139450039823721e+00,8.098625608530980735e-03,5.251960863708112548e+00,3.736113226198280700e-03
1.546000000000000085e+01,1.592662660660875584e+00,2.318706981350299981e-04,2.544786125939386245e+00,5.554466493414737110e-03,4.749102121865317550e+00,3.384019892148910566e-03
1.546499999999999986e+01,1.302981838408296067e+00,2.315098077903060764e-04,2.075541505246140783e+00,4.200595003197475814e-03,3.461374418284207444e+00,2.604430833233142666e-03
1.547000000000000064e+01,1.086192663788290380e+00,2.311497593401370932e-04,1.779218387780597377e+00,3.509531751003058982e-03,2.489575215402251018e+00,2.097574319069429351e-03
1.547499999999999964e+01,9.199229685700772707e-01,2.307905501679015023e-04,1.657006700128010657e+00,3.221465313823924925e-03,1.911628959238762304e+00,1.857175241048413406e-03
1.548000000000000043e+01,7.897035733795221280e-01,2.304321776671352682e-04,1.753492281585128154e+00,3.240186171745448526e-03,1.643874197745722965e+00,1.786460832674753064e-03
1.548499999999999943e+01,6.858642585175726003e-01,2.300746392414851371e-04,2.124831525174564195e+00,3.579285140650765532e-03,1.594103266471437630e+00,1.842649842904717401e-03
1.549000000000000021e+01,6.017547370715973232e-01,2.297179323046609858e-04,2.922578827717996486e+00,4.365101309924657690e-03,1.730408641823774518e+00,2.031725909455527231e-03
1.549500000000000099e+01,5.326856919047012751e-01,2.293620542803894184e-04,4.360373711476723813e+00,5.839753094902588870e-03,2.088105310148349769e+00,2.408833579129215485e-03
1.550000000000000000e+01,4.752768803036744871e-01,2.290070026023672536e-04,5.996772504347799071e+00,8.062343712249129060e-03,2.767785329160241226e+00,3.081803911435281561e-03
1.550500000000000078e+01,4.270436547045811104e-01,2.286527747142150669e-04,6.097918423885184680e+00,1.062766071510991978e-02,3.807555944576177964e+00,4.069815068754114445e-03
1.550999999999999979e+01,3.861276204617690166e-01,2.282993680694313829e-04,5.232536608539504641e+00,1.374272890331673484e-02,4.861307181458979443e+00,4.938780800619489361e-03
1.551500000000000057e+01,3.511169479054661591e-01,2.279467801313467322e-04,4.328944691090680585e+00,1.448480026660794832e-02,6.152915350118448146e+00,5.828704151642423101e-03
1.551999999999999957e+01,3.209238959629964194e-01,2.275950083730781423e-04,3.112969898183888695e+00,1.078418565291842934e-02,8.529880017392148517e+00,7.570006183812151915e-03
1.552500000000000036e+01,2.946996981681374583e-01,2.272440502774842241e-04,2.164640683352522910e+00,7.122941194256096273e-03,1.054299666392052437e+01,8.898274739528198515e-03
1.552999999999999936e+01,2.717743649076921897e-01,2.268939033371195546e-04,1.626618319290555892e+00,4.979930243060146262e-03,9.702289485691467874e+00,7.585800917563137631e-03
1.553500000000000014e+01,2.516134214384169177e-01,2.265445650541902511e-04,1.297882186268314753e+00,3.852426170435086557e-03,8.035604818493267132e+00,5.625595497929490769e-03
1.554000000000000092e+01,2.337863592568035220e-01,2.261960329405093839e-04,1.019124385254953635e+00,3.315630775964820143e-03,6.059175262683605290e+00,4.382143561464207394e-03
1.554499999999999993e+01,2.179433189312188213e-01,2.258483045174527679e-04,8.194238223781539210e-01,3.199898435624677455e-03,4.080656732252922581e+00,3.821145533321919797e-03
1.555000000000000071e+01,2.037976428525251071e-01,2.255013773159145641e-04,7.068675954419816332e-01,3.498272532804058439e-03,2.814093551346134703e+00,3.911681263253278737e-03
1.555499999999999972e+01,1.911126707572216032e-01,2.251552488762638849e-04,6.627529035140740099e-01,4.195164052534740805e-03,2.125899608520278150e+00,4.558164215701305741e-03
1.556000000000000050e+01,1.796916404389167499e-01,2.248099167483006669e-04,6.771385243244211205e-01,4.684692567772245735e-03,1.774412109700781226e+00,5.055184040005920344e-03
1.556499999999999950e+01,1.693698875273281779e-01,2.244653784912131701e-04,7.621557577067658018e-01,4.424090164303784434e-03,1.634862095668809356e+00,4.736058766819170249e-03
1.557000000000000028e+01,1.600087658953275038e-01,2.241216316735332816e-04,9.467631400574152423e-01,4.368025172393956955e-03,1.697800934454813282e+00,4.603273576833878146e-03
1.557500000000000107e+01,1.514908687603861714e-01,2.237786738730958313e-04,1.126172239779159145e+00,5.031200369717160961e-03,1.837520291658338412e+00,5.265920549944905910e-03
1.558000000000000007e+01,1.437162422822599595e-01,2.234365026769940307e-04,1.072340140836037792e+00,5.707512683459196011e-03,1.817267619944274326e+00,6.156282809944974704e-03
1.558500000000000085e+01,1.365993631508851114e-01,2.230951156815377855e-04,8.590985478496563355e-01,5.094519400660369943e-03,1.550731668162184995e+00,5.732933595579224779e-03
1.558999999999999986e+01,1.300667091205016113e-01,2.227545104922118186e-04,6.596304923211399052e-01,4.103717684113970116e-03,1.204884511458848007e+00,4.637479748024649073e-03
1.559500000000000064e+01,1.240547933071326214e-01,2.224146847236322744e-04,5.359816942046405908e-01,3.644412799796893730e-03,9.688874870948827045e-01,4.063688376575926020e-03
1.559999999999999964e+01,1.185085638575295724e-01,2.220756359995074169e-04,4.815938959595784108e-01,3.731791244933130129e-03,8.560426013990632965e-01,4.100056250550971823e-03
1.560500000000000043e+01,1.133800934523129383e-01,2.217373619525931771e-04,4.850784077374145631e-01,4.358319657794073806e-03,8.434878179209046589e-01,4.711217835517464425e-03
1.560999999999999943e+01,1.086275002164985015e-01,2.213998602246546911e-04,5.553349481034056678e-01,5.731809415093696430e-03,9.375017347711973592e-01,6.071018040619836562e-03
1.561500000000000021e+01,1.042140545235431814e-01,2.210631284664224170e-04,7.211110368184592279e-01,8.383108236677981259e-03,1.180647742473945216e+00,8.682627509836251395e-03
1.562000000000000099e+01,1.001074360002970620e-01,2.207271643375537541e-04,1.005157529862433341e+00,1.302231191139327851e-02,1.646718725525266658e+00,1.342745860205884351e-02
1.562500000000000000e+01,9.627911256316212807e-02,2.203919655065909216e-04,1.255778248273862197e+00,1.808525780072253383e-02,2.284169670038895372e+00,2.014113088713994498e-02
1.563000000000000078e+01,9.270381911902347838e-02,2.200575296509200301e-04,1.128974453445670934e+00,1.705766832704813663e-02,2.475008164523330390e+00,2.271693635444026887e-02
1.563499999999999979e+01,8.935911806982367589e-02,2.197238544567334056e-04,8.198797398632606814e-01,1.152266914892858575e-02,1.954938127362795486e+00,1.718448948885362149e-02
1.564000000000000057e+01,8.622502727938889666e-02,2.193909376189857874e-04,6.208093243793783023e-01,7.320846486665031835e-03,1.473241892030414668e+00,1.125195192791681592e-02
1.564499999999999957e+01,8.328370392742585893e-02,2.190587768413584956e-04,5.004340687820649780e-01,4.914539915993295857e-03,1.175850886514016258e+00,7.642693249692655323e-03
1.565000000000000036e+01,8.051917486148967018e-02,2.187273698362163341e-04,3.824271804933691010e-01,3.512559413178542762e-03,8.738847882856994875e-01,5.345546956612609937e-03
1.565499999999999936e+01,7.791710579503290102e-02,2.183967143245706187e-04,2.893582080812580060e-01,2.657223200008269285e-03,6.273144153094742936e-01,3.866381142735970944e-03
1.566000000000000014e+01,7.546460308684256602e-02,2.180668080360389539e-04,2.295632765858709456e-01,2.113295934567942843e-03,4.707631060799536415e-01,2.947085121739057966e-03
1.566500000000000092e+01,7.315004295084956421e-02,2.177376487088062557e-04,1.911912945382434059e-01,1.750679565233962927e-03,3.731002158896569720e-01,2.359214934340985326e-03
1.566999999999999993e+01,7.096292384325182667e-02,2.174092340895870208e-04,1.651894281196924774e-01,1.498431697361863723e-03,3.088656232374442090e-01,1.965314889551222736e-03
1.567500000000000071e+01,6.889373850131548516e-02,2.170815619335845614e-04,1.465864066702810276e-01,1.316780046199261464e-03,2.641402742911713730e-01,1.690127570656575198e-03
1.567999999999999972e+01,6.693386270013367001e-02,2.167546300044550091e-04,1.326755029991595058e-01,1.182368096210131272e-03,2.314760755394447145e-01,1.491381649313077654e-03
1.568500000000000050e+01,6.507545827704787345e-02,2.164284360742678773e-04,1.219083351828560563e-01,1.080845366873809960e-03,2.066958084667816498e-01,1.344165798124311896e-03
1.568999999999999950e+01,6.331138837011968112e-02,2.161029779234683310e-04,1.133491806146806891e-01,1.003041165728717080e-03,1.873228864267628968e-01,1.233105598621459442e-03
1.569500000000000028e+01,6.163514314356876439e-02,2.157782533408395377e-04,1.064042099290449794e-01,9.428985487608641802e-04,1.718126125485685551e-01,1.148329905726281318e-03
1.570000000000000107e+01,6.004077454299440453e-02,2.154542601234651542e-04,1.006807155663412834e-01,8.963083565439611961e-04,1.591586652900846277e-01,1.083291761007539652e-03
1.570500000000000007e+01,5.852283884704048006e-02,2.151309960766916232e-04,9.591003417743189374e-02,8.604246352138023891e-04,1.486809656969277915e-01,1.033536122511494485e-03
1.571000000000000085e+01,5.707634596845818920e-02,2.148084590140915005e-04,9.190327609211441928e-02,8.332487213340002098e-04,1.399056126945336376e-01,9.959742274780474143e-04
1.571499999999999986e+01,5.569671461307294097e-02,2.144866467574260498e-04,8.852481513143742320e-02,8.133692639916977355e-04,1.324939228152085813e-01,9.684413756649436038e-04
1.572000000000000064e+01,5.437973253546315999e-02,2.141655571366088136e-04,8.567584489152520189e-02,7.997961213357159677e-04,1.261988870108164407e-01,9.494198809745146503e-04
1.572499999999999964e+01,5.312152123964296313e-02,2.138451879896687501e-04,8.328388470086950379e-02,7.918528133031624543e-04,1.208375822332942440e-01,9.378620390687565037e-04
1.573000000000000043e+01,5.191850456530726354e-02,2.135255371627139943e-04,8.129594233541263815e-02,7.891068895624405583e-04,1.162732226233698096e-01,9.330760064502755576e-04
1.573499999999999943e+01,5.076738067817961053e-02,2.132066025098955635e-04,7.967401287492462125e-02,7.913259409648898315e-04,1.124032418107821785e-01,9.346529253617084920e-04
1.574000000000000021e+01,4.966509704909222167e-02,2.128883818933716338e-04,7.839213398054729887e-02,7.984519580974301037e-04,1.091512800555556328e-01,9.424224895388663096e-04
1.574500000000000099e+01,4.860882806259270855e-02,2.125708731832710559e-04,7.743453222165998240e-02,8.105898587786246161e-04,1.064617935361946988e-01,9.564294807881421143e-04
1.575000000000000000e+01,4.759595494372323432e-02,2.122540742576586067e-04,7.679458739909619802e-02,8.280081188564857204e-04,1.042965023871119112e-01,9.769272341177428175e-04
1.575500000000000078e+01,4.662404773249181900e-02,2.119379830024988314e-04,7.647446819245502792e-02,8.511510543976919408e-04,1.026322033615422458e-01,1.004386420896241378e-03
1.575999999999999979e+01,4.569084907055413758e-02,2.116225973116209148e-04,7.648538516749617266e-02,8.806637606358796479e-04,1.014596769193956832e-01,1.039519539989824156e-03
1.576500000000000057e+01,4.479425959466275947e-02,2.113079150866838791e-04,7.684848709329400451e-02,9.174322985065165234e-04,1.007835666402659147e-01,1.083323490223223745e-03
1.576999999999999957e+01,4.393232475728124642e-02,2.109939342371415364e-04,7.759651018667892974e-02,9.626437408193106327e-04,1.006232334251246918e-01,1.137144953866823941e-03
1.577500000000000036e+01,4.310322291704122427e-02,2.106806526802075508e-04,7.877639460380077285e-02,1.017873563489913018e-03,1.010147134380772332e-01,1.202776527202059588e-03
1.577999999999999936e+01,4.230525456097014581e-02,2.103680683408212045e-04,8.045323147589236723e-02,1.085212241794070338e-03,1.020140634363204402e-01,1.282596293980995143e-03
1.578500000000000014e+01,4.153683253708720380e-02,2.100561791516129199e-04,8.271613383013980136e-02,1.167449881305758280e-03,1.037025952100044807e-01,1.379771004185999543e-03
1.579000000000000092e+01,4.079647319042654929e-02,2.097449830528699453e-04,8.568699959193751270e-02,1.268349213206961630e-03,1.061948382850575884e-01,1.498555202799167372e-03
1.579499999999999993e+01,4.008278830812035676e-02,2.094344779925026625e-04,8.953377123251898828e-02,1.393056867337962674e-03,1.096506251171432411e-01,1.644739198941930734e-03
1.580000000000000071e+01,3.939447779012620471e-02,2.091246619260103538e-04,9.449091745826586342e-02,1.548737259762655296e-03,1.142936489497679842e-01,1.826334540925015921e-03
1.580499999999999972e+01,3.873032297174060917e-02,2.088155328164479707e-04,1.008919109531357938e-01,1.745576009430232622e-03,1.204405590440149332e-01,2.054650063675532608e-03
1.581000000000000050e+01,3.808918053239668255e-02,2.085070886343923073e-04,1.092223709979012469e-01,1.998417792484909888e-03,1.285478602471430698e-01,2.346031743582867313e-03
1.581499999999999950e+01,3.746997693256243211e-02,2.081993273579088501e-04,1.202102668037509231e-01,2.329535093775037414e-03,1.392901263667644385e-01,2.724772783814028744e-03
1.582000000000000028e+01,3.687170332697721487e-02,2.078922469725186836e-04,1.349856211891438951e-01,2.773498810197698103e-03,1.536957745623117322e-01,3.228172551691273900e-03
1.582500000000000107e+01,3.629341090810711545e-02,2.075858454711653942e-04,1.553770375125407832e-01,3.386139267026393434e-03,1.733938883612533566e-01,3.915723467782118022e-03
1.583000000000000007e+01,3.573420663866767183e-02,2.072801208541823551e-04,1.844912134156472816e-01,4.261866489997174351e-03,2.010863195999604003e-01,4.886622458321204093e-03
1.583500000000000085e+01,3.519324933644264741e-02,2.069750711292601183e-04,2.279006971764747647e-01,5.568886271144716377e-03,2.414968218743824557e-01,6.314898700307483223e-03
1.583999999999999986e+01,3.466974607849489243e-02,2.066706943114138349e-04,2.961182368666606113e-01,7.623732858793004843e-03,3.033311515860985241e-01,8.523130134349812814e-03
1.584500000000000064e+01,3.416294889528757872e-02,2.063669884229512707e-04,4.090866498892518077e-01,1.104663122088617860e-02,4.029783342702832893e-01,1.213832381120573400e-02
1.584999999999999964e+01,3.367215172826362735e-02,2.060639514934403888e-04,5.970023810371899442e-01,1.699892569046614760e-02,5.670485283617330285e-01,1.836822640767334786e-02
1.585500000000000043e+01,3.319668762711724258e-02,2.057615815596769318e-04,8.582608863148208922e-01,2.672402575425281493e-02,8.075832579436333925e-01,2.890683130430071746e-02
1.585999999999999943e+01,3.273592616538818778e-02,2.054598766656543082e-04,1.086396039604749175e+00,3.685225691530567144e-02,1.061754557725966386e+00,4.191193018509595941e-02
1.586500000000000021e+01,3.228927105511428253e-02,2.051588348625294942e-04,1.219006193376444669e+00,3.990745782263743074e-02,1.254436434137797374e+00,4.728456777677901568e-02
1.587000000000000099e+01,3.185615794319841820e-02,2.048584542085940042e-04,1.365995738680482408e+00,4.009557325284954232e-02,1.508859011710979914e+00,4.840355750639389193e-02
1.587500000000000000e+01,3.143605237380239087e-02,2.045587327692409581e-04,1.382130756424026607e+00,3.407447181170263767e-02,1.796298290432356115e+00,4.832930176620193335e-02
1.588000000000000078e+01,3.102844790261243685e-02,2.042596686169339919e-04,1.310498008010385851e+00,2.337191541906809972e-02,1.844008043609918657e+00,3.715715771219089275e-02
1.588499999999999979e+01,3.063286435015885600e-02,2.039612598311777943e-04,1.231721130887330595e+00,1.565313241642220590e-02,1.800137372256816581e+00,2.416992984403140698e-02
1.589000000000000057e+01,3.024884618257107222e-02,2.036635044984849035e-04,9.488536906431424001e-01,1.067674764008629679e-02,1.492679454726144606e+00,1.573921668710618824e-02
1.589499999999999957e+01,2.987596100925311859e-02,2.033664007123477070e-04,6.329271002237715216e-01,7.426914962294562349e-03,1.007944699564533142e+00,1.067625050834251216e-02
1.590000000000000036e+01,2.951379818790744736e-02,2.030699465732051570e-04,4.298408886593435008e-01,5.402039633539003349e-03,6.633932710230384666e-01,7.626102207108390388e-03
1.590499999999999936e+01,2.916196752823515398e-02,2.027741401884146897e-04,3.121481529916572684e-01,4.113613038981667192e-03,4.634829989928033189e-01,5.718011259153246012e-03
1.591000000000000014e+01,2.882009808640283166e-02,2.024789796722208373e-04,2.416885865705581948e-01,3.253193425664280877e-03,3.464139748936169161e-01,4.460945460566886726e-03
1.591500000000000092e+01,2.848783704308733428e-02,2.021844631457252227e-04,1.971869085233653174e-01,2.651559570273838949e-03,2.741691902144253734e-01,3.592543661695876168e-03
1.591999999999999993e+01,2.816484865854207778e-02,2.018905887368576931e-04,1.677379847836801552e-01,2.214429828278152192e-03,2.272695231368037916e-01,2.968398596491989613e-03
1.592500000000000071e+01,2.785081329869950120e-02,2.015973545803444167e-04,1.475646119704558668e-01,1.886683069119498646e-03,1.955958190417452780e-01,2.504927480520297706e-03
1.592999999999999972e+01,2.754542652685659440e-02,2.013047588176811848e-04,1.334396068203442254e-01,1.634482192172959005e-03,1.736211084680837624e-01,2.151322259933166788e-03
1.593500000000000050e+01,2.724839825594071313e-02,2.010127995971010208e-04,1.234672187442989455e-01,1.436144555003031039e-03,1.581670697294561834e-01,1.875336064306763707e-03
1.593999999999999950e+01,2.695945195680048145e-02,2.007214750735471025e-04,1.164865148676698936e-01,1.277256747549449043e-03,1.473245603631982981e-01,1.655728403956596446e-03
1.594500000000000028e+01,2.667832391833291003e-02,2.004307834086424588e-04,1.117644668705047861e-01,1.147932707126430273e-03,1.399093204627175069e-01,1.478055103752098746e-03
1.595000000000000107e+01,2.640476255562000316e-02,2.001407227706612649e-04,1.088303394685170289e-01,1.041206675133951815e-03,1.351740972529928975e-01,1.332219342270128844e-03
1.595500000000000007e+01,2.613852776256099172e-02,1.998512913345005452e-04,1.073826484555576305e-01,9.520546970393818642e-04,1.326501470388602999e-01,1.210992000574962098e-03
1.596000000000000085e+01,2.587939030577229502e-02,1.995624872816501136e-04,1.072353732940622834e-01,8.767786286424845716e-04,1.320576700311175411e-01,1.109087276628100121e-03
1.596499999999999986e+01,2.562713125679848269e-02,1.992743088001652514e-04,1.082865715466521661e-01,8.126068415785321283e-04,1.332552272566743801e-01,1.022567909448283659e-03
1.597000000000000064e+01,2.538154145990523594e-02,1.989867540846378948e-04,1.105005884125565135e-01,7.574286337128666733e-04,1.362129072802243102e-01,9.484523530985166989e-04
1.597499999999999964e+01,2.514242103295208364e-02,1.986998213361682291e-04,1.138992123632386888e-01,7.096134834926092275e-04,1.410015968878893244e-01,8.844492227919355503e-04
1.598000000000000043e+01,2.490957889903704092e-02,1.984135087623365801e-04,1.185594348180182833e-01,6.678855050407026244e-04,1.477950265027316301e-01,8.287739989072169132e-04
1.598499999999999943e+01,2.468283234678766633e-02,1.981278145771757132e-04,1.246169011938752513e-01,6.312346301466733884e-04,1.568841809654893948e-01,7.800201142495727770e-04
1.599000000000000021e+01,2.446200661733870588e-02,1.978427370011424816e-04,1.322752032044612613e-01,5.988527229517106275e-04,1.687062604492840234e-01,7.370667388776265972e-04
1.599500000000000099e+01,2.424693451618805187e-02,1.975582742610905852e-04,1.418221791540669463e-01,5.700869318493212608e-04,1.838934935006376059e-01,6.990117918724874290e-04
1.600000000000000000e+01,2.403745604826126175e-02,1.972744245902427343e-04,1.536556371957130407e-01,5.444051573639525736e-04,2.033517734501799901e-01,6.651225901576057059e-04
1.600500000000000256e+01,2.383341807464189888e-02,1.969911862281631377e-04,1.683227389386388884e-01,5.213701660833698799e-04,2.283870055002630850e-01,6.347990198218023128e-04
1.600999999999999801e+01,2.363467398954233190e-02,1.967085574207311834e-04,1.865802210336416078e-01,5.006199606192112371e-04,2.609114546060000150e-01,6.075457253722881933e-04
1.601500000000000057e+01,2.344108341619224878e-02,1.964265364201118135e-04,2.094876671309052751e-01,4.818527343629136397e-04,3.037899462828373420e-01,5.829508783665244198e-04
1.601999999999999957e+01,2.325251192043013837e-02,1.961451214847317252e-04,2.385550458935471463e-01,4.648152260694808852e-04,3.614409584264521302e-01,5.606698044383415366e-04
1.602499999999999858e+01,2.306883074085807131e-02,1.958643108792503147e-04,2.759824685621581342e-01,4.492936232182634772e-04,4.409232541985593778e-01,5.404122381382453315e-04
1.603000000000000114e+01,2.288991653451744393e-02,1.955841028745330056e-04,3.250624840759833156e-01,4.351063956007481144e-04,5.539922180736223112e-01,5.219323149196774831e-04
1.603500000000000014e+01,2.271565113711214445e-02,1.953044957476261496e-04,3.908804716824982317e-01,4.220986045618240878e-04,7.211896419243848388e-01,5.050206482992874221e-04
1.603999999999999915e+01,2.254592133687438257e-02,1.950254877817287290e-04,4.815861520710238985e-01,4.101373503621239501e-04,9.803864626212318578e-01,4.894980098936873181e-04
1.604500000000000171e+01,2.238061866123949167e-02,1.947470772661671218e-04,6.108122362341957823e-01,3.991081046065247375e-04,1.405214071319392355e+00,4.752102520240822120e-04
1.605000000000000071e+01,2.221963917554981710e-02,1.944692624963685384e-04,8.025117564442898477e-01,3.889117362959410235e-04,2.143047236037156633e+00,4.620242012203554889e-04
1.605499999999999972e+01,2.206288329306575410e-02,1.941920417738348661e-04,1.101112335064255321e+00,3.794620854378894089e-04,3.461258675747970415e+00,4.498243160106197257e-04
1.606000000000000227e+01,2.191025559561217070e-02,1.939154134061167286e-04,1.593442836200402946e+00,3.706839718809147371e-04,5.517248806641112502e+00,4.385099505743209839e-04
1.606499999999999773e+01,2.176166466423628057e-02,1.936393757067884414e-04,2.453104590041327526e+00,3.625115523270502384e-04,6.884443786211959626e+00,4.279931018532594353e-04
1.607000000000000028e+01,2.161702291929311695e-02,1.933639269954200396e-04,3.984637409116452922e+00,3.548869575920385994e-04,5.510279958053014404e+00,4.181965448616859534e-04
1.607500000000000284e+01,2.147624646942301180e-02,1.930890655975546445e-04,6.277189658346653545e+00,3.477591567445164570e-04,3.454287678993538169e+00,4.090522815493413764e-04
1.607999999999999829e+01,2.133925496891165077e-02,1.928147898446817929e-04,7.479520837807546840e+00,3.410830059274290666e-04,2.136737830139404437e+00,4.005002443282398546e-04
1.608500000000000085e+01,2.120597148296666373e-02,1.925410980742101692e-04,5.732867279407514616e+00,3.348184482975338251e-04,1.398720228627288176e+00,3.924872075585872453e-04
1.608999999999999986e+01,2.107632236047605329e-02,1.922679886294461650e-04,3.557200680150905292e+00,3.289298382318171224e-04,9.731467510212400418e-01,3.849658697015592755e-04
1.609499999999999886e+01,2.095023711383645071e-02,1.919954598595659885e-04,2.208791663612224454e+00,3.233853682025265549e-04,7.128960582304995075e-01,3.778940762041479561e-04
1.610000000000000142e+01,2.082764830547604445e-02,1.917235101195909985e-04,1.454159457541478018e+00,3.181565808581648383e-04,5.444582956447813205e-01,3.712341589674695761e-04
1.610500000000000043e+01,2.070849144071806175e-02,1.914521377703646112e-04,1.016418607216476921e+00,3.132179521211199760e-04,4.300140356928849328e-01,3.649523728147885740e-04
1.610999999999999943e+01,2.059270486665336006e-02,1.911813411785258181e-04,7.470105857273707795e-01,3.085465337179833117e-04,3.490396068277707986e-01,3.590184130014355247e-04
1.611500000000000199e+01,2.048022967671740691e-02,1.909111187164848464e-04,5.716866293529984100e-01,3.041216456431017779e-04,2.897808245861494547e-01,3.534050007040943843e-04
1.612000000000000099e+01,2.037100962068515153e-02,1.906414687623998478e-04,4.520355344768843264e-01,2.999246107314458001e-04,2.451702921577887662e-01,3.480875257497013865e-04
1.612500000000000000e+01,2.026499101981553766e-02,1.903723897001514476e-04,3.670826527260413474e-01,2.959385248702572132e-04,2.107739633153069558e-01,3.430437377168386415e-04
1.613000000000000256e+01,2.016212268689943077e-02,1.901038799193187291e-04,3.047461777360032098e-01,2.921480574772086433e-04,1.837054127953737515e-01,3.382534780593911207e-04
1.613499999999999801e+01,2.006235585097838545e-02,1.898359378151557068e-04,2.577248622596028382e-01,2.885392777674679180e-04,1.620245505954992504e-01,3.336984471357939421e-04
1.614000000000000057e+01,1.996564408651894593e-02,1.895685617885660640e-04,2.214178334582724283e-01,2.850995030642744033e-04,1.443904676080886296e-01,3.293620010350561912e-04
1.614499999999999957e+01,1.987194324684343413e-02,1.893017502460814965e-04,1.928187278587313591e-01,2.818171660091271964e-04,1.298534411676054712e-01,3.252289739173634198e-04
1.614999999999999858e+01,1.978121140162850469e-02,1.890355015998353388e-04,1.699002315134056085e-01,2.786816980235418779e-04,1.177261499025006458e-01,3.212855222674446077e-04
1.615500000000000114e+01,1.969340877830145359e-02,1.887698142675407992e-04,1.512571789651313003e-01,2.756834267850195256e-04,1.075015656089031435e-01,3.175189880215483970e-04
1.616000000000000014e+01,1.960849770717173687e-02,1.885046866724673508e-04,1.358918846485836218e-01,2.728134858206591518e-04,9.879921954544544638e-02,3.139177779951295112e-04
1.616499999999999915e+01,1.952644257014905099e-02,1.882401172434158766e-04,1.230807649265214798e-01,2.700637346060947783e-04,9.132920515668396799e-02,3.104712574266645011e-04
1.617000000000000171e+01,1.944720975291188217e-02,1.879761044146970126e-04,1.122890397385200301e-01,2.674266877950785652e-04,8.486754956895449509e-02,3.071696557772616893e-04
1.617500000000000071e+01,1.937076760039787432e-02,1.877126466261075117e-04,1.031147575586622706e-01,2.648954524042530204e-04,7.923903956377956193e-02,3.040039831971740763e-04
1.617999999999999972e+01,1.929708637549944900e-02,1.874497423229067169e-04,9.525120415462165480e-02,2.624636719454122324e-04,7.430503708075308911e-02,3.009659562986293575e-04
1.618500000000000227e+01,1.922613822085719043e-02,1.871873899557936576e-04,8.846112649933440819e-02,2.601254766390612757e-04,6.995469753687399983e-02,2.980479320667246516e-04
1.618999999999999773e+01,1.915789712365298728e-02,1.869255879808855007e-04,8.255872253474319522e-02,2.578754389628436336e-04,6.609854889788045751e-02,2.952428489027256512e-04
1.619500000000000028e+01,1.909233888331124049e-02,1.866643348596926685e-04,7.739684025445393856e-02,2.557085338899787205e-04,6.266373445186754210e-02,2.925441739318530203e-04
1.620000000000000284e+01,1.902944108202881193e-02,1.864036290590980220e-04,7.285773657744037957e-02,2.536201032594448596e-04,5.959044508947659163e-02,2.899458558249234106e-04
1.620499999999999829e+01,1.896918305805824975e-02,1.861434690513342550e-04,6.884631037259619779e-02,2.516058237932953666e-04,5.682921344695596871e-02,2.874422824828821413e-04
1.621000000000000085e+01,1.891154588167846817e-02,1.858838533139599877e-04,6.528508200971035180e-02,2.496616783396431714e-04,5.433884025301714132e-02,2.850282430186174866e-04
1.621499999999999986e+01,1.885651233379507380e-02,1.856247803298392211e-04,6.211042354771481588e-02,2.477839299739635691e-04,5.208478974487613933e-02,2.826988935435150677e-04
1.621999999999999886e+01,1.880406688711742935e-02,1.853662485871182433e-04,5.926969635760263172e-02,2.459690986377695179e-04,5.003793683141794651e-02,2.804497263288168048e-04
1.622500000000000142e+01,1.875419568986852123e-02,1.851082565792037287e-04,5.671905524546849015e-02,2.442139400338107897e-04,4.817358065133325873e-02,2.782765419658831318e-04
1.623000000000000043e+01,1.870688655198960229e-02,1.848508028047415419e-04,5.442174768822474751e-02,2.425154265314779752e-04,4.647066176098872681e-02,2.761754241959519423e-04
1.623499999999999943e+01,1.866212893380754523e-02,1.845938857675931833e-04,5.234678476220291921e-02,2.408707298659625517e-04,4.491113632990564181e-02,2.741427171201715729e-04
1.624000000000000199e+01,1.861991393714110959e-02,1.843375039768155690e-04,5.046789386633630803e-02,2.392772054406928927e-04,4.347947238483197696e-02,2.721750045355833232e-04
1.624500000000000099e+01,1.858023429882669705e-02,1.840816559466395088e-04,4.876268705619057897e-02,2.377323780650090340e-04,4.216224165554004893e-02,2.702690911728749786e-04
1.625000000000000000e+01,1.854308438665135117e-02,1.838263401964465322e-04,4.721199577533517766e-02,2.362339289786549875e-04,4.094778684765072729e-02,2.684219856380429411e-04
1.625500000000000256e+01,1.850846019768782880e-02,1.835715552507490196e-04,4.579933504540821543e-02,2.347796840317787118e-04,3.982594883105717437e-02,2.666308848830384933e-04
1.625999999999999801e+01,1.847635935903121571e-02,1.833172996391691694e-04,4.451046914467333276e-02,2.333676029039950697e-04,3.878784172906496464e-02,2.648931600503952864e-04
1.626500000000000057e+01,1.844678113094358821e-02,1.830635718964152264e-04,4.333305742001936772e-02,2.319957692591538578e-04,3.782566653627066761e-02,2.632063435543491271e-04
1.626999999999999957e+01,1.841972641242051179e-02,1.828103705622638638e-04,4.225636380040627416e-02,2.306623817439509253e-04,3.693255590604409277e-02,2.615681172763311161e-04
1.627499999999999858e+01,1.839519774919710568e-02,1.825576941815368185e-04,4.127101727440305595e-02,2.293657457484766268e-04,3.610244429241509651e-02,2.599763017660362916e-04
1.628000000000000114e+01,1.837319934422025278e-02,1.823055413040801289e-04,4.036881338961392091e-02,2.281042658557456992e-04,3.532995882373310415e-02,2.584288463512146973e-04
1.628500000000000014e+01,1.835373707061880785e-02,1.820539104847447814e-04,3.954254896220275178e-02,2.268764389150020955e-04,3.461032721242671140e-02,2.569238200696687948e-04
1.628999999999999915e+01,1.833681848721021093e-02,1.818028002833644305e-04,3.878588382025340009e-02,2.256808476804559064e-04,3.393929973025053975e-02,2.554594033461148983e-04
1.629500000000000171e+01,1.832245285658952449e-02,1.815522092647356390e-04,3.809322466887148789e-02,2.245161549632458111e-04,3.331308284889935439e-02,2.540338803447240112e-04
1.630000000000000071e+01,1.831065116585326238e-02,1.813021359985969800e-04,3.745962714830564783e-02,2.233810982497596545e-04,3.272828259719313265e-02,2.526456319352815734e-04
1.630499999999999972e+01,1.830142615001786877e-02,1.810525790596090063e-04,3.688071292611409813e-02,2.222744847442440733e-04,3.218185604507222547e-02,2.512931292172898437e-04
1.631000000000000227e+01,1.829479231820019605e-02,1.808035370273333795e-04,3.635259927043289069e-02,2.211951867978693130e-04,3.167106961168417167e-02,2.499749275519688556e-04
1.631499999999999773e+01,1.829076598263516124e-02,1.805550084862139238e-04,3.587183903124078338e-02,2.201421376901888344e-04,3.119346312547259178e-02,2.486896610571309816e-04
1.632000000000000028e+01,1.828936529061355246e-02,1.803069920255540200e-04,3.543536933846591630e-02,2.191143277322715949e-04,3.074681875033500114e-02,2.474360375243382041e-04
1.632500000000000284e+01,1.829061025943195390e-02,1.800594862394994480e-04,3.504046763142751320e-02,2.181108006638287321e-04,3.032913404289598255e-02,2.462128337217914134e-04
1.632999999999999829e+01,1.829452281445497278e-02,1.798124897270173266e-04,3.468471387983057541e-02,2.171306503192559144e-04,2.993859852884166867e-02,2.450188910498538606e-04
1.633500000000000085e+01,1.830112683039975680e-02,1.795660010918747002e-04,3.436595805513066593e-02,2.161730175399593178e-04,2.957357328681981326e-02,2.438531115193561796e-04
1.633999999999999986e+01,1.831044817596211988e-02,1.793200189426216794e-04,3.408229207227039120e-02,2.152370873124709598e-04,2.923257311094509814e-02,2.427144540256551738e-04
1.634499999999999886e+01,1.832251476191426587e-02,1.790745418925699468e-04,3.383202555321210975e-02,2.143220861137211874e-04,2.891425089095824019e-02,2.416019308939021978e-04
1.635000000000000142e+01,1.833735659281459165e-02,1.788295685597730248e-04,3.361366487137241316e-02,2.134272794466249398e-04,2.861738390539209087e-02,2.405146046733269748e-04
1.635500000000000043e+01,1.835500582248166673e-02,1.785850975670084126e-04,3.342589502461532081e-02,2.125519695506465601e-04,2.834086176980817051e-02,2.394515851603522293e-04
1.635999999999999943e+01,1.837549681339676125e-02,1.783411275417568246e-04,3.326756395764042529e-02,2.116954932733917493e-04,2.808367582109420543e-02,2.384120266321766821e-04
1.636500000000000199e+01,1.839886620021203775e-02,1.780976571161828098e-04,3.313766901534064002e-02,2.108572200905542925e-04,2.784490975136479779e-02,2.373951252741600230e-04
1.637000000000000099e+01,1.842515295755502852e-02,1.778546849271171607e-04,3.303534525933226468e-02,2.100365502626590935e-04,2.762373133229583527e-02,2.364001167858091590e-04
1.637500000000000000e+01,1.845439847233528927e-02,1.776122096160361236e-04,3.295985542226749498e-02,2.092329131180482469e-04,2.741938509368412741e-02,2.354262741514990610e-04
1.638000000000000256e+01,1.848664662077374732e-02,1.773702298290432116e-04,3.291058131024554578e-02,2.084457654525084531e-04,2.723118583941656554e-02,2.344729055633121631e-04
1.638499999999999801e+01,1.852194385039261301e-02,1.771287442168503930e-04,3.288701649384876552e-02,2.076745900367430201e-04,2.705851290043605195e-02,2.335393524844433545e-04
1.639000000000000057e+01,1.856033926722108068e-02,1.768877514347584677e-04,3.288876015405603481e-02,2.069188942236570088e-04,2.690080503823118543e-02,2.326249878426306806e-04
1.639499999999999957e+01,1.860188472849074945e-02,1.766472501426398555e-04,3.291551197133298079e-02,2.061782086481166914e-04,2.675755592425140342e-02,2.317292143439739021e-04
1.639999999999999858e+01,1.864663494111607964e-02,1.764072390049182398e-04,3.296706796523706656e-02,2.054520860124358457e-04,2.662831013078590173e-02,2.308514628982968311e-04
1.640500000000000114e+01,1.869464756627502514e-02,1.761677166905510584e-04,3.304331720846014758e-02,2.047400999514464469e-04,2.651265957754845443e-02,2.299911911479918312e-04
1.641000000000000014e+01,1.874598333043037135e-02,1.759286818730113424e-04,3.314423935382437153e-02,2.040418439714866304e-04,2.641024038567648183e-02,2.291478820929168778e-04
1.641499999999999915e+01,1.880070614315612967e-02,1.756901332302683908e-04,3.326990292573918373e-02,2.033569304581238205e-04,2.632073009730571955e-02,2.283210428045556067e-04
1.642000000000000171e+01,1.885888322216048435e-02,1.754520694447695285e-04,3.342046433934666577e-02,2.026849897478561684e-04,2.624384522446211385e-02,2.275102032232004159e-04
1.642500000000000071e+01,1.892058522592541051e-02,1.752144892034233014e-04,3.359616762131996393e-02,2.020256692594229369e-04,2.617933909586113092e-02,2.267149150324384221e-04
1.642999999999999972e+01,1.898588639441576437e-02,1.749773911975797979e-04,3.379734481628948045e-02,2.013786326806958063e-04,2.612699997443146752e-02,2.259347506056594507e-04
1.643500000000000227e+01,1.905486469834215615e-02,1.747407741230129767e-04,3.402441707236699558e-02,2.007435592074700696e-04,2.608664942208690357e-02,2.251693020197646105e-04
1.643999999999999773e+01,1.912760199749892129e-02,1.745046366799038343e-04,3.427789640844084579e-02,2.001201428307596724e-04,2.605814089152718935e-02,2.244181801316256987e-04
1.644500000000000028e+01,1.920418420873934787e-02,1.742689775728207267e-04,3.455838817501744042e-02,1.995080916694601779e-04,2.604135852773167836e-02,2.236810137131886405e-04
1.645000000000000284e+01,1.928470148418881883e-02,1.740337955107030795e-04,3.486659422955325910e-02,1.989071273455253854e-04,2.603621616437704414e-02,2.229574486414783244e-04
1.645499999999999829e+01,1.936924840034588008e-02,1.737990892068435526e-04,3.520331685668307009e-02,1.983169843990021763e-04,2.604265650270681104e-02,2.222471471400263611e-04
1.646000000000000085e+01,1.945792415876910694e-02,1.735648573788691211e-04,3.556946347365999572e-02,1.977374097404914217e-04,2.606065046245594277e-02,2.215497870685326112e-04
1.646499999999999986e+01,1.955083279909922492e-02,1.733310987487256792e-04,3.596605217189094428e-02,1.971681621388126097e-04,2.609019669632149999e-02,2.208650612578456050e-04
1.646999999999999886e+01,1.964808342522852969e-02,1.730978120426584165e-04,3.639421815693164031e-02,1.966090117417982491e-04,2.613132126120663867e-02,2.201926768875401815e-04
1.647500000000000142e+01,1.974979044548656748e-02,1.728649959911959344e-04,3.685522116186359248e-02,1.960597396283482604e-04,2.618407744107570378e-02,2.195323549036361948e-04
1.648000000000000043e+01,1.985607382778399946e-02,1.726326493291330342e-04,3.735045392297268313e-02,1.955201373900000640e-04,2.624854571777447340e-02,2.188838294741651466e-04
1.648499999999999943e+01,1.996705937072861328e-02,1.724007707955121504e-04,3.788145182231924396e-02,1.949900067404288276e-04,2.632483388761105644e-02,2.182468474804974651e-04
1.649000000000000199e+01,2.008287899180617384e-02,1.721693591336075752e-04,3.844990381951782221e-02,1.944691591514311401e-04,2.641307732288279350e-02,2.176211680425238341e-04
1.649500000000000099e+01,2.020367103380928120e-02,1.719384130909083286e-04,3.905766481526508349e-02,1.939574155140609026e-04,2.651343937889713565e-02,2.170065620759301268e-04
1.650000000000000000e+01,2.032958059079132893e-02,1.717079314191000789e-04,3.970676961231756064e-02,1.934546058237110976e-04,2.662611194838527054e-02,2.164028118799697534e-04
1.650500000000000256e+01,2.046075985492378999e-02,1.714779128740495575e-04,4.039944866631164228e-02,1.929605688880580219e-04,2.675131616656593533e-02,2.158097107542912715e-04
1.650999999999999801e+01,2.059736848575176998e-02,1.712483562157877265e-04,4.113814584976661914e-02,1.924751520568815204e-04,2.688930327150930097e-02,2.152270626435059063e-04
1.651500000000000057e+01,2.073957400346507912e-02,1.710192602084912390e-04,4.192553848858484450e-02,1.919982109728857005e-04,2.704035562589057404e-02,2.146546818083166412e-04
1.651999999999999957e+01,2.088755220793126269e-02,1.707906236204686698e-04,4.276455997235052015e-02,1.915296093427726527e-04,2.720478790772647495e-02,2.140923925221934962e-04
1.652499999999999858e+01,2.104148762539402237e-02,1.705624452241416501e-04,4.365842528903499109e-02,1.910692187279020926e-04,2.738294847930052706e-02,2.135400287926766223e-04
1.653000000000000114e+01,2.120157398489041362e-02,1.703347237960294990e-04,4.461065989259691000e-02,1.906169183540332331e-04,2.757522094519282777e-02,2.129974341065873000e-04
1.653500000000000014e+01,2.136801472662323148e-02,1.701074581167323911e-04,4.562513238040066810e-02,1.901725949397755396e-04,2.778202591220288453e-02,2.124644611985815400e-04
1.653999999999999915e+01,2.154102354471409617e-02,1.698806469709152295e-04,4.670609153837491229e-02,1.897361425435899424e-04,2.800382296599596144e-02,2.119409718427246291e-04
1.654500000000000171e+01,2.172082496697505527e-02,1.696542891472913007e-04,4.785820840813674593e-02,1.893074624294793069e-04,2.824111288156885488e-02,2.114268366670990105e-04
1.655000000000000071e+01,2.190765497456670374e-02,1.694283834386065815e-04,4.908662414516964251e-02,1.888864629519973557e-04,2.849444008716713050e-02,2.109219349919895753e-04
1.655499999999999972e+01,2.210176166466842201e-02,1.692029286416224455e-04,5.039700457469083184e-02,1.884730594620700160e-04,2.876439540417746396e-02,2.104261546931084689e-04
1.656000000000000227e+01,2.230340595955953437e-02,1.689779235571008099e-04,5.179560251712338192e-02,1.880671742368073148e-04,2.905161908886824684e-02,2.099393920930910107e-04
1.656499999999999773e+01,2.251286236582440703e-02,1.687533669897883326e-04,5.328932915474468568e-02,1.876687364399010245e-04,2.935680420590727410e-02,2.094615518880176865e-04
1.657000000000000028e+01,2.273041978773133673e-02,1.685292577483986321e-04,5.488583595341807453e-02,1.872776821266676668e-04,2.968070036874876499e-02,2.089925471233562986e-04
1.657500000000000284e+01,2.295638239920069074e-02,1.683055946455990599e-04,5.659360894957279203e-02,1.868939543248077778e-04,3.002411788919181687e-02,2.085322992509604798e-04
1.657999999999999829e+01,2.319107057920358206e-02,1.680823764979937594e-04,5.842207757875247237e-02,1.865175032613704872e-04,3.038793238980764741e-02,2.080807383384981695e-04
1.658500000000000085e+01,2.343482191587592869e-02,1.678596021261068074e-04,6.038174068096013869e-02,1.861482868908319668e-04,3.077308995261486893e-02,2.076378035879699474e-04
1.658999999999999986e+01,2.368799228513425795e-02,1.676372703543692029e-04,6.248431289995234894e-02,1.857862719606511153e-04,3.118061290616815084e-02,2.072034444089199709e-04
1.659499999999999886e+01,2.395095701014889056e-02,1.674153800111014120e-04,6.474289537053781740e-02,1.854314348673000005e-04,3.161160630662596810e-02,2.067776213827430599e-04
1.660000000000000142e+01,2.422411210863085682e-02,1.671939299284981887e-04,6.717217483585434523e-02,1.850837521483145003e-04,3.206726438557637449e-02,2.063602975557812802e-04
1.660500000000000043e+01,2.450787563557918838e-02,1.669729189426142637e-04,6.978865579641078953e-02,1.847431636957142540e-04,3.254887551327728668e-02,2.059514040579293209e-04
1.660999999999999943e+01,2.480268912989787994e-02,1.667523458933478100e-04,7.261094043458246605e-02,1.844096331027972541e-04,3.305783632291582619e-02,2.055508974216879422e-04
1.661500000000000199e+01,2.510901917412445422e-02,1.665322096244258878e-04,7.566003052695788322e-02,1.840832090239734558e-04,3.359565817886076694e-02,2.051588102811362853e-04
1.662000000000000099e+01,2.542735907745877211e-02,1.663125089833891030e-04,7.895960823475678403e-02,1.837638983973403353e-04,3.416393531788966542e-02,2.047751116439112690e-04
1.662500000000000000e+01,2.575823069332101520e-02,1.660932428215766178e-04,8.253666431375407397e-02,1.834517030705944216e-04,3.476441613392052682e-02,2.043997822080543430e-04
1.663000000000000256e+01,2.610218638383381487e-02,1.658744099941109995e-04,8.642219280983044760e-02,1.831466570718417314e-04,3.539906854913018458e-02,2.040328827831886047e-04
1.663499999999999801e+01,2.645981114492376718e-02,1.656560093598835018e-04,9.065154508510188391e-02,1.828487902265428608e-04,3.606999086555973816e-02,2.036744486848058504e-04
1.664000000000000057e+01,2.683172490719368253e-02,1.654380397815386156e-04,9.526525829905410636e-02,1.825581334654487718e-04,3.677944059801537685e-02,2.033245031387573623e-04
1.664499999999999957e+01,2.721858502933776486e-02,1.652205001254604074e-04,1.003100788499477342e-01,1.822747270712736403e-04,3.752987431741718061e-02,2.029830804879116418e-04
1.664999999999999858e+01,2.762108900271025708e-02,1.650033892617562841e-04,1.058401394202887341e-01,1.819986212235846464e-04,3.832396967234567159e-02,2.026502279339342523e-04
1.665500000000000114e+01,2.803997738768486403e-02,1.647867060642434938e-04,1.119183949316879673e-01,1.817298757326410745e-04,3.916464734251560303e-02,2.023260046172220376e-04
1.666000000000000014e+01,2.847603700476151328e-02,1.645704494104342731e-04,1.186183975470440494e-01,1.814685600764626703e-04,4.005509630833015144e-02,2.020104812642371198e-04
1.666499999999999915e+01,2.893010440595642635e-02,1.643546181815210201e-04,1.260265042447154815e-01,1.812147536693052314e-04,4.099880281125191372e-02,2.017037403021365040e-04
1.667000000000000171e+01,2.940306965492815727e-02,1.641392112623615222e-04,1.342446403368514896e-01,1.809685462706558186e-04,4.199958333040296199e-02,2.014058762307200756e-04
1.667500000000000071e+01,2.989588044758373711e-02,1.639242275414657291e-04,1.433937839612746123e-01,1.807300384940501369e-04,4.306162207651248464e-02,2.011169961516069932e-04
1.667999999999999972e+01,3.040954660863940881e-02,1.637096659109803568e-04,1.536183940550285842e-01,1.804993424021917041e-04,4.418951365816180948e-02,2.008372204155919080e-04
1.668500000000000227e+01,3.094514500380652136e-02,1.634955252666744950e-04,1.650920846444948742e-01,1.802765821877837335e-04,4.538831172195442742e-02,2.005666833769913107e-04
1.668999999999999773e+01,3.150382491205264840e-02,1.632818045079268408e-04,1.780249619843977671e-01,1.800618949463278430e-04,4.666358452819448221e-02,2.003055342571658111e-04
1.669500000000000028e+01,3.208681390782167769e-02,1.630685025377095435e-04,1.926732040760650577e-01,1.798554315517023375e-04,4.802147861002434986e-02,2.000539381270258817e-04
1.670000000000000284e+01,3.269542430923352144e-02,1.628556182625755472e-04,2.093516989213050905e-01,1.796573576492956547e-04,4.946879188715130188e-02,1.998120770239305861e-04
1.670499999999999829e+01,3.333106025533439515e-02,1.626431505926446584e-04,2.284509069245402868e-01,1.794678547856618162e-04,5.101305787629140803e-02,1.995801512236515312e-04
1.671000000000000085e+01,3.399522548347264084e-02,1.624310984415880421e-04,2.504596353062693570e-01,1.792871216986705702e-04,5.266264297182134124e-02,1.993583806939874131e-04
1.671499999999999986e+01,3.468953188702236096e-02,1.622194607266165935e-04,2.759962074790653919e-01,1.791153757984529932e-04,5.442685917789772537e-02,1.991470067639096323e-04
1.671999999999999886e+01,3.541570894420568300e-02,1.620082363684649464e-04,3.058517423238631960e-01,1.789528548776801373e-04,5.631609517813337962e-02,1.989462940515346432e-04
1.672500000000000142e+01,3.617561412075980670e-02,1.617974242913790858e-04,3.410512049606021501e-01,1.787998191007279119e-04,5.834196925727551386e-02,1.987565327068045772e-04
1.673000000000000043e+01,3.697124436307213519e-02,1.615870234231026330e-04,3.829410327572070893e-01,1.786565533361955671e-04,6.051750837695576285e-02,1.985780410418621104e-04
1.673499999999999943e+01,3.780474881433566747e-02,1.613770326948621003e-04,4.333173315854945140e-01,1.785233699178272843e-04,6.285735870143271953e-02,1.984111686458350982e-04
1.674000000000000199e+01,3.867844290466377483e-02,1.611674510413543956e-04,4.946174355617528051e-01,1.784006119477535106e-04,6.537803413351112036e-02,1.982563001142712239e-04
1.674500000000000099e+01,3.959482398741207693e-02,1.609582774007332429e-04,5.702129584702519960e-01,1.782886572971221378e-04,6.809821104393799784e-02,1.981138595716560192e-04
1.675000000000000000e+01,4.055658871860709502e-02,1.607495107145952772e-04,6.648700300485352876e-01,1.781879235190027603e-04,7.103907948335920486e-02,1.979843162361976630e-04
1.675500000000000256e+01,4.156665240503703423e-02,1.605411499279663567e-04,7.854936701043582215e-01,1.780988739770507660e-04,7.422476393295557306e-02,1.978681913820331292e-04
1.675999999999999801e+01,4.262817057991977882e-02,1.603331939892897176e-04,9.423722014500364175e-01,1.780220256274844121e-04,7.768283034204083448e-02,1.977660672164330930e-04
1.676500000000000057e+01,4.374456310403206788e-02,1.601256418504104430e-04,1.151336553993931755e+00,1.779579590994697833e-04,8.144490122224642970e-02,1.976785984446372837e-04
1.676999999999999957e+01,4.491954113566359874e-02,1.599184924665646482e-04,1.437667248406245601e+00,1.779073320483541337e-04,8.554740756158883686e-02,1.976065277062847214e-04
1.677499999999999858e+01,4.615713736627090336e-02,1.597117447963646540e-04,1.843500312406867403e+00,1.778708972931991367e-04,9.003251636328417351e-02,1.975507067502689355e-04
1.678000000000000114e+01,4.746173998143277117e-02,1.595053978017864913e-04,2.442586668472039868e+00,1.778495281521933369e-04,9.494928759523371675e-02,1.975121263852419010e-04
1.678500000000000014e+01,4.883813088081211118e-02,1.592994504481569720e-04,3.371179729846840001e+00,1.778442549557782777e-04,1.003551377907053038e-01,1.974919603206559194e-04
1.678999999999999915e+01,5.029152877834749263e-02,1.590939017041404348e-04,4.894703143181586391e+00,1.778563195377841171e-04,1.063177264812083661e-01,1.974916318472659657e-04
1.679500000000000171e+01,5.182763790768626228e-02,1.588887505417258970e-04,7.544230303940206106e+00,1.778872597936623852e-04,1.129174508804291488e-01,1.975129196893770657e-04
1.680000000000000071e+01,5.345270318126468800e-02,1.586839959362147765e-04,1.227149331840236890e+01,1.779390467627853267e-04,1.202508669424991045e-01,1.975581342521745033e-04
1.680499999999999972e+01,5.517357279864303077e-02,1.584796368662069049e-04,1.953210104081090392e+01,1.780143179997373758e-04,1.284356289794396644e-01,1.976304269985283495e-04
1.681000000000000227e+01,5.699776947573620411e-02,1.582756723135887375e-04,2.396635613433308265e+01,1.781167968275746262e-04,1.376181411660042375e-01,1.977343653622697366e-04
1.681499999999999773e+01,5.893357167799815471e-02,1.580721012635210199e-04,1.883968462625120210e+01,1.782520884165793697e-04,1.479864447017259221e-01,1.978770628079716358e-04
1.682000000000000028e+01,6.099010649517286331e-02,1.578689227044242330e-04,1.173814048289717427e+01,1.784292567834661221e-04,1.597932605656956773e-01,1.980704811901772824e-04
1.682500000000000284e+01,6.317745610283651003e-02,1.576661356279686452e-04,7.256883850305930750e+00,1.786638482397996555e-04,1.733917790333773801e-01,1.983358199132214685e-04
1.682999999999999829e+01,6.550678012932363570e-02,1.574637390290602179e-04,4.759467109717964384e+00,1.789814184848354482e-04,1.892137166879370724e-01,1.987071466610642136e-04
1.683500000000000085e+01,6.799045670101878935e-02,1.572617319058276493e-04,3.324071980696438722e+00,1.794055319052867642e-04,2.072481068755177569e-01,1.991999283590710425e-04
1.683999999999999986e+01,7.064224549458605895e-02,1.570601132596117762e-04,2.429888773882649122e+00,1.799237800721574683e-04,2.266297878894942552e-01,1.997273707774092845e-04
1.684499999999999886e+01,7.347747680685995375e-02,1.568588820949518318e-04,1.834667102916118564e+00,1.806265925384737737e-04,2.483908193366986539e-01,2.003564691088050552e-04
1.685000000000000142e+01,7.651327149374957670e-02,1.566580374195731943e-04,1.428780727992054134e+00,1.816932206241254921e-04,2.744026586195745798e-01,2.013387061161686447e-04
1.685500000000000043e+01,7.976879767070219063e-02,1.564575782443762195e-04,1.143479776667284176e+00,1.827194277646522827e-04,3.056953058192563577e-01,2.023177126867394655e-04
1.685999999999999943e+01,8.326557136254331137e-02,1.562575035834228780e-04,9.360628479380033173e-01,1.827264740256560470e-04,3.433902025645044764e-01,2.023715400793218858e-04
1.686500000000000199e+01,8.702780990956994478e-02,1.560578124539252357e-04,7.807567950780197608e-01,1.823183927392596775e-04,3.891297393713002983e-01,2.020514317785088556e-04
1.687000000000000099e+01,9.108284897132014335e-02,1.558585038762332563e-04,6.615839597488500923e-01,1.822598034369852268e-04,4.452771257820104522e-01,2.020691890632720972e-04
1.687500000000000000e+01,9.546163653922778991e-02,1.556595768738227941e-04,5.682583228368888184e-01,1.825915439636015259e-04,5.152024715636281949e-01,2.024654129426579127e-04
1.688000000000000256e+01,1.001993206336193598e-01,1.554610304732835318e-04,4.939308596812593821e-01,1.832565890718241923e-04,6.037979423304867810e-01,2.031864498603061812e-04
1.688499999999999801e+01,1.053359515309750527e-01,1.552628637043077322e-04,4.339235733703610820e-01,1.842950565493810733e-04,7.183820825615435668e-01,2.042679966843595030e-04
1.689000000000000057e+01,1.109173247285823311e-01,1.550650755996766587e-04,3.849945091294612598e-01,1.858826886837842691e-04,8.703002741007375143e-01,2.058702467162946167e-04
1.689499999999999957e+01,1.169959977895114189e-01,1.548676651952511152e-04,3.449119036974884200e-01,1.882942174480773767e-04,1.077889080972896485e+00,2.082446195207192103e-04
1.689999999999999858e+01,1.236325232458843071e-01,1.546706315299580295e-04,3.122296091628238290e-01,1.911248290742347563e-04,1.372159438451159064e+00,2.110333776930631690e-04
1.690500000000000114e+01,1.308969515904840342e-01,1.544739736457789335e-04,2.862562010562961778e-01,1.920634037872939867e-04,1.807293156121540401e+00,2.121666058348220486e-04
1.691000000000000014e+01,1.388706740533524886e-01,1.542776905877392564e-04,2.667854995037809429e-01,1.913391047410492813e-04,2.472000971068764485e+00,2.118662500495607629e-04
1.691499999999999915e+01,1.476486957331917260e-01,1.540817814038958572e-04,2.511675067372316494e-01,1.912749312141522962e-04,3.467375398423239385e+00,2.122456672488035848e-04
1.692000000000000171e+01,1.573424576980490264e-01,1.538862451453253143e-04,2.320586559374485103e-01,1.922456172578783417e-04,4.962343895725273235e+00,2.136551375353575467e-04
1.692500000000000071e+01,1.680833646881079169e-01,1.536910808661135180e-04,2.116622201152481564e-01,1.940466478492544047e-04,7.578010344745512938e+00,2.158812104456284413e-04
1.692999999999999972e+01,1.800272270819371911e-01,1.534962876233432558e-04,1.958114940102401169e-01,1.967487691031650056e-04,1.210420086311014565e+01,2.190384450995490275e-04
1.693500000000000227e+01,1.933598977085215775e-01,1.533018644770828558e-04,1.852324861625242736e-01,2.008060410331757601e-04,1.697078663269064336e+01,2.236883553526998925e-04
1.693999999999999773e+01,2.083044845791433286e-01,1.531078104903757509e-04,1.803614568713394484e-01,2.069131298660254067e-04,1.603107776021071373e+01,2.306126051939698287e-04
1.694500000000000028e+01,2.251306626409071143e-01,1.529141247292278209e-04,1.833151665745774705e-01,2.151048072685751537e-04,1.116712052956303225e+01,2.400232803287403799e-04
1.695000000000000284e+01,2.441668108557895900e-01,1.527208062625976621e-04,1.970371870045631024e-01,2.229970632293543217e-04,7.915454063492976644e+00,2.499794912289664663e-04
1.695499999999999829e+01,2.658159954782773338e-01,1.525278541623841183e-04,2.136511398373584503e-01,2.324691913232277546e-04,6.772552529676940658e+00,2.629633822243676719e-04
1.696000000000000085e+01,2.905772534806427276e-01,1.523352675034155479e-04,2.012840533899970530e-01,2.509007340940413327e-04,6.414078539743712781e+00,2.873783627000574053e-04
1.696499999999999986e+01,3.190742765306719964e-01,1.521430453634395503e-04,1.677653206322516355e-01,2.842926156575278961e-04,5.088669929244227674e+00,3.308210022781215079e-04
1.696999999999999886e+01,3.520945768478928040e-01,1.519511868231103360e-04,1.415184246511925203e-01,3.242553733250236369e-04,3.449133982494697381e+00,3.824980182751750975e-04
1.697500000000000142e+01,3.906437313568472680e-01,1.517596909659790761e-04,1.244040474642239269e-01,3.262128324545176313e-04,2.344909928739633997e+00,3.843484798139961117e-04
1.698000000000000043e+01,4.360216862619630263e-01,1.515685568784827628e-04,1.126356164358075784e-01,2.951501616434581044e-04,1.680547043462042645e+00,3.426333788687683461e-04
1.698499999999999943e+01,4.899319404387232901e-01,1.513777836499323644e-04,1.041863550854757320e-01,2.754065296221123462e-04,1.266750164277065327e+00,3.149052000295100265e-04
1.699000000000000199e+01,5.546407378683372302e-01,1.511873703725030672e-04,9.793145682786705275e-02,2.754222425767246510e-04,9.939053039173699755e-01,3.116223556620302689e-04
1.699500000000000099e+01,6.332140481773992358e-01,1.509973161412232713e-04,9.334050515883429711e-02,2.955674390286292582e-04,8.047609772032899844e-01,3.321675998589046475e-04
1.700000000000000000e+01,7.298785821800355400e-01,1.508076200539633144e-04,9.022705057428502540e-02,3.369463654563052690e-04,6.684798911049023573e-01,3.770756564644212787e-04
1.700500000000000256e+01,8.505861032083533724e-01,1.506182812114248469e-04,8.789162508061595935e-02,3.712900241122070542e-04,5.668056061904506171e-01,4.146153911177847661e-04
1.700999999999999801e+01,1.003921315805764047e+00,1.504292987171312098e-04,8.460529632343787021e-02,3.462973641685663097e-04,4.873343666668936702e-01,3.865088796115843418e-04
1.701500000000000057e+01,1.202610620073792713e+00,1.502406716774151827e-04,8.075512328950525121e-02,3.006614502651333651e-04,4.237652199399400410e-01,3.356138880676203776e-04
1.701999999999999957e+01,1.466122579954577843e+00,1.500523992014097413e-04,7.767718170511160591e-02,2.716540809460921396e-04,3.730714450023289719e-01,3.032941250933421113e-04
1.702499999999999858e+01,1.825337823118184044e+00,1.498644804010369172e-04,7.452956105108228535e-02,2.571404952958765725e-04,3.312785463937875097e-01,2.871566865328295005e-04
1.703000000000000114e+01,2.331327826200391584e+00,1.496769143909974168e-04,7.109626975084563927e-02,2.508464915941346386e-04,2.960317580451084507e-01,2.802176247228517687e-04
1.703500000000000014e+01,3.072698002744375767e+00,1.494897002887606735e-04,6.822776701016819434e-02,2.492481197150378872e-04,2.667627420472426514e-01,2.785553043253682828e-04
1.703999999999999915e+01,4.211597771750951402e+00,1.493028372145533008e-04,6.598233469957597019e-02,2.506369867851180179e-04,2.424162713565934935e-01,2.802702795449735391e-04
1.704500000000000171e+01,6.061258154072617366e+00,1.491163242913499313e-04,6.418694816662347258e-02,2.542117762484479623e-04,2.219567056240684122e-01,2.844749378902037065e-04
1.705000000000000071e+01,9.248334732559829519e+00,1.489301606448627539e-04,6.273073930949853161e-02,2.596357833801524444e-04,2.046176331929984993e-01,2.908015598642626804e-04
1.705499999999999972e+01,1.494392487303849038e+01,1.487443454035303463e-04,6.156016428856122408e-02,2.668408361513073860e-04,1.898422725695107227e-01,2.991846372641488133e-04
1.706000000000000227e+01,2.416634302409704560e+01,1.485588776985085138e-04,6.065525441911367999e-02,2.759474437992974613e-04,1.772190467403124414e-01,3.097727994282070511e-04
1.706499999999999773e+01,3.171062472020161138e+01,1.483737566636600977e-04,6.001849765576441204e-02,2.872456315264487487e-04,1.664422683857191831e-01,3.229087039859988417e-04
1.707000000000000028e+01,2.674521033268767312e+01,1.481889814355435639e-04,5.967269902562887668e-02,3.012171802363151842e-04,1.572903082593440915e-01,3.391556540390520307e-04
1.707500000000000284e+01,1.696646720846671030e+01,1.480045511534047091e-04,5.966566806184309124e-02,3.185997479368034508e-04,1.496164815309314888e-01,3.593718260235138429e-04
1.707999999999999829e+01,1.039830627196549528e+01,1.478204649591659270e-04,6.008340389011747329e-02,3.405103206276079370e-04,1.433528834064829449e-01,3.848521384230550626e-04
1.708500000000000085e+01,6.709047351089745703e+00,1.476367219974150408e-04,6.107859029471912615e-02,3.686702687482686807e-04,1.385335419788489009e-01,4.175859194265224865e-04
1.708999999999999986e+01,4.596623190416832649e+00,1.474533214153976872e-04,6.293078623574960284e-02,4.058228287779353503e-04,1.353540520869965513e-01,4.607335503641094921e-04
1.709499999999999886e+01,3.315467754875678796e+00,1.472702623630054439e-04,6.616876689516247578e-02,4.565404407225808966e-04,1.343004296419307853e-01,5.195460068204734013e-04
1.710000000000000142e+01,2.492586275152503639e+00,1.470875439927669124e-04,7.173903378851388679e-02,5.288653997660359204e-04,1.363288780519339438e-01,6.032296531885929973e-04
1.710500000000000043e+01,1.937232230779134534e+00,1.469051654598376886e-04,8.054732509517997796e-02,6.377877957615714485e-04,1.423534263817363699e-01,7.288927923908353201e-04
1.710999999999999943e+01,1.546628056185255229e+00,1.467231259219907143e-04,9.039410789664413526e-02,8.125646386087479085e-04,1.498217375407175644e-01,9.298435644944998309e-04
1.711500000000000199e+01,1.262305628562639503e+00,1.465414245396062473e-04,9.925099544417528841e-02,1.108536174757535075e-03,1.562554611435316154e-01,1.269011997826168274e-03
1.712000000000000099e+01,1.049318968941158170e+00,1.463600604756625650e-04,1.111721130810985475e-01,1.589785883236719249e-03,1.662436859060289207e-01,1.819688025611676269e-03
1.712500000000000000e+01,8.858570493484505537e-01,1.461790328957260983e-04,1.176445688500127318e-01,2.086610170129237114e-03,1.710530445105099273e-01,2.392356495983190712e-03
1.713000000000000256e+01,7.577859757493914383e-01,1.459983409679417002e-04,1.106378259786696683e-01,2.052232625998396103e-03,1.620563766264065675e-01,2.370252471295457297e-03
1.713499999999999801e+01,6.556435786815542066e-01,1.458179838630239186e-04,1.016859685807837144e-01,1.748764775262503591e-03,1.513525633170757223e-01,2.050678531981665539e-03
1.714000000000000057e+01,5.729130416016087191e-01,1.456379607542457474e-04,1.002101074520007767e-01,1.686208586667737198e-03,1.487876134450465404e-01,2.018708575795608810e-03
1.714499999999999957e+01,5.049932318442583723e-01,1.454582708174311997e-04,1.069335420763928290e-01,1.974095793288217597e-03,1.550400864679321311e-01,2.412995635756553549e-03
1.714999999999999858e+01,4.485637163244731163e-01,1.452789132309446288e-04,1.226656016170110941e-01,2.712505321516373458e-03,1.708392314418822056e-01,3.374219434500959867e-03
1.715500000000000114e+01,4.011813737314431916e-01,1.450998871756812138e-04,1.484209122303189465e-01,3.922798748092901772e-03,1.972885003037698204e-01,4.958278422422382654e-03
1.716000000000000014e+01,3.610172559319374530e-01,1.449211918350586385e-04,1.754294154197552358e-01,4.622560133503639951e-03,2.256733856090407664e-01,5.941134243787197719e-03
1.716499999999999915e+01,3.266808169477999901e-01,1.447428263950070087e-04,1.966038944507949859e-01,3.775026811199713641e-03,2.470676136915432586e-01,4.846694525161002708e-03
1.717000000000000171e+01,2.970999700391064313e-01,1.445647900439591478e-04,2.360009002609760043e-01,2.742055592406671648e-03,2.840140608996659655e-01,3.399736236679241300e-03
1.717500000000000071e+01,2.714376485227336655e-01,1.443870819728427916e-04,3.193359770621056470e-01,2.275955729028195963e-03,3.600120740667876462e-01,2.649879746994029082e-03
1.717999999999999972e+01,2.490327373820535040e-01,1.442097013750701247e-04,4.701187523243332000e-01,2.252908518753649492e-03,4.964866290185148689e-01,2.449689407998205219e-03
1.718500000000000227e+01,2.293575867516819133e-01,1.440326474465287282e-04,6.655193950096258693e-01,2.190231409651056081e-03,7.082956954324102217e-01,2.291939572063631057e-03
1.718999999999999773e+01,2.119870046551333431e-01,1.438559193855736646e-04,7.270449284493852860e-01,1.794964062970285691e-03,9.826385352882154312e-01,1.866996140278940480e-03
1.719500000000000028e+01,1.965753235755227091e-01,1.436795163930165817e-04,5.763973964205273415e-01,1.455141953985843953e-03,1.101557294415051791e+00,1.514970385428952675e-03
1.720000000000000284e+01,1.828392290593521263e-01,1.435034376721183399e-04,4.311904957830245966e-01,1.317709430696009480e-03,8.981974245246240329e-01,1.365797975570347787e-03
1.720499999999999829e+01,1.705447561310059756e-01,1.433276824285790920e-04,3.662440717318725669e-01,1.351061208973390214e-03,6.915981436872338239e-01,1.384435417258174459e-03
1.721000000000000085e+01,1.594973380788172745e-01,1.431522498705290673e-04,3.732531091512117927e-01,1.533059739539748695e-03,6.210727884607342153e-01,1.532004197943185068e-03
1.721499999999999986e+01,1.495341166095823793e-01,1.429771392085210364e-04,4.539682065729198079e-01,1.915247369568397716e-03,6.882047515713506369e-01,1.840852314412445975e-03
1.721999999999999886e+01,1.405179453962280001e-01,1.428023496555196590e-04,5.834310324432746553e-01,2.659062805604877743e-03,9.022727182186952577e-01,2.468355130888935309e-03
1.722500000000000142e+01,1.323326744224281037e-01,1.426278804268938673e-04,5.992405738247544855e-01,3.753359170229432929e-03,1.137751631619652315e+00,3.411936592153655932e-03
1.723000000000000043e+01,1.248794121328707651e-01,1.424537307404078672e-04,4.688964611901371704e-01,4.187319927888646237e-03,1.040263919793120273e+00,3.788662075771240777e-03
1.723499999999999943e+01,1.180735406199167337e-01,1.422798998162119765e-04,3.433660441367876737e-01,3.352328582839638870e-03,7.408119372450895357e-01,3.058991606638018952e-03
1.724000000000000199e+01,1.118423155131884200e-01,1.421063868768338977e-04,2.595051065397770418e-01,2.517024409650065690e-03,5.144559433577298169e-01,2.330004498231563748e-03
1.724500000000000099e+01,1.061229233746445871e-01,1.419331911471706942e-04,2.105556647623665345e-01,2.145745220500533314e-03,3.822183006953353557e-01,2.010512852097060335e-03
1.725000000000000000e+01,1.008608996750839926e-01,1.417603118544795210e-04,1.876295194631001917e-01,2.158866157604465673e-03,3.122856600381996306e-01,2.032069539625588200e-03
1.725500000000000256e+01,9.600883291011803877e-02,1.415877482283687335e-04,1.850468797627649598e-01,2.535758163532301785e-03,2.825222580572258613e-01,2.378271902665666550e-03
1.725999999999999801e+01,9.152529725223139401e-02,1.414154995007905970e-04,2.034425517395580529e-01,3.410768658703579315e-03,2.851923223486962367e-01,3.169815143756695222e-03
1.726500000000000057e+01,8.737396884959040821e-02,1.412435649060310135e-04,2.463256750051234512e-01,5.070399840929821177e-03,3.195740508958573312e-01,4.662075272602048473e-03
1.726999999999999957e+01,8.352289055584115329e-02,1.410719436807023660e-04,3.016036467178637714e-01,7.485581952458483443e-03,3.691398695933473806e-01,6.830830813882618827e-03
1.727499999999999858e+01,7.994385728808320324e-02,1.409006350637344112e-04,3.258626714143621483e-01,8.774386545478626148e-03,3.852212320628863318e-01,8.021104364094130967e-03
1.728000000000000114e+01,7.661189993061900960e-02,1.407296382963659311e-04,3.116368653592329618e-01,7.092676186364327631e-03,3.619137193264493346e-01,6.650216572308452825e-03
1.728500000000000014e+01,7.350485014475674483e-02,1.405589526221367644e-04,3.165688116276368369e-01,4.993283181735246046e-03,3.591916807225990493e-01,5.018562230060571137e-03
1.728999999999999915e+01,7.060297191691990160e-02,1.403885772868784549e-04,3.722994853302778462e-01,3.984208976651089362e-03,4.090947702865898594e-01,4.512948621917454300e-03
1.729500000000000171e+01,6.788864840686242852e-02,1.402185115387068518e-04,4.527329453085099931e-01,3.681096060676191523e-03,4.897474762767577983e-01,4.790736217351078408e-03
1.730000000000000071e+01,6.534611481546276357e-02,1.400487546280137618e-04,4.756866824027004004e-01,3.087931852183309518e-03,5.066172091219655060e-01,4.434587417101097835e-03
1.730499999999999972e+01,6.296122970670478547e-02,1.398793058074577871e-04,4.766497290468168502e-01,2.194728557587251067e-03,4.613423396030063572e-01,3.172061159829661116e-03
1.731000000000000227e+01,6.072127858867842204e-02,1.397101643319571427e-04,5.513915259359892795e-01,1.544451581020696686e-03,4.504943593691502768e-01,2.136609513962047218e-03
1.731499999999999773e+01,5.861480465840265136e-02,1.395413294586813626e-04,7.524209546841099661e-01,1.149901258851896129e-03,5.000579600989029094e-01,1.516290787542655654e-03
1.732000000000000028e+01,5.663146250265064380e-02,1.393728004470418125e-04,1.148891821129326196e+00,9.058223163858462618e-04,6.202053819576477389e-01,1.148749721561292177e-03
1.732500000000000284e+01,5.476189126599941698e-02,1.392045765586855913e-04,1.718918704312591306e+00,7.459631804635057789e-04,8.457631722956141518e-01,9.187192975719781505e-04
1.732999999999999829e+01,5.299760438228155734e-02,1.390366570574863700e-04,1.902559736323786499e+00,6.355007936295840312e-04,1.258561167643442946e+00,7.661338070309735206e-04
1.733500000000000085e+01,5.133089344384949432e-02,1.388690412095354735e-04,1.393433765418183201e+00,5.557794663349590984e-04,2.002775493570998488e+00,6.598475962052500728e-04
1.733999999999999986e+01,4.975474417530263704e-02,1.387017282831359724e-04,8.708575223000574184e-01,4.962430342931359838e-04,3.081441246907645315e+00,5.828809596832597566e-04
1.734499999999999886e+01,4.826276280128929258e-02,1.385347175487928431e-04,5.575190400647528355e-01,4.505757035549835202e-04,3.525765444378857527e+00,5.254368561968540859e-04
1.735000000000000142e+01,4.684911136515408636e-02,1.383680082792058670e-04,3.814391479331413204e-01,4.148086343341364501e-04,2.630554638628362252e+00,4.815627939211674638e-04
1.735500000000000043e+01,4.550845077663564359e-02,1.382015997492615255e-04,2.781103892645626630e-01,3.863426050999373010e-04,1.638010142283882642e+00,4.474788021001560026e-04
1.735999999999999943e+01,4.423589055124856062e-02,1.380354912360251941e-04,2.137954056720381413e-01,3.634162312529152323e-04,1.035434096492028999e+00,4.206949067936237448e-04
1.736500000000000199e+01,4.302694435796633465e-02,1.378696820187330651e-04,1.715772119281086250e-01,3.448023130580148512e-04,6.977776528022913149e-01,3.995217987587606438e-04
1.737000000000000099e+01,4.187749062084423352e-02,1.377041713787849103e-04,1.426243492237821986e-01,3.296269748364264438e-04,5.008225014297448263e-01,3.827874161706162990e-04
1.737500000000000000e+01,4.078373752862211876e-02,1.375389585997353263e-04,1.220682782780595776e-01,3.172580048231420525e-04,3.789799639257751540e-01,3.696665769769517246e-04
1.738000000000000256e+01,3.974219189777192240e-02,1.373740429672867412e-04,1.070815861905641680e-01,3.072338621011973595e-04,2.994301998295882394e-01,3.595754565247243810e-04
1.738499999999999801e+01,3.874963141165734676e-02,1.372094237692819880e-04,9.594572070061158087e-02,2.992175334041259410e-04,2.451176660951263075e-01,3.521048477727860022e-04
1.739000000000000057e+01,3.780307982396873684e-02,1.370451002956950617e-04,8.757556378309512557e-02,2.929661702390530791e-04,2.066864257537280591e-01,3.469776291291487287e-04
1.739499999999999957e+01,3.689978477027841541e-02,1.368810718386254816e-04,8.126492756207615020e-02,2.883111749704799702e-04,1.787287916067122617e-01,3.440220999438649047e-04
1.739999999999999858e+01,3.603719787891156157e-02,1.367173376922894274e-04,7.654429466853632236e-02,2.851455713391256902e-04,1.579724964650132679e-01,3.431563991823007725e-04
1.740500000000000114e+01,3.521295691291140284e-02,1.365538971530119337e-04,7.309838533840255781e-02,2.834168229042488508e-04,1.423600931821732973e-01,3.443813859072053832e-04
1.741000000000000014e+01,3.442486970953054920e-02,1.363907495192206011e-04,7.071713295626785856e-02,2.831241469069801196e-04,1.305582724229079339e-01,3.477808157118497450e-04
1.741499999999999915e+01,3.367089971345465366e-02,1.362278940914368958e-04,6.926624762433235272e-02,2.843200433833053186e-04,1.216848791644726258e-01,3.535287985869614048e-04
1.742000000000000171e+01,3.294915292560952891e-02,1.360653301722687225e-04,6.866996375625097904e-02,2.871163808690180394e-04,1.151516965936508208e-01,3.619056586238650125e-04
1.742500000000000071e+01,3.225786611148023786e-02,1.359030570664039464e-04,6.890203748631903991e-02,2.916960969344883567e-04,1.105719079273462108e-01,3.733247118552603040e-04
1.742999999999999972e+01,3.159539613194920632e-02,1.357410740806018284e-04,6.998311722445703376e-02,2.983325661158456646e-04,1.077057765744136586e-01,3.883745006992225129e-04
1.743500000000000227e+01,3.096021027621877544e-02,1.355793805236861667e-04,7.198405493550218137e-02,3.074202458598483570e-04,1.064307273419718702e-01,4.078842639199514990e-04
1.743999999999999773e+01,3.035087749070404517e-02,1.354179757065380335e-04,7.503606479234720128e-02,3.195228453380317057e-04,1.067290800224136305e-01,4.330259503621993866e-04
1.744500000000000028e+01,2.976606041026239741e-02,1.352568589420877513e-04,7.935034311322847200e-02,3.354499583339269511e-04,1.086913368041881323e-01,4.654759636501002796e-04
1.745000000000000284e+01,2.920450810899664906e-02,1.350960295453086050e-04,8.525251936519154250e-02,3.563818550874095319e-04,1.125370474806876436e-01,5.076782075828308212e-04
1.745499999999999829e+01,2.866504949733376245e-02,1.349354868332090893e-04,9.324239510566727229e-02,3.840791613461895081e-04,1.186605924304963977e-01,5.632856256135882356e-04
1.746000000000000085e+01,2.814658730038454779e-02,1.347752301248247506e-04,1.040995883542403105e-01,4.212488021615220374e-04,1.277183214370073705e-01,6.379294723729235159e-04
1.746499999999999986e+01,2.764809255985868283e-02,1.346152587412128470e-04,1.190772025442198845e-01,4.722114011665427976e-04,1.407916368698360066e-01,7.406179571922562842e-04
1.746999999999999886e+01,2.716859960814810293e-02,1.344555720054432953e-04,1.402734397635063690e-01,5.441798922302617820e-04,1.596999650299292250e-01,8.864032584898430458e-04
1.747500000000000142e+01,2.670720146883491172e-02,1.342961692425927351e-04,1.713814709309632589e-01,6.498396241511074627e-04,1.876274325524776854e-01,1.101732658270680384e-03
1.748000000000000043e+01,2.626304564277509579e-02,1.341370497797371290e-04,2.192734193922962482e-01,8.127999571195228604e-04,2.304361375393443601e-01,1.435711025846235197e-03
1.748499999999999943e+01,2.583533024327184374e-02,1.339782129459443085e-04,2.973859624339210139e-01,1.079227057750314174e-03,2.994859787289648190e-01,1.984348536697250372e-03
1.749000000000000199e+01,2.542330044769022801e-02,1.338196580722668459e-04,4.319392263133227661e-01,1.538912772037771522e-03,4.172011282655951891e-01,2.938074344802487931e-03
1.749500000000000099e+01,2.502624523625973998e-02,1.336613844917359010e-04,6.616279351059115577e-01,2.320804264921902220e-03,6.212783290536076919e-01,4.612157725619620355e-03
1.750000000000000000e+01,2.464349439181054424e-02,1.335033915393532252e-04,9.503262249718681387e-01,3.274598296682064424e-03,9.128246659232343019e-01,6.958795924777386871e-03
1.750500000000000256e+01,2.427441573687094678e-02,1.333456785520843041e-04,1.011381726317432284e+00,3.396934526272971273e-03,1.055883805853933710e+00,7.827914162296377779e-03
1.750999999999999801e+01,2.391841258691700112e-02,1.331882448688522858e-04,8.097408696017810437e-01,2.725453851159193985e-03,8.865113962910858847e-01,6.040648582970691710e-03
1.751500000000000057e+01,2.357492140066519415e-02,1.330310898305296868e-04,6.475352318323199796e-01,2.310903694141067544e-03,7.058305108473347245e-01,4.277187743048460437e-03
1.751999999999999957e+01,2.324340961019827345e-02,1.328742127799329169e-04,5.930151019258964595e-01,2.349506813499345047e-03,6.314806556427000617e-01,3.443462494893270026e-03
1.752499999999999858e+01,2.292337361536291029e-02,1.327176130618140930e-04,6.333545021728466118e-01,2.894263480598023401e-03,6.508829853934365861e-01,3.407501006547151989e-03
1.753000000000000114e+01,2.261433692839961637e-02,1.325612900228549684e-04,7.885804615125028283e-01,4.112970327272689498e-03,7.769636970324720338e-01,4.150780392576403424e-03
1.753500000000000014e+01,2.231584845608384701e-02,1.324052430116604267e-04,1.015542981664868227e+00,5.483972445699768911e-03,9.508068064648282913e-01,5.214915895231383471e-03
1.753999999999999915e+01,2.202748090786298824e-02,1.322494713787505406e-04,1.229830363132505155e+00,5.077423929930794007e-03,1.039203734525467882e+00,4.888773894083197138e-03
1.754500000000000171e+01,2.174882931955216675e-02,1.320939744765547985e-04,1.572344563127577866e+00,3.419925430713501198e-03,1.156295672944545494e+00,3.381807610048664925e-03
1.755000000000000071e+01,2.147950968310523984e-02,1.319387516594053549e-04,1.948941871873985709e+00,2.176848036597743823e-03,1.532530711933124179e+00,2.206925213232166071e-03
1.755499999999999972e+01,2.121915767384897900e-02,1.317838022835295499e-04,1.715361531366576209e+00,1.464244906443570773e-03,2.275843976956818615e+00,1.520909972551520413e-03
1.756000000000000227e+01,2.096742746735115459e-02,1.316291257070439187e-04,1.128570977873914583e+00,1.055597315530776119e-03,2.966339385861610722e+00,1.121386214992267736e-03
1.756499999999999773e+01,2.072399063878592462e-02,1.314747212899477948e-04,7.095361578946636216e-01,8.076566774448371185e-04,2.573327099585918987e+00,8.749559745883333899e-04
1.757000000000000028e+01,2.048853513829606079e-02,1.313205883941153144e-04,4.701053958349235007e-01,6.479590760740199483e-04,1.668037716540313742e+00,7.134442817055830499e-04
1.757500000000000284e+01,2.026076433642981858e-02,1.311667263832905640e-04,3.318621680726734913e-01,5.396043739538694496e-04,1.040199857922397886e+00,6.019114154356960478e-04
1.757999999999999829e+01,2.004039613422975083e-02,1.310131346230802081e-04,2.473106201603859078e-01,4.628305120012573214e-04,6.844494215759442390e-01,5.215130359917764325e-04
1.758500000000000085e+01,1.982716213303136951e-02,1.308598124809463609e-04,1.924627089404707947e-01,4.064484062701257316e-04,4.797867186979466458e-01,4.614899781419181963e-04
1.758999999999999986e+01,1.962080685944716033e-02,1.307067593262011104e-04,1.550299311886177978e-01,3.637892871931449668e-04,3.550002281322458542e-01,4.153681490631758633e-04
1.759499999999999886e+01,1.942108704138946138e-02,1.305539745299995802e-04,1.283829888969910682e-01,3.306952110817202358e-04,2.743171819269662470e-01,3.790687558637613214e-04
1.760000000000000142e+01,1.922777093133895207e-02,1.304014574653333152e-04,1.087421364923435996e-01,3.044704564335593954e-04,2.194386930375870626e-01,3.499183162768676036e-04
1.760500000000000043e+01,1.904063767337680138e-02,1.302492075070241294e-04,9.384044750157111148e-02,2.833072525889611436e-04,1.805034323996194123e-01,3.261037948336312090e-04
1.760999999999999943e+01,1.885947671078570115e-02,1.300972240317175188e-04,8.225669148281347653e-02,2.659572274195821234e-04,1.518965777635066239e-01,3.063590347471211676e-04
1.761500000000000199e+01,1.868408723128511112e-02,1.299455064178762923e-04,7.306499089904974764e-02,2.515359716301763236e-04,1.302564883351391700e-01,2.897769912159428736e-04
1.762000000000000099e+01,1.851427764720376193e-02,1.297940540457746621e-04,6.564182174523502944e-02,2.394026992802741438e-04,1.134799213877127066e-01,2.756932743726799354e-04
1.762500000000000000e+01,1.834986510810548976e-02,1.296428662974908447e-04,5.955500488336235715e-02,2.290838407387378942e-04,1.001997670761299170e-01,2.636116381000069907e-04
1.763000000000000256e+01,1.819067504358701237e-02,1.294919425569019376e-04,5.449735754590005754e-02,2.202231866088830451e-04,8.949752578390278435e-02,2.531549722697927886e-04
1.763499999999999801e+01,1.803654073413959655e-02,1.293412822096773058e-04,5.024566434112152230e-02,2.125485527006547326e-04,8.073809317950603193e-02,2.440322669247525214e-04
1.764000000000000057e+01,1.788730290813293072e-02,1.291908846432713177e-04,4.663452696241172923e-02,2.058489979254569621e-04,7.347113577735994716e-02,2.360158480167789865e-04
1.764499999999999957e+01,1.774280936313495788e-02,1.290407492469188998e-04,4.353924234319154346e-02,1.999589440499772151e-04,6.737019092535848075e-02,2.289253782363237120e-04
1.764999999999999858e+01,1.760291460990718801e-02,1.288908754116280015e-04,4.086431916072663650e-02,1.947469069377062863e-04,6.219391322850253978e-02,2.226164104348013234e-04
1.765500000000000114e+01,1.746747953755236824e-02,1.287412625301736320e-04,3.853560774965682917e-02,1.901073693469064810e-04,5.776074370131540486e-02,2.169720650396404034e-04
1.766000000000000014e+01,1.733637109840059295e-02,1.285919099970923038e-04,3.649480033518630318e-02,1.859548320920473665e-04,5.393195047066905168e-02,2.118968894749668716e-04
1.766499999999999915e+01,1.720946201132458886e-02,1.284428172086753378e-04,3.469551930491664160e-02,1.822194003199951822e-04,5.060002683216446862e-02,2.073122664702084983e-04
1.767000000000000171e+01,1.708663048227607867e-02,1.282939835629626560e-04,3.310049001032817906e-02,1.788434677730596078e-04,4.768059832249856717e-02,2.031529382219310906e-04
1.767500000000000071e+01,1.696775994092187406e-02,1.281454084597375234e-04,3.167946729472268658e-02,1.757791971861072172e-04,4.510667705393469479e-02,1.993643454310175004e-04
1.767999999999999972e+01,1.685273879233811084e-02,1.279970913005194463e-04,3.040769429199215862e-02,1.729865852747315387e-04,4.282451652545399973e-02,1.959005689080137885e-04
1.768500000000000227e+01,1.674146018280097889e-02,1.278490314885589139e-04,2.926474266754656647e-02,1.704319620220964468e-04,4.079057694108911836e-02,1.927227219304662698e-04
1.768999999999999773e+01,1.663382177877755635e-02,1.277012284288311646e-04,2.823362993418676928e-02,1.680868161260257176e-04,3.896927348492289223e-02,1.897976834125588699e-04
1.769500000000000028e+01,1.652972555828560730e-02,1.275536815280297882e-04,2.730014056126134347e-02,1.659268678764457819e-04,3.733128478358047758e-02,1.870970913349537614e-04
1.770000000000000284e+01,1.642907761385126522e-02,1.274063901945616585e-04,2.645229872117027536e-02,1.639313315112647554e-04,3.585226763194228339e-02,1.845965367683725673e-04
1.770499999999999829e+01,1.633178796634466440e-02,1.272593538385405083e-04,2.567995508382257819e-02,1.620823239533614212e-04,3.451187006072696517e-02,1.822749138436102507e-04
1.771000000000000085e+01,1.623777038902603914e-02,1.271125718717802623e-04,2.497446024975864473e-02,1.603643875693152351e-04,3.329296604785021707e-02,1.801138919408243420e-04
1.771499999999999986e+01,1.614694224118240484e-02,1.269660437077908626e-04,2.432840461695893325e-02,1.587641024333389782e-04,3.218105667629197336e-02,1.780974843927810665e-04
1.771999999999999886e+01,1.605922431077191209e-02,1.268197687617710317e-04,2.373540963475839760e-02,1.572697693639909470e-04,3.116379754753138484e-02,1.762116939465072020e-04
1.772500000000000142e+01,1.597454066553919902e-02,1.266737464506025534e-04,2.318995913257453773e-02,1.558711493065022464e-04,3.023062286551153957e-02,1.744442196812361187e-04
1.773000000000000043e+01,1.589281851209790528e-02,1.265279761928453936e-04,2.268726214227861568e-02,1.545592478654769179e-04,2.937244419004532772e-02,1.727842134421050187e-04
1.773499999999999943e+01,1.581398806250973108e-02,1.263824574087309789e-04,2.222314064990480939e-02,1.533261362388582097e-04,2.858140734150009868e-02,1.712220764071394942e-04
1.774000000000000199e+01,1.573798240792353281e-02,1.262371895201564766e-04,2.179393721538059811e-02,1.521648016697570150e-04,2.785069494353178965e-02,1.697492883665367215e-04
1.774500000000000099e+01,1.566473739886520278e-02,1.260921719506799164e-04,2.139643852858420445e-02,1.510690219660141718e-04,2.717436504431364197e-02,1.683582638079734485e-04
1.775000000000000000e+01,1.559419153179522621e-02,1.259474041255134952e-04,2.102781182594757464e-02,1.500332597461220634e-04,2.654721845499700972e-02,1.670422300794080039e-04
1.775500000000000256e+01,1.552628584157807363e-02,1.258028854715180478e-04,2.068555174533031477e-02,1.490525729335144827e-04,2.596468909434604747e-02,1.657951238225597570e-04
1.775999999999999801e+01,1.546096379952948546e-02,1.256586154171982763e-04,2.036743569944304486e-02,1.481225386976516608e-04,2.542275287726619704e-02,1.646115025958974631e-04
1.776500000000000057e+01,1.539817121672802658e-02,1.255145933926956215e-04,2.007148623724157657e-02,1.472391885734565910e-04,2.491785163723820445e-02,1.634864691806363313e-04
1.776999999999999957e+01,1.533785615230090493e-02,1.253708188297841428e-04,1.979593916602603865e-02,1.463989529132920056e-04,2.444682930418881281e-02,1.624156065209603368e-04
1.777499999999999858e+01,1.527996882640800941e-02,1.252272911618635797e-04,1.953921644480758821e-02,1.455986131623580296e-04,2.400687812504343627e-02,1.613949216159694196e-04
1.778000000000000114e+01,1.522446153767005247e-02,1.250840098239546893e-04,1.929990304715663990e-02,1.448352607181950307e-04,2.359549315468148500e-02,1.604207969757115936e-04
1.778500000000000014e+01,1.517128858479946038e-02,1.249409742526935816e-04,1.907672714057444263e-02,1.441062613520564979e-04,2.321043359000238282e-02,1.594899484919095971e-04
1.778999999999999915e+01,1.512040619220897039e-02,1.247981838863255393e-04,1.886854304814923611e-02,1.434092243455341428e-04,2.284968979169242631e-02,1.585993887675767424e-04
1.779500000000000171e+01,1.507177243938797977e-02,1.246556381647001663e-04,1.867431655342393845e-02,1.427419756384838419e-04,2.251145505373100542e-02,1.577463951076260639e-04
1.780000000000000071e+01,1.502534719384765634e-02,1.245133365292658853e-04,1.849311218605621462e-02,1.421025344006651746e-04,2.219410135230985223e-02,1.569284815018939382e-04
1.780499999999999972e+01,1.498109204744929243e-02,1.243712784230638390e-04,1.832408218790073165e-02,1.414890925348799458e-04,2.189615844330769848e-02,1.561433740384170731e-04
1.781000000000000227e+01,1.493897025594239161e-02,1.242294632907230112e-04,1.816645690958780188e-02,1.408999966978381887e-04,2.161629578809134977e-02,1.553889892726622527e-04
1.781499999999999773e+01,1.489894668154802260e-02,1.240878905784551043e-04,1.801953642885012474e-02,1.403337324897235253e-04,2.135330687685146542e-02,1.546634151511987166e-04
1.782000000000000028e+01,1.486098773843374729e-02,1.239465597340476811e-04,1.788268321561776314e-02,1.397889105171110731e-04,2.110609559133627341e-02,1.539648941488786687e-04
1.782500000000000284e+01,1.482506134093690246e-02,1.238054702068606689e-04,1.775531569669796389e-02,1.392642540785444453e-04,2.087366430811881182e-02,1.532918083291667376e-04
1.782999999999999829e+01,1.479113685439913638e-02,1.236646214478199352e-04,1.763690259580918962e-02,1.387585882592933569e-04,2.065510349205947060e-02,1.526426660795443101e-04
1.783500000000000085e+01,1.475918504848560374e-02,1.235240129094117040e-04,1.752695794379077396e-02,1.382708302530317600e-04,2.044958256956435141e-02,1.520160903095227074e-04
1.783999999999999986e+01,1.472917805286913691e-02,1.233836440456779755e-04,1.742503666965323009e-02,1.377999807543640876e-04,2.025634190419220090e-02,1.514108079287586328e-04
1.784499999999999886e+01,1.470108931516620962e-02,1.232435143122108064e-04,1.733073069636503066e-02,1.373451162881829206e-04,2.007468572446758498e-02,1.508256404480823375e-04
1.785000000000000142e+01,1.467489356101920987e-02,1.231036231661470791e-04,1.724366547636116062e-02,1.369053823605056346e-04,1.990397587647221161e-02,1.502594955677429825e-04
1.785500000000000043e+01,1.465056675622541070e-02,1.229639700661635409e-04,1.716349691107376535e-02,1.364799873312316704e-04,1.974362629273098205e-02,1.497113596354194165e-04
1.785999999999999943e+01,1.462808607081870355e-02,1.228245544724708687e-04,1.708990860663836542e-02,1.360681969226855545e-04,1.959309808476945164e-02,1.491802908720945902e-04
1.786500000000000199e+01,1.460742984501654448e-02,1.226853758468090876e-04,1.702260942457202095e-02,1.356693292892641417e-04,1.945189518004468779e-02,1.486654132772052914e-04
1.787000000000000099e+01,1.458857755694886217e-02,1.225464336524424757e-04,1.696133129184658125e-02,1.352827505832629928e-04,1.931956043516713101e-02,1.481659111358433025e-04
1.787500000000000000e+01,1.457150979209110263e-02,1.224077273541535732e-04,1.690582723956865485e-02,1.349078709603333966e-04,1.919567216681421218e-02,1.476810240605768657e-04
1.788000000000000256e+01,1.455620821432849002e-02,1.222692564182387923e-04,1.685586964355925005e-02,1.345441409752115981e-04,1.907984104977134346e-02,1.472100425088853498e-04
1.788499999999999801e+01,1.454265553858225674e-02,1.221310203125034019e-04,1.681124864361163360e-02,1.341910483245289791e-04,1.897170733835693360e-02,1.467523037244466825e-04
1.789000000000000057e+01,1.453083550493326249e-02,1.219930185062552126e-04,1.677177072119541770e-02,1.338481148988506300e-04,1.887093837330474505e-02,1.463071880568046193e-04
1.789499999999999957e+01,1.452073285418235479e-02,1.218552504703011071e-04,1.673725741794255054e-02,1.335148941107071265e-04,1.877722634114701444e-02,1.458741156193991929e-04
1.789999999999999858e+01,1.451233330478996636e-02,1.217177156769408874e-04,1.670754417945801221e-02,1.331909684693515254e-04,1.869028625738731325e-02,1.454525432506368742e-04
1.790500000000000114e+01,1.450562353114155482e-02,1.215804135999623147e-04,1.668247931090768160e-02,1.328759473764640794e-04,1.860985414841066429e-02,1.450419617468211753e-04
1.791000000000000014e+01,1.450059114308844925e-02,1.214433437146366637e-04,1.666192303248323348e-02,1.325694651200255540e-04,1.853568541021599625e-02,1.446418933393333749e-04
1.791499999999999915e+01,1.449722466671669700e-02,1.213065054977130989e-04,1.664574662427350735e-02,1.322711790462065664e-04,1.846755332476450809e-02,1.442518893915790729e-04
1.792000000000000171e+01,1.449551352629982297e-02,1.211698984274139175e-04,1.663383165131377198e-02,1.319807678914222356e-04,1.840524771708258733e-02,1.438715282939734600e-04
1.792500000000000071e+01,1.449544802739381570e-02,1.210335219834296158e-04,1.662606926066416066e-02,1.316979302586987499e-04,1.834857373828345864e-02,1.435004135376246269e-04
1.792999999999999972e+01,1.449701934103559547e-02,1.208973756469138483e-04,1.662235954331114929e-02,1.314223832242610436e-04,1.829735076143423900e-02,1.431381719494939609e-04
1.793500000000000227e+01,1.450021948900860093e-02,1.207614589004785350e-04,1.662261095450918991e-02,1.311538610617939517e-04,1.825141137872646202e-02,1.427844520736643583e-04
1.793999999999999773e+01,1.450504133014160653e-02,1.206257712281890229e-04,1.662673978690043866e-02,1.308921140731860030e-04,1.821060048974346146e-02,1.424389226849852948e-04
1.794500000000000028e+01,1.451147854760920577e-02,1.204903121155587739e-04,1.663466969138290355e-02,1.306369075157609453e-04,1.817477447178361336e-02,1.421012714228059705e-04
1.795000000000000284e+01,1.451952563720441611e-02,1.203550810495452445e-04,1.664633124125293115e-02,1.303880206170622829e-04,1.814380042421983100e-02,1.417712035337892235e-04
1.795499999999999829e+01,1.452917789655622585e-02,1.202200775185446408e-04,1.666166153563707064e-02,1.301452456691790051e-04,1.811755547976857603e-02,1.414484407139203460e-04
1.796000000000000085e+01,1.454043141526675104e-02,1.200853010123863760e-04,1.668060383866011923e-02,1.299083871954363344e-04,1.809592617632858891e-02,1.411327200408358509e-04
1.796499999999999986e+01,1.455328306594435260e-02,1.199507510223296548e-04,1.670310725117661946e-02,1.296772611830076746e-04,1.807880788374061423e-02,1.408237929884891264e-04
1.796999999999999886e+01,1.456773049611158159e-02,1.198164270410577003e-04,1.672912641223176303e-02,1.294516943756420999e-04,1.806610428042751751e-02,1.405214245169493221e-04
1.797500000000000142e+01,1.458377212096781395e-02,1.196823285626728340e-04,1.675862122771555607e-02,1.292315236212958959e-04,1.805772687541360583e-02,1.402253922308492877e-04
1.798000000000000043e+01,1.460140711698852851e-02,1.195484550826926817e-04,1.679155662394057197e-02,1.290165952699632039e-04,1.805359457169683837e-02,1.399354856006232916e-04
1.798499999999999943e+01,1.462063541634505207e-02,1.194148060980445620e-04,1.682790232411031719e-02,1.288067646174573754e-04,1.805363326736937959e-02,1.396515052412295723e-04
1.799000000000000199e+01,1.464145770212965311e-02,1.192813811070607573e-04,1.686763264585558475e-02,1.286018953913142045e-04,1.805777549125634276e-02,1.393732622435671213e-04
1.799500000000000099e+01,1.466387540437265498e-02,1.191481796094745558e-04,1.691072631820426941e-02,1.284018592753475912e-04,1.806596007017471917e-02,1.391005775542404014e-04
1.800000000000000000e+01,1.468789069684007728e-02,1.190152011064149256e-04,1.695716631652001774e-02,1.282065354697182742e-04,1.807813182521124037e-02,1.388332813997244489e-04
1.800500000000000256e+01,1.471350649460118586e-02,1.188824451004016496e-04,1.700693971409427546e-02,1.280158102836729628e-04,1.809424129468151926e-02,1.385712127513548213e-04
1.800999999999999801e+01,1.474072645235686811e-02,1.187499110953416928e-04,1.706003754921290444e-02,1.278295767583763950e-04,1.811424448166935181e-02,1.383142188278869132e-04
1.801500000000000057e+01,1.476955496352190360e-02,1.186175985965231584e-04,1.711645470664169624e-02,1.276477343174905956e-04,1.813810262425640668e-02,1.380621546326580716e-04
1.801999999999999957e+01,1.479999716005404344e-02,1.184855071106121166e-04,1.717618981258247843e-02,1.274701884433799301e-04,1.816578198674128480e-02,1.378148825226619290e-04
1.802499999999999858e+01,1.483205891302601283e-02,1.183536361456467357e-04,1.723924514225504828e-02,1.272968503770033474e-04,1.819725367031851601e-02,1.375722718070654382e-04
1.803000000000000114e+01,1.486574683393600098e-02,1.182219852110334880e-04,1.730562653934637415e-02,1.271276368397385138e-04,1.823249344183950488e-02,1.373341983729330399e-04
1.803500000000000014e+01,1.490106827675492622e-02,1.180905538175426502e-04,1.737534334665382860e-02,1.269624697755335186e-04,1.827148157941711412e-02,1.371005443360996581e-04
1.803999999999999915e+01,1.493803134070960208e-02,1.179593414773029501e-04,1.744840834732262411e-02,1.268012761119270313e-04,1.831420273375980456e-02,1.368711977153194833e-04
1.804500000000000171e+01,1.497664487380148159e-02,1.178283477037977988e-04,1.752483771614518973e-02,1.266439875386100367e-04,1.836064580423356699e-02,1.366460521279769084e-04
1.805000000000000071e+01,1.501691847706313789e-02,1.176975720118607647e-04,1.760465098045459892e-02,1.264905403023139200e-04,1.841080382875374261e-02,1.364250065057847575e-04
1.805499999999999972e+01,1.505886250955521324e-02,1.175670139176706534e-04,1.768787099020089487e-02,1.263408750169200457e-04,1.846467388670134518e-02,1.362079648290304504e-04
1.806000000000000227e+01,1.510248809410776050e-02,1.174366729387470219e-04,1.777452389685210341e-02,1.261949364877833896e-04,1.852225701414356163e-02,1.359948358780486749e-04
1.806499999999999773e+01,1.514780712381108389e-02,1.173065485939465063e-04,1.786463914081102416e-02,1.260526735493503055e-04,1.858355813071574728e-02,1.357855330007098947e-04
1.807000000000000028e+01,1.519483226926368960e-02,1.171766404034572240e-04,1.795824944708697760e-02,1.259140389152290588e-04,1.864858597759511127e-02,1.355799738948040866e-04
1.807500000000000284e+01,1.524357698658391005e-02,1.170469478887952369e-04,1.805539082900050121e-02,1.257789890399518536e-04,1.871735306605904273e-02,1.353780804043030518e-04
1.807999999999999829e+01,1.529405552619534508e-02,1.169174705728000518e-04,1.815610259974361623e-02,1.256474839917281496e-04,1.878987563618467194e-02,1.351797783285536272e-04
1.808500000000000085e+01,1.534628294239664438e-02,1.167882079796295517e-04,1.826042739165476339e-02,1.255194873355542783e-04,1.886617362530092906e-02,1.349849972435342182e-04
1.808999999999999986e+01,1.540027510372659302e-02,1.166591596347564590e-04,1.836841118310214571e-02,1.253949660261042696e-04,1.894627064585574852e-02,1.347936703343802028e-04
1.809499999999999886e+01,1.545604870413878028e-02,1.165303250649635236e-04,1.848010333290753607e-02,1.252738903098730712e-04,1.903019397241238059e-02,1.346057342384367227e-04
1.810000000000000142e+01,1.551362127499975561e-02,1.164017037983391869e-04,1.859555662227292683e-02,1.251562336360979551e-04,1.911797453753204604e-02,1.344211288981623457e-04
1.810500000000000043e+01,1.557301119792666930e-02,1.162732953642737186e-04,1.871482730420585827e-02,1.250419725760269546e-04,1.920964693634467577e-02,1.342397974232585828e-04
1.810999999999999943e+01,1.563423771848254304e-02,1.161450992934540539e-04,1.883797516047213891e-02,1.249310867501422263e-04,1.930524943965112455e-02,1.340616859614430188e-04
1.811500000000000199e+01,1.569732096074686126e-02,1.160171151178602151e-04,1.896506356613199620e-02,1.248235587629919650e-04,1.940482401543659058e-02,1.338867435773382914e-04
1.812000000000000099e+01,1.576228194278289294e-02,1.158893423707611781e-04,1.909615956175046009e-02,1.247193741453133330e-04,1.950841635871587709e-02,1.337149221389797053e-04
1.812500000000000000e+01,1.582914259302389826e-02,1.157617805867096415e-04,1.923133393340138025e-02,1.246185213031670072e-04,1.961607592966571612e-02,1.335461762114867660e-04
1.813000000000000256e+01,1.589792576760064996e-02,1.156344293015387466e-04,1.937066130061262242e-02,1.245209914738381230e-04,1.972785600003253842e-02,1.333804629574814873e-04
1.813499999999999801e+01,1.596865526863668755e-02,1.155072880523578356e-04,1.951422021243481852e-02,1.244267786882821670e-04,1.984381370784231088e-02,1.332177420438612075e-04
1.814000000000000057e+01,1.604135586353873724e-02,1.153803563775470981e-04,1.966209325184571644e-02,1.243358797399296079e-04,1.996401012047072793e-02,1.330579755545673146e-04
1.814499999999999957e+01,1.611605330530881813e-02,1.152536338167551048e-04,1.981436714872894522e-02,1.242482941596873653e-04,2.008851030616250893e-02,1.329011279090224244e-04
1.814999999999999858e+01,1.619277435391200046e-02,1.151271199108932510e-04,1.997113290170855412e-02,1.241640241970007525e-04,2.021738341412920859e-02,1.327471657859231923e-04
1.815500000000000114e+01,1.627154679873005216e-02,1.150008142021320700e-04,2.013248590914407804e-02,1.240830748068667399e-04,2.035070276338071110e-02,1.325960580521109858e-04
1.816000000000000014e+01,1.635239948213609504e-02,1.148747162338974387e-04,2.029852610962999682e-02,1.240054536427130237e-04,2.048854594048252903e-02,1.324477756962580410e-04
1.816499999999999915e+01,1.643536232422832324e-02,1.147488255508658341e-04,2.046935813238201854e-02,1.239311710550789045e-04,2.063099490646762638e-02,1.323022917671263501e-04
1.817000000000000171e+01,1.652046634876005657e-02,1.146231416989606605e-04,2.064509145792405714e-02,1.238602400960621961e-04,2.077813611316093462e-02,1.321595813161808132e-04
1.817500000000000071e+01,1.660774371030850766e-02,1.144976642253479264e-04,2.082584058953454789e-02,1.237926765295121632e-04,2.093006062921547519e-02,1.320196213443500331e-04
1.817999999999999972e+01,1.669722772272558275e-02,1.143723926784323411e-04,2.101172523594966104e-02,1.237284988469788396e-04,2.108686427619337403e-02,1.318823907527478623e-04
1.818500000000000227e+01,1.678895288891700879e-02,1.142473266078529784e-04,2.120287050586586869e-02,1.236677282894438552e-04,2.124864777506448379e-02,1.317478702971842648e-04
1.818999999999999773e+01,1.688295493199815436e-02,1.141224655644798336e-04,2.139940711482919006e-02,1.236103888748877125e-04,2.141551690353420134e-02,1.316160425463072246e-04
1.819500000000000028e+01,1.697927082787976591e-02,1.139978091004086605e-04,2.160147160515218934e-02,1.235565074317641768e-04,2.158758266465731282e-02,1.314868918432307977e-04
1.820000000000000284e+01,1.707793883933489409e-02,1.138733567689583284e-04,2.180920657954255742e-02,1.235061136384822027e-04,2.176496146723054873e-02,1.313604042705220499e-04
1.820499999999999829e+01,1.717899855160817321e-02,1.137491081246660247e-04,2.202276094919644947e-02,1.234592400690134406e-04,2.194777531851450567e-02,1.312365676184239043e-04
1.821000000000000085e+01,1.728249090962648629e-02,1.136250627232829178e-04,2.224229019715945332e-02,1.234159222447716903e-04,2.213615202987521957e-02,1.311153713562088392e-04
1.821499999999999986e+01,1.738845825687354921e-02,1.135012201217712978e-04,2.246795665782101367e-02,1.233761986929333824e-04,2.233022543598730397e-02,1.309968066065696267e-04
1.821999999999999886e+01,1.749694437599944030e-02,1.133775798782996839e-04,2.269992981348849248e-02,1.233401110113949498e-04,2.253013562830551500e-02,1.308808661229577178e-04
1.822500000000000142e+01,1.760799453123389202e-02,1.132541415522390297e-04,2.293838660904691518e-02,1.233077039405889154e-04,2.273602920355795309e-02,1.307675442697975017e-04
1.823000000000000043e+01,1.772165551267859684e-02,1.131309047041593758e-04,2.318351178579577607e-02,1.232790254424100433e-04,2.294805952808291402e-02,1.306568370055112777e-04
1.823499999999999943e+01,1.783797568255988258e-02,1.130078688958252418e-04,2.343549823564335111e-02,1.232541267865311938e-04,2.316638701890081850e-02,1.305487418682967180e-04
1.824000000000000199e+01,1.795700502352369152e-02,1.128850336901918725e-04,2.369454737692295448e-02,1.232330626444198883e-04,2.339117944247782674e-02,1.304432579646135353e-04
1.824500000000000099e+01,1.807879518906109484e-02,1.127623986514018900e-04,2.396086955319819134e-02,1.232158911914014424e-04,2.362261223221791620e-02,1.303403859603414073e-04
1.825000000000000000e+01,1.820339955615965163e-02,1.126399633447807541e-04,2.423468445653667244e-02,1.232026742171464040e-04,2.386086882580705851e-02,1.302401280745795061e-04
1.825500000000000256e+01,1.833087328027646970e-02,1.125177273368332384e-04,2.451622157683719730e-02,1.231934772450003117e-04,2.410614102361365030e-02,1.301424880760702570e-04
1.825999999999999801e+01,1.846127335273824860e-02,1.123956901952396218e-04,2.480572067893016194e-02,1.231883696606127622e-04,2.435862936945282220e-02,1.300474712822361064e-04
1.826500000000000057e+01,1.859465866067779027e-02,1.122738514888514878e-04,2.510343230930320649e-02,1.231874248503650373e-04,2.461854355512347811e-02,1.299550845608269669e-04
1.826999999999999957e+01,1.873109004962097979e-02,1.121522107876887558e-04,2.540961833444905713e-02,1.231907203501425368e-04,2.488610285023537538e-02,1.298653363341872305e-04
1.827499999999999858e+01,1.887063038884947280e-02,1.120307676629348436e-04,2.572455251300263465e-02,1.231983380050467034e-04,2.516153655897464606e-02,1.297782365861557125e-04
1.828000000000000114e+01,1.901334463966401420e-02,1.119095216869334954e-04,2.604852110399383247e-02,1.232103641406963096e-04,2.544508450557333296e-02,1.296937968716273390e-04
1.828500000000000014e+01,1.915929992668712750e-02,1.117884724331852722e-04,2.638182351374600623e-02,1.232268897468227027e-04,2.573699755040374793e-02,1.296120303288080466e-04
1.828999999999999915e+01,1.930856561234890745e-02,1.116676194763429708e-04,2.672477298415116068e-02,1.232480106739292525e-04,2.603753813876802381e-02,1.295329516942086479e-04
1.829500000000000171e+01,1.946121337470530302e-02,1.115469623922084932e-04,2.707769732527218198e-02,1.232738278438508131e-04,2.634698088461597670e-02,1.294565773204314665e-04
1.830000000000000071e+01,1.961731728875172609e-02,1.114265007577292280e-04,2.744093969547849871e-02,1.233044474751225183e-04,2.666561319161637328e-02,1.293829251968146572e-04
1.830499999999999972e+01,1.977695391140093031e-02,1.113062341509938767e-04,2.781485943258282453e-02,1.233399813241489815e-04,2.699373591419983523e-02,1.293120149730080202e-04
1.831000000000000227e+01,1.994020237030385070e-02,1.111861621512288343e-04,2.819983293973949215e-02,1.233805469432486409e-04,2.733166406140732918e-02,1.292438679855678022e-04
1.831499999999999773e+01,2.010714445670204811e-02,1.110662843387951815e-04,2.859625463018355615e-02,1.234262679567463576e-04,2.767972754661384566e-02,1.291785072876696912e-04
1.832000000000000028e+01,2.027786472251565109e-02,1.109466002951839001e-04,2.900453793525084936e-02,1.234772743563876624e-04,2.803827198646282465e-02,1.291159576820484771e-04
1.832500000000000284e+01,2.045245058187417780e-02,1.108271096030131358e-04,2.942511638048297615e-02,1.235337028174634589e-04,2.840765955261147918e-02,1.290562457572912863e-04
1.832999999999999829e+01,2.063099241731805936e-02,1.107078118460243623e-04,2.985844473506131178e-02,1.235956970371554779e-04,2.878826988021072897e-02,1.289993999276213500e-04
1.833500000000000085e+01,2.081358369090849370e-02,1.105887066090781670e-04,3.030500024026806100e-02,1.236634080967509842e-04,2.918050103737348036e-02,1.289454504763266440e-04
1.833999999999999986e+01,2.100032106049370614e-02,1.104697934781517300e-04,3.076528392316963886e-02,1.237369948495196275e-04,2.958477056024478441e-02,1.288944296030040796e-04
1.834499999999999886e+01,2.119130450140386743e-02,1.103510720403340535e-04,3.123982200229916129e-02,1.238166243362138672e-04,3.000151655871160714e-02,1.288463714748054579e-04
1.835000000000000142e+01,2.138663743385142701e-02,1.102325418838231161e-04,3.172916739269849434e-02,1.239024722303271151e-04,3.043119889820777163e-02,1.288013122818941394e-04
1.835500000000000043e+01,2.158642685633990754e-02,1.101142025979223759e-04,3.223390131838062278e-02,1.239947233154466740e-04,3.087430046357633739e-02,1.287592902973379175e-04
1.835999999999999943e+01,2.179078348539877086e-02,1.099960537730365016e-04,3.275463504100811080e-02,1.240935719972528187e-04,3.133132851147885090e-02,1.287203459416881926e-04
1.836500000000000199e+01,2.199982190197800891e-02,1.098780950006684722e-04,3.329201171439782198e-02,1.241992228529531809e-04,3.180281611842147860e-02,1.286845218525193982e-04
1.837000000000000099e+01,2.221366070486294544e-02,1.097603258734161213e-04,3.384670837538573951e-02,1.243118912212095933e-04,3.228932373212956009e-02,1.286518629592290849e-04
1.837500000000000000e+01,2.243242267148879907e-02,1.096427459849678407e-04,3.441943808258302040e-02,1.244318038359044302e-04,3.279144083471032672e-02,1.286224165634262527e-04
1.838000000000000256e+01,2.265623492655450405e-02,1.095253549300998430e-04,3.501095221565623389e-02,1.245591995074141407e-04,3.330978772682210293e-02,1.285962324252694876e-04
1.838499999999999801e+01,2.288522911886696140e-02,1.094081523046727054e-04,3.562204294901431118e-02,1.246943298554203852e-04,3.384501744295416448e-02,1.285733628561493331e-04
1.839000000000000057e+01,2.311954160687179974e-02,1.092911377056268572e-04,3.625354591514580449e-02,1.248374600976821867e-04,3.439781780887878754e-02,1.285538628181463576e-04
1.839499999999999957e+01,2.335931365334736887e-02,1.091743107309805599e-04,3.690634307434681460e-02,1.249888698996302243e-04,3.496891365338302554e-02,1.285377900307406625e-04
1.839999999999999858e+01,2.360469162978582475e-02,1.090576709798254354e-04,3.758136580931008969e-02,1.251488542901418302e-04,3.555906918760549235e-02,1.285252050852907300e-04
1.840500000000000114e+01,2.385582723100090896e-02,1.089412180523233620e-04,3.827959826487879746e-02,1.253177246493890850e-04,3.616909056657149901e-02,1.285161715678526584e-04
1.841000000000000014e+01,2.411287770054871063e-02,1.088249515497030596e-04,3.900208095539112185e-02,1.254958097752657668e-04,3.679982864899966621e-02,1.285107561909651526e-04
1.841499999999999915e+01,2.437600606758070013e-02,1.087088710742566469e-04,3.974991466436460924e-02,1.256834570355721170e-04,3.745218197305660857e-02,1.285090289350873573e-04
1.842000000000000171e+01,2.464538139579012729e-02,1.085929762293361725e-04,4.052426466387975407e-02,1.258810336138907471e-04,3.812709996753563951e-02,1.285110632004448402e-04
1.842500000000000071e+01,2.492117904515609578e-02,1.084772666193503616e-04,4.132636528393923703e-02,1.260889278579315495e-04,3.882558641993767712e-02,1.285169359701140632e-04
1.842999999999999972e+01,2.520358094723646261e-02,1.083617418497611473e-04,4.215752486534631027e-02,1.263075507400692268e-04,3.954870322516609166e-02,1.285267279852612748e-04
1.843500000000000227e+01,2.549277589481098449e-02,1.082464015270802142e-04,4.301913113330839422e-02,1.265373374408532798e-04,4.029757444104078296e-02,1.285405239335421805e-04
1.843999999999999773e+01,2.578895984672854511e-02,1.081312452588661932e-04,4.391265703308024071e-02,1.267787490674606723e-04,4.107339067962292867e-02,1.285584126517755679e-04
1.844500000000000028e+01,2.609233624887648262e-02,1.080162726537201078e-04,4.483966707360350495e-02,1.270322745204009989e-04,4.187741386647977904e-02,1.285804873441193433e-04
1.845000000000000284e+01,2.640311637223775876e-02,1.079014833212835309e-04,4.580182423026184918e-02,1.272984325232765532e-04,4.271098240348204095e-02,1.286068458171049623e-04
1.845499999999999829e+01,2.672151966908954332e-02,1.077868768722345193e-04,4.680089746380126231e-02,1.275777738321111571e-04,4.357551677470905549e-02,1.286375907330354271e-04
1.846000000000000085e+01,2.704777414845336084e-02,1.076724529182837917e-04,4.783876991904701531e-02,1.278708836426639575e-04,4.447252563941442999e-02,1.286728298834106661e-04
1.846499999999999986e+01,2.738211677198391231e-02,1.075582110721726549e-04,4.891744787453720239e-02,1.281783842163054235e-04,4.540361246097176368e-02,1.287126764842289419e-04
1.846999999999999886e+01,2.772479387158489558e-02,1.074441509476688574e-04,5.003907052273686568e-02,1.285009377474987454e-04,4.637048272637388918e-02,1.287572494952180381e-04
1.847500000000000142e+01,2.807606159011010599e-02,1.073302721595632955e-04,5.120592067005676901e-02,1.288392494986905922e-04,4.737495181712721853e-02,1.288066739652801230e-04
1.848000000000000043e+01,2.843618634661572442e-02,1.072165743236674657e-04,5.242043645687213121e-02,1.291940712315786427e-04,4.841895359956410044e-02,1.288610814066956732e-04
1.848499999999999943e+01,2.880544532773990710e-02,1.071030570568095750e-04,5.368522421019847335e-02,1.295662049673217467e-04,4.950454981070684379e-02,1.289206102009267125e-04
1.849000000000000199e+01,2.918412700688885475e-02,1.069897199768313022e-04,5.500307255583680721e-02,1.299565071123382604e-04,5.063394032497121888e-02,1.289854060391923125e-04
1.849500000000000099e+01,2.957253169303701926e-02,1.068765627025852359e-04,5.637696793301916892e-02,1.303658929910200132e-04,5.180947439744226085e-02,1.290556224013668450e-04
1.850000000000000000e+01,2.997097211108933762e-02,1.067635848539308499e-04,5.781011167314743099e-02,1.307953418320389224e-04,5.303366299134547324e-02,1.291314210771829626e-04
1.850500000000000256e+01,3.037977401588380644e-02,1.066507860517319143e-04,5.930593882541376066e-02,1.312459022610370368e-04,5.430919231082053517e-02,1.292129727342062489e-04
1.850999999999999801e+01,3.079927684208168259e-02,1.065381659178530130e-04,6.086813893652685131e-02,1.317186983595360680e-04,5.563893867558374756e-02,1.293004575376090356e-04
1.851500000000000057e+01,3.122983439235734252e-02,1.064257240751563039e-04,6.250067901981780361e-02,1.322149363579867712e-04,5.702598489171270546e-02,1.293940658274034391e-04
1.851999999999999957e+01,3.167181556647925139e-02,1.063134601474988904e-04,6.420782898132929017e-02,1.327359120401993132e-04,5.847363829300426807e-02,1.294939988595233613e-04
1.852499999999999858e+01,3.212560513408848489e-02,1.062013737597288638e-04,6.599418980792123857e-02,1.332830189471831688e-04,5.998545065063604076e-02,1.296004696179800888e-04
1.853000000000000114e+01,3.259160455417556279e-02,1.060894645376827958e-04,6.786472486559656792e-02,1.338577574808638704e-04,6.156524017550280004e-02,1.297137037062737230e-04
1.853500000000000014e+01,3.307023284451376943e-02,1.059777321081825814e-04,6.982479470651453690e-02,1.344617450226307182e-04,6.321711586845583930e-02,1.298339403273495298e-04
1.853999999999999915e+01,3.356192750455295332e-02,1.058661760990319554e-04,7.188019584146691787e-02,1.350967271984656378e-04,6.494550450919443774e-02,1.299614333626638945e-04
1.854500000000000171e+01,3.406714549555745625e-02,1.057547961390134972e-04,7.403720400258825829e-02,1.357645904419935525e-04,6.675518061570095973e-02,1.300964525624023304e-04
1.855000000000000071e+01,3.458636428207525343e-02,1.056435918578859886e-04,7.630262250050086348e-02,1.364673760296730362e-04,6.865129975382808225e-02,1.302392848606057638e-04
1.855499999999999972e+01,3.512008293916807355e-02,1.055325628863807948e-04,7.868383637316161971e-02,1.372072957891512317e-04,7.063943563215156762e-02,1.303902358309640271e-04
1.856000000000000227e+01,3.566882333017772772e-02,1.054217088561988967e-04,8.118887313282110996e-02,1.379867497132344900e-04,7.272562148176865693e-02,1.305496313013649028e-04
1.856499999999999773e+01,3.623313136020615138e-02,1.053110294000082477e-04,8.382647104609401711e-02,1.388083457489507674e-04,7.491639629622524887e-02,1.307178191480307399e-04
1.857000000000000028e+01,3.681357831093011457e-02,1.052005241514401151e-04,8.660615603395767359e-02,1.396749220748814599e-04,7.721885659517754852e-02,1.308951712933081098e-04
1.857500000000000284e+01,3.741076226281705303e-02,1.050901927450864778e-04,8.953832845802607576e-02,1.405895722316062482e-04,7.964071447904547130e-02,1.310820859350051272e-04
1.857999999999999829e+01,3.802530961135153209e-02,1.049800348164970580e-04,9.263436127289369215e-02,1.415556735315096136e-04,8.219036286416353532e-02,1.312789900397615703e-04
1.858500000000000085e+01,3.865787668443731312e-02,1.048700500021757572e-04,9.590671127841639276e-02,1.425769192472618047e-04,8.487694893213465486e-02,1.314863421384832292e-04
1.858999999999999986e+01,3.930915146874637556e-02,1.047602379395785286e-04,9.936904550945979686e-02,1.436573551655447576e-04,8.771045699790283590e-02,1.317046354686688000e-04
1.859499999999999886e+01,3.997985545350064146e-02,1.046505982671094192e-04,1.030363851652382340e-01,1.448014211972763958e-04,9.070180220438374408e-02,1.319344015170176602e-04
1.860000000000000142e+01,4.067074560087721724e-02,1.045411306241182800e-04,1.069252699192181771e-01,1.460139988613997470e-04,9.386293669395935624e-02,1.321762140267727210e-04
1.860500000000000043e+01,4.138261645308394937e-02,1.044318346508978383e-04,1.110539459824134850e-01,1.473004656114545324e-04,9.720697019866024469e-02,1.324306935493402499e-04
1.860999999999999943e+01,4.211630238704161533e-02,1.043227099886800523e-04,1.154425819407533110e-01,1.486667571588458912e-04,1.007483073433114162e-01,1.326985126416785875e-04
1.861500000000000199e+01,4.287268002859217358e-02,1.042137562796337935e-04,1.201135171837841575e-01,1.501194391725270568e-04,1.045028043871799178e-01,1.329804018458587709e-04
1.862000000000000099e+01,4.365267083927150404e-02,1.041049731668619734e-04,1.250915487349877342e-01,1.516657900136526599e-04,1.084879486672996607e-01,1.332771566488397921e-04
1.862500000000000000e+01,4.445724388987976061e-02,1.039963602943981015e-04,1.304042635593498367e-01,1.533138965131867408e-04,1.127230646978177736e-01,1.335896457408562515e-04
1.863000000000000256e+01,4.528741883641721616e-02,1.038879173072035746e-04,1.360824250959061232e-01,1.550727652474568415e-04,1.172295518144931964e-01,1.339188211415353431e-04
1.863499999999999801e+01,4.614426911542666987e-02,1.037796438511653593e-04,1.421604250702331873e-01,1.569524523317148606e-04,1.220311595885870681e-01,1.342657312470541225e-04
1.864000000000000057e+01,4.702892537744193108e-02,1.036715395730917772e-04,1.486768146589032003e-01,1.589642151942484796e-04,1.271543089546232075e-01,1.346315381007983953e-04
1.864499999999999957e+01,4.794257917899291677e-02,1.035636041207112310e-04,1.556749298267133541e-01,1.611206877063498227e-04,1.326284663329697355e-01,1.350175340763697703e-04
1.864999999999999858e+01,4.888648695569709768e-02,1.034558371426681116e-04,1.632036120369070031e-01,1.634360726595626776e-04,1.384865651519707752e-01,1.354251285198845931e-04
1.865500000000000114e+01,4.986197430112289386e-02,1.033482382885205484e-04,1.713179846101899051e-01,1.659263944947334262e-04,1.447654432872137464e-01,1.358558196179200487e-04
1.866000000000000014e+01,5.087044057862630253e-02,1.032408072087372651e-04,1.800800401840681186e-01,1.686098406058262234e-04,1.515060967000271541e-01,1.363109957335737203e-04
1.866499999999999915e+01,5.191336389609318980e-02,1.031335435546949504e-04,1.895601575655159188e-01,1.715070548824871688e-04,1.587545984859991266e-01,1.367921900599786611e-04
1.867000000000000171e+01,5.299230647658683541e-02,1.030264469786752496e-04,1.998397770711621002e-01,1.746415628072967355e-04,1.665638799546018955e-01,1.373019325330051806e-04
1.867500000000000071e+01,5.410892046130772598e-02,1.029195171338622707e-04,2.110122217051406956e-01,1.780403030648648125e-04,1.749939758142643464e-01,1.378428981940107848e-04
1.867999999999999972e+01,5.526495418510273677e-02,1.028127536743391829e-04,2.231841857532884665e-01,1.817342002224028310e-04,1.841126763313557790e-01,1.384177528129148160e-04
1.868500000000000227e+01,5.646225896898265928e-02,1.027061562550859802e-04,2.364785739139778353e-01,1.857588994249576952e-04,1.939971196374186690e-01,1.390294479714155912e-04
1.868999999999999773e+01,5.770279647891286834e-02,1.025997245319767439e-04,2.510378335257268390e-01,1.901556757850270704e-04,2.047356054881516729e-01,1.396813615656441576e-04
1.869500000000000028e+01,5.898864670547137451e-02,1.024934581617759565e-04,2.670277987287940635e-01,1.949725397992066792e-04,2.164295890121679111e-01,1.403773644551273606e-04
1.870000000000000284e+01,6.032201662491632616e-02,1.023873568021369971e-04,2.846424157836360269e-01,2.002656021692563338e-04,2.291960786207617173e-01,1.411218962290068809e-04
1.870499999999999829e+01,6.170524960901674350e-02,1.022814201115987670e-04,3.041096351410635390e-01,2.061007728633415439e-04,2.431705709906686053e-01,1.419200639403990331e-04
1.871000000000000085e+01,6.314083565850735213e-02,1.021756477495823555e-04,3.256988042596309363e-01,2.125558910361831648e-04,2.585106601584397645e-01,1.427777669322409862e-04
1.871499999999999986e+01,6.463142254355197514e-02,1.020700393763895766e-04,3.497300073221765171e-01,2.197234148733636467e-04,2.754004987650229275e-01,1.437018526312278403e-04
1.871999999999999886e+01,6.617982794429821958e-02,1.019645946531993368e-04,3.765859562602166255e-01,2.277138456561056813e-04,2.940563467420275190e-01,1.447003108959900980e-04
1.872500000000000142e+01,6.778905269538845757e-02,1.018593132420648838e-04,4.067272584563431659e-01,2.366601237770507029e-04,3.147335196679359459e-01,1.457825175379713623e-04
1.873000000000000043e+01,6.946229525063482568e-02,1.017541948059117601e-04,4.407121995600190023e-01,2.467233244811889502e-04,3.377351540431747234e-01,1.469595414467522612e-04
1.873499999999999943e+01,7.120296749803187164e-02,1.016492390085345235e-04,4.792226296990584333e-01,2.581001105656163808e-04,3.634233520433735598e-01,1.482445348836023747e-04
1.874000000000000199e+01,7.301471207104372196e-02,1.015444455145942532e-04,5.230981968501217105e-01,2.710325879421988222e-04,3.922334717913602553e-01,1.496532336300184331e-04
1.874500000000000099e+01,7.490142132014607212e-02,1.014398139896158528e-04,5.733821403469442357e-01,2.858214889555173101e-04,4.246926175616334009e-01,1.512046037433108496e-04
1.875000000000000000e+01,7.686725812906422539e-02,1.013353440999853944e-04,6.313833132671711201e-01,3.028440273953042624e-04,4.614437981714049064e-01,1.529216861010704428e-04
1.875500000000000256e+01,7.891667878352701115e-02,1.012310355129474211e-04,6.987613263111008832e-01,3.225784092951760533e-04,5.032778237130483001e-01,1.548327108949202257e-04
1.875999999999999801e+01,8.105445812705334985e-02,1.011268878966026165e-04,7.776451658946560430e-01,3.456379796193133867e-04,5.511758988676936921e-01,1.569725851812361103e-04
1.876500000000000057e+01,8.328571726890672544e-02,1.010229009199042942e-04,8.708011310625115575e-01,3.728195658039046333e-04,6.063672018135410902e-01,1.593849029650556905e-04
1.876999999999999957e+01,8.561595414431337481e-02,1.009190742526569750e-04,9.818748418739233763e-01,4.051731433417621710e-04,6.704077654818479948e-01,1.621246979407916220e-04
1.877499999999999858e+01,8.805107726750763253e-02,1.008154075655126868e-04,1.115746868217825094e+00,4.441042077774400715e-04,7.452901241163083501e-01,1.652622686215898741e-04
1.878000000000000114e+01,9.059744306437418626e-02,1.007119005299689728e-04,1.279066752603760015e+00,4.915274984785837804e-04,8.335981666553015090e-01,1.688885790241059922e-04
1.878500000000000014e+01,9.326189722513199276e-02,1.006085528183663162e-04,1.481074450540767362e+00,5.501034570951669755e-04,9.387296872974132400e-01,1.731230184545099089e-04
1.878999999999999915e+01,9.605182057932160067e-02,1.005053641038851180e-04,1.734898319737826045e+00,6.236118628772887619e-04,1.065222444576475080e+00,1.781247679544028053e-04
1.879500000000000171e+01,9.897518006705227633e-02,1.004023340605432306e-04,2.059668926320000981e+00,7.175603044419214416e-04,1.219242159975797435e+00,1.841098088557212341e-04
1.880000000000000071e+01,1.020405854637024545e-01,1.002994623631939383e-04,2.484080242889060930e+00,8.402092889590763577e-04,1.409330395125590218e+00,1.913769849963690203e-04
1.880499999999999972e+01,1.052573526122035086e-01,1.001967486875226371e-04,3.052623026610509438e+00,1.004366547963536117e-03,1.647581427421236366e+00,2.003490093804609286e-04
1.881000000000000227e+01,1.086355740299364686e-01,1.000941927100444900e-04,3.836973577040691641e+00,1.230665336367084504e-03,1.951549948174280180e+00,2.116389280659656527e-04
1.881499999999999773e+01,1.121861978894279910e-01,9.999179410810243483e-05,4.957813184121588002e+00,1.553845238056348818e-03,2.347448283920502199e+00,2.261615007354528901e-04
1.882000000000000028e+01,1.159211165269736221e-01,9.988955255986367403e-05,6.628794116260306346e+00,2.035407918140644604e-03,2.875709896666059251e+00,2.453270003291897370e-04
1.882500000000000284e+01,1.198532658151153230e-01,9.978746774431810273e-05,9.249406656426927498e+00,2.790349179461710377e-03,3.601087673769337805e+00,2.713929575379310185e-04
1.882999999999999829e+01,1.239967369495558747e-01,9.968553934127521868e-05,1.360543434064045876e+01,4.044860577113353582e-03,4.631862349600612383e+00,3.081331998693844290e-04
1.883500000000000085e+01,1.283669024542427595e-01,9.958376703136150661e-05,2.126193519587494407e+01,6.249450165215511555e-03,6.158261714923563446e+00,3.621759666558080869e-04
1.883999999999999986e+01,1.329805585085775954e-01,9.948215049601866287e-05,3.480861969722755589e+01,1.014957534214210380e-02,8.533113842257568749e+00,4.458129375105352615e-04
1.884499999999999886e+01,1.378560860574819802e-01,9.938068941750015308e-05,5.376267510206865552e+01,1.560626089714971243e-02,1.244600442186465905e+01,5.830647666912805579e-04
1.885000000000000142e+01,1.430136335899408473e-01,9.927938347886939609e-05,6.004397180639382015e+01,1.741510137218894860e-02,1.927555137969783061e+01,8.219499581856639378e-04
1.885500000000000043e+01,1.484753249801245290e-01,9.917823236399729743e-05,4.368352371933789868e+01,1.270650680719274776e-02,3.143824702799764736e+01,1.246634308215866828e-03
1.885999999999999943e+01,1.542654963947680258e-01,9.907723575755915933e-05,2.680536821288982452e+01,7.848949055616973730e-03,4.962532773485076376e+01,1.881200276886179322e-03
1.886500000000000199e+01,1.604109670041313496e-01,9.897639334503287821e-05,1.670028452705767563e+01,4.941118622841496680e-03,5.911234540390886139e+01,2.212853098855001744e-03
1.887000000000000099e+01,1.669413491202008659e-01,9.887570481269630199e-05,1.104043209061794961e+01,3.312980496486613632e-03,4.523533204274404085e+01,1.730908017109336703e-03
1.887500000000000000e+01,1.738894044598179867e-01,9.877516984762470926e-05,7.732499328851885068e+00,2.362041043906572876e-03,2.801010652790980515e+01,1.132474368771733703e-03
1.888000000000000256e+01,1.812914545372839581e-01,9.867478813768818012e-05,5.682030156260712062e+00,1.773327726684299213e-03,1.734852500716640478e+01,7.627928762186965417e-04
1.888499999999999801e+01,1.891878547872381799e-01,9.857455937154982082e-05,4.338213519939318807e+00,1.388057612552616102e-03,1.138278514840920330e+01,5.569510418908590280e-04
1.889000000000000057e+01,1.976235439765249013e-01,9.847448323866259243e-05,3.414055374937889464e+00,1.123253356980257692e-03,7.915909598273152881e+00,4.386844003231959825e-04
1.889499999999999957e+01,2.066486828745721649e-01,9.837455942926738638e-05,2.756492232505806328e+00,9.354514724961673130e-04,5.783946401309462360e+00,3.677008949533331142e-04
1.889999999999999858e+01,2.163193991350719492e-01,9.827478763439046307e-05,2.275194474083283236e+00,7.991522653971485073e-04,4.402475454968633350e+00,3.241669422686724029e-04
1.890500000000000114e+01,2.266986590485596809e-01,9.817516754584116147e-05,1.910519911959128736e+00,6.971794199841904651e-04,3.459505339309961958e+00,2.973436271623152338e-04
1.891000000000000014e+01,2.378572914550295403e-01,9.807569885620935125e-05,1.625395668675131189e+00,6.180207912866911681e-04,2.784995978993433763e+00,2.785395905708066243e-04
1.891499999999999915e+01,2.498751949159888908e-01,9.797638125886318303e-05,1.400473643584826622e+00,5.534206599758917508e-04,2.289698153955010529e+00,2.620013732007521901e-04
1.892000000000000171e+01,2.628427665762642085e-01,9.787721444794668965e-05,1.223733369278443783e+00,5.004277561627527588e-04,1.922005222868172103e+00,2.484627300163718094e-04
1.892500000000000071e+01,2.768626004463010659e-01,9.777819811837759059e-05,1.085443430484288596e+00,4.587352454229019902e-04,1.647084589458029269e+00,2.399749102113349635e-04
1.892999999999999972e+01,2.920515147035198100e-01,9.767933196584458150e-05,9.761588478463401053e-01,4.258495198145135444e-04,1.438084850429618866e+00,2.360652366309073978e-04
1.893500000000000227e+01,3.085429828460709012e-01,9.758061568680523356e-05,8.847176317248917066e-01,3.982150846915017989e-04,1.269731248980041638e+00,2.358340753743422714e-04
1.893999999999999773e+01,3.264900632162128225e-01,9.748204897848397415e-05,8.127535069292890491e-01,3.751827825665122432e-04,1.139311825779576903e+00,2.402248566410860654e-04
1.894500000000000028e+01,3.460689470115198008e-01,9.738363153886879357e-05,7.632427398158395659e-01,3.573154849796677298e-04,1.048490899631176587e+00,2.497925981209669086e-04
1.895000000000000284e+01,3.674832784349639225e-01,9.728536306671014731e-05,7.171666459658818660e-01,3.436684273043034759e-04,9.683127019580074490e-01,2.583273219763610276e-04
1.895499999999999829e+01,3.909694448876822603e-01,9.718724326151802868e-05,6.673839724311783073e-01,3.319874153673758074e-04,8.864191251735726862e-01,2.629241839449883563e-04
1.896000000000000085e+01,4.168030939633518006e-01,9.708927182355923122e-05,6.411124800058435325e-01,3.210557969675565055e-04,8.389111149000351153e-01,2.738797211328892816e-04
1.896499999999999986e+01,4.453072129361843046e-01,9.699144845385610186e-05,6.470453298023156607e-01,3.128467973511475436e-04,8.368788437043525041e-01,2.966966530316968533e-04
1.896999999999999886e+01,4.768622132314225825e-01,9.689377285418345094e-05,6.533358518600663745e-01,3.083634827332385571e-04,8.380054268711802923e-01,3.138554540434225254e-04
1.897500000000000142e+01,5.119186082141726768e-01,9.679624472706645157e-05,6.135799515282281957e-01,3.059466319679661050e-04,7.808583094376984057e-01,3.073474945908436732e-04
1.898000000000000043e+01,5.510130738028841124e-01,9.669886377577864740e-05,5.324392425260927597e-01,3.032647082377106949e-04,6.714055470333143427e-01,2.947034920065304069e-04
1.898499999999999943e+01,5.947889618388036981e-01,9.660162970433945899e-05,4.583515415731461151e-01,3.041058933497307144e-04,5.721206946509406199e-01,2.948990901483470629e-04
1.899000000000000199e+01,6.440227314794484403e-01,9.650454221751185273e-05,4.112737946119631172e-01,3.119885055879030003e-04,5.088875552878253661e-01,3.154796664582882075e-04
1.899500000000000099e+01,6.996583279903507702e-01,9.640760102080036219e-05,3.855934992380709025e-01,3.264511018782230434e-04,4.745699040563953197e-01,3.571153813232951771e-04
1.900000000000000000e+01,7.628523536978305541e-01,9.631080582044863512e-05,3.716808799339672009e-01,3.429677629455648094e-04,4.564226691711418260e-01,4.067264220859114106e-04
