k_index,band_index,distance_bohr_inv,kx,ky,kz,gradscf_hartree,pyscf_hartree,difference_ev
0.000000000000000000e+00,0.000000000000000000e+00,0.000000000000000000e+00,0.000000000000000000e+00,0.000000000000000000e+00,0.000000000000000000e+00,-2.065107827147162067e-01,-2.065107827146664687e-01,-1.353439697893435295e-12
0.000000000000000000e+00,1.000000000000000000e+00,0.000000000000000000e+00,0.000000000000000000e+00,0.000000000000000000e+00,0.000000000000000000e+00,2.471297078045232576e-01,2.471297078047952345e-01,-7.400868080166167267e-12
0.000000000000000000e+00,2.000000000000000000e+00,0.000000000000000000e+00,0.000000000000000000e+00,0.000000000000000000e+00,0.000000000000000000e+00,2.471297078045235351e-01,2.471297078047960949e-01,-7.416728701625856310e-12
0.000000000000000000e+00,3.000000000000000000e+00,0.000000000000000000e+00,0.000000000000000000e+00,0.000000000000000000e+00,0.000000000000000000e+00,2.471297078045238682e-01,2.471297078060688268e-01,-4.204046534812627742e-11
0.000000000000000000e+00,4.000000000000000000e+00,0.000000000000000000e+00,0.000000000000000000e+00,0.000000000000000000e+00,0.000000000000000000e+00,3.513062227657564596e-01,3.513062227635124768e-01,6.106188208442436145e-11
0.000000000000000000e+00,5.000000000000000000e+00,0.000000000000000000e+00,0.000000000000000000e+00,0.000000000000000000e+00,0.000000000000000000e+00,3.513062227657571257e-01,3.513062227654592529e-01,8.105532833589479540e-12
0.000000000000000000e+00,6.000000000000000000e+00,0.000000000000000000e+00,0.000000000000000000e+00,0.000000000000000000e+00,0.000000000000000000e+00,3.513062227657572922e-01,3.513062227654610847e-01,8.060216772276083658e-12
0.000000000000000000e+00,7.000000000000000000e+00,0.000000000000000000e+00,0.000000000000000000e+00,0.000000000000000000e+00,0.000000000000000000e+00,3.718456457153241912e-01,3.718456457153666017e-01,-1.154049028114491675e-12
1.000000000000000000e+00,0.000000000000000000e+00,5.102698705566017373e-02,0.000000000000000000e+00,5.102698705566017373e-02,0.000000000000000000e+00,-2.054213626267906156e-01,-2.054213626267422377e-01,-1.316431581154161735e-12
1.000000000000000000e+00,1.000000000000000000e+00,5.102698705566017373e-02,0.000000000000000000e+00,5.102698705566017373e-02,0.000000000000000000e+00,2.385448085762689463e-01,2.385448085765088932e-01,-6.529289167571846073e-12
1.000000000000000000e+00,2.000000000000000000e+00,5.102698705566017373e-02,0.000000000000000000e+00,5.102698705566017373e-02,0.000000000000000000e+00,2.410511260313062953e-01,2.410511260315469917e-01,-6.549681395162874381e-12
1.000000000000000000e+00,3.000000000000000000e+00,5.102698705566017373e-02,0.000000000000000000e+00,5.102698705566017373e-02,0.000000000000000000e+00,2.410511260313064064e-01,2.410511260317362292e-01,-1.169607542498757711e-11
1.000000000000000000e+00,4.000000000000000000e+00,5.102698705566017373e-02,0.000000000000000000e+00,5.102698705566017373e-02,0.000000000000000000e+00,3.500728186649032514e-01,3.500728186646699380e-01,6.348780190006817741e-12
1.000000000000000000e+00,5.000000000000000000e+00,5.102698705566017373e-02,0.000000000000000000e+00,5.102698705566017373e-02,0.000000000000000000e+00,3.594010664904245811e-01,3.594010664898663610e-01,1.518994375225042840e-11
1.000000000000000000e+00,6.000000000000000000e+00,5.102698705566017373e-02,0.000000000000000000e+00,5.102698705566017373e-02,0.000000000000000000e+00,3.594010664904247476e-01,3.594010664901560737e-01,7.310991225227931508e-12
1.000000000000000000e+00,7.000000000000000000e+00,5.102698705566017373e-02,0.000000000000000000e+00,5.102698705566017373e-02,0.000000000000000000e+00,3.799825644193672303e-01,3.799825644193818297e-01,-3.972708041807739657e-13
2.000000000000000000e+00,0.000000000000000000e+00,1.020539741113203475e-01,0.000000000000000000e+00,1.020539741113203475e-01,0.000000000000000000e+00,-2.021406894742035221e-01,-2.021406894741570870e-01,-1.263562842955199334e-12
2.000000000000000000e+00,1.000000000000000000e+00,1.020539741113203475e-01,0.000000000000000000e+00,1.020539741113203475e-01,0.000000000000000000e+00,2.176780372882505254e-01,2.176780372880103009e-01,6.536841844457411784e-12
2.000000000000000000e+00,2.000000000000000000e+00,1.020539741113203475e-01,0.000000000000000000e+00,1.020539741113203475e-01,0.000000000000000000e+00,2.267657908522547061e-01,2.267657908519430665e-01,8.480145607113555615e-12
2.000000000000000000e+00,3.000000000000000000e+00,1.020539741113203475e-01,0.000000000000000000e+00,1.020539741113203475e-01,0.000000000000000000e+00,2.267657908522548449e-01,2.267657908524210453e-01,-4.522542919076947683e-12
2.000000000000000000e+00,4.000000000000000000e+00,1.020539741113203475e-01,0.000000000000000000e+00,1.020539741113203475e-01,0.000000000000000000e+00,3.466318406330406443e-01,3.466318406336635349e-01,-1.694971746658731746e-11
2.000000000000000000e+00,5.000000000000000000e+00,1.020539741113203475e-01,0.000000000000000000e+00,1.020539741113203475e-01,0.000000000000000000e+00,3.797003361047457393e-01,3.797003361045673264e-01,4.854860702041853514e-12
2.000000000000000000e+00,6.000000000000000000e+00,1.020539741113203475e-01,0.000000000000000000e+00,1.020539741113203475e-01,0.000000000000000000e+00,3.797003361047459058e-01,3.797003361055005244e-01,-2.053421791647696375e-11
2.000000000000000000e+00,7.000000000000000000e+00,1.020539741113203475e-01,0.000000000000000000e+00,1.020539741113203475e-01,0.000000000000000000e+00,3.991370190377008242e-01,3.991370190375701510e-01,3.555800277724493843e-12
3.000000000000000000e+00,0.000000000000000000e+00,1.530809611669805281e-01,0.000000000000000000e+00,1.530809611669805281e-01,0.000000000000000000e+00,-1.966483872246939379e-01,-1.966483872246492237e-01,-1.216736246264689824e-12
3.000000000000000000e+00,1.000000000000000000e+00,1.530809611669805281e-01,0.000000000000000000e+00,1.530809611669805281e-01,0.000000000000000000e+00,1.912783720097522289e-01,1.912783720096453421e-01,2.908535868631484044e-12
3.000000000000000000e+00,2.000000000000000000e+00,1.530809611669805281e-01,0.000000000000000000e+00,1.530809611669805281e-01,0.000000000000000000e+00,2.097454405311877101e-01,2.097454405308462055e-01,9.292813640000462324e-12
3.000000000000000000e+00,3.000000000000000000e+00,1.530809611669805281e-01,0.000000000000000000e+00,1.530809611669805281e-01,0.000000000000000000e+00,2.097454405311879322e-01,2.097454405312794701e-01,-2.490872836859681719e-12
3.000000000000000000e+00,4.000000000000000000e+00,1.530809611669805281e-01,0.000000000000000000e+00,1.530809611669805281e-01,0.000000000000000000e+00,3.416387431406697761e-01,3.416387431410388142e-01,-1.004203918704861286e-11
3.000000000000000000e+00,5.000000000000000000e+00,1.530809611669805281e-01,0.000000000000000000e+00,1.530809611669805281e-01,0.000000000000000000e+00,4.066155158937294067e-01,4.066155158936780589e-01,1.397245223829718358e-12
3.000000000000000000e+00,6.000000000000000000e+00,1.530809611669805281e-01,0.000000000000000000e+00,1.530809611669805281e-01,0.000000000000000000e+00,4.066155158937304059e-01,4.066155158946830883e-01,-2.592380814201689175e-11
3.000000000000000000e+00,7.000000000000000000e+00,1.530809611669805281e-01,0.000000000000000000e+00,1.530809611669805281e-01,0.000000000000000000e+00,4.214666091152471372e-01,4.214666091152110550e-01,9.818479951235858680e-13
4.000000000000000000e+00,0.000000000000000000e+00,2.041079482226406949e-01,0.000000000000000000e+00,2.041079482226406949e-01,0.000000000000000000e+00,-1.889436790724255411e-01,-1.889436790723807991e-01,-1.217491513953246436e-12
4.000000000000000000e+00,1.000000000000000000e+00,2.041079482226406949e-01,0.000000000000000000e+00,2.041079482226406949e-01,0.000000000000000000e+00,1.627752873212784113e-01,1.627752873214213802e-01,-3.890383863755070114e-12
4.000000000000000000e+00,2.000000000000000000e+00,2.041079482226406949e-01,0.000000000000000000e+00,2.041079482226406949e-01,0.000000000000000000e+00,1.927896615896216304e-01,1.927896615894340304e-01,5.104854306954090104e-12
4.000000000000000000e+00,3.000000000000000000e+00,2.041079482226406949e-01,0.000000000000000000e+00,2.041079482226406949e-01,0.000000000000000000e+00,1.927896615896218246e-01,1.927896615896783905e-01,-1.539235549278359908e-12
4.000000000000000000e+00,4.000000000000000000e+00,2.041079482226406949e-01,0.000000000000000000e+00,2.041079482226406949e-01,0.000000000000000000e+00,3.359235345491308755e-01,3.359235345489647862e-01,4.519521848322721237e-12
4.000000000000000000e+00,5.000000000000000000e+00,2.041079482226406949e-01,0.000000000000000000e+00,2.041079482226406949e-01,0.000000000000000000e+00,4.371114398449917893e-01,4.371114398450142713e-01,-6.117668277308496640e-13
4.000000000000000000e+00,6.000000000000000000e+00,2.041079482226406949e-01,0.000000000000000000e+00,2.041079482226406949e-01,0.000000000000000000e+00,4.371114398449921779e-01,4.371114398456990013e-01,-1.923364695678249126e-11
4.000000000000000000e+00,7.000000000000000000e+00,2.041079482226406949e-01,0.000000000000000000e+00,2.041079482226406949e-01,0.000000000000000000e+00,4.417960039889948787e-01,4.417960039892202539e-01,-6.132773631079628870e-12
5.000000000000000000e+00,0.000000000000000000e+00,2.551349352783008895e-01,0.000000000000000000e+00,2.551349352783008895e-01,0.000000000000000000e+00,-1.790558663573688647e-01,-1.790558663573232900e-01,-1.240149544609944579e-12
5.000000000000000000e+00,1.000000000000000000e+00,2.551349352783008895e-01,0.000000000000000000e+00,2.551349352783008895e-01,0.000000000000000000e+00,1.336222916756850398e-01,1.336222916758137425e-01,-3.502176271836975032e-12
5.000000000000000000e+00,2.000000000000000000e+00,2.551349352783008895e-01,0.000000000000000000e+00,2.551349352783008895e-01,0.000000000000000000e+00,1.770927386082346566e-01,1.770927386080778931e-01,4.265751904967702195e-12
5.000000000000000000e+00,3.000000000000000000e+00,2.551349352783008895e-01,0.000000000000000000e+00,2.551349352783008895e-01,0.000000000000000000e+00,1.770927386082348787e-01,1.770927386082958022e-01,-1.657812576381746904e-12
5.000000000000000000e+00,4.000000000000000000e+00,2.551349352783008895e-01,0.000000000000000000e+00,2.551349352783008895e-01,0.000000000000000000e+00,3.303532128635544574e-01,3.303532128634227849e-01,3.582989914512531857e-12
5.000000000000000000e+00,5.000000000000000000e+00,2.551349352783008895e-01,0.000000000000000000e+00,2.551349352783008895e-01,0.000000000000000000e+00,4.565155847679079892e-01,4.565155847680543721e-01,-3.983281789447532319e-12
5.000000000000000000e+00,6.000000000000000000e+00,2.551349352783008895e-01,0.000000000000000000e+00,2.551349352783008895e-01,0.000000000000000000e+00,4.695786260990058580e-01,4.695786260990032490e-01,7.099516272432082508e-14
5.000000000000000000e+00,7.000000000000000000e+00,2.551349352783008895e-01,0.000000000000000000e+00,2.551349352783008895e-01,0.000000000000000000e+00,4.695786260990062466e-01,4.695786260997487083e-01,-2.020341066888917155e-11
6.000000000000000000e+00,0.000000000000000000e+00,3.061619223339610563e-01,0.000000000000000000e+00,3.061619223339610563e-01,0.000000000000000000e+00,-1.670401989519954833e-01,-1.670401989519479102e-01,-1.294528818186020204e-12
6.000000000000000000e+00,1.000000000000000000e+00,3.061619223339610563e-01,0.000000000000000000e+00,3.061619223339610563e-01,0.000000000000000000e+00,1.044826433222151713e-01,1.044826433222420248e-01,-7.307214886785148652e-13
6.000000000000000000e+00,2.000000000000000000e+00,3.061619223339610563e-01,0.000000000000000000e+00,3.061619223339610563e-01,0.000000000000000000e+00,1.631815737238924979e-01,1.631815737237650721e-01,3.467433958163371307e-12
6.000000000000000000e+00,3.000000000000000000e+00,3.061619223339610563e-01,0.000000000000000000e+00,3.061619223339610563e-01,0.000000000000000000e+00,1.631815737238926090e-01,1.631815737239651620e-01,-1.974269737886964297e-12
6.000000000000000000e+00,4.000000000000000000e+00,3.061619223339610563e-01,0.000000000000000000e+00,3.061619223339610563e-01,0.000000000000000000e+00,3.257838243183380778e-01,3.257838243184654203e-01,-3.465168155097701270e-12
6.000000000000000000e+00,5.000000000000000000e+00,3.061619223339610563e-01,0.000000000000000000e+00,3.061619223339610563e-01,0.000000000000000000e+00,4.629377881967057240e-01,4.629377881966231789e-01,2.246166105767341611e-12
6.000000000000000000e+00,6.000000000000000000e+00,3.061619223339610563e-01,0.000000000000000000e+00,3.061619223339610563e-01,0.000000000000000000e+00,5.028161941923044997e-01,5.028161941922428824e-01,1.676694268595661990e-12
6.000000000000000000e+00,7.000000000000000000e+00,3.061619223339610563e-01,0.000000000000000000e+00,3.061619223339610563e-01,0.000000000000000000e+00,5.028161941923048328e-01,5.028161941930557877e-01,-2.043452258158749022e-11
7.000000000000000000e+00,0.000000000000000000e+00,3.571889093896212786e-01,0.000000000000000000e+00,3.571889093896212786e-01,0.000000000000000000e+00,-1.529714137222583925e-01,-1.529714137222094594e-01,-1.331536934925293763e-12
7.000000000000000000e+00,1.000000000000000000e+00,3.571889093896212786e-01,0.000000000000000000e+00,3.571889093896212786e-01,0.000000000000000000e+00,7.571631442820439539e-02,7.571631442822390756e-02,-5.309531850552929398e-13
7.000000000000000000e+00,2.000000000000000000e+00,3.571889093896212786e-01,0.000000000000000000e+00,3.571889093896212786e-01,0.000000000000000000e+00,1.512955219928364958e-01,1.512955219928396877e-01,-8.685578418400951521e-14
7.000000000000000000e+00,3.000000000000000000e+00,3.571889093896212786e-01,0.000000000000000000e+00,3.571889093896212786e-01,0.000000000000000000e+00,1.512955219928366346e-01,1.512955219929019712e-01,-1.777900138862246921e-12
7.000000000000000000e+00,4.000000000000000000e+00,3.571889093896212786e-01,0.000000000000000000e+00,3.571889093896212786e-01,0.000000000000000000e+00,3.230444837214098142e-01,3.230444837215606935e-01,-4.105635154993702171e-12
7.000000000000000000e+00,5.000000000000000000e+00,3.571889093896212786e-01,0.000000000000000000e+00,3.571889093896212786e-01,0.000000000000000000e+00,4.596418060594235078e-01,4.596418060593693289e-01,1.474282528062491924e-12
7.000000000000000000e+00,6.000000000000000000e+00,3.571889093896212786e-01,0.000000000000000000e+00,3.571889093896212786e-01,0.000000000000000000e+00,5.355710495430681117e-01,5.355710495430178186e-01,1.368545051664567323e-12
7.000000000000000000e+00,7.000000000000000000e+00,3.571889093896212786e-01,0.000000000000000000e+00,3.571889093896212786e-01,0.000000000000000000e+00,5.355710495430685558e-01,5.355710495432975948e-01,-6.232468965969099973e-12
8.000000000000000000e+00,0.000000000000000000e+00,4.082158964452813898e-01,0.000000000000000000e+00,4.082158964452813898e-01,0.000000000000000000e+00,-1.369401503527063468e-01,-1.369401503526590513e-01,-1.286976141300454088e-12
8.000000000000000000e+00,1.000000000000000000e+00,4.082158964452813898e-01,0.000000000000000000e+00,4.082158964452813898e-01,0.000000000000000000e+00,4.756657040701334216e-02,4.756657040705947193e-02,-1.255254898381076607e-12
8.000000000000000000e+00,2.000000000000000000e+00,4.082158964452813898e-01,0.000000000000000000e+00,4.082158964452813898e-01,0.000000000000000000e+00,1.415389570139692077e-01,1.415389570140122844e-01,-1.172175452639850150e-12
8.000000000000000000e+00,3.000000000000000000e+00,4.082158964452813898e-01,0.000000000000000000e+00,4.082158964452813898e-01,0.000000000000000000e+00,1.415389570139697351e-01,1.415389570141092623e-01,-3.796730670374051095e-12
8.000000000000000000e+00,4.000000000000000000e+00,4.082158964452813898e-01,0.000000000000000000e+00,4.082158964452813898e-01,0.000000000000000000e+00,3.229255184891063335e-01,3.229255184891720587e-01,-1.788473886502039483e-12
8.000000000000000000e+00,5.000000000000000000e+00,4.082158964452813898e-01,0.000000000000000000e+00,4.082158964452813898e-01,0.000000000000000000e+00,4.470587745771307797e-01,4.470587745772194865e-01,-2.413835532626908154e-12
8.000000000000000000e+00,6.000000000000000000e+00,4.082158964452813898e-01,0.000000000000000000e+00,4.082158964452813898e-01,0.000000000000000000e+00,5.663357842615207582e-01,5.663357842610226012e-01,1.355554447421393807e-11
8.000000000000000000e+00,7.000000000000000000e+00,4.082158964452813898e-01,0.000000000000000000e+00,4.082158964452813898e-01,0.000000000000000000e+00,5.663357842615218685e-01,5.663357842615798221e-01,-1.576998933706190281e-12
9.000000000000000000e+00,0.000000000000000000e+00,4.592428835009415566e-01,0.000000000000000000e+00,4.592428835009415566e-01,0.000000000000000000e+00,-1.190517526579048385e-01,-1.190517526578577234e-01,-1.282066901324836215e-12
9.000000000000000000e+00,1.000000000000000000e+00,4.592428835009415566e-01,0.000000000000000000e+00,4.592428835009415566e-01,0.000000000000000000e+00,2.022508440223152668e-02,2.022508440228454329e-02,-1.442655693604184145e-12
9.000000000000000000e+00,2.000000000000000000e+00,4.592428835009415566e-01,0.000000000000000000e+00,4.592428835009415566e-01,0.000000000000000000e+00,1.339501726634511058e-01,1.339501726634772794e-01,-7.122174303088780853e-13
9.000000000000000000e+00,3.000000000000000000e+00,4.592428835009415566e-01,0.000000000000000000e+00,4.592428835009415566e-01,0.000000000000000000e+00,1.339501726634512169e-01,1.339501726636179724e-01,-4.537648272848079913e-12
9.000000000000000000e+00,4.000000000000000000e+00,4.592428835009415566e-01,0.000000000000000000e+00,4.592428835009415566e-01,0.000000000000000000e+00,3.261610854500511247e-01,3.261610854500915369e-01,-1.099669754538416253e-12
9.000000000000000000e+00,5.000000000000000000e+00,4.592428835009415566e-01,0.000000000000000000e+00,4.592428835009415566e-01,0.000000000000000000e+00,4.275379544953605282e-01,4.275379544954693856e-01,-2.962159874519002855e-12
9.000000000000000000e+00,6.000000000000000000e+00,4.592428835009415566e-01,0.000000000000000000e+00,4.592428835009415566e-01,0.000000000000000000e+00,5.933112065335915952e-01,5.933112065328632889e-01,1.981822414772530170e-11
9.000000000000000000e+00,7.000000000000000000e+00,4.592428835009415566e-01,0.000000000000000000e+00,4.592428835009415566e-01,0.000000000000000000e+00,5.933112065335921503e-01,5.933112065337482477e-01,-4.247625480442343519e-12
1.000000000000000000e+01,0.000000000000000000e+00,5.102698705566017789e-01,0.000000000000000000e+00,5.102698705566017789e-01,0.000000000000000000e+00,-9.942521738383970631e-02,-9.942521738379095364e-02,-1.326627694949675890e-12
1.000000000000000000e+01,1.000000000000000000e+00,5.102698705566017789e-01,0.000000000000000000e+00,5.102698705566017789e-01,0.000000000000000000e+00,-6.150043289817693284e-03,-6.150043289760542820e-03,-1.555143374968583399e-12
1.000000000000000000e+01,2.000000000000000000e+00,5.102698705566017789e-01,0.000000000000000000e+00,5.102698705566017789e-01,0.000000000000000000e+00,1.285363160499041202e-01,1.285363160499378432e-01,-9.176502415962744960e-13
1.000000000000000000e+01,3.000000000000000000e+00,5.102698705566017789e-01,0.000000000000000000e+00,5.102698705566017789e-01,0.000000000000000000e+00,1.285363160499045365e-01,1.285363160500090363e-01,-2.843582847415615859e-12
1.000000000000000000e+01,4.000000000000000000e+00,5.102698705566017789e-01,0.000000000000000000e+00,5.102698705566017789e-01,0.000000000000000000e+00,3.333913674462292698e-01,3.333913674462385401e-01,-2.522594079779059201e-13
1.000000000000000000e+01,5.000000000000000000e+00,5.102698705566017789e-01,0.000000000000000000e+00,5.102698705566017789e-01,0.000000000000000000e+00,4.045766805482518547e-01,4.045766805483680950e-01,-3.163061079675059496e-12
1.000000000000000000e+01,6.000000000000000000e+00,5.102698705566017789e-01,0.000000000000000000e+00,5.102698705566017789e-01,0.000000000000000000e+00,6.145337037374798417e-01,6.145337037371251254e-01,9.652321059753405361e-12
1.000000000000000000e+01,7.000000000000000000e+00,5.102698705566017789e-01,0.000000000000000000e+00,5.102698705566017789e-01,0.000000000000000000e+00,6.145337037374810629e-01,6.145337037376109590e-01,-3.534652782444909125e-12
1.100000000000000000e+01,0.000000000000000000e+00,5.612968576122618902e-01,0.000000000000000000e+00,5.612968576122618902e-01,0.000000000000000000e+00,-7.819005701420436716e-02,-7.819005701415526755e-02,-1.336068541056633432e-12
1.100000000000000000e+01,1.000000000000000000e+00,5.612968576122618902e-01,0.000000000000000000e+00,5.612968576122618902e-01,0.000000000000000000e+00,-3.142560072607138155e-02,-3.142560072601163768e-02,-1.625713699618091218e-12
1.100000000000000000e+01,2.000000000000000000e+00,5.612968576122618902e-01,0.000000000000000000e+00,5.612968576122618902e-01,0.000000000000000000e+00,1.252924426025405213e-01,1.252924426025778526e-01,-1.015835041108632982e-12
1.100000000000000000e+01,3.000000000000000000e+00,5.612968576122618902e-01,0.000000000000000000e+00,5.612968576122618902e-01,0.000000000000000000e+00,1.252924426025408544e-01,1.252924426025965599e-01,-1.515822250933105153e-12
1.100000000000000000e+01,4.000000000000000000e+00,5.612968576122618902e-01,0.000000000000000000e+00,5.612968576122618902e-01,0.000000000000000000e+00,3.450769631799261439e-01,3.450769631798970005e-01,7.930310729844347085e-13
1.100000000000000000e+01,5.000000000000000000e+00,5.612968576122618902e-01,0.000000000000000000e+00,5.612968576122618902e-01,0.000000000000000000e+00,3.816465955015387324e-01,3.816465955016512535e-01,-3.061855209408474766e-12
1.100000000000000000e+01,6.000000000000000000e+00,5.612968576122618902e-01,0.000000000000000000e+00,5.612968576122618902e-01,0.000000000000000000e+00,6.281640674798163460e-01,6.281640674797847046e-01,8.610051649545291380e-13
1.100000000000000000e+01,7.000000000000000000e+00,5.612968576122618902e-01,0.000000000000000000e+00,5.612968576122618902e-01,0.000000000000000000e+00,6.281640674798176782e-01,6.281640674799252588e-01,-2.927417560845399130e-12
1.200000000000000000e+01,0.000000000000000000e+00,6.123238446679221125e-01,0.000000000000000000e+00,6.123238446679221125e-01,0.000000000000000000e+00,-5.548007490486985688e-02,-5.548007490664391694e-02,4.827463366639463204e-11
1.200000000000000000e+01,1.000000000000000000e+00,6.123238446679221125e-01,0.000000000000000000e+00,6.123238446679221125e-01,0.000000000000000000e+00,-5.548001032562598078e-02,-5.548001032374513114e-02,-5.118052609811616198e-11
1.200000000000000000e+01,2.000000000000000000e+00,6.123238446679221125e-01,0.000000000000000000e+00,6.123238446679221125e-01,0.000000000000000000e+00,1.242120550161696230e-01,1.242120550161824599e-01,-3.493113059574295896e-13
1.200000000000000000e+01,3.000000000000000000e+00,6.123238446679221125e-01,0.000000000000000000e+00,6.123238446679221125e-01,0.000000000000000000e+00,1.242120550161698034e-01,1.242120550162383597e-01,-1.865511190734813048e-12
1.200000000000000000e+01,4.000000000000000000e+00,6.123238446679221125e-01,0.000000000000000000e+00,6.123238446679221125e-01,0.000000000000000000e+00,3.613299797713703243e-01,3.613299797717881567e-01,-1.136979978353112417e-11
1.200000000000000000e+01,5.000000000000000000e+00,6.123238446679221125e-01,0.000000000000000000e+00,6.123238446679221125e-01,0.000000000000000000e+00,3.613312303554254701e-01,3.613312303550572091e-01,1.002089169176902854e-11
1.200000000000000000e+01,6.000000000000000000e+00,6.123238446679221125e-01,0.000000000000000000e+00,6.123238446679221125e-01,0.000000000000000000e+00,6.328704486113908567e-01,6.328704486112646244e-01,3.434957447555437214e-12
1.200000000000000000e+01,7.000000000000000000e+00,6.123238446679221125e-01,0.000000000000000000e+00,6.123238446679221125e-01,0.000000000000000000e+00,6.328704486113915229e-01,6.328704486116828454e-01,-7.927289659090121648e-12
1.300000000000000000e+01,0.000000000000000000e+00,6.378373381957521682e-01,2.551349352783008687e-02,6.123238446679221125e-01,0.000000000000000000e+00,-5.540481811625791453e-02,-5.540481811803327217e-02,4.830994243083464832e-11
1.300000000000000000e+01,1.000000000000000000e+00,6.378373381957521682e-01,2.551349352783008687e-02,6.123238446679221125e-01,0.000000000000000000e+00,-5.540475347644210902e-02,-5.540475347455992711e-02,-5.121677894716688257e-11
1.300000000000000000e+01,2.000000000000000000e+00,6.378373381957521682e-01,2.551349352783008687e-02,6.123238446679221125e-01,0.000000000000000000e+00,1.234893859140144962e-01,1.234893859140627353e-01,-1.312655242711378678e-12
1.300000000000000000e+01,3.000000000000000000e+00,6.378373381957521682e-01,2.551349352783008687e-02,6.123238446679221125e-01,0.000000000000000000e+00,1.234893860668106330e-01,1.234893860668439258e-01,-9.059435924236471186e-13
1.300000000000000000e+01,4.000000000000000000e+00,6.378373381957521682e-01,2.551349352783008687e-02,6.123238446679221125e-01,0.000000000000000000e+00,3.632234945102270629e-01,3.632234945106427304e-01,-1.131088890382370888e-11
1.300000000000000000e+01,5.000000000000000000e+00,6.378373381957521682e-01,2.551349352783008687e-02,6.123238446679221125e-01,0.000000000000000000e+00,3.632247494215396499e-01,3.632247494211702232e-01,1.005261293468840663e-11
1.300000000000000000e+01,6.000000000000000000e+00,6.378373381957521682e-01,2.551349352783008687e-02,6.123238446679221125e-01,0.000000000000000000e+00,6.322652912449421292e-01,6.322652912450196228e-01,-2.108707386450039933e-12
1.300000000000000000e+01,7.000000000000000000e+00,6.378373381957521682e-01,2.551349352783008687e-02,6.123238446679221125e-01,0.000000000000000000e+00,6.322652978376654964e-01,6.322652978377569788e-01,-2.489362301482568496e-12
1.400000000000000000e+01,0.000000000000000000e+00,6.633508317235822238e-01,5.102698705566017373e-02,6.123238446679221125e-01,0.000000000000000000e+00,-5.518307669077524708e-02,-5.518307669255818892e-02,4.851631932673274126e-11
1.400000000000000000e+01,1.000000000000000000e+00,6.633508317235822238e-01,5.102698705566017373e-02,6.123238446679221125e-01,0.000000000000000000e+00,-5.518301187212366898e-02,-5.518301187023486737e-02,-5.139691029088763128e-11
1.400000000000000000e+01,2.000000000000000000e+00,6.633508317235822238e-01,5.102698705566017373e-02,6.123238446679221125e-01,0.000000000000000000e+00,1.214142947521099358e-01,1.214142947521790888e-01,-1.881749446038780095e-12
1.400000000000000000e+01,3.000000000000000000e+00,6.633508317235822238e-01,5.102698705566017373e-02,6.123238446679221125e-01,0.000000000000000000e+00,1.214142952410676574e-01,1.214142952410805359e-01,-3.504442074902645068e-13
1.400000000000000000e+01,4.000000000000000000e+00,6.633508317235822238e-01,5.102698705566017373e-02,6.123238446679221125e-01,0.000000000000000000e+00,3.687854113031379111e-01,3.687854113035347603e-01,-1.079881741098233153e-11
1.400000000000000000e+01,5.000000000000000000e+00,6.633508317235822238e-01,5.102698705566017373e-02,6.123238446679221125e-01,0.000000000000000000e+00,3.687866789680178115e-01,3.687866789676509938e-01,9.981617771964085553e-12
1.400000000000000000e+01,6.000000000000000000e+00,6.633508317235822238e-01,5.102698705566017373e-02,6.123238446679221125e-01,0.000000000000000000e+00,6.304417226487998294e-01,6.304417226488806536e-01,-2.199339509076832506e-12
1.400000000000000000e+01,7.000000000000000000e+00,6.633508317235822238e-01,5.102698705566017373e-02,6.123238446679221125e-01,0.000000000000000000e+00,6.304417487387422581e-01,6.304417487388505048e-01,-2.945543985370757402e-12
1.500000000000000000e+01,0.000000000000000000e+00,6.888643252514122794e-01,7.654048058349026407e-02,6.123238446679221125e-01,0.000000000000000000e+00,-5.482689680416165390e-02,-5.482689680595508736e-02,4.880181051300714081e-11
1.500000000000000000e+01,1.000000000000000000e+00,6.888643252514122794e-01,7.654048058349026407e-02,6.123238446679221125e-01,0.000000000000000000e+00,-5.482683169708407744e-02,-5.482683169518666466e-02,-5.163123209126232066e-11
1.500000000000000000e+01,2.000000000000000000e+00,6.888643252514122794e-01,7.654048058349026407e-02,6.123238446679221125e-01,0.000000000000000000e+00,1.182371497632817015e-01,1.182371497633791652e-01,-2.652122488366516559e-12
1.500000000000000000e+01,3.000000000000000000e+00,6.888643252514122794e-01,7.654048058349026407e-02,6.123238446679221125e-01,0.000000000000000000e+00,1.182371505020612251e-01,1.182371505020380076e-01,6.317814214775996669e-13
1.500000000000000000e+01,4.000000000000000000e+00,6.888643252514122794e-01,7.654048058349026407e-02,6.123238446679221125e-01,0.000000000000000000e+00,3.776880301803167694e-01,3.776880301806997409e-01,-1.042118356670402820e-11
1.500000000000000000e+01,5.000000000000000000e+00,6.888643252514122794e-01,7.654048058349026407e-02,6.123238446679221125e-01,0.000000000000000000e+00,3.776893182973114493e-01,3.776893182969576213e-01,9.628152493719593793e-12
1.500000000000000000e+01,6.000000000000000000e+00,6.888643252514122794e-01,7.654048058349026407e-02,6.123238446679221125e-01,0.000000000000000000e+00,6.273767538525090171e-01,6.273767538526051624e-01,-2.616247273160078017e-12
1.500000000000000000e+01,7.000000000000000000e+00,6.888643252514122794e-01,7.654048058349026407e-02,6.123238446679221125e-01,0.000000000000000000e+00,6.273768114602544799e-01,6.273768114604193480e-01,-4.486290070026231138e-12
1.600000000000000000e+01,0.000000000000000000e+00,7.143778187792423351e-01,1.020539741113203475e-01,6.123238446679221125e-01,0.000000000000000000e+00,-5.435618892206030284e-02,-5.435618892386970963e-02,4.923646706777146215e-11
1.600000000000000000e+01,1.000000000000000000e+00,7.143778187792423351e-01,1.020539741113203475e-01,6.123238446679221125e-01,0.000000000000000000e+00,-5.435612343153542469e-02,-5.435612342962558435e-02,-5.196940319881353917e-11
1.600000000000000000e+01,2.000000000000000000e+00,7.143778187792423351e-01,1.020539741113203475e-01,6.123238446679221125e-01,0.000000000000000000e+00,1.142988092623208607e-01,1.142988092624476898e-01,-3.451195702859404260e-12
1.600000000000000000e+01,3.000000000000000000e+00,7.143778187792423351e-01,1.020539741113203475e-01,6.123238446679221125e-01,0.000000000000000000e+00,1.142988099357896553e-01,1.142988099357188092e-01,1.927820775040733194e-12
1.600000000000000000e+01,4.000000000000000000e+00,7.143778187792423351e-01,1.020539741113203475e-01,6.123238446679221125e-01,0.000000000000000000e+00,3.894609710583431528e-01,3.894609710587290108e-01,-1.049973140631391579e-11
1.600000000000000000e+01,5.000000000000000000e+00,7.143778187792423351e-01,1.020539741113203475e-01,6.123238446679221125e-01,0.000000000000000000e+00,3.894622860827217092e-01,3.894622860823890864e-01,9.051127979662348258e-12
1.600000000000000000e+01,6.000000000000000000e+00,7.143778187792423351e-01,1.020539741113203475e-01,6.123238446679221125e-01,0.000000000000000000e+00,6.230365849522048194e-01,6.230365849523457067e-01,-3.833738787113324453e-12
1.600000000000000000e+01,7.000000000000000000e+00,7.143778187792423351e-01,1.020539741113203475e-01,6.123238446679221125e-01,0.000000000000000000e+00,6.230366844830971251e-01,6.230366844833541418e-01,-6.993778796034157907e-12
1.700000000000000000e+01,0.000000000000000000e+00,7.398913123070723907e-01,1.275674676391504447e-01,6.123238446679221125e-01,0.000000000000000000e+00,-5.379836933723219916e-02,-5.379836933905949442e-02,4.972323709304619796e-11
1.700000000000000000e+01,1.000000000000000000e+00,7.398913123070723907e-01,1.275674676391504447e-01,6.123238446679221125e-01,0.000000000000000000e+00,-5.379830338877996526e-02,-5.379830338685314545e-02,-5.243143820728803954e-11
1.700000000000000000e+01,2.000000000000000000e+00,7.398913123070723907e-01,1.275674676391504447e-01,6.123238446679221125e-01,0.000000000000000000e+00,1.099612941223486046e-01,1.099612941225037444e-01,-4.221568745187141129e-12
1.700000000000000000e+01,3.000000000000000000e+00,7.398913123070723907e-01,1.275674676391504447e-01,6.123238446679221125e-01,0.000000000000000000e+00,1.099612943404452980e-01,1.099612943403174975e-01,3.477630071958885461e-12
1.700000000000000000e+01,4.000000000000000000e+00,7.398913123070723907e-01,1.275674676391504447e-01,6.123238446679221125e-01,0.000000000000000000e+00,4.035594876873896952e-01,4.035594876877930948e-01,-1.097706058548168942e-11
1.700000000000000000e+01,5.000000000000000000e+00,7.398913123070723907e-01,1.275674676391504447e-01,6.123238446679221125e-01,0.000000000000000000e+00,4.035608345304853573e-01,4.035608345301839317e-01,8.202207097724724197e-12
1.700000000000000000e+01,6.000000000000000000e+00,7.398913123070723907e-01,1.275674676391504447e-01,6.123238446679221125e-01,0.000000000000000000e+00,6.173840896013479407e-01,6.173840896015353463e-01,-5.099567433134193218e-12
1.700000000000000000e+01,7.000000000000000000e+00,7.398913123070723907e-01,1.275674676391504447e-01,6.123238446679221125e-01,0.000000000000000000e+00,6.173842388773946865e-01,6.173842388777729395e-01,-1.029278805964940545e-11
1.800000000000000000e+01,0.000000000000000000e+00,7.654048058349024464e-01,1.530809611669805281e-01,6.123238446679221125e-01,0.000000000000000000e+00,-5.318764331267594736e-02,-5.318764331452210253e-02,5.023644148742040851e-11
1.800000000000000000e+01,1.000000000000000000e+00,7.654048058349024464e-01,1.530809611669805281e-01,6.123238446679221125e-01,0.000000000000000000e+00,-5.318757685823840425e-02,-5.318757685629250942e-02,-5.295049592624856761e-11
1.800000000000000000e+01,2.000000000000000000e+00,7.654048058349024464e-01,1.530809611669805281e-01,6.123238446679221125e-01,0.000000000000000000e+00,1.055603865385314616e-01,1.055603865383491075e-01,4.962108713816891943e-12
1.800000000000000000e+01,3.000000000000000000e+00,7.654048058349024464e-01,1.530809611669805281e-01,6.123238446679221125e-01,0.000000000000000000e+00,1.055603870955969525e-01,1.055603870957853574e-01,-5.126757069922231232e-12
1.800000000000000000e+01,4.000000000000000000e+00,7.654048058349024464e-01,1.530809611669805281e-01,6.123238446679221125e-01,0.000000000000000000e+00,4.194097049738298999e-01,4.194097049742676053e-01,-1.191057144853765235e-11
1.800000000000000000e+01,5.000000000000000000e+00,7.654048058349024464e-01,1.530809611669805281e-01,6.123238446679221125e-01,0.000000000000000000e+00,4.194110872726982131e-01,4.194110872724146066e-01,7.717325241671384054e-12
1.800000000000000000e+01,6.000000000000000000e+00,7.654048058349024464e-01,1.530809611669805281e-01,6.123238446679221125e-01,0.000000000000000000e+00,6.103911173314908734e-01,6.103911173316899363e-01,-5.416779862327967626e-12
1.800000000000000000e+01,7.000000000000000000e+00,7.654048058349024464e-01,1.530809611669805281e-01,6.123238446679221125e-01,0.000000000000000000e+00,6.103913202215397460e-01,6.103913202220165868e-01,-1.297549888940246528e-11
1.900000000000000000e+01,0.000000000000000000e+00,7.909182993627326130e-01,1.785944546948106393e-01,6.123238446679221125e-01,0.000000000000000000e+00,-5.256373190554852748e-02,-5.256373190741483320e-02,5.078476582931250483e-11
1.900000000000000000e+01,1.000000000000000000e+00,7.909182993627326130e-01,1.785944546948106393e-01,6.123238446679221125e-01,0.000000000000000000e+00,-5.256366492889475578e-02,-5.256366492692807896e-02,-5.351600260805532316e-11
1.900000000000000000e+01,2.000000000000000000e+00,7.909182993627326130e-01,1.785944546948106393e-01,6.123238446679221125e-01,0.000000000000000000e+00,1.013835586667754668e-01,1.013835586665508409e-01,6.112381403488600561e-12
1.900000000000000000e+01,3.000000000000000000e+00,7.909182993627326130e-01,1.785944546948106393e-01,6.123238446679221125e-01,0.000000000000000000e+00,1.013835601733233949e-01,1.013835601735542102e-01,-6.280806098036723109e-12
1.900000000000000000e+01,4.000000000000000000e+00,7.909182993627326130e-01,1.785944546948106393e-01,6.123238446679221125e-01,0.000000000000000000e+00,4.364246437332867656e-01,4.364246437337606088e-01,-1.289392997903835205e-11
1.900000000000000000e+01,5.000000000000000000e+00,7.909182993627326130e-01,1.785944546948106393e-01,6.123238446679221125e-01,0.000000000000000000e+00,4.364260651521398859e-01,4.364260651518516165e-01,7.844210213348894787e-12
1.900000000000000000e+01,6.000000000000000000e+00,7.909182993627326130e-01,1.785944546948106393e-01,6.123238446679221125e-01,0.000000000000000000e+00,6.020589223015100355e-01,6.020589223016331593e-01,-3.350367466437097533e-12
1.900000000000000000e+01,7.000000000000000000e+00,7.909182993627326130e-01,1.785944546948106393e-01,6.123238446679221125e-01,0.000000000000000000e+00,6.020591766393262878e-01,6.020591766398440958e-01,-1.409027399771201336e-11
2.000000000000000000e+01,0.000000000000000000e+00,8.164317928905626687e-01,2.041079482226406949e-01,6.123238446679221125e-01,0.000000000000000000e+00,-5.196984032881352134e-02,-5.196984033069716735e-02,5.125661931773824458e-11
2.000000000000000000e+01,1.000000000000000000e+00,8.164317928905626687e-01,2.041079482226406949e-01,6.123238446679221125e-01,0.000000000000000000e+00,-5.196977284976485312e-02,-5.196977284777735961e-02,-5.408245337447277654e-11
2.000000000000000000e+01,2.000000000000000000e+00,8.164317928905626687e-01,2.041079482226406949e-01,6.123238446679221125e-01,0.000000000000000000e+00,9.766511718855967750e-02,9.766511718831098754e-02,6.767198489467176071e-12
2.000000000000000000e+01,3.000000000000000000e+00,8.164317928905626687e-01,2.041079482226406949e-01,6.123238446679221125e-01,0.000000000000000000e+00,9.766511966449550886e-02,9.766511966477924023e-02,-7.720723946269890118e-12
2.000000000000000000e+01,4.000000000000000000e+00,8.164317928905626687e-01,2.041079482226406949e-01,6.123238446679221125e-01,0.000000000000000000e+00,4.539904621553149666e-01,4.539904621558297215e-01,-1.400719455197078650e-11
2.000000000000000000e+01,5.000000000000000000e+00,8.164317928905626687e-01,2.041079482226406949e-01,6.123238446679221125e-01,0.000000000000000000e+00,4.539919294921186954e-01,4.539919294917758030e-01,9.330577024428291687e-12
2.000000000000000000e+01,6.000000000000000000e+00,8.164317928905626687e-01,2.041079482226406949e-01,6.123238446679221125e-01,0.000000000000000000e+00,5.924554808872725120e-01,5.924554808871901335e-01,2.241634499636002346e-12
2.000000000000000000e+01,7.000000000000000000e+00,8.164317928905626687e-01,2.041079482226406949e-01,6.123238446679221125e-01,0.000000000000000000e+00,5.924557750018066837e-01,5.924557750022838576e-01,-1.298456210166514381e-11
2.100000000000000000e+01,0.000000000000000000e+00,8.419452864183927243e-01,2.296214417504707783e-01,6.123238446679221125e-01,0.000000000000000000e+00,-5.144974110363561420e-02,-5.144974110553674623e-02,5.173243796152890619e-11
2.100000000000000000e+01,1.000000000000000000e+00,8.419452864183927243e-01,2.296214417504707783e-01,6.123238446679221125e-01,0.000000000000000000e+00,-5.144967318010158080e-02,-5.144967317809628904e-02,-5.456676877975969927e-11
2.100000000000000000e+01,2.000000000000000000e+00,8.419452864183927243e-01,2.296214417504707783e-01,6.123238446679221125e-01,0.000000000000000000e+00,9.458927806390245163e-02,9.458927806364786361e-02,6.927692873285454905e-12
2.100000000000000000e+01,3.000000000000000000e+00,8.419452864183927243e-01,2.296214417504707783e-01,6.123238446679221125e-01,0.000000000000000000e+00,9.458928140260466910e-02,9.458928140294819986e-02,-9.347948181265094358e-12
2.100000000000000000e+01,4.000000000000000000e+00,8.419452864183927243e-01,2.296214417504707783e-01,6.123238446679221125e-01,0.000000000000000000e+00,4.714046724278422307e-01,4.714046724284203793e-01,-1.573222595263407021e-11
2.100000000000000000e+01,5.000000000000000000e+00,8.419452864183927243e-01,2.296214417504707783e-01,6.123238446679221125e-01,0.000000000000000000e+00,4.714062021046777073e-01,4.714062021042101369e-01,1.272323948142455906e-11
2.100000000000000000e+01,6.000000000000000000e+00,8.419452864183927243e-01,2.296214417504707783e-01,6.123238446679221125e-01,0.000000000000000000e+00,5.817964903585955971e-01,5.817964903581842595e-01,1.119306714440887829e-11
2.100000000000000000e+01,7.000000000000000000e+00,8.419452864183927243e-01,2.296214417504707783e-01,6.123238446679221125e-01,0.000000000000000000e+00,5.817967967028321308e-01,5.817967967032330323e-01,-1.090908649351159559e-11
2.200000000000000000e+01,0.000000000000000000e+00,8.674587799462227800e-01,2.551349352783008895e-01,6.123238446679221125e-01,0.000000000000000000e+00,-5.104403505192479235e-02,-5.104403505383966339e-02,5.210629546736442142e-11
2.200000000000000000e+01,1.000000000000000000e+00,8.674587799462227800e-01,2.551349352783008895e-01,6.123238446679221125e-01,0.000000000000000000e+00,-5.104396677858277082e-02,-5.104396677656371228e-02,-5.494138155328377535e-11
2.200000000000000000e+01,2.000000000000000000e+00,8.674587799462227800e-01,2.551349352783008895e-01,6.123238446679221125e-01,0.000000000000000000e+00,9.229500983946978265e-02,9.229500983922117596e-02,6.764932686401506439e-12
2.200000000000000000e+01,3.000000000000000000e+00,8.674587799462227800e-01,2.551349352783008895e-01,6.123238446679221125e-01,0.000000000000000000e+00,9.229501384610976078e-02,9.229501384650809492e-02,-1.083922423232010933e-11
2.200000000000000000e+01,4.000000000000000000e+00,8.674587799462227800e-01,2.551349352783008895e-01,6.123238446679221125e-01,0.000000000000000000e+00,4.876771341424668837e-01,4.876771341431486717e-01,-1.855239550170443455e-11
2.200000000000000000e+01,5.000000000000000000e+00,8.674587799462227800e-01,2.551349352783008895e-01,6.123238446679221125e-01,0.000000000000000000e+00,4.876787644396481380e-01,4.876787644389942167e-01,1.779410674239360064e-11
2.200000000000000000e+01,6.000000000000000000e+00,8.674587799462227800e-01,2.551349352783008895e-01,6.123238446679221125e-01,0.000000000000000000e+00,5.706636913073547257e-01,5.706636913065497030e-01,2.190578403889575570e-11
2.200000000000000000e+01,7.000000000000000000e+00,8.674587799462227800e-01,2.551349352783008895e-01,6.123238446679221125e-01,0.000000000000000000e+00,5.706639548619895086e-01,5.706639548623234637e-01,-9.087380828713065610e-12
2.300000000000000000e+01,0.000000000000000000e+00,8.929722734740528356e-01,2.806484288061309451e-01,6.123238446679221125e-01,0.000000000000000000e+00,-5.078595198613902739e-02,-5.078595198806334227e-02,5.236327529839580712e-11
2.300000000000000000e+01,1.000000000000000000e+00,8.929722734740528356e-01,2.806484288061309451e-01,6.123238446679221125e-01,0.000000000000000000e+00,-5.078588348880627712e-02,-5.078588348677839925e-02,-5.518136786132263880e-11
2.300000000000000000e+01,2.000000000000000000e+00,8.929722734740528356e-01,2.806484288061309451e-01,6.123238446679221125e-01,0.000000000000000000e+00,9.087978819348337123e-02,9.087978819324354918e-02,6.525890462973340816e-12
2.300000000000000000e+01,3.000000000000000000e+00,8.929722734740528356e-01,2.806484288061309451e-01,6.123238446679221125e-01,0.000000000000000000e+00,9.087979261932339903e-02,9.087979261976174283e-02,-1.192794260537445502e-11
2.300000000000000000e+01,4.000000000000000000e+00,8.929722734740528356e-01,2.806484288061309451e-01,6.123238446679221125e-01,0.000000000000000000e+00,5.008590966015924462e-01,5.008590966025224800e-01,-2.530750970815470322e-11
2.300000000000000000e+01,5.000000000000000000e+00,8.929722734740528356e-01,2.806484288061309451e-01,6.123238446679221125e-01,0.000000000000000000e+00,5.008608937178348208e-01,5.008608937169314324e-01,2.458245272714036264e-11
2.300000000000000000e+01,6.000000000000000000e+00,8.929722734740528356e-01,2.806484288061309451e-01,6.123238446679221125e-01,0.000000000000000000e+00,5.606955174855526858e-01,5.606955174842630507e-01,3.509275788109407382e-11
2.300000000000000000e+01,7.000000000000000000e+00,8.929722734740528356e-01,2.806484288061309451e-01,6.123238446679221125e-01,0.000000000000000000e+00,5.606956508466746092e-01,5.606956508470480882e-01,-1.016288201721767070e-11
2.400000000000000000e+01,0.000000000000000000e+00,9.184857670018828912e-01,3.061619223339610563e-01,6.123238446679221125e-01,0.000000000000000000e+00,-5.069737498857915248e-02,-5.069737499050876867e-02,5.250753142691012214e-11
2.400000000000000000e+01,1.000000000000000000e+00,9.184857670018828912e-01,3.061619223339610563e-01,6.123238446679221125e-01,0.000000000000000000e+00,-5.069730641410025163e-02,-5.069730641206915411e-02,-5.526897891319520654e-11
2.400000000000000000e+01,2.000000000000000000e+00,9.184857670018828912e-01,3.061619223339610563e-01,6.123238446679221125e-01,0.000000000000000000e+00,9.040161921529799027e-02,9.040161921506270626e-02,6.402404195894336148e-12
2.400000000000000000e+01,3.000000000000000000e+00,9.184857670018828912e-01,3.061619223339610563e-01,6.123238446679221125e-01,0.000000000000000000e+00,9.040162378370267260e-02,9.040162378415676769e-02,-1.235655701863032832e-11
2.400000000000000000e+01,4.000000000000000000e+00,9.184857670018828912e-01,3.061619223339610563e-01,6.123238446679221125e-01,0.000000000000000000e+00,5.065405654366321730e-01,5.065405654377854727e-01,-3.138288299490402719e-11
2.400000000000000000e+01,5.000000000000000000e+00,9.184857670018828912e-01,3.061619223339610563e-01,6.123238446679221125e-01,0.000000000000000000e+00,5.065424929652830865e-01,5.065424929642231566e-01,2.884216249059961436e-11
2.400000000000000000e+01,6.000000000000000000e+00,9.184857670018828912e-01,3.061619223339610563e-01,6.123238446679221125e-01,0.000000000000000000e+00,5.561074245790490478e-01,5.561074245774582092e-01,4.328892283731034190e-11
2.400000000000000000e+01,7.000000000000000000e+00,9.184857670018828912e-01,3.061619223339610563e-01,6.123238446679221125e-01,0.000000000000000000e+00,5.561074400680731111e-01,5.561074400685164232e-01,-1.206313552162608666e-11
2.500000000000000000e+01,0.000000000000000000e+00,9.365265312871706715e-01,3.189186690978760841e-01,5.995670979040070847e-01,0.000000000000000000e+00,-5.407631837640795164e-02,-5.407631837634885308e-02,-1.608153725859150152e-12
2.500000000000000000e+01,1.000000000000000000e+00,9.365265312871706715e-01,3.189186690978760841e-01,5.995670979040070847e-01,0.000000000000000000e+00,-4.739652975960440690e-02,-4.739652975955932490e-02,-1.226743543138064775e-12
2.500000000000000000e+01,2.000000000000000000e+00,9.365265312871706715e-01,3.189186690978760841e-01,5.995670979040070847e-01,0.000000000000000000e+00,8.791368909902613771e-02,8.791368909917463004e-02,-4.040682133777833986e-12
2.500000000000000000e+01,3.000000000000000000e+00,9.365265312871706715e-01,3.189186690978760841e-01,5.995670979040070847e-01,0.000000000000000000e+00,9.338517603365543984e-02,9.338517603370577458e-02,-1.369677953197402341e-12
2.500000000000000000e+01,4.000000000000000000e+00,9.365265312871706715e-01,3.189186690978760841e-01,5.995670979040070847e-01,0.000000000000000000e+00,4.993450414907035229e-01,4.993450414906045465e-01,2.693284577392851583e-12
2.500000000000000000e+01,5.000000000000000000e+00,9.365265312871706715e-01,3.189186690978760841e-01,5.995670979040070847e-01,0.000000000000000000e+00,5.097374845245620234e-01,5.097374845247463204e-01,-5.014977452015853537e-12
2.500000000000000000e+01,6.000000000000000000e+00,9.365265312871706715e-01,3.189186690978760841e-01,5.995670979040070847e-01,0.000000000000000000e+00,5.567943952313564315e-01,5.567943952312156553e-01,3.830717716359098007e-12
2.500000000000000000e+01,7.000000000000000000e+00,9.365265312871706715e-01,3.189186690978760841e-01,5.995670979040070847e-01,0.000000000000000000e+00,5.586549749693145994e-01,5.586549749684237565e-01,2.424107173191277666e-11
2.600000000000000000e+01,0.000000000000000000e+00,9.545672955724584519e-01,3.316754158617911674e-01,5.868103511400920569e-01,0.000000000000000000e+00,-5.716544315444568175e-02,-5.716544315438576440e-02,-1.630434122671569888e-12
2.600000000000000000e+01,1.000000000000000000e+00,9.545672955724584519e-01,3.316754158617911674e-01,5.868103511400920569e-01,0.000000000000000000e+00,-4.454296233627439566e-02,-4.454296233622967449e-02,-1.216925063186829028e-12
2.600000000000000000e+01,2.000000000000000000e+00,9.545672955724584519e-01,3.316754158617911674e-01,5.868103511400920569e-01,0.000000000000000000e+00,8.562160802132319504e-02,8.562160802145241112e-02,-3.516148724075272446e-12
2.600000000000000000e+01,3.000000000000000000e+00,9.545672955724584519e-01,3.316754158617911674e-01,5.868103511400920569e-01,0.000000000000000000e+00,9.714078486371825749e-02,9.714078486376626076e-02,-1.306235467358647581e-12
2.600000000000000000e+01,4.000000000000000000e+00,9.545672955724584519e-01,3.316754158617911674e-01,5.868103511400920569e-01,0.000000000000000000e+00,4.868150297172644803e-01,4.868150297171245922e-01,3.806549150325286439e-12
2.600000000000000000e+01,5.000000000000000000e+00,9.545672955724584519e-01,3.316754158617911674e-01,5.868103511400920569e-01,0.000000000000000000e+00,5.124911926576576349e-01,5.124911926578447074e-01,-5.090504220871514687e-12
2.600000000000000000e+01,6.000000000000000000e+00,9.545672955724584519e-01,3.316754158617911674e-01,5.868103511400920569e-01,0.000000000000000000e+00,5.578898735071348147e-01,5.578898735070136894e-01,3.295988192861021909e-12
2.600000000000000000e+01,7.000000000000000000e+00,9.545672955724584519e-01,3.316754158617911674e-01,5.868103511400920569e-01,0.000000000000000000e+00,5.651710531799850612e-01,5.651710531792603076e-01,1.972154988359005542e-11
2.700000000000000000e+01,0.000000000000000000e+00,9.726080598577462322e-01,3.444321626257061952e-01,5.740536043761770291e-01,0.000000000000000000e+00,-5.996357650731469480e-02,-5.996357650725192556e-02,-1.708037877670761064e-12
2.700000000000000000e+01,1.000000000000000000e+00,9.726080598577462322e-01,3.444321626257061952e-01,5.740536043761770291e-01,0.000000000000000000e+00,-4.212655342708201273e-02,-4.212655342703652828e-02,-1.237694924622135541e-12
2.700000000000000000e+01,2.000000000000000000e+00,9.726080598577462322e-01,3.444321626257061952e-01,5.740536043761770291e-01,0.000000000000000000e+00,8.353234021455394065e-02,8.353234021466332537e-02,-2.976509960601578272e-12
2.700000000000000000e+01,3.000000000000000000e+00,9.726080598577462322e-01,3.444321626257061952e-01,5.740536043761770291e-01,0.000000000000000000e+00,1.015984076693038640e-01,1.015984076693510763e-01,-1.284710338234784254e-12
2.700000000000000000e+01,4.000000000000000000e+00,9.726080598577462322e-01,3.444321626257061952e-01,5.740536043761770291e-01,0.000000000000000000e+00,4.717697839847294072e-01,4.717697839845755303e-01,4.187204065357815406e-12
2.700000000000000000e+01,5.000000000000000000e+00,9.726080598577462322e-01,3.444321626257061952e-01,5.740536043761770291e-01,0.000000000000000000e+00,5.147909160458333799e-01,5.147909160460245603e-01,-5.202283838777891574e-12
2.700000000000000000e+01,6.000000000000000000e+00,9.726080598577462322e-01,3.444321626257061952e-01,5.740536043761770291e-01,0.000000000000000000e+00,5.593457248569887463e-01,5.593457248568941553e-01,2.573952282600908177e-12
2.700000000000000000e+01,7.000000000000000000e+00,9.726080598577462322e-01,3.444321626257061952e-01,5.740536043761770291e-01,0.000000000000000000e+00,5.731168335014010795e-01,5.731168335008436365e-01,1.516879625697084409e-11
2.800000000000000000e+01,0.000000000000000000e+00,9.906488241430340125e-01,3.571889093896212231e-01,5.612968576122618902e-01,0.000000000000000000e+00,-6.246971872027951705e-02,-6.246971872021611638e-02,-1.725220217585423925e-12
2.800000000000000000e+01,1.000000000000000000e+00,9.906488241430340125e-01,3.571889093896212231e-01,5.612968576122618902e-01,0.000000000000000000e+00,-4.012205497533093829e-02,-4.012205497528464893e-02,-1.259597687590277073e-12
2.800000000000000000e+01,2.000000000000000000e+00,9.906488241430340125e-01,3.571889093896212231e-01,5.612968576122618902e-01,0.000000000000000000e+00,8.165150626519042387e-02,8.165150626528078215e-02,-2.458773960096026033e-12
2.800000000000000000e+01,3.000000000000000000e+00,9.906488241430340125e-01,3.571889093896212231e-01,5.612968576122618902e-01,0.000000000000000000e+00,1.066492966883942350e-01,1.066492966884416416e-01,-1.289997212054680534e-12
2.800000000000000000e+01,4.000000000000000000e+00,9.906488241430340125e-01,3.571889093896212231e-01,5.612968576122618902e-01,0.000000000000000000e+00,4.557526085286571216e-01,4.557526085285045214e-01,4.152461751684211681e-12
2.800000000000000000e+01,5.000000000000000000e+00,9.906488241430340125e-01,3.571889093896212231e-01,5.612968576122618902e-01,0.000000000000000000e+00,5.166592797691006433e-01,5.166592797692948213e-01,-5.283852749142004809e-12
2.800000000000000000e+01,6.000000000000000000e+00,9.906488241430340125e-01,3.571889093896212231e-01,5.612968576122618902e-01,0.000000000000000000e+00,5.610758589203572733e-01,5.610758589202928803e-01,1.752221037451322534e-12
2.800000000000000000e+01,7.000000000000000000e+00,9.906488241430340125e-01,3.571889093896212231e-01,5.612968576122618902e-01,0.000000000000000000e+00,5.812528193380190888e-01,5.812528193376339525e-01,1.048009444641144349e-11
2.900000000000000000e+01,0.000000000000000000e+00,1.008689588428321793e+00,3.699456561535362509e-01,5.485401108483468624e-01,0.000000000000000000e+00,-6.468299689163370392e-02,-6.468299689157164245e-02,-1.688778551612567572e-12
2.900000000000000000e+01,1.000000000000000000e+00,1.008689588428321793e+00,3.699456561535362509e-01,5.485401108483468624e-01,0.000000000000000000e+00,-3.849307218965145744e-02,-3.849307218960584809e-02,-1.241093629220640394e-12
2.900000000000000000e+01,2.000000000000000000e+00,1.008689588428321793e+00,3.699456561535362509e-01,5.485401108483468624e-01,0.000000000000000000e+00,7.998360424840418592e-02,7.998360424847650307e-02,-1.967849962534232998e-12
2.900000000000000000e+01,3.000000000000000000e+00,1.008689588428321793e+00,3.699456561535362509e-01,5.485401108483468624e-01,0.000000000000000000e+00,1.121426607285325311e-01,1.121426607285808119e-01,-1.313788144244213494e-12
2.900000000000000000e+01,4.000000000000000000e+00,1.008689588428321793e+00,3.699456561535362509e-01,5.485401108483468624e-01,0.000000000000000000e+00,4.396543464760286901e-01,4.396543464758820852e-01,3.989323930955985211e-12
2.900000000000000000e+01,5.000000000000000000e+00,1.008689588428321793e+00,3.699456561535362509e-01,5.485401108483468624e-01,0.000000000000000000e+00,5.181437199317500131e-01,5.181437199319439690e-01,-5.277810607633551917e-12
2.900000000000000000e+01,6.000000000000000000e+00,1.008689588428321793e+00,3.699456561535362509e-01,5.485401108483468624e-01,0.000000000000000000e+00,5.629675721070689365e-01,5.629675721070217520e-01,1.283955070546227642e-12
2.900000000000000000e+01,7.000000000000000000e+00,1.008689588428321793e+00,3.699456561535362509e-01,5.485401108483468624e-01,0.000000000000000000e+00,5.890114840823843512e-01,5.890114840821650821e-01,5.966614739597175954e-12
3.000000000000000000e+01,0.000000000000000000e+00,1.026730352713609573e+00,3.827024029174512787e-01,5.357833640844318346e-01,0.000000000000000000e+00,-6.660265579156758597e-02,-6.660265579150415061e-02,-1.726164302196119538e-12
3.000000000000000000e+01,1.000000000000000000e+00,1.026730352713609573e+00,3.827024029174512787e-01,5.357833640844318346e-01,0.000000000000000000e+00,-3.719690767653897889e-02,-3.719690767649252994e-02,-1.263940476799477539e-12
3.000000000000000000e+01,2.000000000000000000e+00,1.026730352713609573e+00,3.827024029174512787e-01,5.357833640844318346e-01,0.000000000000000000e+00,7.853219914409642621e-02,7.853219914415177083e-02,-1.506003770981869405e-12
3.000000000000000000e+01,3.000000000000000000e+00,1.026730352713609573e+00,3.827024029174512787e-01,5.357833640844318346e-01,0.000000000000000000e+00,1.178819270483984355e-01,1.178819270484492976e-01,-1.384028039279977758e-12
3.000000000000000000e+01,4.000000000000000000e+00,1.026730352713609573e+00,3.827024029174512787e-01,5.357833640844318346e-01,0.000000000000000000e+00,4.241172826486308556e-01,4.241172826484964631e-01,3.657006147991079381e-12
3.000000000000000000e+01,5.000000000000000000e+00,1.026730352713609573e+00,3.827024029174512787e-01,5.357833640844318346e-01,0.000000000000000000e+00,5.193026789134513876e-01,5.193026789136483412e-01,-5.359379517997665152e-12
3.000000000000000000e+01,6.000000000000000000e+00,1.026730352713609573e+00,3.827024029174512787e-01,5.357833640844318346e-01,0.000000000000000000e+00,5.648973373076986437e-01,5.648973373076643378e-01,9.335108630559631356e-13
3.000000000000000000e+01,7.000000000000000000e+00,1.026730352713609573e+00,3.827024029174512787e-01,5.357833640844318346e-01,0.000000000000000000e+00,5.960930014713939906e-01,5.960930014713463621e-01,1.296039353563133427e-12
3.100000000000000000e+01,0.000000000000000000e+00,1.044771116998897353e+00,3.954591496813663620e-01,5.230266173205168068e-01,0.000000000000000000e+00,-6.822805101318327181e-02,-6.822805101311946174e-02,-1.736360415991633693e-12
3.100000000000000000e+01,1.000000000000000000e+00,1.044771116998897353e+00,3.954591496813663620e-01,5.230266173205168068e-01,0.000000000000000000e+00,-3.618925311324090732e-02,-3.618925311319554083e-02,-1.234485036945770094e-12
3.100000000000000000e+01,2.000000000000000000e+00,1.044771116998897353e+00,3.954591496813663620e-01,5.230266173205168068e-01,0.000000000000000000e+00,7.730008344137004328e-02,7.730008344141059418e-02,-1.103446092981199109e-12
3.100000000000000000e+01,3.000000000000000000e+00,1.044771116998897353e+00,3.954591496813663620e-01,5.230266173205168068e-01,0.000000000000000000e+00,1.236208040746642201e-01,1.236208040747171499e-01,-1.440295482077444810e-12
3.100000000000000000e+01,4.000000000000000000e+00,1.044771116998897353e+00,3.954591496813663620e-01,5.230266173205168068e-01,0.000000000000000000e+00,4.096902870090604054e-01,4.096902870089348392e-01,3.416831023030078942e-12
3.100000000000000000e+01,5.000000000000000000e+00,1.044771116998897353e+00,3.954591496813663620e-01,5.230266173205168068e-01,0.000000000000000000e+00,5.201933986630130624e-01,5.201933986632130136e-01,-5.440948428361779194e-12
3.100000000000000000e+01,6.000000000000000000e+00,1.044771116998897353e+00,3.954591496813663620e-01,5.230266173205168068e-01,0.000000000000000000e+00,5.667451568855387256e-01,5.667451568855060851e-01,8.881948017425668492e-13
3.100000000000000000e+01,7.000000000000000000e+00,1.044771116998897353e+00,3.954591496813663620e-01,5.230266173205168068e-01,0.000000000000000000e+00,6.023132023995301232e-01,6.023132023996454754e-01,-3.138892513641248332e-12
3.200000000000000000e+01,0.000000000000000000e+00,1.062811881284185134e+00,4.082158964452813898e-01,5.102698705566017789e-01,0.000000000000000000e+00,-6.955864391265507984e-02,-6.955864391259092283e-02,-1.745801262098591235e-12
3.200000000000000000e+01,1.000000000000000000e+00,1.062811881284185134e+00,4.082158964452813898e-01,5.102698705566017789e-01,0.000000000000000000e+00,-3.542807662129474067e-02,-3.542807662124891621e-02,-1.246946953806954083e-12
3.200000000000000000e+01,2.000000000000000000e+00,1.062811881284185134e+00,4.082158964452813898e-01,5.102698705566017789e-01,0.000000000000000000e+00,7.628941057815515070e-02,7.628941057818316995e-02,-7.624427315978922455e-13
3.200000000000000000e+01,3.000000000000000000e+00,1.062811881284185134e+00,4.082158964452813898e-01,5.102698705566017789e-01,0.000000000000000000e+00,1.290615208809905989e-01,1.290615208810466652e-01,-1.525640730884341102e-12
3.200000000000000000e+01,4.000000000000000000e+00,1.062811881284185134e+00,4.082158964452813898e-01,5.102698705566017789e-01,0.000000000000000000e+00,3.968892125918509484e-01,3.968892125917343749e-01,3.172124291937738834e-12
3.200000000000000000e+01,5.000000000000000000e+00,1.062811881284185134e+00,4.082158964452813898e-01,5.102698705566017789e-01,0.000000000000000000e+00,5.208644961823306607e-01,5.208644961825311670e-01,-5.456053782132910617e-12
3.200000000000000000e+01,6.000000000000000000e+00,1.062811881284185134e+00,4.082158964452813898e-01,5.102698705566017789e-01,0.000000000000000000e+00,5.684042238022026794e-01,5.684042238021622673e-01,1.099669754538416253e-12
3.200000000000000000e+01,7.000000000000000000e+00,1.062811881284185134e+00,4.082158964452813898e-01,5.102698705566017789e-01,0.000000000000000000e+00,6.075463689797353517e-01,6.075463689799932565e-01,-7.017947362067968667e-12
3.300000000000000000e+01,0.000000000000000000e+00,1.080852645569472914e+00,4.209726432091964177e-01,4.975131237926866956e-01,0.000000000000000000e+00,-7.059399791678333536e-02,-7.059399791671849833e-02,-1.764305320468228116e-12
3.300000000000000000e+01,1.000000000000000000e+00,1.080852645569472914e+00,4.209726432091964177e-01,4.975131237926866956e-01,0.000000000000000000e+00,-3.487645939290798941e-02,-3.487645939286287966e-02,-1.227498810826621387e-12
3.300000000000000000e+01,2.000000000000000000e+00,1.080852645569472914e+00,4.209726432091964177e-01,4.975131237926866956e-01,0.000000000000000000e+00,7.550180329575861826e-02,7.550180329577671490e-02,-4.924345329389061570e-13
3.300000000000000000e+01,3.000000000000000000e+00,1.080852645569472914e+00,4.209726432091964177e-01,4.975131237926866956e-01,0.000000000000000000e+00,1.338609163429217153e-01,1.338609163429799187e-01,-1.583796342903199582e-12
3.300000000000000000e+01,4.000000000000000000e+00,1.080852645569472914e+00,4.209726432091964177e-01,4.975131237926866956e-01,0.000000000000000000e+00,3.862167871143153408e-01,3.862167871142077047e-01,2.928928096222512353e-12
3.300000000000000000e+01,5.000000000000000000e+00,1.080852645569472914e+00,4.209726432091964177e-01,4.975131237926866956e-01,0.000000000000000000e+00,5.213532457657521491e-01,5.213532457659537656e-01,-5.486264489675175077e-12
3.300000000000000000e+01,6.000000000000000000e+00,1.080852645569472914e+00,4.209726432091964177e-01,4.975131237926866956e-01,0.000000000000000000e+00,5.697858657465914023e-01,5.697858657465463272e-01,1.226554726215925774e-12
3.300000000000000000e+01,7.000000000000000000e+00,1.080852645569472914e+00,4.209726432091964177e-01,4.975131237926866956e-01,0.000000000000000000e+00,6.117020156552137600e-01,6.117020156555939003e-01,-1.034414626247125584e-11
3.400000000000000000e+01,0.000000000000000000e+00,1.098893409854760694e+00,4.337293899731115010e-01,4.847563770287716123e-01,0.000000000000000000e+00,-7.133377586614531030e-02,-7.133377586608036225e-02,-1.767326391222454562e-12
3.400000000000000000e+01,1.000000000000000000e+00,1.098893409854760694e+00,4.337293899731115010e-01,4.847563770287716123e-01,0.000000000000000000e+00,-3.450444417326357233e-02,-3.450444417321762991e-02,-1.250156841483319530e-12
3.400000000000000000e+01,2.000000000000000000e+00,1.098893409854760694e+00,4.337293899731115010e-01,4.847563770287716123e-01,0.000000000000000000e+00,7.493843902437655191e-02,7.493843902438768190e-02,-3.028623431111983860e-13
3.400000000000000000e+01,3.000000000000000000e+00,1.098893409854760694e+00,4.337293899731115010e-01,4.847563770287716123e-01,0.000000000000000000e+00,1.376531451494072689e-01,1.376531451494676928e-01,-1.644217757987728099e-12
3.400000000000000000e+01,4.000000000000000000e+00,1.098893409854760694e+00,4.337293899731115010e-01,4.847563770287716123e-01,0.000000000000000000e+00,3.781532987684493308e-01,3.781532987683466907e-01,2.792979912282323494e-12
3.400000000000000000e+01,5.000000000000000000e+00,1.098893409854760694e+00,4.337293899731115010e-01,4.847563770287716123e-01,0.000000000000000000e+00,5.216859016679746830e-01,5.216859016681753003e-01,-5.459074852887137063e-12
3.400000000000000000e+01,6.000000000000000000e+00,1.098893409854760694e+00,4.337293899731115010e-01,4.847563770287716123e-01,0.000000000000000000e+00,5.708213143833553715e-01,5.708213143833003045e-01,1.498451094096303290e-12
3.400000000000000000e+01,7.000000000000000000e+00,1.098893409854760694e+00,4.337293899731115010e-01,4.847563770287716123e-01,0.000000000000000000e+00,6.147148038826393268e-01,6.147148038831085071e-01,-1.276704500736084293e-11
3.500000000000000000e+01,0.000000000000000000e+00,1.116934174140048475e+00,4.464861367370265288e-01,4.719996302648565845e-01,0.000000000000000000e+00,-7.177773815089946718e-02,-7.177773815083465792e-02,-1.763550052779671505e-12
3.500000000000000000e+01,1.000000000000000000e+00,1.116934174140048475e+00,4.464861367370265288e-01,4.719996302648565845e-01,0.000000000000000000e+00,-3.429011504739309241e-02,-3.429011504734746918e-02,-1.241471263064918599e-12
3.500000000000000000e+01,2.000000000000000000e+00,1.116934174140048475e+00,4.464861367370265288e-01,4.719996302648565845e-01,0.000000000000000000e+00,7.460011420414604244e-02,7.460011420415335603e-02,-1.990130359346652886e-13
3.500000000000000000e+01,3.000000000000000000e+00,1.116934174140048475e+00,4.464861367370265288e-01,4.719996302648565845e-01,0.000000000000000000e+00,1.400966465870626398e-01,1.400966465871250621e-01,-1.698597031563803521e-12
3.500000000000000000e+01,4.000000000000000000e+00,1.116934174140048475e+00,4.464861367370265288e-01,4.719996302648565845e-01,0.000000000000000000e+00,3.731174191092885839e-01,3.731174191091944925e-01,2.560357464206889170e-12
3.500000000000000000e+01,5.000000000000000000e+00,1.116934174140048475e+00,4.464861367370265288e-01,4.719996302648565845e-01,0.000000000000000000e+00,5.218793401382290087e-01,5.218793401384360653e-01,-5.634296956632269316e-12
3.500000000000000000e+01,6.000000000000000000e+00,1.116934174140048475e+00,4.464861367370265288e-01,4.719996302648565845e-01,0.000000000000000000e+00,5.714618842594948456e-01,5.714618842594367809e-01,1.580020004460416525e-12
3.500000000000000000e+01,7.000000000000000000e+00,1.116934174140048475e+00,4.464861367370265288e-01,4.719996302648565845e-01,0.000000000000000000e+00,6.165399731155053464e-01,6.165399731160339236e-01,-1.438331786087197620e-11
3.600000000000000000e+01,0.000000000000000000e+00,1.134974938425336255e+00,4.592428835009415566e-01,4.592428835009415566e-01,0.000000000000000000e+00,-7.192574147530897410e-02,-7.192574147524577466e-02,-1.719744526843388442e-12
3.600000000000000000e+01,1.000000000000000000e+00,1.134974938425336255e+00,4.592428835009415566e-01,4.592428835009415566e-01,0.000000000000000000e+00,-3.422015886558805314e-02,-3.422015886554330422e-02,-1.217680330875385639e-12
3.600000000000000000e+01,2.000000000000000000e+00,1.134974938425336255e+00,4.592428835009415566e-01,4.592428835009415566e-01,0.000000000000000000e+00,7.448728909455172575e-02,7.448728909455715197e-02,-1.476548331128161860e-13
3.600000000000000000e+01,3.000000000000000000e+00,1.134974938425336255e+00,4.592428835009415566e-01,4.592428835009415566e-01,0.000000000000000000e+00,1.409419266012374716e-01,1.409419266013005601e-01,-1.716723456089161995e-12
3.600000000000000000e+01,4.000000000000000000e+00,1.134974938425336255e+00,4.592428835009415566e-01,4.592428835009415566e-01,0.000000000000000000e+00,3.714031609362814512e-01,3.714031609361843067e-01,2.643436909948115628e-12
3.600000000000000000e+01,5.000000000000000000e+00,1.134974938425336255e+00,4.592428835009415566e-01,4.592428835009415566e-01,0.000000000000000000e+00,5.219428387103302036e-01,5.219428387105312650e-01,-5.471159135904042847e-12
3.600000000000000000e+01,6.000000000000000000e+00,1.134974938425336255e+00,4.592428835009415566e-01,4.592428835009415566e-01,0.000000000000000000e+00,5.716786102997264418e-01,5.716786102996640473e-01,1.697841763875246910e-12
3.600000000000000000e+01,7.000000000000000000e+00,1.134974938425336255e+00,4.592428835009415566e-01,4.592428835009415566e-01,0.000000000000000000e+00,6.171512540918616674e-01,6.171512540924068979e-01,-1.483647847400593987e-11
3.700000000000000000e+01,0.000000000000000000e+00,1.189097231281199596e+00,4.209726432091964177e-01,4.209726432091964177e-01,0.000000000000000000e+00,-8.412951696224067744e-02,-8.412951696219694853e-02,-1.189924243320930419e-12
3.700000000000000000e+01,1.000000000000000000e+00,1.189097231281199596e+00,4.209726432091964177e-01,4.209726432091964177e-01,0.000000000000000000e+00,-2.225459266184507193e-02,-2.225459266178142492e-02,-1.731923218321363726e-12
3.700000000000000000e+01,2.000000000000000000e+00,1.189097231281199596e+00,4.209726432091964177e-01,4.209726432091964177e-01,0.000000000000000000e+00,7.071089559777267441e-02,7.071089559781973399e-02,-1.280556365947722992e-12
3.700000000000000000e+01,3.000000000000000000e+00,1.189097231281199596e+00,4.209726432091964177e-01,4.209726432091964177e-01,0.000000000000000000e+00,1.500138916585493087e-01,1.500138916585823656e-01,-8.995238170709159208e-13
3.700000000000000000e+01,4.000000000000000000e+00,1.189097231281199596e+00,4.209726432091964177e-01,4.209726432091964177e-01,0.000000000000000000e+00,3.768170814844735705e-01,3.768170814843436744e-01,3.534652782444909125e-12
3.700000000000000000e+01,5.000000000000000000e+00,1.189097231281199596e+00,4.209726432091964177e-01,4.209726432091964177e-01,0.000000000000000000e+00,5.439314557922669824e-01,5.439314557923756732e-01,-2.957628268387663186e-12
3.700000000000000000e+01,6.000000000000000000e+00,1.189097231281199596e+00,4.209726432091964177e-01,4.209726432091964177e-01,0.000000000000000000e+00,5.588616405764049722e-01,5.588616405761804851e-01,6.108605065045817302e-12
3.700000000000000000e+01,7.000000000000000000e+00,1.189097231281199596e+00,4.209726432091964177e-01,4.209726432091964177e-01,0.000000000000000000e+00,6.093475540443141769e-01,6.093475540450581374e-01,-2.024419512407122816e-11
3.800000000000000000e+01,0.000000000000000000e+00,1.243219524137062937e+00,3.827024029174512787e-01,3.827024029174512787e-01,0.000000000000000000e+00,-9.919373842819520504e-02,-9.919373842815493170e-02,-1.095893416095633195e-12
3.800000000000000000e+01,1.000000000000000000e+00,1.243219524137062937e+00,3.827024029174512787e-01,3.827024029174512787e-01,0.000000000000000000e+00,-7.618447889117452819e-03,-7.618447889055968147e-03,-1.673083144959750811e-12
3.800000000000000000e+01,2.000000000000000000e+00,1.243219524137062937e+00,3.827024029174512787e-01,3.827024029174512787e-01,0.000000000000000000e+00,7.384001055997185814e-02,7.384001056007238883e-02,-2.735579567952021423e-12
3.800000000000000000e+01,3.000000000000000000e+00,1.243219524137062937e+00,3.827024029174512787e-01,3.827024029174512787e-01,0.000000000000000000e+00,1.606783763381336438e-01,1.606783763381532393e-01,-5.332189881209627743e-13
3.800000000000000000e+01,4.000000000000000000e+00,1.243219524137062937e+00,3.827024029174512787e-01,3.827024029174512787e-01,0.000000000000000000e+00,3.823076631526802216e-01,3.823076631527816405e-01,-2.759748133985832991e-12
3.800000000000000000e+01,5.000000000000000000e+00,1.243219524137062937e+00,3.827024029174512787e-01,3.827024029174512787e-01,0.000000000000000000e+00,5.149700477307895818e-01,5.149700477309524516e-01,-4.431910796450155110e-12
3.800000000000000000e+01,6.000000000000000000e+00,1.243219524137062937e+00,3.827024029174512787e-01,3.827024029174512787e-01,0.000000000000000000e+00,5.734640762365836864e-01,5.734640762362881450e-01,8.042090347750724981e-12
3.800000000000000000e+01,7.000000000000000000e+00,1.243219524137062937e+00,3.827024029174512787e-01,3.827024029174512787e-01,0.000000000000000000e+00,6.008293415913400493e-01,6.008293415907323132e-01,1.653734130863541202e-11
3.900000000000000000e+01,0.000000000000000000e+00,1.297341816992926056e+00,3.444321626257061952e-01,3.444321626257061952e-01,0.000000000000000000e+00,-1.157319900649666777e-01,-1.157319900649164124e-01,-1.367789783976010712e-12
3.900000000000000000e+01,1.000000000000000000e+00,1.297341816992926056e+00,3.444321626257061952e-01,3.444321626257061952e-01,0.000000000000000000e+00,9.698377064195707123e-03,9.698377064241925360e-03,-1.257662314138350794e-12
3.900000000000000000e+01,2.000000000000000000e+00,1.297341816992926056e+00,3.444321626257061952e-01,3.444321626257061952e-01,0.000000000000000000e+00,8.274555455617904620e-02,8.274555455619758693e-02,-5.045188159558118401e-13
3.900000000000000000e+01,3.000000000000000000e+00,1.297341816992926056e+00,3.444321626257061952e-01,3.444321626257061952e-01,0.000000000000000000e+00,1.725736150022636195e-01,1.725736150023222670e-01,-1.595880625920105366e-12
3.900000000000000000e+01,4.000000000000000000e+00,1.297341816992926056e+00,3.444321626257061952e-01,3.444321626257061952e-01,0.000000000000000000e+00,3.866873897972915031e-01,3.866873897977037844e-01,-1.121874624581980348e-11
3.900000000000000000e+01,5.000000000000000000e+00,1.297341816992926056e+00,3.444321626257061952e-01,3.444321626257061952e-01,0.000000000000000000e+00,4.863535980903755385e-01,4.863535980903820888e-01,-1.782431744993586742e-13
3.900000000000000000e+01,6.000000000000000000e+00,1.297341816992926056e+00,3.444321626257061952e-01,3.444321626257061952e-01,0.000000000000000000e+00,5.654900507609789129e-01,5.654900507608988658e-01,2.178192013797247384e-12
3.900000000000000000e+01,7.000000000000000000e+00,1.297341816992926056e+00,3.444321626257061952e-01,3.444321626257061952e-01,0.000000000000000000e+00,5.917272672810190981e-01,5.917272672803437494e-01,1.837717339795930230e-11
4.000000000000000000e+01,0.000000000000000000e+00,1.351464109848789397e+00,3.061619223339610563e-01,3.061619223339610563e-01,0.000000000000000000e+00,-1.324858162928407024e-01,-1.324858162927911864e-01,-1.347397556384982403e-12
4.000000000000000000e+01,1.000000000000000000e+00,1.351464109848789397e+00,3.061619223339610563e-01,3.061619223339610563e-01,0.000000000000000000e+00,2.970613426332024617e-02,2.970613426338416380e-02,-1.739287078284790638e-12
4.000000000000000000e+01,2.000000000000000000e+00,1.351464109848789397e+00,3.061619223339610563e-01,3.061619223339610563e-01,0.000000000000000000e+00,9.626079105760165788e-02,9.626079105752088916e-02,2.197828973699719283e-12
4.000000000000000000e+01,3.000000000000000000e+00,1.351464109848789397e+00,3.061619223339610563e-01,3.061619223339610563e-01,0.000000000000000000e+00,1.852053105995032645e-01,1.852053105995663529e-01,-1.716723456089161995e-12
4.000000000000000000e+01,4.000000000000000000e+00,1.351464109848789397e+00,3.061619223339610563e-01,3.061619223339610563e-01,0.000000000000000000e+00,3.888186723891633445e-01,3.888186723895316055e-01,-1.002089169176902854e-11
4.000000000000000000e+01,5.000000000000000000e+00,1.351464109848789397e+00,3.061619223339610563e-01,3.061619223339610563e-01,0.000000000000000000e+00,4.592614899551714647e-01,4.592614899551700214e-01,3.927391980494343220e-14
4.000000000000000000e+01,6.000000000000000000e+00,1.351464109848789397e+00,3.061619223339610563e-01,3.061619223339610563e-01,0.000000000000000000e+00,5.412860987537464474e-01,5.412860987536473045e-01,2.697816183524191252e-12
4.000000000000000000e+01,7.000000000000000000e+00,1.351464109848789397e+00,3.061619223339610563e-01,3.061619223339610563e-01,0.000000000000000000e+00,5.813721025880124182e-01,5.813721025887582661e-01,-2.029555332689307532e-11
4.100000000000000000e+01,0.000000000000000000e+00,1.405586402704652738e+00,2.678916820422159173e-01,2.678916820422159173e-01,0.000000000000000000e+00,-1.485266513172562308e-01,-1.485266513172081027e-01,-1.309634171957152232e-12
4.100000000000000000e+01,1.000000000000000000e+00,1.405586402704652738e+00,2.678916820422159173e-01,2.678916820422159173e-01,0.000000000000000000e+00,5.241024371784823443e-02,5.241024371789682057e-02,-1.322096088818336221e-12
4.100000000000000000e+01,2.000000000000000000e+00,1.405586402704652738e+00,2.678916820422159173e-01,2.678916820422159173e-01,0.000000000000000000e+00,1.134280609911432480e-01,1.134280609911315629e-01,3.179676968823305151e-13
4.100000000000000000e+01,3.000000000000000000e+00,1.405586402704652738e+00,2.678916820422159173e-01,2.678916820422159173e-01,0.000000000000000000e+00,1.979624256254917947e-01,1.979624256254896575e-01,5.815561201885854310e-14
4.100000000000000000e+01,4.000000000000000000e+00,1.405586402704652738e+00,2.678916820422159173e-01,2.678916820422159173e-01,0.000000000000000000e+00,3.881159578558709966e-01,3.881159578559388312e-01,-1.845874230832341553e-12
4.100000000000000000e+01,5.000000000000000000e+00,1.405586402704652738e+00,2.678916820422159173e-01,2.678916820422159173e-01,0.000000000000000000e+00,4.345145842783636470e-01,4.345145842785482215e-01,-5.022530128901420056e-12
4.100000000000000000e+01,6.000000000000000000e+00,1.405586402704652738e+00,2.678916820422159173e-01,2.678916820422159173e-01,0.000000000000000000e+00,5.091404765462390625e-01,5.091404765463597437e-01,-3.283903909844116529e-12
4.100000000000000000e+01,7.000000000000000000e+00,1.405586402704652738e+00,2.678916820422159173e-01,2.678916820422159173e-01,0.000000000000000000e+00,5.680671404265970059e-01,5.680671404272197300e-01,-1.694518586045597819e-11
4.200000000000000000e+01,0.000000000000000000e+00,1.459708695560516079e+00,2.296214417504707783e-01,2.296214417504707783e-01,0.000000000000000000e+00,-1.632141671064307187e-01,-1.632141671063813693e-01,-1.342865950253642734e-12
4.200000000000000000e+01,1.000000000000000000e+00,1.459708695560516079e+00,2.296214417504707783e-01,2.296214417504707783e-01,0.000000000000000000e+00,7.780149296178950902e-02,7.780149296174698748e-02,1.157070098868718121e-12
4.200000000000000000e+01,2.000000000000000000e+00,1.459708695560516079e+00,2.296214417504707783e-01,2.296214417504707783e-01,0.000000000000000000e+00,1.334231126358121355e-01,1.334231126359308739e-01,-3.231035171645154127e-12
4.200000000000000000e+01,3.000000000000000000e+00,1.459708695560516079e+00,2.296214417504707783e-01,2.296214417504707783e-01,0.000000000000000000e+00,2.101737379340803957e-01,2.101737379340814504e-01,-2.870017216515097211e-14
4.200000000000000000e+01,4.000000000000000000e+00,1.459708695560516079e+00,2.296214417504707783e-01,2.296214417504707783e-01,0.000000000000000000e+00,3.847936809301775174e-01,3.847936809300209204e-01,4.261220298836362930e-12
4.200000000000000000e+01,5.000000000000000000e+00,1.459708695560516079e+00,2.296214417504707783e-01,2.296214417504707783e-01,0.000000000000000000e+00,4.126394842142889763e-01,4.126394842144472941e-01,-4.308046895526872439e-12
4.200000000000000000e+01,6.000000000000000000e+00,1.459708695560516079e+00,2.296214417504707783e-01,2.296214417504707783e-01,0.000000000000000000e+00,4.755605088743302677e-01,4.755605088749418896e-01,-1.664307878503333682e-11
4.200000000000000000e+01,7.000000000000000000e+00,1.459708695560516079e+00,2.296214417504707783e-01,2.296214417504707783e-01,0.000000000000000000e+00,5.495548610738263395e-01,5.495548610733983486e-01,1.164622775754284196e-11
4.300000000000000000e+01,0.000000000000000000e+00,1.513830988416379419e+00,1.913512014587256393e-01,1.913512014587256393e-01,0.000000000000000000e+00,-1.761135471812688980e-01,-1.761135471812195485e-01,-1.342865950253642734e-12
4.300000000000000000e+01,1.000000000000000000e+00,1.513830988416379419e+00,1.913512014587256393e-01,1.913512014587256393e-01,0.000000000000000000e+00,1.058321452606846014e-01,1.058321452607368235e-01,-1.421036156019251318e-12
4.300000000000000000e+01,2.000000000000000000e+00,1.513830988416379419e+00,1.913512014587256393e-01,1.913512014587256393e-01,0.000000000000000000e+00,1.554285450671712421e-01,1.554285450672805158e-01,-2.973488889847351826e-12
4.300000000000000000e+01,3.000000000000000000e+00,1.513830988416379419e+00,1.913512014587256393e-01,1.913512014587256393e-01,0.000000000000000000e+00,2.211996713051328778e-01,2.211996713052531705e-01,-3.273330162204323968e-12
4.300000000000000000e+01,4.000000000000000000e+00,1.513830988416379419e+00,1.913512014587256393e-01,1.913512014587256393e-01,0.000000000000000000e+00,3.796785251848414644e-01,3.796785251846548359e-01,5.078419937854608903e-12
4.300000000000000000e+01,5.000000000000000000e+00,1.513830988416379419e+00,1.913512014587256393e-01,1.913512014587256393e-01,0.000000000000000000e+00,3.939444548486377706e-01,3.939444548485442343e-01,2.545252110435757344e-12
4.300000000000000000e+01,6.000000000000000000e+00,1.513830988416379419e+00,1.913512014587256393e-01,1.913512014587256393e-01,0.000000000000000000e+00,4.442226728447681294e-01,4.442226728449538142e-01,-5.052740836443684516e-12
4.300000000000000000e+01,7.000000000000000000e+00,1.513830988416379419e+00,1.913512014587256393e-01,1.913512014587256393e-01,0.000000000000000000e+00,5.241392806771795199e-01,5.241392806771221213e-01,1.561893579935058051e-12
4.400000000000000000e+01,0.000000000000000000e+00,1.567953281272242538e+00,1.530809611669805559e-01,1.530809611669805559e-01,0.000000000000000000e+00,-1.869300715938830848e-01,-1.869300715938356505e-01,-1.290752479743237146e-12
4.400000000000000000e+01,1.000000000000000000e+00,1.567953281272242538e+00,1.530809611669805559e-01,1.530809611669805559e-01,0.000000000000000000e+00,1.363523361650420263e-01,1.363523361653688759e-01,-8.894032300442574680e-12
4.400000000000000000e+01,2.000000000000000000e+00,1.567953281272242538e+00,1.530809611669805559e-01,1.530809611669805559e-01,0.000000000000000000e+00,1.785399947069165882e-01,1.785399947069818694e-01,-1.776389603485133698e-12
4.400000000000000000e+01,3.000000000000000000e+00,1.567953281272242538e+00,1.530809611669805559e-01,1.530809611669805559e-01,0.000000000000000000e+00,2.305307970697968167e-01,2.305307970699378983e-01,-3.839025660933220532e-12
4.400000000000000000e+01,4.000000000000000000e+00,1.567953281272242538e+00,1.530809611669805559e-01,1.530809611669805559e-01,0.000000000000000000e+00,3.738054060023864866e-01,3.738054060024332825e-01,-1.273381322906435283e-12
4.400000000000000000e+01,5.000000000000000000e+00,1.567953281272242538e+00,1.530809611669805559e-01,1.530809611669805559e-01,0.000000000000000000e+00,3.785891413036547304e-01,3.785891413035341047e-01,3.282393374467003306e-12
4.400000000000000000e+01,6.000000000000000000e+00,1.567953281272242538e+00,1.530809611669805559e-01,1.530809611669805559e-01,0.000000000000000000e+00,4.165505387028404782e-01,4.165505387019829975e-01,2.333323997026774054e-11
4.400000000000000000e+01,7.000000000000000000e+00,1.567953281272242538e+00,1.530809611669805559e-01,1.530809611669805559e-01,0.000000000000000000e+00,4.917323331565414679e-01,4.917323331569450340e-01,-1.098159219161302868e-11
4.500000000000000000e+01,0.000000000000000000e+00,1.622075574128105879e+00,1.148107208752353614e-01,1.148107208752353614e-01,0.000000000000000000e+00,-1.954668111003715902e-01,-1.954668111003261544e-01,-1.236373206167161522e-12
4.500000000000000000e+01,1.000000000000000000e+00,1.622075574128105879e+00,1.148107208752353614e-01,1.148107208752353614e-01,0.000000000000000000e+00,1.689352769455108594e-01,1.689352769455931824e-01,-2.240123964258889123e-12
4.500000000000000000e+01,2.000000000000000000e+00,1.622075574128105879e+00,1.148107208752353614e-01,1.148107208752353614e-01,0.000000000000000000e+00,2.016667857871025649e-01,2.016667857871596303e-01,-1.552830367672378915e-12
4.500000000000000000e+01,3.000000000000000000e+00,1.622075574128105879e+00,1.148107208752353614e-01,1.148107208752353614e-01,0.000000000000000000e+00,2.378518358324063220e-01,2.378518358323870041e-01,5.256663112353967603e-13
4.500000000000000000e+01,4.000000000000000000e+00,1.622075574128105879e+00,1.148107208752353614e-01,1.148107208752353614e-01,0.000000000000000000e+00,3.666407424870434251e-01,3.666407424872082377e-01,-4.484779534649117512e-12
4.500000000000000000e+01,5.000000000000000000e+00,1.622075574128105879e+00,1.148107208752353614e-01,1.148107208752353614e-01,0.000000000000000000e+00,3.680713431865210161e-01,3.680713431868978258e-01,-1.025351413984446246e-11
4.500000000000000000e+01,6.000000000000000000e+00,1.622075574128105879e+00,1.148107208752353614e-01,1.148107208752353614e-01,0.000000000000000000e+00,3.926947575700370230e-01,3.926947575697645743e-01,7.413707630871629057e-12
4.500000000000000000e+01,7.000000000000000000e+00,1.622075574128105879e+00,1.148107208752353614e-01,1.148107208752353614e-01,0.000000000000000000e+00,4.541985598612642838e-01,4.541985598611273378e-01,3.726490775338286831e-12
4.600000000000000000e+01,0.000000000000000000e+00,1.676197866983969220e+00,7.654048058349022243e-02,7.654048058349022243e-02,0.000000000000000000e+00,-2.016031291419540794e-01,-2.016031291419075611e-01,-1.265828646020869168e-12
4.600000000000000000e+01,1.000000000000000000e+00,1.676197866983969220e+00,7.654048058349022243e-02,7.654048058349022243e-02,0.000000000000000000e+00,2.023440422299051245e-01,2.023440422293092400e-01,1.621484200562174072e-11
4.600000000000000000e+01,2.000000000000000000e+00,1.676197866983969220e+00,7.654048058349022243e-02,7.654048058349022243e-02,0.000000000000000000e+00,2.232246361404292001e-01,2.232246361402871471e-01,3.865460030032701733e-12
4.600000000000000000e+01,3.000000000000000000e+00,1.676197866983969220e+00,7.654048058349022243e-02,7.654048058349022243e-02,0.000000000000000000e+00,2.430421044790284368e-01,2.430421044789485285e-01,2.174415675354464528e-12
4.600000000000000000e+01,4.000000000000000000e+00,1.676197866983969220e+00,7.654048058349022243e-02,7.654048058349022243e-02,0.000000000000000000e+00,3.581155286274178562e-01,3.581155286276740402e-01,-6.971120765377459966e-12
4.600000000000000000e+01,5.000000000000000000e+00,1.676197866983969220e+00,7.654048058349022243e-02,7.654048058349022243e-02,0.000000000000000000e+00,3.629182591351758358e-01,3.629182591355659682e-01,-1.061604263035163275e-11
4.600000000000000000e+01,6.000000000000000000e+00,1.676197866983969220e+00,7.654048058349022243e-02,7.654048058349022243e-02,0.000000000000000000e+00,3.725857504203926029e-01,3.725857504218006988e-01,-3.831624037585365860e-11
4.600000000000000000e+01,7.000000000000000000e+00,1.676197866983969220e+00,7.654048058349022243e-02,7.654048058349022243e-02,0.000000000000000000e+00,4.153864649823246769e-01,4.153864649821732979e-01,4.119229973387720775e-12
4.700000000000000000e+01,0.000000000000000000e+00,1.730320159839832339e+00,3.827024029174513897e-02,3.827024029174513897e-02,0.000000000000000000e+00,-2.052856502484427526e-01,-2.052856502483942081e-01,-1.320963187285501202e-12
4.700000000000000000e+01,1.000000000000000000e+00,1.730320159839832339e+00,3.827024029174513897e-02,3.827024029174513897e-02,0.000000000000000000e+00,2.325995465938811568e-01,2.325995465938094364e-01,1.951611707230265952e-12
4.700000000000000000e+01,2.000000000000000000e+00,1.730320159839832339e+00,3.827024029174513897e-02,3.827024029174513897e-02,0.000000000000000000e+00,2.402011021821413295e-01,2.402011021822155479e-01,-2.019585799200360583e-12
4.700000000000000000e+01,3.000000000000000000e+00,1.730320159839832339e+00,3.827024029174513897e-02,3.827024029174513897e-02,0.000000000000000000e+00,2.461151138969207564e-01,2.461151138970396057e-01,-3.234056242399380573e-12
4.700000000000000000e+01,4.000000000000000000e+00,1.730320159839832339e+00,3.827024029174513897e-02,3.827024029174513897e-02,0.000000000000000000e+00,3.530074337658949957e-01,3.530074337658302142e-01,1.762794785091114893e-12
4.700000000000000000e+01,5.000000000000000000e+00,1.730320159839832339e+00,3.827024029174513897e-02,3.827024029174513897e-02,0.000000000000000000e+00,3.572672053701705375e-01,3.572672053700091110e-01,4.392636876645212120e-12
4.700000000000000000e+01,6.000000000000000000e+00,1.730320159839832339e+00,3.827024029174513897e-02,3.827024029174513897e-02,0.000000000000000000e+00,3.574406884702540088e-01,3.574406884706141097e-01,-9.798842991333386781e-12
4.700000000000000000e+01,7.000000000000000000e+00,1.730320159839832339e+00,3.827024029174513897e-02,3.827024029174513897e-02,0.000000000000000000e+00,3.831725590108300827e-01,3.831725590109376078e-01,-2.925907025468285907e-12
4.800000000000000000e+01,0.000000000000000000e+00,1.784442452695695680e+00,0.000000000000000000e+00,0.000000000000000000e+00,0.000000000000000000e+00,-2.065107827147162067e-01,-2.065107827146664687e-01,-1.353439697893435295e-12
4.800000000000000000e+01,1.000000000000000000e+00,1.784442452695695680e+00,0.000000000000000000e+00,0.000000000000000000e+00,0.000000000000000000e+00,2.471297078045232576e-01,2.471297078047952345e-01,-7.400868080166167267e-12
4.800000000000000000e+01,2.000000000000000000e+00,1.784442452695695680e+00,0.000000000000000000e+00,0.000000000000000000e+00,0.000000000000000000e+00,2.471297078045235351e-01,2.471297078047960949e-01,-7.416728701625856310e-12
4.800000000000000000e+01,3.000000000000000000e+00,1.784442452695695680e+00,0.000000000000000000e+00,0.000000000000000000e+00,0.000000000000000000e+00,2.471297078045238682e-01,2.471297078060688268e-01,-4.204046534812627742e-11
4.800000000000000000e+01,4.000000000000000000e+00,1.784442452695695680e+00,0.000000000000000000e+00,0.000000000000000000e+00,0.000000000000000000e+00,3.513062227657564596e-01,3.513062227635124768e-01,6.106188208442436145e-11
4.800000000000000000e+01,5.000000000000000000e+00,1.784442452695695680e+00,0.000000000000000000e+00,0.000000000000000000e+00,0.000000000000000000e+00,3.513062227657571257e-01,3.513062227654592529e-01,8.105532833589479540e-12
4.800000000000000000e+01,6.000000000000000000e+00,1.784442452695695680e+00,0.000000000000000000e+00,0.000000000000000000e+00,0.000000000000000000e+00,3.513062227657572922e-01,3.513062227654610847e-01,8.060216772276083658e-12
4.800000000000000000e+01,7.000000000000000000e+00,1.784442452695695680e+00,0.000000000000000000e+00,0.000000000000000000e+00,0.000000000000000000e+00,3.718456457153241912e-01,3.718456457153666017e-01,-1.154049028114491675e-12
4.900000000000000000e+01,0.000000000000000000e+00,1.828633119764477177e+00,2.551349352783008687e-02,2.551349352783008687e-02,2.551349352783008687e-02,-2.056943247746618464e-01,-2.056943247746146897e-01,-1.283199802857671031e-12
4.900000000000000000e+01,1.000000000000000000e+00,1.828633119764477177e+00,2.551349352783008687e-02,2.551349352783008687e-02,2.551349352783008687e-02,2.357976979577970644e-01,2.357976979575780174e-01,5.960572598088723062e-12
4.900000000000000000e+01,2.000000000000000000e+00,1.828633119764477177e+00,2.551349352783008687e-02,2.551349352783008687e-02,2.551349352783008687e-02,2.451059749804208598e-01,2.451059749806097643e-01,-5.140351888316250643e-12
4.900000000000000000e+01,3.000000000000000000e+00,1.828633119764477177e+00,2.551349352783008687e-02,2.551349352783008687e-02,2.551349352783008687e-02,2.451059749804211096e-01,2.451059749806105137e-01,-5.153946706710269246e-12
4.900000000000000000e+01,4.000000000000000000e+00,1.828633119764477177e+00,2.551349352783008687e-02,2.551349352783008687e-02,2.551349352783008687e-02,3.541325643288467107e-01,3.541325643286703517e-01,4.798970893088664666e-12
4.900000000000000000e+01,5.000000000000000000e+00,1.828633119764477177e+00,2.551349352783008687e-02,2.551349352783008687e-02,2.551349352783008687e-02,3.541325643288473768e-01,3.541325643286710179e-01,4.798970893088664666e-12
4.900000000000000000e+01,6.000000000000000000e+00,1.828633119764477177e+00,2.551349352783008687e-02,2.551349352783008687e-02,2.551349352783008687e-02,3.551059495937447519e-01,3.551059495940350752e-01,-7.900100022302082826e-12
4.900000000000000000e+01,7.000000000000000000e+00,1.828633119764477177e+00,2.551349352783008687e-02,2.551349352783008687e-02,2.551349352783008687e-02,3.795429057310847898e-01,3.795429057313590704e-01,-7.463555298316365820e-12
5.000000000000000000e+01,0.000000000000000000e+00,1.872823786833258675e+00,5.102698705566017373e-02,5.102698705566017373e-02,5.102698705566017373e-02,-2.032422379789025624e-01,-2.032422379788576539e-01,-1.222023120084586105e-12
5.000000000000000000e+01,1.000000000000000000e+00,1.872823786833258675e+00,5.102698705566017373e-02,5.102698705566017373e-02,5.102698705566017373e-02,2.103379607971873899e-01,2.103379607962143627e-01,2.647741935772888495e-11
5.000000000000000000e+01,2.000000000000000000e+00,1.872823786833258675e+00,5.102698705566017373e-02,5.102698705566017373e-02,5.102698705566017373e-02,2.397368552599687397e-01,2.397368552599817570e-01,-3.542205459330475139e-13
5.000000000000000000e+01,3.000000000000000000e+00,1.872823786833258675e+00,5.102698705566017373e-02,5.102698705566017373e-02,5.102698705566017373e-02,2.397368552599689340e-01,2.397368552599820901e-01,-3.579968843758305209e-13
5.000000000000000000e+01,4.000000000000000000e+00,1.872823786833258675e+00,5.102698705566017373e-02,5.102698705566017373e-02,5.102698705566017373e-02,3.568518733448834412e-01,3.568518733465772530e-01,-4.609096596185534917e-11
5.000000000000000000e+01,5.000000000000000000e+00,1.872823786833258675e+00,5.102698705566017373e-02,5.102698705566017373e-02,5.102698705566017373e-02,3.618111483210881829e-01,3.618111483211916002e-01,-2.814127407561908212e-12
5.000000000000000000e+01,6.000000000000000000e+00,1.872823786833258675e+00,5.102698705566017373e-02,5.102698705566017373e-02,5.102698705566017373e-02,3.618111483210886825e-01,3.618111483211917667e-01,-2.805064195299229278e-12
5.000000000000000000e+01,7.000000000000000000e+00,1.872823786833258675e+00,5.102698705566017373e-02,5.102698705566017373e-02,5.102698705566017373e-02,4.039139849503166624e-01,4.039139849504922997e-01,-4.779333933186193171e-12
5.100000000000000000e+01,0.000000000000000000e+00,1.917014453902040172e+00,7.654048058349026407e-02,7.654048058349026407e-02,7.654048058349026407e-02,-1.991559359952385366e-01,-1.991559359951932673e-01,-1.231841600035821853e-12
5.100000000000000000e+01,1.000000000000000000e+00,1.917014453902040172e+00,7.654048058349026407e-02,7.654048058349026407e-02,7.654048058349026407e-02,1.803069535066856022e-01,1.803069535068462792e-01,-4.372244649054183811e-12
5.100000000000000000e+01,2.000000000000000000e+00,1.917014453902040172e+00,7.654048058349026407e-02,7.654048058349026407e-02,7.654048058349026407e-02,2.324644923247008721e-01,2.324644923246129979e-01,2.391177501970209808e-12
5.100000000000000000e+01,3.000000000000000000e+00,1.917014453902040172e+00,7.654048058349026407e-02,7.654048058349026407e-02,7.654048058349026407e-02,2.324644923247011219e-01,2.324644923246134420e-01,2.385890628150313730e-12
5.100000000000000000e+01,4.000000000000000000e+00,1.917014453902040172e+00,7.654048058349026407e-02,7.654048058349026407e-02,7.654048058349026407e-02,3.556886346329860560e-01,3.556886346335548788e-01,-1.547845600927905198e-11
5.100000000000000000e+01,5.000000000000000000e+00,1.917014453902040172e+00,7.654048058349026407e-02,7.654048058349026407e-02,7.654048058349026407e-02,3.726198566428511327e-01,3.726198566431471737e-01,-8.055685166144744392e-12
5.100000000000000000e+01,6.000000000000000000e+00,1.917014453902040172e+00,7.654048058349026407e-02,7.654048058349026407e-02,7.654048058349026407e-02,3.726198566428512438e-01,3.726198566431480064e-01,-8.075322126047215080e-12
5.100000000000000000e+01,7.000000000000000000e+00,1.917014453902040172e+00,7.654048058349026407e-02,7.654048058349026407e-02,7.654048058349026407e-02,4.367124716169755727e-01,4.367124716157817499e-01,3.248557382019667433e-11
5.200000000000000000e+01,0.000000000000000000e+00,1.961205120970821669e+00,1.020539741113203475e-01,1.020539741113203475e-01,1.020539741113203475e-01,-1.934596454489160011e-01,-1.934596454488692330e-01,-1.272626055217878672e-12
5.200000000000000000e+01,1.000000000000000000e+00,1.961205120970821669e+00,1.020539741113203475e-01,1.020539741113203475e-01,1.020539741113203475e-01,1.494677572636661789e-01,1.494677572643210994e-01,-1.782129637918163946e-11
5.200000000000000000e+01,2.000000000000000000e+00,1.961205120970821669e+00,1.020539741113203475e-01,1.020539741113203475e-01,1.020539741113203475e-01,2.245498498768882245e-01,2.245498498768619677e-01,7.144832333745478188e-13
5.200000000000000000e+01,3.000000000000000000e+00,1.961205120970821669e+00,1.020539741113203475e-01,1.020539741113203475e-01,1.020539741113203475e-01,2.245498498768884466e-01,2.245498498768623563e-01,7.099516272432082508e-13
5.200000000000000000e+01,4.000000000000000000e+00,1.961205120970821669e+00,1.020539741113203475e-01,1.020539741113203475e-01,1.020539741113203475e-01,3.534339342181094801e-01,3.534339342173379306e-01,2.099493120649649232e-11
5.200000000000000000e+01,5.000000000000000000e+00,1.961205120970821669e+00,1.020539741113203475e-01,1.020539741113203475e-01,1.020539741113203475e-01,3.848803902189961157e-01,3.848803902191971771e-01,-5.471159135904042847e-12
5.200000000000000000e+01,6.000000000000000000e+00,1.961205120970821669e+00,1.020539741113203475e-01,1.020539741113203475e-01,1.020539741113203475e-01,3.848803902189965598e-01,3.848803902191982318e-01,-5.487775025052288704e-12
5.200000000000000000e+01,7.000000000000000000e+00,1.961205120970821669e+00,1.020539741113203475e-01,1.020539741113203475e-01,1.020539741113203475e-01,4.730058086212552415e-01,4.730058086207661883e-01,1.330781667236737111e-11
5.300000000000000000e+01,0.000000000000000000e+00,2.005395788039602945e+00,1.275674676391504447e-01,1.275674676391504447e-01,1.275674676391504447e-01,-1.862151332424951400e-01,-1.862151332424462069e-01,-1.331536934925293763e-12
5.300000000000000000e+01,1.000000000000000000e+00,2.005395788039602945e+00,1.275674676391504447e-01,1.275674676391504447e-01,1.275674676391504447e-01,1.192303244178564980e-01,1.192303244179823141e-01,-3.423628432227088243e-12
5.300000000000000000e+01,2.000000000000000000e+00,2.005395788039602945e+00,1.275674676391504447e-01,1.275674676391504447e-01,1.275674676391504447e-01,2.168113354285244043e-01,2.168113354286143046e-01,-2.446312043234841842e-12
5.300000000000000000e+01,3.000000000000000000e+00,2.005395788039602945e+00,1.275674676391504447e-01,1.275674676391504447e-01,1.275674676391504447e-01,2.168113354285248207e-01,2.168113354286151928e-01,-2.459151593940304440e-12
5.300000000000000000e+01,4.000000000000000000e+00,2.005395788039602945e+00,1.275674676391504447e-01,1.275674676391504447e-01,1.275674676391504447e-01,3.507200753794988413e-01,3.507200753788879966e-01,1.662193128975375251e-11
5.300000000000000000e+01,5.000000000000000000e+00,2.005395788039602945e+00,1.275674676391504447e-01,1.275674676391504447e-01,1.275674676391504447e-01,3.972883982392340085e-01,3.972883982391947622e-01,1.067948511619038772e-12
5.300000000000000000e+01,6.000000000000000000e+00,2.005395788039602945e+00,1.275674676391504447e-01,1.275674676391504447e-01,1.275674676391504447e-01,3.972883982392341196e-01,3.972883982391964830e-01,1.024142985682755708e-12
5.300000000000000000e+01,7.000000000000000000e+00,2.005395788039602945e+00,1.275674676391504447e-01,1.275674676391504447e-01,1.275674676391504447e-01,5.114271096379491288e-01,5.114271096396407756e-01,-4.603205508214793226e-11
5.400000000000000000e+01,0.000000000000000000e+00,2.049586455108384442e+00,1.530809611669805281e-01,1.530809611669805281e-01,1.530809611669805281e-01,-1.775342937089920414e-01,-1.775342937089414708e-01,-1.376097728550133438e-12
5.400000000000000000e+01,1.000000000000000000e+00,2.049586455108384442e+00,1.530809611669805281e-01,1.530809611669805281e-01,1.530809611669805281e-01,9.027143971305760795e-02,9.027143971278522860e-02,7.411819461650238235e-12
5.400000000000000000e+01,2.000000000000000000e+00,2.049586455108384442e+00,1.530809611669805281e-01,1.530809611669805281e-01,1.530809611669805281e-01,2.097218022491462441e-01,2.097218022492543799e-01,-2.942522914616530956e-12
5.400000000000000000e+01,3.000000000000000000e+00,2.049586455108384442e+00,1.530809611669805281e-01,1.530809611669805281e-01,1.530809611669805281e-01,2.097218022491464384e-01,2.097218022492547407e-01,-2.947054520747870625e-12
5.400000000000000000e+01,4.000000000000000000e+00,2.049586455108384442e+00,1.530809611669805281e-01,1.530809611669805281e-01,1.530809611669805281e-01,3.478942973076595280e-01,3.478942973079938161e-01,-9.096444040975744140e-12
5.400000000000000000e+01,5.000000000000000000e+00,2.049586455108384442e+00,1.530809611669805281e-01,1.530809611669805281e-01,1.530809611669805281e-01,4.088987816908200568e-01,4.088987816907291295e-01,2.474256947711436266e-12
5.400000000000000000e+01,6.000000000000000000e+00,2.049586455108384442e+00,1.530809611669805281e-01,1.530809611669805281e-01,1.530809611669805281e-01,4.088987816908203343e-01,4.088987816907299622e-01,2.459151593940304440e-12
5.400000000000000000e+01,7.000000000000000000e+00,2.049586455108384442e+00,1.530809611669805281e-01,1.530809611669805281e-01,1.530809611669805281e-01,5.514246530440561900e-01,5.514246530452974193e-01,-3.377557103225135305e-11
5.500000000000000000e+01,0.000000000000000000e+00,2.093777122177165939e+00,1.785944546948106115e-01,1.785944546948106115e-01,1.785944546948106115e-01,-1.676020553543340619e-01,-1.676020553542878488e-01,-1.257520701446746442e-12
5.500000000000000000e+01,1.000000000000000000e+00,2.093777122177165939e+00,1.785944546948106115e-01,1.785944546948106115e-01,1.785944546948106115e-01,6.305153334322137482e-02,6.305153334315305447e-02,1.859091415382082153e-12
5.500000000000000000e+01,2.000000000000000000e+00,2.093777122177165939e+00,1.785944546948106115e-01,1.785944546948106115e-01,1.785944546948106115e-01,2.035407243975495828e-01,2.035407243975871916e-01,-1.023387717994199097e-12
5.500000000000000000e+01,3.000000000000000000e+00,2.093777122177165939e+00,1.785944546948106115e-01,1.785944546948106115e-01,1.785944546948106115e-01,2.035407243975499714e-01,2.035407243975876912e-01,-1.026408788748425543e-12
5.500000000000000000e+01,4.000000000000000000e+00,2.093777122177165939e+00,1.785944546948106115e-01,1.785944546948106115e-01,1.785944546948106115e-01,3.452029368032688561e-01,3.452029368038928014e-01,-1.697841763875246829e-11
5.500000000000000000e+01,5.000000000000000000e+00,2.093777122177165939e+00,1.785944546948106115e-01,1.785944546948106115e-01,1.785944546948106115e-01,4.190713814656162883e-01,4.190713814656892855e-01,-1.986354020903869677e-12
5.500000000000000000e+01,6.000000000000000000e+00,2.093777122177165939e+00,1.785944546948106115e-01,1.785944546948106115e-01,1.785944546948106115e-01,4.190713814656173430e-01,4.190713814656905067e-01,-1.990885627035209346e-12
5.500000000000000000e+01,7.000000000000000000e+00,2.093777122177165939e+00,1.785944546948106115e-01,1.785944546948106115e-01,1.785944546948106115e-01,5.922798945042776486e-01,5.922798945026441775e-01,4.444901400693329070e-11
5.600000000000000000e+01,0.000000000000000000e+00,2.137967789245947436e+00,2.041079482226406949e-01,2.041079482226406949e-01,2.041079482226406949e-01,-1.567278235142141873e-01,-1.567278235141753850e-01,-1.055864228602133190e-12
5.600000000000000000e+01,1.000000000000000000e+00,2.137967789245947436e+00,2.041079482226406949e-01,2.041079482226406949e-01,2.041079482226406949e-01,3.801800585129139209e-02,3.801800585149411882e-02,-5.516475197217439537e-12
5.600000000000000000e+01,2.000000000000000000e+00,2.137967789245947436e+00,2.041079482226406949e-01,2.041079482226406949e-01,2.041079482226406949e-01,1.984044272247590668e-01,1.984044272247684759e-01,-2.560357464206889271e-13
5.600000000000000000e+01,3.000000000000000000e+00,2.137967789245947436e+00,2.041079482226406949e-01,2.041079482226406949e-01,2.041079482226406949e-01,1.984044272247593166e-01,1.984044272247686425e-01,-2.537699433550190926e-13
5.600000000000000000e+01,4.000000000000000000e+00,2.137967789245947436e+00,2.041079482226406949e-01,2.041079482226406949e-01,2.041079482226406949e-01,3.428250662736936905e-01,3.428250662738189236e-01,-3.407767810767399604e-12
5.600000000000000000e+01,5.000000000000000000e+00,2.137967789245947436e+00,2.041079482226406949e-01,2.041079482226406949e-01,2.041079482226406949e-01,4.274332553012014646e-01,4.274332553013540648e-01,-4.152461751684211681e-12
5.600000000000000000e+01,6.000000000000000000e+00,2.137967789245947436e+00,2.041079482226406949e-01,2.041079482226406949e-01,2.041079482226406949e-01,4.274332553012020752e-01,4.274332553013558411e-01,-4.184182994603588960e-12
5.600000000000000000e+01,7.000000000000000000e+00,2.137967789245947436e+00,2.041079482226406949e-01,2.041079482226406949e-01,2.041079482226406949e-01,6.325872916331357620e-01,6.325872916311883198e-01,5.299260209988559926e-11
5.700000000000000000e+01,0.000000000000000000e+00,2.182158456314728934e+00,2.296214417504707783e-01,2.296214417504707783e-01,2.296214417504707783e-01,-1.454572202951430471e-01,-1.454572202950961679e-01,-1.275647125972104916e-12
5.700000000000000000e+01,1.000000000000000000e+00,2.182158456314728934e+00,2.296214417504707783e-01,2.296214417504707783e-01,2.296214417504707783e-01,1.576912372047164015e-02,1.576912372059757761e-02,-3.426932728364523393e-12
5.700000000000000000e+01,2.000000000000000000e+00,2.182158456314728934e+00,2.296214417504707783e-01,2.296214417504707783e-01,2.296214417504707783e-01,1.943799767497506603e-01,1.943799767498073927e-01,-1.543767155409699577e-12
5.700000000000000000e+01,3.000000000000000000e+00,2.182158456314728934e+00,2.296214417504707783e-01,2.296214417504707783e-01,2.296214417504707783e-01,1.943799767497511322e-01,1.943799767498077813e-01,-1.541501352344029742e-12
5.700000000000000000e+01,4.000000000000000000e+00,2.182158456314728934e+00,2.296214417504707783e-01,2.296214417504707783e-01,2.296214417504707783e-01,3.408836744816651221e-01,3.408836744813403263e-01,8.838142491489386641e-12
5.700000000000000000e+01,5.000000000000000000e+00,2.182158456314728934e+00,2.296214417504707783e-01,2.296214417504707783e-01,2.296214417504707783e-01,4.338364431684825773e-01,4.338364431685051148e-01,-6.132773631079628870e-13
5.700000000000000000e+01,6.000000000000000000e+00,2.182158456314728934e+00,2.296214417504707783e-01,2.296214417504707783e-01,2.296214417504707783e-01,4.338364431684840761e-01,4.338364431685055034e-01,-5.830666555656986288e-13
5.700000000000000000e+01,7.000000000000000000e+00,2.182158456314728934e+00,2.296214417504707783e-01,2.296214417504707783e-01,2.296214417504707783e-01,6.699346146821494319e-01,6.699346146835607474e-01,-3.840385142772622634e-11
5.800000000000000000e+01,0.000000000000000000e+00,2.226349123383510431e+00,2.551349352783008895e-01,2.551349352783008895e-01,2.551349352783008895e-01,-1.347999972927283185e-01,-1.347999972926610945e-01,-1.829258341684096100e-12
5.800000000000000000e+01,1.000000000000000000e+00,2.226349123383510431e+00,2.551349352783008895e-01,2.551349352783008895e-01,2.551349352783008895e-01,-2.689282506733016095e-03,-2.689282506779105963e-03,1.254169201078776642e-12
5.800000000000000000e+01,2.000000000000000000e+00,2.226349123383510431e+00,2.551349352783008895e-01,2.551349352783008895e-01,2.551349352783008895e-01,1.914967951110367883e-01,1.914967951111231081e-01,-2.348882511411039968e-12
5.800000000000000000e+01,3.000000000000000000e+00,2.226349123383510431e+00,2.551349352783008895e-01,2.551349352783008895e-01,2.551349352783008895e-01,1.914967951110372046e-01,1.914967951111232747e-01,-2.342085102214030667e-12
5.800000000000000000e+01,4.000000000000000000e+00,2.226349123383510431e+00,2.551349352783008895e-01,2.551349352783008895e-01,2.551349352783008895e-01,3.394561117066301481e-01,3.394561117064080480e-01,6.043652043829949116e-12
5.800000000000000000e+01,5.000000000000000000e+00,2.226349123383510431e+00,2.551349352783008895e-01,2.551349352783008895e-01,2.551349352783008895e-01,4.382948825895084388e-01,4.382948825894459888e-01,1.699352299252360133e-12
5.800000000000000000e+01,6.000000000000000000e+00,2.226349123383510431e+00,2.551349352783008895e-01,2.551349352783008895e-01,2.551349352783008895e-01,4.382948825895088829e-01,4.382948825894470435e-01,1.682736410104114882e-12
5.800000000000000000e+01,7.000000000000000000e+00,2.226349123383510431e+00,2.551349352783008895e-01,2.551349352783008895e-01,2.551349352783008895e-01,7.009062987880132489e-01,7.009062987908808440e-01,-7.803123651091414475e-11
5.900000000000000000e+01,0.000000000000000000e+00,2.270539790452291928e+00,2.806484288061309451e-01,2.806484288061309451e-01,2.806484288061309451e-01,-1.265803701644230006e-01,-1.265803701643710144e-01,-1.414616380666520221e-12
5.900000000000000000e+01,1.000000000000000000e+00,2.270539790452291928e+00,2.806484288061309451e-01,2.806484288061309451e-01,2.806484288061309451e-01,-1.556606340766984557e-02,-1.556606340765816221e-02,-3.179204926517957142e-13
5.900000000000000000e+01,2.000000000000000000e+00,2.270539790452291928e+00,2.806484288061309451e-01,2.806484288061309451e-01,2.806484288061309451e-01,1.897653626921118608e-01,1.897653626921570191e-01,-1.228820529281595608e-12
5.900000000000000000e+01,3.000000000000000000e+00,2.270539790452291928e+00,2.806484288061309451e-01,2.806484288061309451e-01,2.806484288061309451e-01,1.897653626921119996e-01,1.897653626921574077e-01,-1.235617938478604910e-12
5.900000000000000000e+01,4.000000000000000000e+00,2.270539790452291928e+00,2.806484288061309451e-01,2.806484288061309451e-01,2.806484288061309451e-01,3.385858958482478309e-01,3.385858958484366799e-01,-5.138841352939137016e-12
5.900000000000000000e+01,5.000000000000000000e+00,2.270539790452291928e+00,2.806484288061309451e-01,2.806484288061309451e-01,2.806484288061309451e-01,4.409039946933344667e-01,4.409039946933888676e-01,-1.480324669570944816e-12
5.900000000000000000e+01,6.000000000000000000e+00,2.270539790452291928e+00,2.806484288061309451e-01,2.806484288061309451e-01,2.806484288061309451e-01,4.409039946933355214e-01,4.409039946933892007e-01,-1.460687709668473119e-12
5.900000000000000000e+01,7.000000000000000000e+00,2.270539790452291928e+00,2.806484288061309451e-01,2.806484288061309451e-01,2.806484288061309451e-01,7.216407144649297223e-01,7.216407144644597649e-01,1.278819250264042725e-11
6.000000000000000000e+01,0.000000000000000000e+00,2.314730457521073426e+00,3.061619223339610563e-01,3.061619223339610563e-01,3.061619223339610563e-01,-1.233590133591444538e-01,-1.233590133591205701e-01,-6.499078460029581411e-13
6.000000000000000000e+01,1.000000000000000000e+00,2.314730457521073426e+00,3.061619223339610563e-01,3.061619223339610563e-01,3.061619223339610563e-01,-2.033504996022225328e-02,-2.033504996010648130e-02,-3.150315937430667005e-12
6.000000000000000000e+01,2.000000000000000000e+00,2.314730457521073426e+00,3.061619223339610563e-01,3.061619223339610563e-01,3.061619223339610563e-01,1.891881454475567714e-01,1.891881454475675961e-01,-2.945543985370757604e-13
6.000000000000000000e+01,3.000000000000000000e+00,2.314730457521073426e+00,3.061619223339610563e-01,3.061619223339610563e-01,3.061619223339610563e-01,1.891881454475569935e-01,1.891881454475682067e-01,-3.051281461768682205e-13
6.000000000000000000e+01,4.000000000000000000e+00,2.314730457521073426e+00,3.061619223339610563e-01,3.061619223339610563e-01,3.061619223339610563e-01,3.382938292352643539e-01,3.382938292356647558e-01,-1.089549167511757618e-11
6.000000000000000000e+01,5.000000000000000000e+00,2.314730457521073426e+00,3.061619223339610563e-01,3.061619223339610563e-01,3.061619223339610563e-01,4.417605585181886285e-01,4.417605585183422834e-01,-4.181161923849362514e-12
6.000000000000000000e+01,6.000000000000000000e+00,2.314730457521073426e+00,3.061619223339610563e-01,3.061619223339610563e-01,3.061619223339610563e-01,4.417605585181898498e-01,4.417605585183439487e-01,-4.193246206866268298e-12
6.000000000000000000e+01,7.000000000000000000e+00,2.314730457521073426e+00,3.061619223339610563e-01,3.061619223339610563e-01,3.061619223339610563e-01,7.289658497045710117e-01,7.289658497014659400e-01,8.449330685420445381e-11
