energy_ev,gradscf_strength_per_ev,pyscf_strength_per_ev,difference
0.000000000000000000e+00,1.576334649775237112e-107,1.576961971794857181e-107,-6.273220196200689212e-111
4.023152893869078907e-03,3.192137830728497033e-107,3.193333195304495786e-107,-1.195364575998752376e-110
8.046305787738157814e-03,6.457757703368912362e-107,6.460033205046185455e-107,-2.275501677273092840e-110
1.206945868160723759e-02,1.305114921561759506e-106,1.305547655412158739e-106,-4.327338503992337923e-110
1.609261157547631563e-02,2.635012391110617293e-106,2.635834504100890828e-106,-8.221129902735351468e-110
2.011576446934539367e-02,5.314757659019076893e-106,5.316317962534001446e-106,-1.560303514924552248e-109
2.413891736321447518e-02,1.070905549160974773e-105,1.071201386917385266e-105,-2.958377564104929577e-109
2.816207025708355322e-02,2.155687330941263870e-105,2.156247688265562406e-105,-5.603573242985356568e-109
3.218522315095263125e-02,4.334981691731588826e-105,4.336042027586847156e-105,-1.060335855258329770e-108
3.620837604482170929e-02,8.708746795910612915e-105,8.710751216183564439e-105,-2.004420272951523656e-108
4.023152893869078733e-02,1.747796871997232113e-104,1.748175402667020647e-104,-3.785306697885348621e-108
4.425468183255986537e-02,3.504234408014517614e-104,3.504948543000874474e-104,-7.141349863568608272e-108
4.827783472642895035e-02,7.018789850193729885e-104,7.020135792676054993e-104,-1.345942482325107515e-107
5.230098762029802839e-02,1.404423950020645421e-103,1.404677369298554937e-103,-2.534192779095159620e-107
5.632414051416710643e-02,2.807379423677318425e-103,2.807856095804340151e-103,-4.766721270217262443e-107
6.034729340803618447e-02,5.606229803453382041e-103,5.607125512232657381e-103,-8.957087792753398334e-107
6.437044630190526251e-02,1.118426830569409288e-102,1.118594974375168410e-102,-1.681438057591213715e-106
6.839359919577434055e-02,2.229005582448691669e-102,2.229320909977944150e-102,-3.153275292524805491e-106
7.241675208964341859e-02,4.437942112700203037e-102,4.438532871065822723e-102,-5.907583656196861765e-106
7.643990498351249663e-02,8.827119538916196429e-102,8.828225207208801325e-102,-1.105668292604895586e-105
8.046305787738157467e-02,1.753974522284132872e-101,1.754181253861359526e-101,-2.067315772266533728e-105
8.448621077125065271e-02,3.481724882287568176e-101,3.482111032051436475e-101,-3.861497638682994522e-105
8.850936366511973075e-02,6.904504541996045233e-101,6.905225104615298311e-101,-7.205626192530776137e-105
9.253251655898880879e-02,1.367846885622204191e-100,1.367981209953796330e-100,-1.343243315921388076e-104
9.655566945285790070e-02,2.707131486287737776e-100,2.707381638679321886e-100,-2.501523915841099900e-104
1.005788223467269787e-01,5.352394455515348086e-100,5.352859850447308631e-100,-4.653949319605454786e-104
1.046019752405960568e-01,1.057191766257949142e-99,1.057278264178226508e-99,-8.649792027736572585e-104
1.086251281344651348e-01,2.086057762696873354e-99,2.086218366829013688e-99,-1.606041321403340507e-103
1.126482810283342129e-01,4.112120053890564342e-99,4.112417956842771738e-99,-2.979029522073953505e-103
1.166714339222032909e-01,8.097894957084654248e-99,8.098446983614669218e-99,-5.520265300149702309e-103
1.206945868160723689e-01,1.593108630331913340e-98,1.593210821215222679e-98,-1.021908833093389888e-102
1.247177397099414470e-01,3.131017821310268517e-98,3.131206808090624199e-98,-1.889867803556813756e-102
1.287408926038105250e-01,6.147415766986063409e-98,6.147764921596142194e-98,-3.491546100787853844e-102
1.327640454976796169e-01,1.205775712099263034e-97,1.205840154428097769e-97,-6.444232883473502312e-102
1.367871983915486811e-01,2.362693434508989276e-97,2.362812255118519915e-97,-1.188206095306388277e-101
1.408103512854177730e-01,4.625035975050729424e-97,4.625254841626008909e-97,-2.188665752794853371e-101
1.448335041792868372e-01,9.044608099559089231e-97,9.045010848343147610e-97,-4.027487840583782029e-101
1.488566570731559291e-01,1.766978601646224924e-96,1.767052639901655631e-96,-7.403825543070673566e-101
1.528798099670249933e-01,3.448575388755642711e-96,3.448711359437603933e-96,-1.359706819612214852e-100
1.569029628608940852e-01,6.723804177101880114e-96,6.724053637464077176e-96,-2.494603621970622024e-100
1.609261157547631493e-01,1.309656149956286229e-95,1.309701871934540839e-95,-4.572197825460938948e-100
1.649492686486322413e-01,2.548393065020881608e-95,2.548476782412242120e-95,-8.371739136051268361e-100
1.689724215425013054e-01,4.953845301397159434e-95,4.953998436089498307e-95,-1.531346923388727327e-99
1.729955744363703973e-01,9.620227977416045285e-95,9.620507810295269702e-95,-2.798328792244168132e-99
1.770187273302394615e-01,1.866359000377894528e-94,1.866410085115057692e-94,-5.108473716316416908e-99
1.810418802241085534e-01,3.617194857946210714e-94,3.617288022536474531e-94,-9.316459026381670451e-99
1.850650331179776176e-01,7.003506273563367366e-94,7.003676011105803865e-94,-1.697375424364996460e-98
1.890881860118467095e-01,1.354646680463080012e-93,1.354677574330838333e-93,-3.089386775832080638e-98
1.931113389057158014e-01,2.617601012970725586e-93,2.617657186799820558e-93,-5.617382909497138703e-98
1.971344917995848656e-01,5.052982112857186654e-93,5.053084151147037444e-93,-1.020382898507902723e-97
2.011576446934539575e-01,9.744486753197491039e-93,9.744671918556575303e-93,-1.851653590842633027e-97
2.051807975873230216e-01,1.877314679551591082e-92,1.877348247420888001e-92,-3.356786929691874216e-97
2.092039504811921136e-01,3.613117460838302336e-92,3.613178254080380225e-92,-6.079324207788886889e-97
2.132271033750611777e-01,6.946946956010955058e-92,6.947056946305486957e-92,-1.099902945318987005e-96
2.172502562689302696e-01,1.334359287983080004e-91,1.334379168194483715e-91,-1.988021140371047010e-96
2.212734091627993338e-01,2.560462861498139564e-91,2.560498758257388625e-91,-3.589675924906091182e-96
2.252965620566684257e-01,4.908299745234863485e-91,4.908364497824240845e-91,-6.475258937736062507e-96
2.293197149505374899e-01,9.399625928080777650e-91,9.399742616227726660e-91,-1.166881469490097730e-95
2.333428678444065818e-01,1.798278542318043495e-90,1.798299549320979576e-90,-2.100700293608050199e-95
2.373660207382756460e-01,3.436926554966079162e-90,3.436964335600755322e-90,-3.778063467616023388e-95
2.413891736321447379e-01,6.562214754367765824e-90,6.562282634434742361e-90,-6.788006697653657815e-95
2.454123265260138020e-01,1.251692137314296165e-89,1.251704321126406440e-89,-1.218381211027552974e-94
2.494354794198828940e-01,2.385126991786744338e-89,2.385148838801410693e-89,-2.184701466635500592e-94
2.534586323137519859e-01,4.540381946334491762e-89,4.540421081668944996e-89,-3.913533445323367691e-94
2.574817852076210500e-01,8.634559110335203673e-89,8.634629145171435157e-89,-7.003483623148405687e-94
2.615049381014901142e-01,1.640419199335508055e-88,1.640431719999803535e-88,-1.252066429548013787e-93
2.655280909953592339e-01,3.113410732070629731e-88,3.113433093980313265e-88,-2.236190968353390973e-93
2.695512438892282980e-01,5.903164566363617557e-88,5.903204465065124546e-88,-3.989870150698889011e-93
2.735743967830973622e-01,1.118150495922249668e-87,1.118157607681879478e-87,-7.111759629810305943e-93
2.775975496769664264e-01,2.115838565939781094e-87,2.115851229735852079e-87,-1.266379607098473712e-92
2.816207025708355460e-01,3.999739388259256150e-87,3.999761916090355751e-87,-2.252783109960057081e-92
2.856438554647046102e-01,7.553491741048858042e-87,7.553531776395493485e-87,-4.003534663544331107e-92
2.896670083585736744e-01,1.425052027581280041e-86,1.425059135404942000e-86,-7.107823661959153301e-92
2.936901612524427385e-01,2.685842736726238357e-86,2.685855343346602312e-86,-1.260662036395506797e-91
2.977133141463118582e-01,5.057051045751287595e-86,5.057073383005953568e-86,-2.233725466597315582e-91
3.017364670401809223e-01,9.512200431355301787e-86,9.512239970761201895e-86,-3.953940590010757893e-91
3.057596199340499865e-01,1.787440301981575858e-85,1.787447293956313753e-85,-6.991974737894840631e-91
3.097827728279190507e-01,3.355436287514652516e-85,3.355448639565969211e-85,-1.235205131669587072e-90
3.138059257217881703e-01,6.292646653647407884e-85,6.292668453220993454e-85,-2.179957358557064715e-90
3.178290786156572345e-01,1.178920698044318963e-84,1.178924541543099302e-84,-3.843498780339411434e-90
3.218522315095262987e-01,2.206493930757048382e-84,2.206500700552306979e-84,-6.769795258597509367e-90
3.258753844033954183e-01,4.125606282006242045e-84,4.125618194276317340e-84,-1.191227007529501245e-89
3.298985372972644825e-01,7.706190132922120928e-84,7.706211073272149863e-84,-2.094035002893589451e-89
3.339216901911335467e-01,1.437998914692240697e-83,1.438002592118595556e-83,-3.677426354858315417e-89
3.379448430850026108e-01,2.680675803826168618e-83,2.680682255536862462e-83,-6.451710693843726712e-89
3.419679959788717305e-01,4.992256927530349692e-83,4.992268235297754206e-83,-1.130776740451355923e-88
3.459911488727407947e-01,9.287877101413346282e-83,9.287896900730778944e-83,-1.979931743266251096e-88
3.500143017666098588e-01,1.726246813020776086e-82,1.726250276361239403e-82,-3.463340463316798572e-88
3.540374546604789230e-01,3.205207994821909882e-82,3.205214047004898987e-82,-6.052182989105307779e-88
3.580606075543480427e-01,5.945336533845852507e-82,5.945347099615052164e-82,-1.056576919965709278e-87
3.620837604482171068e-01,1.101700549434301391e-81,1.101702392168695050e-81,-1.842734393658436844e-87
3.661069133420861710e-01,2.039471248218685637e-81,2.039474458900146090e-81,-3.210681460453364162e-87
3.701300662359552351e-01,3.771711849255741166e-81,3.771717437879980102e-81,-5.588624238935691663e-87
3.741532191298243548e-01,6.968291710006704187e-81,6.968301428215892218e-81,-9.718209188030208796e-87
3.781763720236934190e-01,1.286118655268842848e-80,1.286120343537611973e-80,-1.688268769124460659e-86
3.821995249175624831e-01,2.371388177399114184e-80,2.371391107424333041e-80,-2.930025218857056515e-86
3.862226778114316028e-01,4.368085804176287682e-80,4.368090884320752192e-80,-5.080144464510592754e-86
3.902458307053006670e-01,8.037973483026099537e-80,8.037982282488540046e-80,-8.799462440508908014e-86
3.942689835991697311e-01,1.477640803983622047e-79,1.477642326675717694e-79,-1.522692095646422075e-85
3.982921364930387953e-01,2.713676535214397946e-79,2.713679167569754942e-79,-2.632355356995805647e-85
4.023152893869079150e-01,4.978679633125318276e-79,4.978684179381760125e-79,-4.546256441848349798e-85
4.063384422807769791e-01,9.125090515219969836e-79,9.125098359280373197e-79,-7.844060403361168195e-85
4.103615951746460433e-01,1.670810049329855130e-78,1.670811401421877446e-78,-1.352092022316439212e-84
4.143847480685151075e-01,3.056214798148071876e-78,3.056217126509990968e-78,-2.328361919091792630e-84
4.184079009623842271e-01,5.584799262100023615e-78,5.584803267762552154e-78,-4.005662528538308750e-84
4.224310538562532913e-01,1.019525655389410684e-77,1.019526343849328426e-77,-6.884599177412096607e-84
4.264542067501223555e-01,1.859326452281227140e-77,1.859327634408503919e-77,-1.182127276779546123e-83
4.304773596439914196e-01,3.387505702205042438e-77,3.387507730036575464e-77,-2.027831533025643808e-83
4.345005125378605393e-01,6.165542840889369659e-77,6.165546316110507162e-77,-3.475221137503408964e-83
4.385236654317296034e-01,1.121061666183219066e-76,1.121062261183349166e-76,-5.950001301000492174e-83
4.425468183255986676e-01,2.036360119010077622e-76,2.036361136749469727e-76,-1.017739392104668619e-82
4.465699712194677318e-01,3.695273277911506558e-76,3.695275017081781977e-76,-1.739170275418970677e-82
4.505931241133368514e-01,6.698929970179801887e-76,6.698932939348514549e-76,-2.969168712662369974e-82
4.546162770072059156e-01,1.213196676499592952e-75,1.213197182925548352e-75,-5.064259554003122644e-82
4.586394299010749798e-01,2.194946220973885259e-75,2.194947083925788133e-75,-8.629519028736852291e-82
4.626625827949440994e-01,3.967194140334511578e-75,3.967195609424255582e-75,-1.469089744003917347e-81
4.666857356888131636e-01,7.163246917467417165e-75,7.163249416100156661e-75,-2.498632739495731966e-81
4.707088885826822278e-01,1.292121304481906608e-74,1.292121729052886428e-74,-4.245709798195468466e-81
4.747320414765512919e-01,2.328431954074887438e-74,2.328432674839901437e-74,-7.207650139993964109e-81
4.787551943704204116e-01,4.191705012926574742e-74,4.191706235385472145e-74,-1.222458897402951173e-80
4.827783472642894758e-01,7.538497084710427330e-74,7.538499156156564277e-74,-2.071446136946935339e-80
4.868015001581585399e-01,1.354396205237556842e-73,1.354396555919720368e-73,-3.506821635253739356e-80
4.908246530520276041e-01,2.430936324876542574e-73,2.430936918015697914e-73,-5.931391553398874313e-80
4.948478059458967238e-01,4.358813988980709925e-73,4.358814991295500651e-73,-1.002314790725492640e-79
4.988709588397657879e-01,7.807823488991666036e-73,7.807825181218426745e-73,-1.692226760708900555e-79
5.028941117336348521e-01,1.397199865734166669e-72,1.397200151179139841e-72,-2.854449731723945891e-79
5.069172646275039718e-01,2.497778837004234802e-72,2.497779318062623964e-72,-4.810583891617497197e-79
5.109404175213729804e-01,4.460836708049189067e-72,4.460837518053381025e-72,-8.100041919579062299e-79
5.149635704152421001e-01,7.958762922235545347e-72,7.958764284915412052e-72,-1.362679866704623456e-78
5.189867233091112197e-01,1.418540396729282712e-71,1.418540625773833339e-71,-2.290445506273119374e-78
5.230098762029802284e-01,2.525833656343211575e-71,2.525834040995728078e-71,-3.846525165021136010e-78
5.270330290968493481e-01,4.492982029717847289e-71,4.492982675139045617e-71,-6.454211983280729203e-78
5.310561819907184677e-01,7.984201983627496301e-71,7.984203065676486179e-71,-1.082048989877864419e-77
5.350793348845874764e-01,1.417409197691643115e-70,1.417409378943701255e-70,-1.812520581397594857e-77
5.391024877784565961e-01,2.513771950495177574e-70,2.513772253852842116e-70,-3.033576645425191460e-77
5.431256406723256047e-01,4.453725056907781087e-70,4.453725564210467970e-70,-5.073026868829312761e-77
5.471487935661947244e-01,7.882932869198107223e-70,7.882933716860657486e-70,-8.476625502626609826e-77
5.511719464600638441e-01,1.393859986683741719e-69,1.393860128206584650e-69,-1.415228429302785068e-76
5.551950993539328527e-01,2.462166237919739903e-69,2.462166474012585079e-69,-2.360928451757526683e-76
5.592182522478019724e-01,4.344927062797232793e-69,4.344927456343354862e-69,-3.935461220692492560e-76
5.632414051416710921e-01,7.659748441814345015e-69,7.659749097310186379e-69,-6.554958413633956171e-76
5.672645580355401007e-01,1.349004571214137737e-68,1.349004680310714744e-68,-1.090965770070990209e-75
5.712877109294092204e-01,2.373445335064925099e-68,2.373445516500980523e-68,-1.814360554238208329e-75
5.753108638232782290e-01,4.171689186282174366e-68,4.171689487799877535e-68,-3.015177031680902054e-75
5.793340167171473487e-01,7.325066160099235491e-68,7.325066660807897833e-68,-5.007086623421236617e-75
5.833571696110164684e-01,1.284925823745964100e-67,1.284925906835379412e-67,-8.308941531207897855e-75
5.873803225048854770e-01,2.251704838844141289e-67,2.251704976628611361e-67,-1.377844700716492657e-74
5.914034753987545967e-01,3.941955911691271471e-67,3.941956140017433616e-67,-2.283261621448047296e-74
5.954266282926237164e-01,6.894121961232654368e-67,6.894122339342868280e-67,-3.781102139121757928e-74
5.994497811864927250e-01,1.204517348199034833e-66,1.204517410773113867e-66,-6.257407903450137260e-74
6.034729340803618447e-01,2.102393738819485098e-66,2.102393842307660931e-66,-1.034881758330228671e-73
6.074960869742309644e-01,3.665911256950891204e-66,3.665911427997893119e-66,-1.710470019146163994e-73
6.115192398680999730e-01,6.385820965512676093e-66,6.385821248049197855e-66,-2.825365217616421756e-73
6.155423927619690927e-01,1.111267023849683452e-65,1.111267070491536559e-65,-4.664185310724148757e-73
6.195655456558381013e-01,1.931910548164426952e-65,1.931910625117808069e-65,-7.695338111721273435e-73
6.235886985497072210e-01,3.355231559925499218e-65,3.355231686818389465e-65,-1.268928902472777053e-72
6.276118514435763407e-01,5.821365671457963048e-65,5.821365880585889919e-65,-2.091279268714381346e-72
6.316350043374453493e-01,1.009006957139740714e-64,1.009006991587562159e-64,-3.444782144545923231e-72
6.356581572313144690e-01,1.747150588306549966e-64,1.747150645020937833e-64,-5.671438786701790349e-72
6.396813101251835887e-01,3.022271075069668096e-64,3.022271168398160267e-64,-9.332849217014849187e-72
6.437044630190525973e-01,5.222799916546404327e-64,5.222800070056106568e-64,-1.535097022404929710e-71
6.477276159129217170e-01,9.016547193204781561e-64,9.016547445590449205e-64,-2.523856676435364559e-71
6.517507688067908367e-01,1.555048825855442650e-63,1.555048867332616850e-63,-4.147717419975724613e-71
6.557739217006598453e-01,2.679258992707407773e-63,2.679259060843580671e-63,-6.813617289804817907e-71
6.597970745945289650e-01,4.611606708800139650e-63,4.611606820687460907e-63,-1.118873212568721046e-70
6.638202274883979737e-01,7.929699419710025724e-63,7.929699603374190652e-63,-1.836641649276533835e-70
6.678433803822670933e-01,1.362159885134180872e-62,1.362159915272420868e-62,-3.013823999537401512e-70
6.718665332761362130e-01,2.337579259353825404e-62,2.337579308792892768e-62,-4.943906736381022220e-70
6.758896861700052217e-01,4.007481276503156362e-62,4.007481357578451417e-62,-8.107529505542921360e-70
6.799128390638743413e-01,6.863467104504897561e-62,6.863467237421769529e-62,-1.329168719674508475e-69
6.839359919577434610e-01,1.174309323371833970e-61,1.174309345156701974e-61,-2.178486800449811392e-69
6.879591448516124697e-01,2.007189420608644544e-61,2.007189456304519342e-61,-3.569587479787838356e-69
6.919822977454815893e-01,3.427370918747163230e-61,3.427370977222983164e-61,-5.847581993380170289e-69
6.960054506393505980e-01,5.846564610617878138e-61,5.846564706390113988e-61,-9.577223584999573987e-69
7.000286035332197176e-01,9.963393830597241601e-61,9.963393987420825316e-61,-1.568235837146285854e-68
7.040517564270888373e-01,1.696214373727429844e-60,1.696214399401638052e-60,-2.567420820870668105e-68
7.080749093209578460e-01,2.884835666091606511e-60,2.884835708116184322e-60,-4.202457781055221380e-68
7.120980622148269656e-01,4.901492203987437572e-60,4.901492272763485163e-60,-6.877604759059429396e-68
7.161212151086960853e-01,8.319600101874598742e-60,8.319600214412152472e-60,-1.125375537295386035e-67
7.201443680025650940e-01,1.410728644841245143e-59,1.410728663252849690e-59,-1.841160454779106764e-67
7.241675208964342136e-01,2.389744197969627722e-59,2.389744228087568529e-59,-3.011794080727332654e-67
7.281906737903033333e-01,4.044140588760606519e-59,4.044140638020811419e-59,-4.926020489974712856e-67
7.322138266841723420e-01,6.837037652376005338e-59,6.837037732933545355e-59,-8.055754001711110930e-67
7.362369795780414616e-01,1.154719756287274639e-58,1.154719769459589550e-58,-1.317231491137530423e-66
7.402601324719104703e-01,1.948283348937063418e-58,1.948283370472801858e-58,-2.153573843968926485e-66
7.442832853657795900e-01,3.283934900457396936e-58,3.283934935661937974e-58,-3.520454103807896806e-66
7.483064382596487096e-01,5.529729121037297943e-58,5.529729178579164909e-58,-5.754186696557813249e-66
7.523295911535177183e-01,9.302080073116774944e-58,9.302080167155804021e-58,-9.403902907739245812e-66
7.563527440473868380e-01,1.563231103665959628e-57,1.563231119032251958e-57,-1.536629233012049697e-65
7.603758969412559576e-01,2.624419158555975195e-57,2.624419183661645563e-57,-2.510567036856911550e-65
7.643990498351249663e-01,4.401595299122259058e-57,4.401595340133838071e-57,-4.101157901240807652e-65
7.684222027289940860e-01,7.374862317517478547e-57,7.374862384501188886e-57,-6.698371033875795010e-65
7.724453556228632056e-01,1.234424754540980868e-56,1.234424765479482330e-56,-1.093850146131586286e-64
7.764685085167322143e-01,2.064154618288898371e-56,2.064154636148404963e-56,-1.785950659173658957e-64
7.804916614106013339e-01,3.448154578880314063e-56,3.448154608034134689e-56,-2.915382062593003402e-64
7.845148143044703426e-01,5.754374540574303963e-56,5.754374588154746253e-56,-4.758044228946582404e-64
7.885379671983394623e-01,9.593485483567675914e-56,9.593485561204481235e-56,-7.763680532089829329e-64
7.925611200922085819e-01,1.597797059287917795e-55,1.597797071952849699e-55,-1.266493190388651288e-63
7.965842729860775906e-01,2.658481914354508352e-55,2.658481935009494835e-55,-2.065498648270243394e-63
8.006074258799467103e-01,4.418885013451630192e-55,4.418885047128541560e-55,-3.367691136723445348e-63
8.046305787738158299e-01,7.337676975813316611e-55,7.337677030705888862e-55,-5.489257225110485395e-63
8.086537316676848386e-01,1.217226434252163236e-54,1.217226443196706385e-54,-8.944543148663662594e-63
8.126768845615539583e-01,2.017209753514860196e-54,2.017209768085047356e-54,-1.457018715948059817e-62
8.167000374554229669e-01,3.339624522242378246e-54,3.339624545968230194e-54,-2.372585194704331729e-62
8.207231903492920866e-01,5.523458828664028892e-54,5.523458867284619480e-54,-3.862059058776483752e-62
8.247463432431612063e-01,9.126231873629706931e-54,9.126231936471702305e-54,-6.284199537435729953e-62
8.287694961370302149e-01,1.506394684051014429e-53,1.506394694272328928e-53,-1.022131449858406589e-61
8.327926490308993346e-01,2.484007757757119030e-53,2.484007774375101180e-53,-1.661798215075440344e-61
8.368158019247684543e-01,4.091984868869608519e-53,4.091984895875495121e-53,-2.700588660240660256e-61
8.408389548186374629e-01,6.734137632776637232e-53,6.734137676643556354e-53,-4.386691912269248764e-61
8.448621077125065826e-01,1.107125503769931395e-52,1.107125510892010951e-52,-7.122079556409351386e-61
8.488852606063757023e-01,1.818354770126183552e-52,1.818354781683599219e-52,-1.155741566728148280e-60
8.529084135002447109e-01,2.983508523658077787e-52,2.983508542403077406e-52,-1.874499961885166652e-60
8.569315663941138306e-01,4.890382667291599719e-52,4.890382697677811907e-52,-3.038621218780701927e-60
8.609547192879828392e-01,8.008022819209170993e-52,8.008022868438906362e-52,-4.922973536951263001e-60
8.649778721818519589e-01,1.310010143235727950e-51,1.310010151206976657e-51,-7.971248706580359079e-60
8.690010250757210786e-01,2.140873037170784227e-51,2.140873050070164047e-51,-1.289937982050002993e-59
8.730241779695900872e-01,3.495216361009436760e-51,3.495216381870925506e-51,-2.086148874638860314e-59
8.770473308634592069e-01,5.700646546508925843e-51,5.700646580225920733e-51,-3.371699488959233403e-59
8.810704837573283266e-01,9.288403262929746687e-51,9.288403317389340473e-51,-5.445959378654716750e-59
8.850936366511973352e-01,1.511906408993138841e-50,1.511906417783590652e-50,-8.790451810825008712e-59
8.891167895450664549e-01,2.458530789407003994e-50,2.458530803586298512e-50,-1.417929451862680252e-58
8.931399424389354635e-01,3.993864191738269581e-50,3.993864214594257347e-50,-2.285598776613325333e-58
8.971630953328045832e-01,6.481534427649598636e-50,6.481534464465703751e-50,-3.681610511527404089e-58
9.011862482266737029e-01,1.050822272737179534e-49,1.050822278663224349e-49,-5.926044815016892475e-58
9.052094011205427115e-01,1.701953162916188591e-49,1.701953172447928753e-49,-9.531740161530496125e-58
9.092325540144118312e-01,2.753802799814211120e-49,2.753802815134132987e-49,-1.531992186702838072e-57
9.132557069082809509e-01,4.451280555360110765e-49,4.451280579964502512e-49,-2.460439174711864423e-57
9.172788598021499595e-01,7.187932604787874566e-49,7.187932644273018932e-49,-3.948514436555105393e-57
9.213020126960190792e-01,1.159551181864716437e-48,1.159551188196347336e-48,-6.331630899255079911e-57
9.253251655898881989e-01,1.868713603902064672e-48,1.868713614047124997e-48,-1.014506032555541888e-56
9.293483184837572075e-01,3.008586270957613587e-48,3.008586287199738157e-48,-1.624212456968779543e-56
9.333714713776263272e-01,4.838927211746685757e-48,4.838927237729152842e-48,-2.598246708571969915e-56
9.373946242714953359e-01,7.775039557733818124e-48,7.775039599263526259e-48,-4.152970813477996756e-56
9.414177771653644555e-01,1.248024247091619492e-47,1.248024253724103828e-47,-6.632484335240650420e-56
9.454409300592335752e-01,2.001291434941724260e-47,2.001291445525274407e-47,-1.058355014728804531e-55
9.494640829531025839e-01,3.206007604845853846e-47,3.206007621719758617e-47,-1.687390477070553615e-55
9.534872358469717035e-01,5.130806751588952950e-47,5.130806778468859057e-47,-2.687990610734359197e-55
9.575103887408408232e-01,8.203018004625576891e-47,8.203018047407993073e-47,-4.278241618157854146e-55
9.615335416347098318e-01,1.310172772538759313e-46,1.310172779342120744e-46,-6.803361431113143494e-55
9.655566945285789515e-01,2.090500967189175483e-46,2.090500977998602027e-46,-1.080942654389011630e-54
9.695798474224480712e-01,3.332261486197507332e-46,3.332261503356610073e-46,-1.715910274108611449e-54
9.736030003163170798e-01,5.306335096371864733e-46,5.306335123586280470e-46,-2.721441573695901058e-54
9.776261532101861995e-01,8.441452263297371378e-46,8.441452306421165259e-46,-4.312379388089921701e-54
9.816493061040552082e-01,1.341549072267834948e-45,1.341549079094987239e-45,-6.827152290777325045e-54
9.856724589979243278e-01,2.129917861454532833e-45,2.129917872253189983e-45,-1.079865714922563176e-53
9.896956118917934475e-01,3.378205352470967241e-45,3.378205369535801257e-45,-1.706483401645096277e-53
9.937187647856624562e-01,5.352739813819656161e-45,5.352739840762090037e-45,-2.694243387582786709e-53
9.977419176795315758e-01,8.472920266852314342e-45,8.472920309350624867e-45,-4.249831052540153244e-53
1.001765070573400696e+00,1.339852538150822212e-44,1.339852544848134307e-44,-6.697312095167162086e-53
1.005788223467269704e+00,2.116643829710670433e-44,2.116643840255167565e-44,-1.054449713262814368e-52
1.009811376361138713e+00,3.340453759365086611e-44,3.340453775951326071e-44,-1.658623946033374593e-52
1.013834529255007944e+00,5.266596445434802797e-44,5.266596471499875404e-44,-2.606507260789539168e-52
1.017857682148876952e+00,8.295097916745415422e-44,8.295097957667977829e-44,-4.092256240676909028e-52
1.021880835042745961e+00,1.305208489546264058e-43,1.305208495965077501e-43,-6.418813442652920188e-52
1.025903987936615192e+00,2.051658911093731535e-43,2.051658921152282863e-43,-1.005855132856318947e-51
1.029927140830484200e+00,3.221790745183816986e-43,3.221790760931027508e-43,-1.574721052277335069e-51
1.033950293724353209e+00,5.054246235456784453e-43,5.054246260086234718e-43,-2.462945026499180443e-51
1.037973446618222439e+00,7.921042815890194444e-43,7.921042854375183247e-43,-3.848498880273741415e-51
1.041996599512091448e+00,1.240152871472646881e-42,1.240152877480399278e-42,-6.007752397480764698e-51
1.046019752405960457e+00,1.939701865268771305e-42,1.939701874638218939e-42,-9.369447633522704859e-51
1.050042905299829687e+00,3.030830447807360281e-42,3.030830462405514631e-42,-1.459815434939022452e-50
1.054066058193698696e+00,4.731024504599515119e-42,4.731024527322219643e-42,-2.272270452395552376e-50
1.058089211087567705e+00,7.377609283160922420e-42,7.377609318495799143e-42,-3.533487672337951726e-50
1.062112363981436935e+00,1.149325395667026445e-41,1.149325401156436534e-41,-5.489410089651406727e-50
1.066135516875305944e+00,1.788698952307039345e-41,1.788698960826729204e-41,-8.519689859177597003e-50
1.070158669769174953e+00,2.780983422553805973e-41,2.780983435763726140e-41,-1.320992016626794053e-49
1.074181822663043961e+00,4.319430050196605948e-41,4.319430070658832596e-41,-2.046222664767558536e-49
1.078204975556913192e+00,6.702261807687902749e-41,6.702261839352968376e-41,-3.166506562725890378e-49
1.082228128450782201e+00,1.038922685662333549e-40,1.038922690557693429e-40,-4.895359880304227458e-49
1.086251281344651209e+00,1.608836714053785249e-40,1.608836721614469157e-40,-7.560683908061023161e-49
1.090274434238520440e+00,2.488900902376765442e-40,2.488900914042481686e-40,-1.166571624404126245e-48
1.094297587132389449e+00,3.846538997163957318e-40,3.846539015145944388e-40,-1.798198706955427599e-48
1.098320740026258457e+00,5.938811929789045369e-40,5.938811957479759709e-40,-2.769071434036468320e-48
1.102343892920127688e+00,9.160009047120687035e-40,9.160009089720297122e-40,-4.259961008637811256e-48
1.106367045813996697e+00,1.411429306721040825e-39,1.411429313268094459e-39,-6.547053634055587009e-48
1.110390198707865705e+00,2.172647433620977320e-39,2.172647443673127940e-39,-1.005215061917632385e-47
1.114413351601734936e+00,3.341075431635808877e-39,3.341075447054441017e-39,-1.541863213947701161e-47
1.118436504495603945e+00,5.132751075212882532e-39,5.132751098839357804e-39,-2.362647527153136008e-47
1.122459657389472953e+00,7.877365965248405602e-39,7.877366001416302031e-39,-3.616789642903797387e-47
1.126482810283342184e+00,1.207754710066858826e-38,1.207754715598081968e-38,-5.531223141576369944e-47
1.130505963177211193e+00,1.849879140470347250e-38,1.849879148920892687e-38,-8.450545436943174960e-47
1.134529116071080201e+00,2.830576315928313570e-38,2.830576328826254916e-38,-1.289794134659068325e-46
1.138552268964949432e+00,4.326864346388325261e-38,4.326864366054615176e-38,-1.966628991492606802e-46
1.142575421858818441e+00,6.607521556076441373e-38,6.607521586033250757e-38,-2.995680938429402054e-46
1.146598574752687449e+00,1.008023821635881905e-37,1.008023826194542504e-37,-4.558660598811730688e-46
1.150621727646556458e+00,1.536278314284855696e-37,1.536278321215043718e-37,-6.930188021297097808e-46
1.154644880540425689e+00,2.339030596535676878e-37,2.339030607060668913e-37,-1.052499203416052138e-45
1.158668033434294697e+00,3.557695735790399717e-37,3.557695751759051728e-37,-1.596865201067594764e-45
1.162691186328163706e+00,5.405907391772325693e-37,5.405907415975959133e-37,-2.420363344029199816e-45
1.166714339222032937e+00,8.206071519940481510e-37,8.206071556589488011e-37,-3.664900650103427616e-45
1.170737492115901945e+00,1.244425471226493578e-36,1.244425476770309732e-36,-5.543816154401122341e-45
1.174760645009770954e+00,1.885251884966892997e-36,1.885251893344567738e-36,-8.377674741386761088e-45
1.178783797903640185e+00,2.853229945759442993e-36,2.853229958406996338e-36,-1.264755334495043586e-44
1.182806950797509193e+00,4.313909809416299874e-36,4.313909828490877456e-36,-1.907457758179416026e-44
1.186830103691378202e+00,6.515867533649940465e-36,6.515867562388737436e-36,-2.873879697106028504e-44
1.190853256585247433e+00,9.831965138014061798e-36,9.831965181270628438e-36,-4.325656663936824305e-44
1.194876409479116441e+00,1.482092505555016667e-35,1.482092512059294094e-35,-6.504277427109522710e-44
1.198899562372985450e+00,2.231912632573329421e-35,2.231912642343771296e-35,-9.770441874395199375e-44
1.202922715266854681e+00,3.357731517734611571e-35,3.357731532396639705e-35,-1.466202813438811913e-43
1.206945868160723689e+00,5.046399656417488674e-35,5.046399678398106796e-35,-2.198061812210378613e-43
1.210969021054592698e+00,7.576771931958762104e-35,7.576771964878323026e-35,-3.291956092185124335e-43
1.214992173948461929e+00,1.136458772363633633e-34,1.136458777288921264e-34,-4.925287631320120068e-43
1.219015326842330937e+00,1.702903561351222587e-34,1.702903568712875304e-34,-7.361652717439965230e-43
1.223038479736199946e+00,2.549137841375494966e-34,2.549137852367695703e-34,-1.099220073700310792e-42
1.227061632630069177e+00,3.812092973731118671e-34,3.812092990127951567e-34,-1.639683289631117953e-42
1.231084785523938185e+00,5.695089403610061298e-34,5.695089428044461738e-34,-2.443440043982282970e-42
1.235107938417807194e+00,8.499717783590557197e-34,8.499717819965798690e-34,-3.637524149277660128e-42
1.239131091311676203e+00,1.267288120408025012e-33,1.267288125817764076e-33,-5.409739064294938971e-42
1.243154244205545433e+00,1.887613694277860819e-33,1.887613702315228825e-33,-8.037368005589453522e-42
1.247177397099414442e+00,2.808780315704462257e-33,2.808780327633765348e-33,-1.192930309119630414e-41
1.251200549993283451e+00,4.175315754685842225e-33,4.175315772373969518e-33,-1.768812729297473039e-41
1.255223702887152681e+00,6.200515156315366782e-33,6.200515182516051764e-33,-2.620068498173712061e-41
1.259246855781021690e+00,9.198841174485083804e-33,9.198841213256206978e-33,-3.877112317402797558e-41
1.263270008674890699e+00,1.363343730730475796e-32,1.363343736462023257e-32,-5.731547461895462946e-41
1.267293161568759929e+00,2.018573224346100838e-32,2.018573232810504082e-32,-8.464403243907625035e-41
1.271316314462628938e+00,2.985730116873124783e-32,2.985730129360927419e-32,-1.248780263656163778e-40
1.275339467356497947e+00,4.411877927064074249e-32,4.411877945469393896e-32,-1.840531964721270170e-40
1.279362620250367177e+00,6.512733747155991860e-32,6.512733774255564921e-32,-2.709957306126005536e-40
1.283385773144236186e+00,9.604395995754521989e-32,9.604396035615513255e-32,-3.986099126538979146e-40
1.287408926038105195e+00,1.414958459959459051e-31,1.414958465816756574e-31,-5.857297522864015209e-40
1.291432078931974425e+00,2.082496211973637910e-31,2.082496220571907196e-31,-8.598269286204574810e-40
1.295455231825843434e+00,3.061904548697227446e-31,3.061904561306521784e-31,-1.260929433760705922e-39
1.299478384719712443e+00,4.497446166755169949e-31,4.497446185227958614e-31,-1.847278866502378083e-39
1.303501537613581673e+00,6.599441709250563227e-31,6.599441736286412679e-31,-2.703584945150065441e-39
1.307524690507450682e+00,9.674205727483000810e-31,9.674205767011647651e-31,-3.952864684127606995e-39
1.311547843401319691e+00,1.416740594031032757e-30,1.416740599804639218e-30,-5.773606460961833855e-39
1.315570996295188699e+00,2.072679992228846483e-30,2.072680000653435685e-30,-8.424589201614612251e-39
1.319594149189057930e+00,3.029291527337546196e-30,3.029291539617916373e-30,-1.228037017651071551e-38
1.323617302082926939e+00,4.422998408159424489e-30,4.422998426042387012e-30,-1.788296252321096477e-38
1.327640454976795947e+00,6.451480572753529835e-30,6.451480598769148701e-30,-2.601561886542817180e-38
1.331663607870665178e+00,9.400888515667985303e-30,9.400888553476576114e-30,-3.780859081137589377e-38
1.335686760764534187e+00,1.368501598219840298e-29,1.368501603709070262e-29,-5.489229963403453777e-38
1.339709913658403195e+00,1.990162841805763086e-29,1.990162849767301127e-29,-7.961538041414799886e-38
1.343733066552272426e+00,2.891337676862286632e-29,2.891337688398013811e-29,-1.153572717906082935e-37
1.347756219446141435e+00,4.196390697289497051e-29,4.196390713987312940e-29,-1.669781588843656149e-37
1.351779372340010443e+00,6.084430203673477285e-29,6.084430227818980954e-29,-2.414550366843700112e-37
1.355802525233879674e+00,8.813142846142625904e-29,8.813142881022611666e-29,-3.487998576169785770e-37
1.359825678127748683e+00,1.275288968689921631e-28,1.275288973723575843e-28,-5.033654212030382510e-37
1.363848831021617691e+00,1.843543096564786972e-28,1.843543103821697832e-28,-7.256910859223804632e-37
1.367871983915486922e+00,2.662348378659863487e-28,2.662348389111519606e-28,-1.045165611844026726e-36
1.371895136809355931e+00,3.840991722585728855e-28,3.840991737623423202e-28,-1.503769434673851348e-36
1.375918289703224939e+00,5.535906627422707520e-28,5.535906649037088371e-28,-2.161438085180039952e-36
1.379941442597094170e+00,7.970783982179844175e-28,7.970784013216056366e-28,-3.103621219104390700e-36
1.383964595490963179e+00,1.146516265113705011e-27,1.146516269565705835e-27,-4.452000824014691087e-36
1.387987748384832187e+00,1.647503322031583198e-27,1.647503328411367494e-27,-6.379784295700320696e-36
1.392010901278701196e+00,2.365044275972175375e-27,2.365044285105391247e-27,-9.133215871791590895e-36
1.396034054172570427e+00,3.391713421922488636e-27,3.391713434984272061e-27,-1.306178342503068832e-35
1.400057207066439435e+00,4.859212842191008348e-27,4.859212860852506352e-27,-1.866149800354746770e-35
1.404080359960308444e+00,6.954719083060899296e-27,6.954719109695895154e-27,-2.663499585830597475e-35
1.408103512854177675e+00,9.943978132493723275e-27,9.943978170470920918e-27,-3.797719764341340555e-35
1.412126665748046683e+00,1.420390066844025512e-26,1.420390072253541173e-26,-5.409515660846554003e-35
1.416149818641915692e+00,2.026851778139277799e-26,2.026851785836863080e-26,-7.697585281199959797e-35
1.420172971535784923e+00,2.889370616647968442e-26,2.889370627590435854e-26,-1.094246741207906399e-34
1.424196124429653931e+00,4.114825394847966337e-26,4.114825410387624555e-26,-1.553965821836454210e-34
1.428219277323522940e+00,5.854185353426142032e-26,5.854185375472103511e-26,-2.204596147900895373e-34
1.432242430217392171e+00,8.320480824472212327e-26,8.320480855717274615e-26,-3.124506228813872872e-34
1.436265583111261179e+00,1.181400845010025592e-25,1.181400849433830064e-25,-4.423804471184229122e-34
1.440288736005130188e+00,1.675764662802438307e-25,1.675764669059561216e-25,-6.257122909470938738e-34
1.444311888898999419e+00,2.374628506058080298e-25,2.374628514899406774e-25,-8.841326476076290066e-34
1.448335041792868427e+00,3.361593719390983796e-25,3.361593731871210992e-25,-1.248022719610007279e-33
1.452358194686737436e+00,4.754027265819676091e-25,4.754027283418793639e-25,-1.759911754813734817e-33
1.456381347580606667e+00,6.716530800053968107e-25,6.716530824846632619e-25,-2.479266451223476458e-33
1.460404500474475675e+00,9.479714347523022056e-25,9.479714382414458637e-25,-3.489143658083984877e-33
1.464427653368344684e+00,1.336633646040836976e-24,1.336633650946285105e-24,-4.905448128576795360e-33
1.468450806262213693e+00,1.882766338667621219e-24,1.882766345557317403e-24,-6.889696184418248056e-33
1.472473959156082923e+00,2.649398944671639205e-24,2.649398954338490384e-24,-9.666851179403827609e-33
1.476497112049951932e+00,3.724476091311442543e-24,3.724476104861305680e-24,-1.354986313784302846e-32
1.480520264943820941e+00,5.230580860812411740e-24,5.230580879785837570e-24,-1.897342582990810158e-32
1.484543417837690171e+00,7.338402827331888764e-24,7.338402853873180285e-24,-2.654129152128060544e-32
1.488566570731559180e+00,1.028537364228454260e-23,1.028537367937474541e-23,-3.709020280481476851e-32
1.492589723625428189e+00,1.440142597310129756e-23,1.440142602488113605e-23,-5.177983848952653369e-32
1.496612876519297419e+00,2.014456146248198627e-23,2.014456153469686541e-23,-7.221487913803485241e-32
1.500636029413166428e+00,2.814991166590456117e-23,2.814991176651722091e-23,-1.006126597442958056e-31
1.504659182307035437e+00,3.929733989080851807e-23,3.929734003084542457e-23,-1.400369064996880458e-31
1.508682335200904667e+00,5.480449343228808403e-23,5.480449362700232856e-23,-1.947142445244434525e-31
1.512705488094773676e+00,7.635475366468791534e-23,7.635475393515454231e-23,-2.704666269744841263e-31
1.516728640988642685e+00,1.062729878223669277e-22,1.062729881976805743e-22,-3.753136465918402219e-31
1.520751793882511915e+00,1.477667083275731857e-22,1.477667088478521576e-22,-5.202789718490880691e-31
1.524774946776380924e+00,2.052566351846589599e-22,2.052566359051717805e-22,-7.205128206274786219e-31
1.528798099670249933e+00,2.848293305568586824e-22,2.848293315536674065e-22,-9.968087240876904720e-31
1.532821252564119163e+00,3.948563357651622678e-22,3.948563371428208642e-22,-1.377658596423598421e-30
1.536844405457988172e+00,5.468401713329647557e-22,5.468401732350739183e-22,-1.902109162624884624e-30
1.540867558351857181e+00,7.565691148692413695e-22,7.565691174928204403e-22,-2.623579070752802753e-30
1.544890711245726411e+00,1.045691803132552633e-21,1.045691806747594797e-21,-3.615042163750467823e-30
1.548913864139595420e+00,1.443862034521433075e-21,1.443862039497625287e-21,-4.976192211550666104e-30
1.552937017033464429e+00,1.991657188887489658e-21,1.991657195730412038e-21,-6.842922379639530243e-30
1.556960169927333437e+00,2.744545134679910168e-21,2.744545144080382879e-21,-9.400472710192520251e-30
1.560983322821202668e+00,3.778270645696709388e-21,3.778270658597659454e-21,-1.290095006603727114e-29
1.565006475715071677e+00,5.196161597651807118e-21,5.196161615338823247e-21,-1.768701612857407528e-29
1.569029628608940685e+00,7.139028760166017275e-21,7.139028784390272332e-21,-2.422425505790374036e-29
1.573052781502809916e+00,9.798565770146666370e-21,9.798565803291109716e-21,-3.314444334584180972e-29
1.577075934396678925e+00,1.343546773776999191e-20,1.343546778307350055e-20,-4.530350864634065803e-29
1.581099087290547933e+00,1.840390431539034459e-20,1.840390437725131070e-20,-6.186096611021523496e-29
1.585122240184417164e+00,2.518454103953146276e-20,2.518454112391595388e-20,-8.438449111490860038e-29
1.589145393078286173e+00,3.442904788262770062e-20,3.442904799762060815e-20,-1.149929075258005242e-28
1.593168545972155181e+00,4.702002790205935871e-20,4.702002805860635942e-20,-1.565470007100804210e-28
1.597191698866024412e+00,6.415162328519711670e-20,6.415162349809818777e-20,-2.129010710708741655e-28
1.601214851759893421e+00,8.743781889071953533e-20,8.743781917997011478e-20,-2.892505794485336798e-28
1.605238004653762429e+00,1.190578071097260673e-19,1.190578075023108049e-19,-3.925847376483023952e-28
1.609261157547631660e+00,1.619508905263083745e-19,1.619508910586061370e-19,-5.322977624934773038e-28
1.613284310441500669e+00,2.200775281678946153e-19,2.200775288889026493e-19,-7.210080340160676119e-28
1.617307463335369677e+00,2.987686031238616435e-19,2.987686040994907125e-19,-9.756290689876820249e-28
1.621330616229238908e+00,4.051922325618723318e-19,4.051922338807137688e-19,-1.318841436953650997e-27
1.625353769123107917e+00,5.489770184555052501e-19,5.489770202365095440e-19,-1.781004293851079671e-27
1.629376922016976925e+00,7.430432867742717034e-19,7.430432891769575167e-19,-2.402685813214529662e-27
1.633400074910845934e+00,1.004710551478741171e-18,1.004710554716860343e-18,-3.238119171164724727e-27
1.637423227804715165e+00,1.357171432812563434e-18,1.357171437172192441e-18,-4.359629007496233174e-27
1.641446380698584173e+00,1.831451211073899907e-18,1.831451216937558482e-18,-5.863658575290179102e-27
1.645469533592453182e+00,2.469010266699049566e-18,2.469010274577700790e-18,-7.878651224025658290e-27
1.649492686486322413e+00,3.325196661152290564e-18,3.325196671727613104e-18,-1.057532253953112196e-26
1.653515839380191421e+00,4.473821718924328217e-18,4.473821733105049775e-18,-1.418072155850834797e-26
1.657538992274060430e+00,6.013217451433567701e-18,6.013217470429792048e-18,-1.899622434681686191e-26
1.661562145167929661e+00,8.074247221067176800e-18,8.074247246488412064e-18,-2.542123526374154415e-26
1.665585298061798669e+00,1.083088822901630131e-17,1.083088826300143059e-17,-3.398512928049226994e-26
1.669608450955667678e+00,1.451419666268700822e-17,1.451419670807502020e-17,-4.538801197636093194e-26
1.673631603849536909e+00,1.943071717617905960e-17,1.943071723673496859e-17,-6.055590898720780090e-26
1.677654756743405917e+00,2.598672528824199006e-17,2.598672536895348007e-17,-8.071149000487931370e-26
1.681677909637274926e+00,3.472011686133115200e-17,3.472011696879756219e-17,-1.074664101846936415e-25
1.685701062531144157e+00,4.634231223322081386e-17,4.634231237616732178e-17,-1.429465079177775043e-25
1.689724215425013165e+00,6.179326139848675204e-17,6.179326158843548472e-17,-1.899487326844227537e-25
1.693747368318882174e+00,8.231356927921416564e-17,8.231356953136470396e-17,-2.521505383206159754e-25
1.697770521212751405e+00,1.095389688249530414e-16,1.095389691593375590e-16,-3.343845175466201978e-25
1.701793674106620413e+00,1.456239343942282324e-16,1.456239348372172399e-16,-4.429890074985148778e-25
1.705816827000489422e+00,1.934032511762721017e-16,1.934032517625475361e-16,-5.862754343477569517e-25
1.709839979894358430e+00,2.566029697745013751e-16,2.566029705496286063e-16,-7.751272312915666004e-25
1.713863132788227661e+00,3.401155467675247086e-16,3.401155477913003055e-16,-1.023775596971550606e-24
1.717886285682096670e+00,4.503583172304338954e-16,4.503583185812567284e-16,-1.350822832957048664e-24
1.721909438575965678e+00,5.957400385763142127e-16,5.957400403568610366e-16,-1.780546823859529482e-24
1.725932591469834909e+00,7.872674370902795881e-16,7.872674394348835543e-16,-2.344603966159833348e-24
1.729955744363703918e+00,1.039332925614193232e-15,1.039332928698431703e-15,-3.084238471780856728e-24
1.733978897257572926e+00,1.370736511079805134e-15,1.370736515132896143e-15,-4.053091008732978523e-24
1.738002050151442157e+00,1.806010095989511145e-15,1.806010101310413844e-15,-5.320902698886912184e-24
1.742025203045311166e+00,2.377131815063871013e-15,2.377131822042149569e-15,-6.978278555942269630e-24
1.746048355939180174e+00,3.125742899245957892e-15,3.125742908388572188e-15,-9.142614296016099871e-24
1.750071508833049405e+00,4.106011295824282732e-15,4.106011307790449116e-15,-1.196616638470329995e-23
1.754094661726918414e+00,5.388326757241638515e-15,5.388326772887484458e-15,-1.564584594243016013e-23
1.758117814620787422e+00,7.064063694153167262e-15,7.064063714589602976e-15,-2.043643571449088929e-23
1.762140967514656653e+00,9.251713738362287614e-15,9.251713765029236688e-15,-2.666694907406963573e-23
1.766164120408525662e+00,1.210477341897016955e-14,1.210477345373179234e-14,-3.476162279421977604e-23
1.770187273302394670e+00,1.582187832917411326e-14,1.582187837444176981e-14,-4.526765655273510685e-23
1.774210426196263901e+00,2.065980957201899327e-14,2.065980963090874411e-14,-5.888975084030223108e-23
1.778233579090132910e+00,2.695016855577802524e-14,2.695016863231114563e-14,-7.653312039021863890e-23
1.782256731984001918e+00,3.512073168864492505e-14,3.512073178800716254e-14,-9.936223749456089557e-23
1.786279884877870927e+00,4.572276888001494404e-14,4.572276900888538198e-14,-1.288704379350177226e-22
1.790303037771740158e+00,5.946595360841348002e-14,5.946595377538653077e-14,-1.669730507459167696e-22
1.794326190665609166e+00,7.726292593023398140e-14,7.726292614635743367e-14,-2.161234522751571086e-22
1.798349343559478175e+00,1.002861159778329326e-13,1.002861162572890666e-13,-2.794561339979801168e-22
1.802372496453347406e+00,1.300401226517266482e-13,1.300401230127104839e-13,-3.609838357017405863e-22
1.806395649347216414e+00,1.684538057372891369e-13,1.684538062031164996e-13,-4.658273627557029514e-22
1.810418802241085423e+00,2.179973335774200296e-13,2.179973341779298798e-13,-6.005098501613504512e-22
1.814441955134954654e+00,2.818307873654552888e-13,2.818307881388071633e-13,-7.733518745808177462e-22
1.818465108028823662e+00,3.639926248872571583e-13,3.639926258821866568e-13,-9.949294985328984470e-22
1.822488260922692671e+00,4.696384351371194153e-13,4.696384364158221995e-13,-1.278702784275227282e-21
1.826511413816561902e+00,6.053430745996276012e-13,6.053430762413796736e-13,-1.641752072397002697e-21
1.830534566710430910e+00,7.794825945832042378e-13,7.794825966889388996e-13,-2.105734661837740966e-21
1.834557719604299919e+00,1.002716505361654667e-12,1.002716508059778077e-12,-2.698123409860894563e-21
1.838580872498169150e+00,1.288596072481487408e-12,1.288596075935145594e-12,-3.453658185632360888e-21
1.842604025392038158e+00,1.654330744066162228e-12,1.654330748482439533e-12,-4.416277304639050913e-21
1.846627178285907167e+00,2.121752761197862519e-12,2.121752766839355870e-12,-5.641493350543474163e-21
1.850650331179776398e+00,2.718529869874323694e-12,2.718529877073651381e-12,-7.199327687264062945e-21
1.854673484073645406e+00,3.479688278335304415e-12,3.479688287513335369e-12,-9.178030954196135346e-21
1.858696636967514415e+00,4.449523133707580860e-12,4.449523145396283496e-12,-1.168870263567286947e-20
1.862719789861383424e+00,5.683992494873040987e-12,5.683992509744135237e-12,-1.487109424995024580e-20
1.866742942755252654e+00,7.253713870339080406e-12,7.253713889239896486e-12,-1.890081607951455871e-20
1.870766095649121663e+00,9.247710866544706476e-12,9.247710890542828403e-12,-2.399812192612295769e-20
1.874789248542990672e+00,1.177809256711443090e-11,1.177809259755358854e-11,-3.043915763622317480e-20
1.878812401436859902e+00,1.498589141418765775e-11,1.498589145275746443e-11,-3.856980668269098449e-20
1.882835554330728911e+00,1.904833838457800455e-11,1.904833843340088295e-11,-4.882287839634768736e-20
1.886858707224597920e+00,2.418791932572501028e-11,2.418791938746386158e-11,-6.173885129696572456e-20
1.890881860118467150e+00,3.068363608156867725e-11,3.068363615956104274e-11,-7.799236549109024924e-20
1.894905013012336159e+00,3.888499369589730332e-11,3.888499379432203160e-11,-9.842472828517304624e-20
1.898928165906205168e+00,4.922935439878557907e-11,4.922935452286993463e-11,-1.240843555627081325e-19
1.902951318800074398e+00,6.226344493173789411e-11,6.226344508801270699e-11,-1.562748128832451884e-19
1.906974471693943407e+00,7.866998168244024540e-11,7.866998187905650166e-11,-1.966162562610914944e-19
1.910997624587812416e+00,9.930059486501194016e-11,9.930059511213177335e-11,-2.471198331840019548e-19
1.915020777481681646e+00,1.252164967560545586e-10,1.252164970663369340e-10,-3.102823754062708125e-19
1.919043930375550655e+00,1.577386595813984186e-10,1.577386599705914204e-10,-3.891930018501744204e-19
1.923067083269419664e+00,1.985096577988838208e-10,1.985096582865588784e-10,-4.876750576292065128e-19
1.927090236163288894e+00,2.495698013203162625e-10,2.495698019307728145e-10,-6.104565520283553422e-19
1.931113389057157903e+00,3.134507575054852432e-10,3.134507582688627267e-10,-7.633774835698218530e-19
1.935136541951026912e+00,3.932905506647618516e-10,3.932905516183958392e-10,-9.536339875406935364e-19
1.939159694844896142e+00,4.929746623281446892e-10,4.929746635182411795e-10,-1.190096490336047638e-18
1.943182847738765151e+00,6.173089622733060778e-10,6.173089637569876825e-10,-1.483681604692476172e-18
1.947206000632634160e+00,7.722314132704051743e-10,7.722314151182234719e-10,-1.847818297662047835e-18
1.951229153526503168e+00,9.650709521079032701e-10,9.650709544068817971e-10,-2.298978526975260775e-18
1.955252306420372399e+00,1.204863703650407036e-09,1.204863706507793481e-09,-2.857386445018730241e-18
1.959275459314241408e+00,1.502738790233971252e-09,1.502738793781788397e-09,-3.547817145114185105e-18
1.963298612208110416e+00,1.872388522802254244e-09,1.872388527202850140e-09,-4.400595895698431912e-18
1.967321765101979647e+00,2.330640782175610627e-09,2.330640787628415417e-09,-5.452804790041916618e-18
1.971344917995848656e+00,2.898155012319211107e-09,2.898155019068943694e-09,-6.749732587067376903e-18
1.975368070889717664e+00,3.600267562668798059e-09,3.600267571015408609e-09,-8.346610549865284700e-18
1.979391223783586895e+00,4.468017263128456881e-09,4.468017273439246673e-09,-1.031078979186123891e-17
1.983414376677455904e+00,5.539388245525984067e-09,5.539388258250229633e-09,-1.272424556612046967e-17
1.987437529571324912e+00,6.860814317629322927e-09,6.860814333315938013e-09,-1.568661508614743939e-17
1.991460682465194143e+00,8.488997859329534471e-09,8.488997878648493187e-09,-1.931895871613112132e-17
1.995483835359063152e+00,1.049310648967870924e-08,1.049310651344684748e-08,-2.376813823792724276e-17
1.999506988252932160e+00,1.295742293342366430e-08,1.295742296263591821e-08,-2.921225390922459609e-17
2.003530141146801391e+00,1.598453792902552662e-08,1.598453796489226658e-08,-3.586673995747894207e-17
2.007553294040670178e+00,1.969919305389757188e-08,1.969919309788968384e-08,-4.399211195353018144e-17
2.011576446934539408e+00,2.425290044640857804e-08,2.425290050031181589e-08,-5.390323785190784928e-17
2.015599599828408639e+00,2.982949009976483687e-08,2.982949016574499107e-08,-6.598015420452085843e-17
2.019622752722277426e+00,3.665176329455240212e-08,3.665176337523278004e-08,-8.068037791689473869e-17
2.023645905616146656e+00,4.498946352331038697e-08,4.498946362186547618e-08,-9.855508920967562432e-17
2.027669058510015887e+00,5.516881474899754864e-08,5.516881486926444810e-08,-1.202668994581878930e-16
2.031692211403884674e+00,6.758392195984805733e-08,6.758392210646067253e-08,-1.466126152028916253e-16
2.035715364297753904e+00,8.271038180640277176e-08,8.271038198494968051e-08,-1.785469087497914219e-16
2.039738517191623135e+00,1.011215128625156777e-07,1.011215130797304742e-07,-2.172147965900076859e-16
2.043761670085491922e+00,1.235076871518762891e-07,1.235076874158628157e-07,-2.639865265692916589e-16
2.047784822979361152e+00,1.506993286405567454e-07,1.506993289610598248e-07,-3.205030794391607388e-16
2.051807975873230383e+00,1.836942422612889728e-07,1.836942426500097036e-07,-3.887207307308579354e-16
2.055831128767099170e+00,2.236900508142799130e-07,2.236900512852565426e-07,-4.709766296343150752e-16
2.059854281660968400e+00,2.721226491830804060e-07,2.721226497531342147e-07,-5.700538087768545689e-16
2.063877434554837631e+00,3.307117384424677567e-07,3.307117391317382235e-07,-6.892704667897859346e-16
2.067900587448706418e+00,4.015146797175414944e-07,4.015146805501073836e-07,-8.325658892129929062e-16
2.071923740342575648e+00,4.869901125896184479e-07,4.869901135942401809e-07,-1.004621733025068409e-15
2.075946893236444879e+00,5.900730194057405693e-07,5.900730206167326685e-07,-1.210992099140277296e-15
2.079970046130313666e+00,7.142631895162609355e-07,7.142631909745236572e-07,-1.458262721663080956e-15
2.083993199024182896e+00,8.637293512869698332e-07,8.637293530411960310e-07,-1.754226197829100546e-15
2.088016351918052127e+00,1.043431600385256314e-06,1.043431602493351278e-06,-2.108094963851792243e-15
2.092039504811920914e+00,1.259265166693737150e-06,1.259265169224488849e-06,-2.530751699037479298e-15
2.096062657705790144e+00,1.518229036391135258e-06,1.518229039426170352e-06,-3.035035093525931954e-15
2.100085810599659375e+00,1.828623488229940036e-06,1.828623491866017427e-06,-3.636077390919848287e-15
2.104108963493528162e+00,2.200281222723047433e-06,2.200281227074718163e-06,-4.351670730034541690e-15
2.108132116387397392e+00,2.644837469714422675e-06,2.644837474917178982e-06,-5.202756306424980229e-15
2.112155269281266623e+00,3.176045264633818277e-06,3.176045270847727364e-06,-6.213909086989852920e-15
2.116178422175135410e+00,3.810142998786082646e-06,3.810143006200058696e-06,-7.413976049297325843e-15
2.120201575069004640e+00,4.566282387740090346e-06,4.566282396576814084e-06,-8.836723738273218054e-15
2.124224727962873871e+00,5.467026179079903704e-06,5.467026189601573333e-06,-1.052166962903873168e-14
2.128247880856742658e+00,6.538926252761267604e-06,6.538926265276270879e-06,-1.251500327524059097e-14
2.132271033750611888e+00,7.813194271947566520e-06,7.813194286818295477e-06,-1.487072895649688836e-14
2.136294186644481119e+00,9.326478739041507623e-06,9.326478756693210069e-06,-1.765170244672452371e-14
2.140317339538349906e+00,1.112176422202057866e-05,1.112176424295173857e-05,-2.093115990860899833e-14
2.144340492432219136e+00,1.324941066332823286e-05,1.324941068812257621e-05,-2.479434334983019600e-14
2.148363645326087923e+00,1.576835309264989468e-05,1.576835312199030282e-05,-2.934040814125959962e-14
2.152386798219957154e+00,1.874748476315150070e-05,1.874748479783574823e-05,-3.468424752592867699e-14
2.156409951113826384e+00,2.226724974748763957e-05,2.226724978844669023e-05,-4.095905065852958882e-14
2.160433104007695171e+00,2.642147439666893080e-05,2.642147444498813195e-05,-4.831920115216069289e-14
2.164456256901564402e+00,3.131947081540255014e-05,3.131947087234593244e-05,-5.694338230111117838e-14
2.168479409795433632e+00,3.708844967778441031e-05,3.708844974482198588e-05,-6.703757557749434604e-14
2.172502562689302419e+00,4.387628433544270089e-05,4.387628441428228468e-05,-7.883958378718594617e-14
2.176525715583171650e+00,5.185467329676657475e-05,5.185467338939021029e-05,-9.262363554092545304e-14
2.180548868477040880e+00,6.122275382323582509e-05,6.122275393194153987e-05,-1.087057147856201889e-13
2.184572021370909667e+00,7.221122564164678256e-05,7.221122576909499188e-05,-1.274482093211598555e-13
2.188595174264778898e+00,8.508705065549656882e-05,8.508705080476413002e-05,-1.492675612019961351e-13
2.192618327158648128e+00,1.001588021029859582e-04,1.001588022776275772e-04,-1.746416189831248578e-13
2.196641480052516915e+00,1.177827449024122189e-04,1.177827451065305980e-04,-2.041183791001016656e-13
2.200664632946386146e+00,1.383697379984038731e-04,1.383697382367270147e-04,-2.383231416033804173e-13
2.204687785840255376e+00,1.623930594255144108e-04,1.623930597034863651e-04,-2.779719542652520081e-13
2.208710938734124163e+00,1.903972655902751686e-04,1.903972659141557936e-04,-3.238806250104031559e-13
2.212734091627993394e+00,2.230082079892660180e-04,2.230082083662474502e-04,-3.769814321818998337e-13
2.216757244521862624e+00,2.609443432785944479e-04,2.609443437169277910e-04,-4.383333431466629460e-13
2.220780397415731411e+00,3.050294863368568639e-04,3.050294868459979872e-04,-5.091411233587583851e-13
2.224803550309600642e+00,3.562071707634481815e-04,3.562071713542215427e-04,-5.907733612205146034e-13
2.228826703203469872e+00,4.155567971677187481e-04,4.155567978525011655e-04,-6.847824174024963462e-13
2.232849856097338659e+00,4.843117666676739720e-04,4.843117674606025203e-04,-7.929285483418424541e-13
2.236873008991207890e+00,5.638798152584102458e-04,5.638798161756086377e-04,-9.171983918893067411e-13
2.240896161885077120e+00,6.558657841519110977e-04,6.558657852117525484e-04,-1.059841450712362132e-12
2.244919314778945907e+00,7.620970818436584695e-04,7.620970830670506253e-04,-1.223392155809410742e-12
2.248942467672815138e+00,8.846521155278467153e-04,8.846521169385645035e-04,-1.410717788245807736e-12
2.252965620566684368e+00,1.025891992550778242e-03,1.025891994175809514e-03,-1.625031272739496657e-12
2.256988773460553155e+00,1.188495816834551954e-03,1.188495818704499076e-03,-1.869947122493109681e-12
2.261011926354422386e+00,1.375499930576048156e-03,1.375499932725580878e-03,-2.149532721956726178e-12
2.265035079248291616e+00,1.590341477967123236e-03,1.590341480435474063e-03,-2.468350827553034144e-12
2.269058232142160403e+00,1.836906695106907059e-03,1.836906697938403814e-03,-2.831496755811846455e-12
2.273081385036029634e+00,2.119584358576189886e-03,2.119584361820858742e-03,-3.244668856511312427e-12
2.277104537929898864e+00,2.443324854183149750e-03,2.443324857897393072e-03,-3.714243322627819310e-12
2.281127690823767651e+00,2.813705357005566281e-03,2.813705361252910511e-03,-4.247344229796334858e-12
2.285150843717636882e+00,3.237001643849051098e-03,3.237001648700926076e-03,-4.851874978173409403e-12
2.289173996611506112e+00,3.720267089384525147e-03,3.720267094921158799e-03,-5.536633651548328316e-12
2.293197149505374899e+00,4.271419427255641714e-03,4.271419433567050575e-03,-6.311408860815159727e-12
2.297220302399244130e+00,4.899335887046643925e-03,4.899335894233724717e-03,-7.187080791615230169e-12
2.301243455293112916e+00,5.613957346827586764e-03,5.613957355003253505e-03,-8.175666740828368972e-12
2.305266608186982147e+00,6.426402168655605436e-03,6.426402177946039310e-03,-9.290433873598846759e-12
2.309289761080851378e+00,7.349090410460340159e-03,7.349090421006449284e-03,-1.054610912487596863e-11
2.313312913974720164e+00,8.395879131704916259e-03,8.395879143663855307e-03,-1.195893904737399538e-11
2.317336066868589395e+00,9.582209531540531594e-03,9.582209545087289060e-03,-1.354675746578770656e-11
2.321359219762458626e+00,1.092526667628448619e-02,1.092526669161370326e-02,-1.532921706237644344e-11
2.325382372656327412e+00,1.244415258731383991e-02,1.244415260464174118e-02,-1.732790126662830943e-11
2.329405525550196643e+00,1.416007347018172734e-02,1.416007348974830660e-02,-1.956657925961113875e-11
2.333428678444065874e+00,1.609654187020248886e-02,1.609654189227359422e-02,-2.207110536001088974e-11
2.337451831337934660e+00,1.827959453813334315e-02,1.827959456300324442e-02,-2.486990127725796640e-11
2.341474984231803891e+00,2.073802678106153458e-02,2.073802680905549589e-02,-2.799396131569764634e-11
2.345498137125673122e+00,2.350364405732429524e-02,2.350364408880138006e-02,-3.147708482753586168e-11
2.349521290019541908e+00,2.661153154934055298e-02,2.661153158469667032e-02,-3.535611733940235979e-11
2.353544442913411139e+00,3.010034241365761032e-02,3.010034245332859903e-02,-3.967098871626717482e-11
2.357567595807280370e+00,3.401260536235786724e-02,3.401260540682307654e-02,-4.446520929235475705e-11
2.361590748701149156e+00,3.839505217325716452e-02,3.839505222304302745e-02,-4.978586293225006898e-11
2.365613901595018387e+00,4.329896565703143796e-02,4.329896571271527744e-02,-5.568383948384436621e-11
2.369637054488887618e+00,4.878054852656277252e-02,4.878054858877698546e-02,-6.221421294805296043e-11
2.373660207382756404e+00,5.490131351643702529e-02,5.490131358587328758e-02,-6.943626229549693107e-11
2.377683360276625635e+00,6.172849498765280857e-02,6.172849506506679351e-02,-7.741398494465201452e-11
2.381706513170494866e+00,6.933548212334690597e-02,6.933548220956296804e-02,-8.621606206737908451e-11
2.385729666064363652e+00,7.780227367485781365e-02,7.780227377077401918e-02,-9.591620553361934753e-11
2.389752818958232883e+00,8.721595405291029945e-02,8.721595415950374186e-02,-1.065934424060444030e-10
2.393775971852102114e+00,9.767119037546134752e-02,9.767119049379353879e-02,-1.183321912678891863e-10
2.397799124745970900e+00,1.092707498812559297e-01,1.092707500124784625e-01,-1.312225328398142210e-10
2.401822277639840131e+00,1.221260368958776849e-01,1.221260370412384083e-01,-1.453607234580545082e-10
2.405845430533709361e+00,1.363576482948215540e-01,1.363576484556702773e-01,-1.608487232296340608e-10
2.409868583427578148e+00,1.520959461457835893e-01,1.520959463235787568e-01,-1.777951674775124502e-10
2.413891736321447379e+00,1.694816459299420541e-01,1.694816461262568241e-01,-1.963147699957090708e-10
2.417914889215316609e+00,1.886664184398777477e-01,1.886664186564069035e-01,-2.165291557165716085e-10
2.421938042109185396e+00,2.098135031305706777e-01,2.098135033691370110e-01,-2.385663333548393439e-10
2.425961195003054627e+00,2.330983303602566226e-01,2.330983306228182061e-01,-2.625615835860628522e-10
2.429984347896923857e+00,2.587091496010860414e-01,2.587091498897420294e-01,-2.886559880010963752e-10
2.434007500790792644e+00,2.868476603269521918e-01,2.868476606439514520e-01,-3.169992601748106154e-10
2.438030653684661875e+00,3.177296418990990801e-01,3.177296422468449122e-01,-3.477458321299309318e-10
2.442053806578531105e+00,3.515855783714165184e-01,3.515855787524753140e-01,-3.810587956287747602e-10
2.446076959472399892e+00,3.886612737292147735e-01,3.886612741463206788e-01,-4.171059053703629615e-10
2.450100112366269123e+00,4.292184526602596528e-01,4.292184531163233396e-01,-4.560636868156109358e-10
2.454123265260138353e+00,4.735353415383745657e-01,4.735353420364874499e-01,-4.981128842729276585e-10
2.458146418154007140e+00,5.219072238816138132e-01,5.219072244250549941e-01,-5.434411809446260122e-10
2.462169571047876371e+00,5.746469641324832844e-01,5.746469647247240964e-01,-5.922408119474198429e-10
2.466192723941745157e+00,6.320854932015405048e-01,6.320854938462523442e-01,-6.447118394703466038e-10
2.470215876835614388e+00,6.945722488227954461e-01,6.945722495238498828e-01,-7.010544367247462105e-10
2.474239029729483619e+00,7.624755633939386268e-01,7.624755641554159524e-01,-7.614773256392481926e-10
2.478262182623352405e+00,8.361829916230689719e-01,8.361829924492580890e-01,-8.261891171201796169e-10
2.482285335517221636e+00,9.161015699807648627e-01,9.161015708761679477e-01,-8.954030850105709760e-10
2.486308488411090867e+00,1.002657999668637112e+00,1.002658000637970392e+00,-9.693332803095700001e-10
2.490331641304959653e+00,1.096298744569193406e+00,1.096298745617387826e+00,-1.048194420150139194e-09
2.494354794198828884e+00,1.197490035442491996e+00,1.197490036574693884e+00,-1.132201887799055839e-09
2.498377947092698115e+00,1.306717771489716906e+00,1.306717772711284864e+00,-1.221567957898628265e-09
2.502401099986566901e+00,1.424487310319116240e+00,1.424487311635619369e+00,-1.316503128734325401e-09
2.506424252880436132e+00,1.551323137331268143e+00,1.551323138748482933e+00,-1.417214789967147226e-09
2.510447405774305363e+00,1.687768405595512000e+00,1.687768407119415004e+00,-1.523903003786131194e-09
2.514470558668174149e+00,1.834384337423981437e+00,1.834384339060743274e+00,-1.636761837175981782e-09
2.518493711562043380e+00,1.991749479068888107e+00,1.991749480824865470e+00,-1.755977363515626166e-09
2.522516864455912611e+00,2.160458800278960201e+00,2.160458802160683422e+00,-1.881723221686115721e-09
2.526540017349781397e+00,2.341122630857708664e+00,2.341122632871873055e+00,-2.014164390828909745e-09
2.530563170243650628e+00,2.534365426872684957e+00,2.534365429026131267e+00,-2.153446310160234134e-09
2.534586323137519859e+00,2.740824359776097729e+00,2.740824362075804821e+00,-2.299707091424352257e-09
2.538609476031388645e+00,2.961147722416854311e+00,2.961147724869910292e+00,-2.453055980566887229e-09
2.542632628925257876e+00,3.195993146752534209e+00,3.195993149366127994e+00,-2.613593785838475014e-09
2.546655781819127107e+00,3.446025629010296853e+00,3.446025631791685750e+00,-2.781388896977432523e-09
2.550678934712995893e+00,3.711915359098616918e+00,3.711915362055111078e+00,-2.956494160599731913e-09
2.554702087606865124e+00,3.994335352234469561e+00,3.994335355373397789e+00,-3.138928228452186886e-09
2.558725240500734355e+00,4.293958882022774759e+00,4.293958885351464971e+00,-3.328690212356377742e-09
2.562748393394603141e+00,4.611456715603923229e+00,4.611456719129659376e+00,-3.525736147480529326e-09
2.566771546288472372e+00,4.947494152963674452e+00,4.947494156693680978e+00,-3.730006525870521727e-09
2.570794699182341603e+00,5.302727874074161463e+00,5.302727878015550012e+00,-3.941388548867053032e-09
2.574817852076210389e+00,5.677802599197756983e+00,5.677802603357507749e+00,-4.159750766064007621e-09
2.578841004970079620e+00,6.073347569425768810e+00,6.073347573810670141e+00,-4.384901330922730267e-09
2.582864157863948851e+00,6.489972856333016793e+00,6.489972860949652755e+00,-4.616635962406689941e-09
2.586887310757817637e+00,6.928265511496583429e+00,6.928265516351261866e+00,-4.854678437027359905e-09
2.590910463651686868e+00,7.388785568535019443e+00,7.388785573633758652e+00,-5.098739208619917918e-09
2.594933616545556099e+00,7.872061912262096506e+00,7.872061917610552406e+00,-5.348455900389126327e-09
2.598956769439424885e+00,8.378588031500873612e+00,8.378588037104307773e+00,-5.603434161116638279e-09
2.602979922333294116e+00,8.908817674048556512e+00,8.908817679911784637e+00,-5.863228125235764310e-09
2.607003075227163347e+00,9.463160424205351973e+00,9.463160430332708373e+00,-6.127356400043026952e-09
2.611026228121032133e+00,1.004197722516294178e+01,1.004197723155820832e+01,-6.395266538561372727e-09
2.615049381014901364e+00,1.064557587036507158e+01,1.064557587703144748e+01,-6.666375895747478353e-09
2.619072533908770151e+00,1.127420648968789330e+01,1.127420649662794006e+01,-6.940046759495999140e-09
2.623095686802639381e+00,1.192805705792102344e+01,1.192805706513662045e+01,-7.215597008780605393e-09
2.627118839696508612e+00,1.260724895453164329e+01,1.260724896202393452e+01,-7.492291231869785406e-09
2.631141992590377399e+00,1.331183260505547494e+01,1.331183261282481922e+01,-7.769344279040524270e-09
2.635165145484246629e+00,1.404178323564517861e+01,1.404178324369111408e+01,-8.045935473433019069e-09
2.639188298378115860e+00,1.479699677330612850e+01,1.479699678162732468e+01,-8.321196176552803081e-09
2.643211451271984647e+00,1.557728592514165911e+01,1.557728593373588311e+01,-8.594223999125460978e-09
2.647234604165853877e+00,1.638237647048912748e+01,1.638237647935318719e+01,-8.864059708457716624e-09
2.651257757059723108e+00,1.721190380014267873e+01,1.721190380927239261e+01,-9.129713873790024081e-09
2.655280909953591895e+00,1.806540973691297935e+01,1.806540974630316754e+01,-9.390188182578640408e-09
2.659304062847461125e+00,1.894233967154679732e+01,1.894233968119121414e+01,-9.644416820719925454e-09
2.663327215741330356e+00,1.984204004751401840e+01,1.984204005740534882e+01,-9.891330421396560268e-09
2.667350368635199143e+00,2.076375622735789150e+01,2.076375623748773336e+01,-1.012984185422283190e-08
2.671373521529068373e+00,2.170663077217997738e+01,2.170663078253879164e+01,-1.035881425082152418e-08
2.675396674422937604e+00,2.266970216439710128e+01,2.266970217497425466e+01,-1.057715337537956657e-08
2.679419827316806391e+00,2.365190400216309641e+01,2.365190401294681166e+01,-1.078371525409238529e-08
2.683442980210675621e+00,2.465206469178492910e+01,2.465206470276230277e+01,-1.097737367672380060e-08
2.687466133104544852e+00,2.566890766209477448e+01,2.566890767325176625e+01,-1.115699177489659633e-08
2.691489285998413639e+00,2.670105212207418077e+01,2.670105213339562411e+01,-1.132144333837459271e-08
2.695512438892282869e+00,2.774701438006661647e+01,2.774701439153626836e+01,-1.146965189491311321e-08
2.699535591786152100e+00,2.880520973968341281e+01,2.880520975128394312e+01,-1.160053031412644486e-08
2.703558744680020887e+00,2.987395498402388228e+01,2.987395499573689150e+01,-1.171300922919726872e-08
2.707581897573890117e+00,3.095147145610589234e+01,3.095147146791198267e+01,-1.180609032758184185e-08
2.711605050467759348e+00,3.203588873947136761e+01,3.203588875135016423e+01,-1.187879661301849410e-08
2.715628203361628135e+00,3.312524893882093835e+01,3.312524895075113562e+01,-1.193019727452337975e-08
2.719651356255497365e+00,3.421751155626384389e+01,3.421751156822326578e+01,-1.195942189724519267e-08
2.723674509149366596e+00,3.531055895438632319e+01,3.531055896635199076e+01,-1.196566756789252395e-08
2.727697662043235383e+00,3.640220239288013460e+01,3.640220240482832992e+01,-1.194819532202018308e-08
2.731720814937104613e+00,3.749018862096011873e+01,3.749018863286644887e+01,-1.190633014402919798e-08
2.735743967830973844e+00,3.857220700328589658e+01,3.857220701512535754e+01,-1.183946096716681495e-08
2.739767120724842631e+00,3.964589715262823688e+01,3.964589716437533440e+01,-1.174709751694535953e-08
2.743790273618711861e+00,4.070885703811784140e+01,4.070885704974666197e+01,-1.162882057315073325e-08
2.747813426512581092e+00,4.175865153363529458e+01,4.175865154511959076e+01,-1.148429618069712888e-08
2.751836579406449879e+00,4.279282136678794757e+01,4.279282137810124453e+01,-1.131329696590910316e-08
2.755859732300319109e+00,4.380889242500535374e+01,4.380889243612104167e+01,-1.111568792566686170e-08
2.759882885194188340e+00,4.480438537161987966e+01,4.480438538251134162e+01,-1.089146195454304689e-08
2.763906038088057127e+00,4.577682552142339034e+01,4.577682553206405913e+01,-1.064066879052916192e-08
2.767929190981926357e+00,4.672375292213195763e+01,4.672375293249550054e+01,-1.036354291272800765e-08
2.771952343875795588e+00,4.764273258549521017e+01,4.764273259555555740e+01,-1.006034722195181530e-08
2.775975496769664375e+00,4.853136480948536047e+01,4.853136481921686141e+01,-9.731500938414683333e-09
2.779998649663533605e+00,4.938729553111616610e+01,4.938729554049370307e+01,-9.377536969168431824e-09
2.784021802557402392e+00,5.020822664800703450e+01,5.020822665700612220e+01,-8.999087697247887263e-09
2.788044955451271623e+00,5.099192624584624411e+01,5.099192625444314331e+01,-8.596899192525597755e-09
2.792068108345140853e+00,5.173623866842401497e+01,5.173623867659580355e+01,-8.171788579147687415e-09
2.796091261239009640e+00,5.243909436693446935e+01,5.243909437465920576e+01,-7.724736406089505181e-09
2.800114414132878871e+00,5.309851946577370541e+01,5.309851947303049258e+01,-7.256787171172618400e-09
2.804137567026748101e+00,5.371264498310588209e+01,5.371264498987497404e+01,-6.769091953628958436e-09
2.808160719920616888e+00,5.427971564602553656e+01,5.427971565228843076e+01,-6.262894203246105462e-09
2.812183872814486119e+00,5.479809824220081538e+01,5.479809824794034512e+01,-5.739529740367288468e-09
2.816207025708355349e+00,5.526628945243241731e+01,5.526628945763282985e+01,-5.200412545036670053e-09
2.820230178602224136e+00,5.568292311158974428e+01,5.568292311623675772e+01,-4.647013440717273625e-09
2.824253331496093367e+00,5.604677684886106448e+01,5.604677685294198852e+01,-4.080924043137201807e-09
2.828276484389962597e+00,5.635677806215885255e+01,5.635677806566258141e+01,-3.503728862597199623e-09
2.832299637283831384e+00,5.661200918581980801e+01,5.661200918873692700e+01,-2.917118990808376111e-09
2.836322790177700615e+00,5.681171221539578653e+01,5.681171221771859337e+01,-2.322806835763913114e-09
2.840345943071569845e+00,5.695529245830844900e+01,5.695529246003098933e+01,-1.722540332593780477e-09
2.844369095965438632e+00,5.704232148439550087e+01,5.704232148551361803e+01,-1.118117154419451253e-09
2.848392248859307863e+00,5.707253925586037724e+01,5.707253925637169800e+01,-5.113207635076832958e-10
2.852415401753177093e+00,5.704585542180558377e+01,5.704585542170956103e+01,9.602274531061993912e-11
2.856438554647045880e+00,5.696234976833062547e+01,5.696234976762853819e+01,7.020872772045549937e-10
2.860461707540915111e+00,5.682227182105619079e+01,5.682227181975110852e+01,1.305082264480006415e-09
2.864484860434784341e+00,5.662603960284599935e+01,5.662603960094278932e+01,1.903210034015501151e-09
2.868508013328653128e+00,5.637423755538204517e+01,5.637423755288736515e+01,2.494680018116923748e-09
2.872531166222522359e+00,5.606761363905588524e+01,5.606761363597809122e+01,3.077794019645807566e-09
2.876554319116391589e+00,5.570707563131682605e+01,5.570707562766596510e+01,3.650860946891043568e-09
2.880577472010260376e+00,5.529368664911481090e+01,5.529368664490259277e+01,4.212218129850953119e-09
2.884600624904129607e+00,5.482865992634607721e+01,5.482865992158578194e+01,4.760295269079506397e-09
2.888623777797998837e+00,5.431335288220564905e+01,5.431335287691207014e+01,5.293578908549534390e-09
2.892646930691867624e+00,5.374926052102715346e+01,5.374926051521654813e+01,5.810605330225371290e-09
2.896670083585736855e+00,5.313800820851369622e+01,5.313800820220366461e+01,6.310031608336430509e-09
2.900693236479606085e+00,5.248134387319208827e+01,5.248134386640150240e+01,6.790585871385701466e-09
2.904716389373474872e+00,5.178112968542614425e+01,5.178112967817509116e+01,7.251053091295034392e-09
2.908739542267344103e+00,5.103933326937973192e+01,5.103933326168937867e+01,7.690353243106073933e-09
2.912762695161213333e+00,5.025801850590093522e+01,5.025801849779345787e+01,8.107477356134040747e-09
2.916785848055082120e+00,4.943933598638551530e+01,4.943933597788395673e+01,8.501558568241307512e-09
2.920809000948951351e+00,4.858551317926625757e+01,4.858551317039445649e+01,8.871801071563822916e-09
2.924832153842820581e+00,4.769884437185081083e+01,4.769884436263329519e+01,9.217515639647899661e-09
2.928855306736689368e+00,4.678168045079165438e+01,4.678168044125352054e+01,9.538133838304929668e-09
2.932878459630558599e+00,4.583641858452851636e+01,4.583641857469529413e+01,9.833222236466099275e-09
2.936901612524427385e+00,4.486549187059684130e+01,4.486549186049443705e+01,1.010240424648145563e-08
2.940924765418296616e+00,4.387135900975747660e+01,4.387135899941203121e+01,1.034544538924819790e-08
2.944947918312165847e+00,4.285649406750177803e+01,4.285649405693957448e+01,1.056220355621917406e-08
2.948971071206034633e+00,4.182337638162586302e+01,4.182337637087317006e+01,1.075269295824909932e-08
2.952994224099903864e+00,4.077448067229249773e+01,4.077448066137554150e+01,1.091695622790211928e-08
2.957017376993773095e+00,3.971226740832683078e+01,3.971226739727164556e+01,1.105518521171688917e-08
2.961040529887641881e+00,3.863917348045476530e+01,3.863917346928710117e+01,1.116766412678771303e-08
2.965063682781511112e+00,3.755760322883590163e+01,3.755760321758113918e+01,1.125476245533718611e-08
2.969086835675380343e+00,3.646991986859487866e+01,3.646991985727793661e+01,1.131694205014355248e-08
2.973109988569249129e+00,3.537843735315445315e+01,3.537843734179970312e+01,1.135475002911334741e-08
2.977133141463118360e+00,3.428541271107268784e+01,3.428541269970386907e+01,1.136881877528139739e-08
2.981156294356987591e+00,3.319303888781603007e+01,3.319303887645617834e+01,1.135985172595610493e-08
2.985179447250856377e+00,3.210343811950403392e+01,3.210343810817543186e+01,1.132860205643737572e-08
2.989202600144725608e+00,3.101865586119011908e+01,3.101865584991420377e+01,1.127591531258076429e-08
2.993225753038594839e+00,2.994065528773009532e+01,2.994065527652741565e+01,1.120267967280597077e-08
2.997248905932463625e+00,2.887131238077621020e+01,2.887131236966638781e+01,1.110982239538316207e-08
3.001272058826332856e+00,2.781241161096872005e+01,2.781241159997037471e+01,1.099834534556975996e-08
3.005295211720202087e+00,2.676564222000811100e+01,2.676564220913886771e+01,1.086924328319582855e-08
3.009318364614070873e+00,2.573259510301464914e+01,2.573259509229106357e+01,1.072358557507868682e-08
3.013341517507940104e+00,2.471476028746118203e+01,2.471476027689873689e+01,1.056244514074933250e-08
3.017364670401809335e+00,2.371352500102157634e+01,2.371352499063466723e+01,1.038690911059347854e-08
3.021387823295678121e+00,2.273017231693829387e+01,2.273017230674020439e+01,1.019808948399258952e-08
3.025410976189547352e+00,2.176588036201371068e+01,2.176588035201662308e+01,9.997087602187093580e-09
3.029434129083416583e+00,2.082172206908170509e+01,2.082172205929667896e+01,9.785026122699491680e-09
3.033457281977285369e+00,1.989866545283875254e+01,1.989866544327574260e+01,9.563009939483890776e-09
3.037480434871154600e+00,1.899757438523018749e+01,1.899757437589805420e+01,9.332133288353361422e-09
3.041503587765023831e+00,1.811920984420010683e+01,1.811920983510662353e+01,9.093483299693616573e-09
3.045526740658892617e+00,1.726423160753115837e+01,1.726423159868302903e+01,8.848129340321975178e-09
3.049549893552761848e+00,1.643320036173622611e+01,1.643320035313912797e+01,8.597098144491610583e-09
3.053573046446631079e+00,1.562658019451057712e+01,1.562658018616916422e+01,8.341412893742017332e-09
3.057596199340499865e+00,1.484474143810932034e+01,1.484474143002726265e+01,8.082057689762223163e-09
3.061619352234369096e+00,1.408796383018432685e+01,1.408796382236436173e+01,7.819965119892913208e-09
3.065642505128238327e+00,1.335643995808123563e+01,1.335643995052518029e+01,7.556055336976896797e-09
3.069665658022107113e+00,1.265027895235200006e+01,1.265027894506081374e+01,7.291186321367604251e-09
3.073688810915976344e+00,1.196951039527609417e+01,1.196951038824989588e+01,7.026198289850071887e-09
3.077711963809845575e+00,1.131408841048206249e+01,1.131408840372018965e+01,6.761872839433635818e-09
3.081735116703714361e+00,1.068389590030564129e+01,1.068389589380670834e+01,6.498932947351931944e-09
3.085758269597583592e+00,1.007874889829915155e+01,1.007874889206106062e+01,6.238090932697559765e-09
3.089781422491452822e+00,9.498401005293587218e+00,9.498400999313613369e+00,5.979973849434827571e-09
3.093804575385321609e+00,8.942547878591218691e+00,8.942547872866025926e+00,5.725192764316489047e-09
3.097827728279190840e+00,8.410831745215984867e+00,8.410831739741695401e+00,5.474289466178561270e-09
3.101850881173059626e+00,7.902845911645702159e+00,7.902845906417937272e+00,5.227764887649755110e-09
3.105874034066928857e+00,7.418139244071564775e+00,7.418139239085489223e+00,4.986075552437796432e-09
3.109897186960798088e+00,6.956220594963378190e+00,6.956220590213751720e+00,4.749626469902068493e-09
3.113920339854666874e+00,6.516563153529427055e+00,6.516563149010639933e+00,4.518787122265166545e-09
3.117943492748536105e+00,6.098608699539598277e+00,6.098608695245734346e+00,4.293863931081887131e-09
3.121966645642405336e+00,5.701771741900977020e+00,5.701771737825834130e+00,4.075142889803373691e-09
3.125989798536274122e+00,5.325443525318881655e+00,5.325443521456030282e+00,3.862851372105069458e-09
3.130012951430143353e+00,4.968995890328368858e+00,4.968995886671191187e+00,3.657177671811950859e-09
3.134036104324012584e+00,4.631784973920151316e+00,4.631784970461866102e+00,3.458285213753242715e-09
3.138059257217881370e+00,4.313154739895171730e+00,4.313154736628888486e+00,3.266283243874568143e-09
3.142082410111750601e+00,4.012440329952394080e+00,4.012440326871133500e+00,3.081260580017897155e-09
3.146105563005619832e+00,3.728971228327323750e+00,3.728971225424062563e+00,2.903261187015004907e-09
3.150128715899488618e+00,3.462074234543506712e+00,3.462074231811198999e+00,2.732307713415593753e-09
3.154151868793357849e+00,3.211076240507550139e+00,3.211076237939158862e+00,2.568391277435466691e-09
3.158175021687227080e+00,2.975306809758196280e+00,2.975306807346722149e+00,2.411474131491786466e-09
3.162198174581095866e+00,2.754100558164700008e+00,2.754100555903203684e+00,2.261496323541223319e-09
3.166221327474965097e+00,2.546799336755056764e+00,2.546799334636677958e+00,2.118378805704423939e-09
3.170244480368834328e+00,2.352754218633623218e+00,2.352754216651610442e+00,1.982012776124975062e-09
3.174267633262703114e+00,2.171327293117159662e+00,2.171327291264875559e+00,1.852284103875945220e-09
3.178290786156572345e+00,2.001893271278192721e+00,2.001893269549143373e+00,1.729049348142552844e-09
3.182313939050441576e+00,1.843840908032014614e+00,1.843840906419852654e+00,1.612161959485547413e-09
3.186337091944310362e+00,1.696574246738974612e+00,1.696574245237520540e+00,1.501454072183605604e-09
3.190360244838179593e+00,1.559513693020199376e+00,1.559513691623445553e+00,1.396753823712515441e-09
3.194383397732048824e+00,1.432096925102670948e+00,1.432096923804795585e+00,1.297875362737954674e-09
3.198406550625917610e+00,1.313779648522491517e+00,1.313779647317862009e+00,1.204629507256527177e-09
3.202429703519786841e+00,1.204036203428007656e+00,1.204036202311191239e+00,1.116816417123800420e-09
3.206452856413656072e+00,1.102360033040606035e+00,1.102360032006368229e+00,1.034237806507576352e-09
3.210476009307524858e+00,1.008264022055612052e+00,1.008264021098925989e+00,9.566860637022500669e-10
3.214499162201394089e+00,9.212807139055174677e-01,9.212807130215596718e-01,8.839577958497102372e-10
3.218522315095263320e+00,8.409624158673338901e-01,8.409624150514911634e-01,8.158427267090928581e-10
3.222545467989132106e+00,7.668812009817917996e-01,7.668812002296561126e-01,7.521356870654472004e-10
3.226568620883001337e+00,6.986288156713450492e-01,6.986288149787145407e-01,6.926305085031003728e-10
3.230591773776870568e+00,6.358165018021613157e-01,6.358165011650375176e-01,6.371237981639410464e-10
3.234614926670739354e+00,5.780747417391008947e-01,5.780747411536855118e-01,5.854153828366293055e-10
3.238638079564608585e+00,5.250529346991075208e-01,5.250529341617993229e-01,5.373081979342941850e-10
3.242661232458477816e+00,4.764190124231252876e-01,4.764190119305159454e-01,4.926093422064070637e-10
3.246684385352346602e+00,4.318590018658462482e-01,4.318590014147151712e-01,4.511310769395038278e-10
3.250707538246215833e+00,3.910765422527445190e-01,3.910765418400539151e-01,4.126906039125799452e-10
3.254730691140084620e+00,3.537923634800297368e-01,3.537923631029188387e-01,3.771108980643589348e-10
3.258753844033953850e+00,3.197437324408641257e-01,3.197437320966431962e-01,3.442209295378972911e-10
3.262776996927823081e+00,2.886838734559863395e-01,2.886838731421307314e-01,3.138556081694332534e-10
3.266800149821691868e+00,2.603813685726080740e-01,2.603813682867517354e-01,2.858563385998991180e-10
3.270823302715561098e+00,2.346195430773155843e-01,2.346195428172447861e-01,2.600707982303163135e-10
3.274846455609430329e+00,2.111958411501209942e-01,2.111958409137670856e-01,2.363539086669419476e-10
3.278869608503299116e+00,1.899211961714812880e-01,1.899211959569153119e-01,2.145659760977025599e-10
3.282892761397168346e+00,1.706193997854907607e-01,1.706193995909152938e-01,1.945754668497556850e-10
3.286915914291037577e+00,1.531264734230694535e-01,1.531264732468135270e-01,1.762559265205965175e-10
3.290939067184906364e+00,1.372900456014220227e-01,1.372900454419334060e-01,1.594886167577413971e-10
3.294962220078775594e+00,1.229687379425228183e-01,1.229687377983624819e-01,1.441603364460419812e-10
3.298985372972644825e+00,1.100315624955246763e-01,1.100315623653600472e-01,1.301646290752245250e-10
3.303008525866513612e+00,9.835733260722692717e-02,9.835733248982592158e-02,1.174010055837726441e-10
3.307031678760382842e+00,8.783408926236013770e-02,8.783408915658504068e-02,1.057750970145932001e-10
3.311054831654252073e+00,7.835854451211181348e-02,7.835854441691388061e-02,9.519793287005029470e-11
3.315077984548120860e+00,6.983554332565995726e-02,6.983554324007337777e-02,8.558657949020442857e-11
3.319101137441990090e+00,6.217754493589768006e-02,6.217754485903460859e-02,7.686307146315130012e-11
3.323124290335859321e+00,5.530412450703080934e-02,5.530412443807600220e-02,6.895480714197432803e-11
3.327147443229728108e+00,4.914149572822531370e-02,4.914149566643131323e-02,6.179400047212624258e-11
3.331170596123597338e+00,4.362205473377878118e-02,4.362205467846103080e-02,5.531775038036812475e-11
3.335193749017466569e+00,3.868394556586512295e-02,3.868394551639783158e-02,4.946729137422778422e-11
3.339216901911335356e+00,3.427064723021714526e-02,3.427064718602863130e-02,4.418851395904255241e-11
3.343240054805204586e+00,3.033058224753326648e-02,3.033058220810228717e-02,3.943097931502492770e-11
3.347263207699073817e+00,2.681674647309044771e-02,2.681674643794220228e-02,3.514824542527605900e-11
3.351286360592942604e+00,2.368635984318186866e-02,2.368635981188449424e-02,3.129737441431856837e-11
3.355309513486811834e+00,2.090053760870368496e-02,2.090053758086484956e-02,2.783883540358189634e-11
3.359332666380681065e+00,1.842398153249552584e-02,1.842398150775933705e-02,2.473618879172967411e-11
3.363355819274549852e+00,1.622469045693131565e-02,1.622469043497521898e-02,2.195609666300057938e-11
3.367378972168419082e+00,1.427368959079123104e-02,1.427368957132342693e-02,1.946780410488901936e-11
3.371402125062288313e+00,1.254477781859943825e-02,1.254477780135620016e-02,1.724323808738326136e-11
3.375425277956157100e+00,1.101429230040504997e-02,1.101429228514829578e-02,1.525675419333794025e-11
3.379448430850026330e+00,9.660889604467612010e-03,9.660889590982730396e-03,1.348488161412308983e-11
3.383471583743895561e+00,8.465342598514322137e-03,8.465342586608116948e-03,1.190620518842777642e-11
3.387494736637764348e+00,7.410352316260263028e-03,7.410352305759019056e-03,1.050124397161678047e-11
3.391517889531633578e+00,6.480374013861653695e-03,6.480374004609329094e-03,9.252324600916850272e-12
3.395541042425502809e+00,5.661456635057642364e-03,5.661456626914257960e-03,8.143384404302178581e-12
3.399564195319371596e+00,4.941094913165394037e-03,4.941094906005589170e-03,7.159804867040708842e-12
3.403587348213240826e+00,4.308093352093774094e-03,4.308093345805360727e-03,6.288413366417611172e-12
3.407610501107109613e+00,3.752441346432447856e-03,3.752441340915178489e-03,5.517269367066868213e-12
3.411633654000978844e+00,3.265198721817920945e-03,3.265198716982295121e-03,4.835625823373934651e-12
3.415656806894848074e+00,2.838391000593938965e-03,2.838390996360187594e-03,4.233751370319449592e-12
3.419679959788716861e+00,2.464913723717754995e-03,2.464913720014856764e-03,3.702898231094930992e-12
3.423703112682586092e+00,2.138445187439213992e-03,2.138445184203997210e-03,3.235216781971583799e-12
3.427726265576455322e+00,1.853366982045339968e-03,1.853366979221682861e-03,2.823657106743038270e-12
3.431749418470324109e+00,1.604691749525772064e-03,1.604691747063898694e-03,2.461873370093736746e-12
3.435772571364193340e+00,1.387997607024665314e-03,1.387997604880469252e-03,2.144196062023318028e-12
3.439795724258062570e+00,1.199368713089553687e-03,1.199368711223992813e-03,1.865560874184102325e-12
3.443818877151931357e+00,1.035341483738453760e-03,1.035341482117007727e-03,1.621446032995521591e-12
3.447842030045800588e+00,8.928559950123131188e-04,8.928559936045102081e-04,1.407802910705080457e-12
3.451865182939669818e+00,7.692121377602897415e-04,7.692121365392561591e-04,1.221033582403385775e-12
3.455888335833538605e+00,6.620301187547949270e-04,6.620301176968569016e-04,1.057938025378346580e-12
3.459911488727407836e+00,5.692149297165120716e-04,5.692149288008352490e-04,9.156768225604405842e-13
3.463934641621277066e+00,4.889244323346310503e-04,4.889244315429121463e-04,7.917189039780003768e-13
3.467957794515145853e+00,4.195407328093475846e-04,4.195407321255177472e-04,6.838298373737505820e-13
3.471980947409015084e+00,3.596445437585591765e-04,3.596445431685310959e-04,5.900280806471480677e-13
3.476004100302884314e+00,3.079922544730735148e-04,3.079922539645074523e-04,5.085660625264720736e-13
3.480027253196753101e+00,2.634954524470214552e-04,2.634954520091255335e-04,4.378959217801736692e-13
3.484050406090622332e+00,2.252026598404666656e-04,2.252026594638129606e-04,3.766537049702117779e-13
3.488073558984491562e+00,1.922830680489508214e-04,1.922830677253104556e-04,3.236403658089803681e-13
3.492096711878360349e+00,1.640120718717097566e-04,1.640120715939091334e-04,2.778006232169449863e-13
3.496119864772229580e+00,1.397584219077158216e-04,1.397584216695096384e-04,2.382061832940235435e-13
3.500143017666098810e+00,1.189728297948808099e-04,1.189728295908375254e-04,2.040432845471298884e-13
3.504166170559967597e+00,1.011778757781097788e-04,1.011778756035112839e-04,1.745984948417142468e-13
3.508189323453836828e+00,8.595908188697176677e-05,8.595908173772380252e-05,1.492479642477284596e-13
3.512212476347706058e+00,7.295702676766798356e-05,7.295702664022179356e-05,1.274461899946136012e-13
3.516235629241574845e+00,6.186038999414801283e-05,6.186038988543212009e-05,1.087158927335143965e-13
3.520258782135444076e+00,5.239982452915786543e-05,5.239982443651596108e-05,9.264190434753183379e-14
3.524281935029313306e+00,4.434256596814760887e-05,4.434256588928537881e-05,7.886223006006373715e-14
3.528305087923182093e+00,3.748769632857771336e-05,3.748769626151557383e-05,6.706213953296472075e-14
3.532328240817051324e+00,3.166198849545300649e-05,3.166198843848527707e-05,5.696772941614705599e-14
3.536351393710920554e+00,2.671626505138720319e-05,2.671626500304577929e-05,4.834142390856485672e-14
3.540374546604789341e+00,2.252221215584550941e-05,2.252221211486805103e-05,4.097745837853931927e-14
3.544397699498658572e+00,1.896959544182335108e-05,1.896959540712568994e-05,3.469766113968139609e-14
3.548420852392527802e+00,1.596383061580326605e-05,1.596383058645566830e-05,2.934759775691589412e-14
3.552444005286396589e+00,1.342386662339766256e-05,1.342386659860366141e-05,2.479400114851950526e-14
3.556467158180265820e+00,1.128034392170211217e-05,1.128034390078021033e-05,2.092190183849550883e-14
3.560490311074135050e+00,9.473994620993848127e-06,9.473994603361644379e-06,1.763220374827872972e-14
3.564513463968003837e+00,7.954255061888294200e-06,7.954255047048915627e-06,1.483937857305311220e-14
3.568536616861873068e+00,6.678064816135134701e-06,6.678064803665251177e-06,1.246988352420624890e-14
3.572559769755741854e+00,5.608829174418219698e-06,5.608829163957718554e-06,1.046050114475276238e-14
3.576582922649611085e+00,4.715524945254103280e-06,4.715524936497224255e-06,8.756879024533238687e-15
3.580606075543480316e+00,3.971931865721082438e-06,3.971931858408821493e-06,7.312260944859240441e-15
3.584629228437349102e+00,3.355974145601845127e-06,3.355974139515382735e-06,6.086462392163602755e-15
3.588652381331218333e+00,2.849158658026239737e-06,2.849158652981287786e-06,5.044951950769135940e-15
3.592675534225087564e+00,2.436098076416340905e-06,2.436098072258337482e-06,4.158003422908423952e-15
3.596698687118956350e+00,2.104108862324064708e-06,2.104108858924122315e-06,3.399942392917241693e-15
3.600721840012825581e+00,1.842875452854120140e-06,1.842875450105563447e-06,2.748556692303266019e-15
3.604744992906694812e+00,1.644173299518811162e-06,1.644173297334273592e-06,2.184537569759124713e-15
3.608768145800563598e+00,1.501644590943765293e-06,1.501644589252775399e-06,1.690989894360646686e-15
3.612791298694432829e+00,1.410621566946140227e-06,1.410621565693160599e-06,1.252979628214791370e-15
3.616814451588302060e+00,1.367993317111047367e-06,1.367993316253872471e-06,8.571748962482497042e-16
3.620837604482170846e+00,1.372112868061998203e-06,1.372112867570520253e-06,4.914779503918621437e-16
3.624860757376040077e+00,1.422742214226211773e-06,1.422742214081484547e-06,1.447272257414219596e-16
3.628883910269909308e+00,1.521033750325451399e-06,1.521033750519061955e-06,-1.936105559186517000e-16
3.632907063163778094e+00,1.669547332707376088e-06,1.669547333241106160e-06,-5.337300713832747803e-16
3.636930216057647325e+00,1.872302943045145624e-06,1.872302943930857484e-06,-8.857118597577207098e-16
3.640953368951516556e+00,2.134869663500024142e-06,2.134869664759831068e-06,-1.259806925527897845e-15
3.644976521845385342e+00,2.464492408444437619e-06,2.464492410111121056e-06,-1.666683436906237284e-15
3.648999674739254573e+00,2.870258605306465781e-06,2.870258607424175628e-06,-2.117709846594312620e-15
3.653022827633123804e+00,3.363307786889073443e-06,3.363307789514255128e-06,-2.625181684854467276e-15
3.657045980526992590e+00,3.957087860428567535e-06,3.957087863631225366e-06,-3.202657831589874465e-15
3.661069133420861821e+00,4.667662665473911329e-06,4.667662669339125108e-06,-3.865213779195766225e-15
3.665092286314731052e+00,5.514076334252820895e-06,5.514076338882657245e-06,-4.629836349912853921e-15
3.669115439208599838e+00,6.518780935539714294e-06,6.518780941055447157e-06,-5.515732862853076068e-15
3.673138592102469069e+00,7.708134927331350086e-06,7.708134933876111089e-06,-6.544761003220329887e-15
3.677161744996338300e+00,9.112981076288661415e-06,9.112981084030466320e-06,-7.741804904939052212e-15
3.681184897890207086e+00,1.076931373461082385e-05,1.076931374374626392e-05,-9.135440071517814120e-15
3.685208050784076317e+00,1.271904670974094168e-05,1.271904672049927486e-05,-1.075833317560042496e-14
3.689231203677945548e+00,1.501089443136049590e-05,1.501089444400842914e-05,-1.264793323785089185e-14
3.693254356571814334e+00,1.770138072611761329e-05,1.770138074096464734e-05,-1.484703405683039656e-14
3.697277509465683565e+00,2.085599126632972045e-05,2.085599128373456362e-05,-1.740484316457673042e-14
3.701300662359552796e+00,2.455048767767443126e-05,2.455048769805208902e-05,-2.037765775889620323e-14
3.705323815253421582e+00,2.887240338601722707e-05,2.887240340984706925e-05,-2.382984217938477478e-14
3.709346968147290813e+00,3.392274356852410008e-05,3.392274359635900541e-05,-2.783490533333696226e-14
3.713370121041160044e+00,3.981791406268004712e-05,3.981791409515707248e-05,-3.247702535505089805e-14
3.717393273935028830e+00,4.669190679234658492e-05,4.669190683019870517e-05,-3.785212025547365911e-14
3.721416426828898061e+00,5.469877220586946275e-05,5.469877224993901490e-05,-4.406955215249114266e-14
3.725439579722766847e+00,6.401541240056094211e-05,6.401541245181445851e-05,-5.125351640496156325e-14
3.729462732616636078e+00,7.484473204318049897e-05,7.484473210272641372e-05,-5.954591474847253929e-14
3.733485885510505309e+00,8.741918789898808740e-05,8.741918796809531006e-05,-6.910722265707908152e-14
3.737509038404374095e+00,1.020047817635120742e-04,1.020047818436320940e-04,-8.012001977662774888e-14
3.741532191298243326e+00,1.189055458607353162e-04,1.189055459535259460e-04,-9.279062978054253286e-14
3.745555344192112557e+00,1.384685743369915294e-04,1.384685744443441328e-04,-1.073526033693039672e-13
3.749578497085981343e+00,1.610896593475849418e-04,1.610896594716554548e-04,-1.240705129780528271e-13
3.753601649979850574e+00,1.872195954065666856e-04,1.872195955498091998e-04,-1.432425142042226263e-13
3.757624802873719805e+00,2.173712211503344848e-04,2.173712213155394926e-04,-1.652050078768813046e-13
3.761647955767588591e+00,2.521272734506704665e-04,2.521272736410060068e-04,-1.903355402975426269e-13
3.765671108661457822e+00,2.921491348964090498e-04,2.921491351154691715e-04,-2.190601216048304600e-13
3.769694261555327053e+00,3.381865620352359283e-04,3.381865622870932741e-04,-2.518573457427342177e-13
3.773717414449195839e+00,3.910884884134592466e-04,3.910884887027221094e-04,-2.892628627945703634e-13
3.777740567343065070e+00,4.518150033514596771e-04,4.518150036833358052e-04,-3.318761281415061326e-13
3.781763720236934301e+00,5.214506145200251607e-04,5.214506149003930984e-04,-3.803679376676583068e-13
3.785786873130803087e+00,6.012189097053424573e-04,6.012189101408328597e-04,-4.354904024200800805e-13
3.789810026024672318e+00,6.924987406275471885e-04,6.924987411256282571e-04,-4.980810685770165058e-13
3.793833178918541549e+00,7.968420592618547264e-04,7.968420598309231733e-04,-5.690684468789841688e-13
3.797856331812410335e+00,9.159935447462231022e-04,9.159935453957152810e-04,-6.494921787891794196e-13
3.801879484706279566e+00,1.051912166578599771e-03,1.051912167319106386e-03,-7.405066143606475748e-13
3.805902637600148797e+00,1.206794837335098359e-03,1.206794838178490772e-03,-8.433924131995285123e-13
3.809925790494017583e+00,1.383102315492031140e-03,1.383102316451587576e-03,-9.595564360448394226e-13
3.813948943387886814e+00,1.583587526011355148e-03,1.583587527101932863e-03,-1.090577714940588194e-12
3.817972096281756045e+00,1.811326473042599054e-03,1.811326474280785257e-03,-1.238186202873192698e-12
3.821995249175624831e+00,2.069751925284473489e-03,2.069751926688770741e-03,-1.404297251400565827e-12
3.826018402069494062e+00,2.362690060101130859e-03,2.362690061692136832e-03,-1.591005972800818569e-12
3.830041554963363293e+00,2.694400257256627899e-03,2.694400259057270000e-03,-1.800642100702187776e-12
3.834064707857232079e+00,3.069618236958826345e-03,3.069618238994584625e-03,-2.035758280699573319e-12
3.838087860751101310e+00,3.493602739616270738e-03,3.493602741915412084e-03,-2.299141346057131940e-12
3.842111013644970541e+00,3.972185946126721712e-03,3.972185948720572193e-03,-2.593850481624748738e-12
3.846134166538839327e+00,4.511827837438550301e-03,4.511827840361797015e-03,-2.923246714137128777e-12
3.850157319432708558e+00,5.119674690344444209e-03,5.119674693635430617e-03,-3.290986407000762171e-12
3.854180472326577789e+00,5.803621902764709468e-03,5.803621906465770627e-03,-3.701061158933871553e-12
3.858203625220446575e+00,6.572381335928029721e-03,6.572381340085848775e-03,-4.157819054328992792e-12
3.862226778114315806e+00,7.435553352618421569e-03,7.435553357284409651e-03,-4.665988082019900673e-12
3.866249931008185037e+00,8.403703719788203214e-03,8.403703725018897563e-03,-5.230694349878106664e-12
3.870273083902053823e+00,9.488445530091543442e-03,9.488445535949055834e-03,-5.857512391793662232e-12
3.874296236795923054e+00,1.070252628001293685e-02,1.070252628656540028e-02,-6.552463432951682876e-12
3.878319389689792285e+00,1.205992022200287964e-02,1.205992022932494100e-02,-7.322061360004461505e-12
3.882342542583661071e+00,1.357592608414456489e-02,1.357592609231786721e-02,-8.173302312730612584e-12
3.886365695477530302e+00,1.526727022310630372e-02,1.526727023222007248e-02,-9.113768767443630736e-12
3.890388848371399089e+00,1.715221524425999608e-02,1.715221525441155970e-02,-1.015156361749980363e-11
3.894412001265268319e+00,1.925067408665312799e-02,1.925067409794858214e-02,-1.129545415534671804e-11
3.898435154159137550e+00,2.158432952978481256e-02,2.158432954233955453e-02,-1.255474196826256161e-11
3.902458307053006337e+00,2.417675903371279550e-02,2.417675904765224926e-02,-1.393945375793848029e-11
3.906481459946875567e+00,2.705356477372115181e-02,2.705356478918139254e-02,-1.546024072651697168e-11
3.910504612840744798e+00,3.024250867550816457e-02,3.024250869263667152e-02,-1.712850694612910729e-11
3.914527765734613585e+00,3.377365219653676032e-02,3.377365221549308294e-02,-1.895632262272073376e-11
3.918550918628482815e+00,3.767950053376249026e-02,3.767950055471905313e-02,-2.095656287393055095e-11
3.922574071522352046e+00,4.199515086744892711e-02,4.199515089059175504e-02,-2.314282793181021702e-11
3.926597224416220833e+00,4.675844417527276475e-02,4.675844420080232239e-02,-2.552955763457376293e-11
3.930620377310090063e+00,5.201012007050492825e-02,5.201012009863677926e-02,-2.813185101535609078e-11
3.934643530203959294e+00,5.779397403295073732e-02,5.779397406391656444e-02,-3.096582712469597709e-11
3.938666683097828081e+00,6.415701631181811027e-02,6.415701634586618018e-02,-3.404806991902376012e-11
3.942689835991697311e+00,7.114963168605659138e-02,7.114963172345317721e-02,-3.739658582802007913e-11
3.946712988885566542e+00,7.882573917043229905e-02,7.882573921146170115e-02,-4.102940209804728511e-11
3.950736141779435329e+00,8.724295065519740988e-02,8.724295070016352405e-02,-4.496611416549001206e-11
3.954759294673304559e+00,9.646272736422537020e-02,9.646272741345181256e-02,-4.922644236682316432e-11
3.958782447567173790e+00,1.065505329116446243e-01,1.065505329654760774e-01,-5.383145318393900425e-11
3.962805600461042577e+00,1.175759816311354872e-01,1.175759816899380333e-01,-5.880254616563718173e-11
3.966828753354911807e+00,1.296129807459495131e-01,1.296129808101115777e-01,-6.416206455028827804e-11
3.970851906248781038e+00,1.427398648424216820e-01,1.427398649123544361e-01,-6.993275403210930108e-11
3.974875059142649825e+00,1.570395210063703362e-01,1.570395210825088206e-01,-7.613848440612969171e-11
3.978898212036519055e+00,1.725995028813829824e-01,1.725995029641858025e-01,-8.280282015604711887e-11
3.982921364930388286e+00,1.895121318119074028e-01,1.895121319018582551e-01,-8.995085232221811111e-11
3.986944517824257073e+00,2.078745831436922820e-01,2.078745832412993710e-01,-9.760708907791126876e-11
3.990967670718126303e+00,2.277889556707074492e-01,2.277889557765044870e-01,-1.057970377971173548e-10
3.994990823611995534e+00,2.493623221428519776e-01,2.493623222573981280e-01,-1.145461503426759009e-10
3.999013976505864321e+00,2.727067586840814517e-01,2.727067588079613025e-01,-1.238798508218508232e-10
4.003037129399733551e+00,2.979393509174852461e-01,2.979393510513089760e-01,-1.338237298753597315e-10
4.007060282293602782e+00,3.251821745540944830e-01,3.251821746984973616e-01,-1.444028785435591544e-10
4.011083435187472013e+00,3.545622481774626245e-01,3.545622483331056785e-01,-1.556430540006203955e-10
4.015106588081340355e+00,3.862114559477594078e-01,3.862114561153273673e-01,-1.675679595081192019e-10
4.019129740975209586e+00,4.202664379591830590e-01,4.202664381393849680e-01,-1.802019089502948646e-10
4.023152893869078817e+00,4.568684460141023695e-01,4.568684462076702535e-01,-1.935678839437571241e-10
4.027176046762948047e+00,4.961631626286314156e-01,4.961631628363195601e-01,-2.076881444601497151e-10
4.031199199656817278e+00,5.383004811578885329e-01,5.383004813804714850e-01,-2.225829520696720465e-10
4.035222352550686509e+00,5.834342450271698954e-01,5.834342452654425193e-01,-2.382726238536747587e-10
4.039245505444554851e+00,6.317219441783027412e-01,6.317219444330762768e-01,-2.547735356017710728e-10
4.043268658338424082e+00,6.833243669898880768e-01,6.833243672619908615e-01,-2.721027847485402162e-10
4.047291811232293313e+00,7.384052061064215744e-01,7.384052063966946022e-01,-2.902730278364629157e-10
4.051314964126162543e+00,7.971306168159160155e-01,7.971306171252129369e-01,-3.092969214080198981e-10
4.055338117020031774e+00,8.596687268477312127e-01,8.596687271769121175e-01,-3.291809047567539892e-10
4.059361269913901005e+00,9.261890967232957461e-01,9.261890970732287176e-01,-3.499329714884424902e-10
4.063384422807769347e+00,9.968621300812920971e-01,9.968621304528468841e-01,-3.715547869376223389e-10
4.067407575701638578e+00,1.071858433715689340e+00,1.071858434109735025e+00,-3.940456849704787601e-10
4.071430728595507809e+00,1.151348127408405420e+00,1.151348127825806422e+00,-4.174010026503083282e-10
4.075453881489377039e+00,1.235500104008522060e+00,1.235500104450135028e+00,-4.416129684159386670e-10
4.079477034383246270e+00,1.324481240603500476e+00,1.324481241070168513e+00,-4.666680375464693498e-10
4.083500187277115501e+00,1.418455562044856677e+00,1.418455562537407788e+00,-4.925511110087654743e-10
4.087523340170983843e+00,1.517583358527789361e+00,1.517583359047027347e+00,-5.192379859408902121e-10
4.091546493064853074e+00,1.622020259379460150e+00,1.622020259926166830e+00,-5.467066799269559851e-10
4.095569645958722305e+00,1.731916265680215172e+00,1.731916266255135950e+00,-5.749207776517550883e-10
4.099592798852591535e+00,1.847414744824481980e+00,1.847414745428329397e+00,-6.038474165137586169e-10
4.103615951746460766e+00,1.968651390617108810e+00,1.968651391250550997e+00,-6.334421875919815648e-10
4.107639104640329997e+00,2.095753152995129209e+00,2.095753153658789003e+00,-6.636597937870192254e-10
4.111662257534198339e+00,2.228837141958365020e+00,2.228837142652809522e+00,-6.944445019030354160e-10
4.115685410428067570e+00,2.368009510781214466e+00,2.368009511506953935e+00,-7.257394685211693286e-10
4.119708563321936801e+00,2.513364324056461818e+00,2.513364324813941675e+00,-7.574798566167828540e-10
4.123731716215806031e+00,2.664982416587287073e+00,2.664982417376880353e+00,-7.895932796486704319e-10
4.127754869109675262e+00,2.822930249587026541e+00,2.822930250409032116e+00,-8.220055747187871020e-10
4.131778022003543605e+00,2.987258771065879337e+00,2.987258771920512590e+00,-8.546332530556810525e-10
4.135801174897412835e+00,3.158002287672066810e+00,3.158002288559455195e+00,-8.873883849958019709e-10
4.139824327791282066e+00,3.335177355606324667e+00,3.335177356526502379e+00,-9.201777118050813442e-10
4.143847480685151297e+00,3.518781698540307090e+00,3.518781699493209736e+00,-9.529026456789324584e-10
4.147870633579020527e+00,3.708793160731724825e+00,3.708793161717182763e+00,-9.854579374746208487e-10
4.151893786472889758e+00,3.905168703741240588e+00,3.905168704758976705e+00,-1.017736117603362800e-09
4.155916939366758101e+00,4.107843455310320913e+00,4.107843456359944412e+00,-1.049623499227436696e-09
4.159940092260627331e+00,4.316729819052515182e+00,4.316729820133514473e+00,-1.080999290081763320e-09
4.163963245154496562e+00,4.531716653636856051e+00,4.531716654748597861e+00,-1.111741809722843755e-09
4.167986398048365793e+00,4.752668530101265887e+00,4.752668531242994376e+00,-1.141728489528759383e-09
4.172009550942235023e+00,4.979425075817218271e+00,4.979425076988045262e+00,-1.170826990914974886e-09
4.176032703836104254e+00,5.211800413437138069e+00,5.211800414636043044e+00,-1.198904975296954944e-09
4.180055856729972596e+00,5.449582702887697749e+00,5.449582704113531406e+00,-1.225833656803843041e-09
4.184079009623841827e+00,5.692533794125575142e+00,5.692533795377048733e+00,-1.251473591423746257e-09
4.188102162517711058e+00,5.940388997944705984e+00,5.940388999220397537e+00,-1.275691552393709571e-09
4.192125315411580289e+00,6.192856981620273871e+00,6.192856982918623743e+00,-1.298349872058679466e-09
4.196148468305449519e+00,6.449619795588713345e+00,6.449619796908026892e+00,-1.319313547298861522e-09
4.200171621199318750e+00,6.710333036703604925e+00,6.710333038042054277e+00,-1.338449351351300720e-09
4.204194774093187092e+00,6.974626152872552609e+00,6.974626154228175778e+00,-1.355623169274622342e-09
4.208217926987056323e+00,7.242102893075870185e+00,7.242102894446576400e+00,-1.370706215197969868e-09
4.212241079880925554e+00,7.512341905896271932e+00,7.512341907279842523e+00,-1.383570591428906482e-09
4.216264232774794785e+00,7.784897488759556339e+00,7.784897490153651844e+00,-1.394095505702352966e-09
4.220287385668664015e+00,8.059300489098713882e+00,8.059300490500879377e+00,-1.402165494823748304e-09
4.224310538562533246e+00,8.335059357621789289e+00,8.335059359029454384e+00,-1.407665095598531479e-09
4.228333691456401588e+00,8.611661352790118684e+00,8.611661354200615293e+00,-1.410496608400535479e-09
4.232356844350270819e+00,8.888573894509210760e+00,8.888573895919765988e+00,-1.410555228176235687e-09
4.236379997244140050e+00,9.165246063905513552e+00,9.165246065313267465e+00,-1.407753913440501492e-09
4.240403150138009281e+00,9.441110244923656580e+00,9.441110246325671085e+00,-1.402014504492399283e-09
4.244426303031878511e+00,9.715583902332493693e+00,9.715583903725757864e+00,-1.393264170701513649e-09
4.248449455925747742e+00,9.988071489592337926e+00,9.988071490973778666e+00,-1.381440739578465582e-09
4.252472608819616084e+00,1.025796647891587554e+01,1.025796648028237179e+01,-1.366496249488591275e-09
4.256495761713485315e+00,1.052465350476450290e+01,1.052465350611289097e+01,-1.348388067867745121e-09
4.260518914607354546e+00,1.078751061096843955e+01,1.078751061229552910e+01,-1.327089549363336118e-09
4.264542067501223777e+00,1.104591159065877548e+01,1.104591159196136552e+01,-1.302590035834327864e-09
4.268565220395093007e+00,1.129922840725536481e+01,1.129922840853024724e+01,-1.274882421853362757e-09
4.272588373288962238e+00,1.154683368388404041e+01,1.154683368512801778e+01,-1.243977365561477200e-09
4.276611526182830580e+00,1.178810324780450713e+01,1.178810324901440687e+01,-1.209899735954422795e-09
4.280634679076699811e+00,1.202241871572830334e+01,1.202241871690098485e+01,-1.172681507455308747e-09
4.284657831970569042e+00,1.224917010530038830e+01,1.224917010643276605e+01,-1.132377747126156464e-09
4.288680984864438273e+00,1.246775845752041256e+01,1.246775845860946141e+01,-1.089048851099505555e-09
4.292704137758307503e+00,1.267759845449059952e+01,1.267759845553337072e+01,-1.042771202719450230e-09
4.296727290652175846e+00,1.287812101660895969e+01,1.287812101760259864e+01,-9.936389488984787022e-10
4.300750443546045076e+00,1.306877586317980722e+01,1.306877586412156056e+01,-9.417533419764367864e-10
4.304773596439914307e+00,1.324903402039216616e+01,1.324903402127939067e+01,-8.872245160773672978e-10
4.308796749333783538e+00,1.341839026072637431e+01,1.341839026155656001e+01,-8.301856979642252554e-10
4.312819902227652769e+00,1.357636545808544426e+01,1.357636545885621970e+01,-7.707754434704838786e-10
4.316843055121521999e+00,1.372250884331599963e+01,1.372250884402514259e+01,-7.091429665706527885e-10
4.320866208015390342e+00,1.385640014527877639e+01,1.385640014592422276e+01,-6.454463630234386073e-10
4.324889360909259572e+00,1.397765160324958345e+01,1.397765160382945382e+01,-5.798703739401389612e-10
4.328912513803128803e+00,1.408590983717315837e+01,1.408590983768573679e+01,-5.125784241499786731e-10
4.332935666696998034e+00,1.418085756315108625e+01,1.418085756359485217e+01,-4.437659129052917706e-10
4.336958819590867265e+00,1.426221514251144384e+01,1.426221514288507741e+01,-3.736335685289304820e-10
4.340981972484736495e+00,1.432974195387738092e+01,1.432974195417975594e+01,-3.023750139163894346e-10
4.345005125378604838e+00,1.438323757881350318e+01,1.438323757904371192e+01,-2.302087409589148592e-10
4.349028278272474068e+00,1.442254279287419294e+01,1.442254279303153552e+01,-1.573425834067165852e-10
4.353051431166343299e+00,1.444754035519520130e+01,1.444754035527919100e+01,-8.398970408052264247e-11
4.357074584060212530e+00,1.445815559114880955e+01,1.445815559115918703e+01,-1.037747665577626321e-11
4.361097736954081761e+00,1.445435676400987290e+01,1.445435676394658309e+01,6.328981783099152381e-11
4.365120889847950991e+00,1.443615523304382009e+01,1.443615523290704417e+01,1.367759239201404853e-10
4.369144042741819334e+00,1.440360539691465824e+01,1.440360539670478879e+01,2.098694551477819914e-10
4.373167195635688564e+00,1.435680442280737168e+01,1.435680442252502687e+01,2.823448141953122104e-10
4.377190348529557795e+00,1.429589176315266741e+01,1.429589176279866791e+01,3.539994963830395136e-10
4.381213501423427026e+00,1.422104846331784600e+01,1.422104846289322744e+01,4.246185625333964708e-10
4.385236654317296257e+00,1.413249626507404955e+01,1.413249626458005714e+01,4.939924025393338525e-10
4.389259807211165487e+00,1.403049651205316728e+01,1.403049651149124344e+01,5.619238407916782307e-10
4.393282960105033830e+00,1.391534886475553634e+01,1.391534886412730998e+01,6.282263598222925793e-10
4.397306112998903060e+00,1.378738983395021123e+01,1.378738983325749956e+01,6.927116658062004717e-10
4.401329265892772291e+00,1.364699114251253675e+01,1.364699114175733285e+01,7.552038994163012831e-10
4.405352418786641522e+00,1.349455792685704125e+01,1.349455792604150872e+01,8.155325303960125893e-10
4.409375571680510753e+00,1.333052679014097208e+01,1.333052678926741663e+01,8.735554501981823705e-10
4.413398724574379983e+00,1.315536372032382673e+01,1.315536371939471394e+01,9.291127867072646040e-10
4.417421877468248326e+00,1.296956188696604073e+01,1.296956188598395698e+01,9.820837476581800729e-10
4.421445030362117556e+00,1.277363933132832585e+01,1.277363933029598009e+01,1.032345764429010160e-09
4.425468183255986787e+00,1.256813656488920294e+01,1.256813656380941957e+01,1.079783373825193848e-09
4.429491336149856018e+00,1.235361409182501191e+01,1.235361409070070593e+01,1.124305981647921726e-09
4.433514489043725249e+00,1.213064987129729211e+01,1.213064987013146023e+01,1.165831875482581381e-09
4.437537641937593591e+00,1.189983673556106325e+01,1.189983673435677503e+01,1.204288224698757404e-09
4.441560794831462822e+00,1.166177977994758308e+01,1.166177977870795957e+01,1.239623514948107186e-09
4.445583947725332052e+00,1.141709374068880223e+01,1.141709373941700356e+01,1.271798666380163922e-09
4.449607100619201283e+00,1.116640037633717064e+01,1.116640037503639427e+01,1.300776375501300208e-09
4.453630253513070514e+00,1.091032586820408667e+01,1.091032586687754602e+01,1.326540655099961441e-09
4.457653406406939744e+00,1.064949825479207313e+01,1.064949825344297274e+01,1.349100386960344622e-09
4.461676559300808087e+00,1.038454491464041318e+01,1.038454491327195939e+01,1.368453794725610351e-09
4.465699712194677318e+00,1.011609011134634883e+01,1.011609010996171598e+01,1.384632852818867832e-09
4.469722865088546548e+00,9.844752613774533145e+00,9.844752612376872491e+00,1.397660653879029269e-09
4.473746017982415779e+00,9.571143403630500757e+00,9.571143402222908492e+00,1.407592264968116069e-09
4.477769170876285010e+00,9.295863481665794126e+00,9.295863480251316702e+00,1.414477424077631440e-09
4.481792323770154240e+00,9.019501782806106149e+00,9.019501781387717187e+00,1.418388961837990792e-09
4.485815476664022583e+00,8.742633209464298005e+00,8.742633208044896520e+00,1.419401485236448934e-09
4.489838629557891814e+00,8.465816791225730498e+00,8.465816789808130238e+00,1.417600259401297080e-09
4.493861782451761044e+00,8.189593977987035700e+00,8.189593976573952716e+00,1.413082983958702243e-09
4.497884935345630275e+00,7.914487072497321307e+00,7.914487071091375725e+00,1.405945582177992037e-09
4.501908088239499506e+00,7.640997807110741391e+00,7.640997805714440538e+00,1.396300852718468377e-09
4.505931241133368736e+00,7.369606068414416455e+00,7.369606067030154861e+00,1.384261594239433180e-09
4.509954394027237079e+00,7.100768772261078610e+00,7.100768770891127346e+00,1.369951263541224762e-09
4.513977546921106310e+00,6.834918890618530085e+00,6.834918889265038544e+00,1.353491541067342041e-09
4.518000699814975540e+00,6.572464630559941234e+00,6.572464629224930022e+00,1.335011212688641535e-09
4.522023852708844771e+00,6.313788764663783581e+00,6.313788763349139188e+00,1.314644393346497964e-09
4.526047005602714002e+00,6.059248111085203448e+00,6.059248109792682691e+00,1.292520757090187544e-09
4.530070158496583232e+00,5.809173160601694086e+00,5.809173159332913450e+00,1.268780636110022897e-09
4.534093311390451575e+00,5.563867847036483738e+00,5.563867845792925593e+00,1.243558145347378741e-09
4.538116464284320806e+00,5.323609456626227754e+00,5.323609455409240354e+00,1.216987399743629794e-09
4.542139617178190036e+00,5.088648671132618873e+00,5.088648669943412806e+00,1.189206066953829577e-09
4.546162770072059267e+00,4.859209738799751044e+00,4.859209737639401894e+00,1.160349150097772508e-09
4.550185922965928498e+00,4.635490766640505633e+00,4.635490765509956645e+00,1.130548987759993906e-09
4.554209075859797728e+00,4.417664126991120099e+00,4.417664125891183957e+00,1.099936142168189690e-09
4.558232228753666071e+00,4.205876970809555360e+00,4.205876969740918625e+00,1.068636734657957277e-09
4.562255381647535302e+00,4.000251839808408150e+00,4.000251838771632151e+00,1.036775998386474384e-09
4.566278534541404532e+00,3.800887369208808320e+00,3.800887368204334038e+00,1.004474281529610380e-09
4.570301687435273763e+00,3.607859072673108791e+00,3.607859071701260412e+00,9.718483795495558297e-10
4.574324840329142994e+00,3.421220200825275448e+00,3.421220199886267466e+00,9.390079824811436993e-10
4.578347993223012224e+00,3.241002664690480373e+00,3.241002663784421145e+00,9.060592276455281535e-10
4.582371146116880567e+00,3.067218015380499985e+00,3.067218014507393065e+00,8.731069200962338073e-10
4.586394299010749798e+00,2.899858471413523819e+00,2.899858470573279057e+00,8.402447626565390237e-10
4.590417451904619028e+00,2.738897985183678330e+00,2.738897984376115424e+00,8.075629054360433656e-10
4.594440604798488259e+00,2.584293340279341766e+00,2.584293339504194265e+00,7.751475017414577451e-10
4.598463757692357490e+00,2.435985271590150880e+00,2.435985270847074169e+00,7.430767112737157731e-10
4.602486910586225832e+00,2.293899600430738595e+00,2.293899599719314786e+00,7.114238087524427101e-10
4.606510063480095063e+00,2.157948377242346449e+00,2.157948376562089265e+00,6.802571839159554656e-10
4.610533216373964294e+00,2.028031024805894589e+00,2.028031024156256912e+00,6.496376769860034983e-10
4.614556369267833524e+00,1.904035475304216796e+00,1.904035474684595108e+00,6.196216872922377661e-10
4.618579522161702755e+00,1.785839295005303917e+00,1.785839294415044964e+00,5.902589528261614760e-10
4.622602675055571986e+00,1.673310790793339553e+00,1.673310790231747891e+00,5.615916620627103839e-10
4.626625827949440328e+00,1.566310093247280655e+00,1.566310092713618207e+00,5.336624475660300959e-10
4.630648980843309559e+00,1.464690211451325164e+00,1.464690210944821214e+00,5.065039498930445916e-10
4.634672133737178790e+00,1.368298055214006492e+00,1.368298054733863678e+00,4.801428143963448747e-10
4.638695286631048020e+00,1.276975420866039101e+00,1.276975420411434303e+00,4.546047982501022489e-10
4.642718439524917251e+00,1.190559937300074145e+00,1.190559936870166036e+00,4.299081091119205666e-10
4.646741592418786482e+00,1.108885969401022020e+00,1.108885968994955062e+00,4.060669578365150301e-10
4.650764745312654824e+00,1.031785476491751341e+00,1.031785476108660449e+00,3.830908923418974155e-10
4.654787898206524055e+00,9.590888238813680688e-01,9.590888235203811618e-01,3.609869070331228613e-10
4.658811051100393286e+00,8.906255460495868803e-01,8.906255457098295469e-01,3.397573333785430805e-10
4.662834203994262516e+00,8.262250604267828979e-01,8.262250601073830580e-01,3.193998399098063601e-10
4.666857356888131747e+00,7.657173311349267930e-01,7.657173308350153640e-01,2.999114290247462122e-10
4.670880509782000978e+00,7.089334824356083864e-01,7.089334821543255005e-01,2.812828858722582481e-10
4.674903662675869320e+00,6.557063619876198901e-01,6.557063617241141174e-01,2.635057727573553166e-10
4.678926815569738551e+00,6.058710543460530396e-01,6.058710540994870497e-01,2.465659898476246781e-10
4.682949968463607782e+00,5.592653454372823463e-01,5.592653452068330200e-01,2.304493262883511306e-10
4.686973121357477012e+00,5.157301390179190870e-01,5.157301388027806244e-01,2.151384626003505218e-10
4.690996274251346243e+00,4.751098263720892056e-01,4.751098261714742366e-01,2.006149690814140740e-10
4.695019427145215474e+00,4.372526107186884836e-01,4.372526105318307321e-01,1.868577514940739093e-10
4.699042580039083816e+00,4.020107879899291747e-01,4.020107878160831261e-01,1.738460486677695371e-10
4.703065732932953047e+00,3.692409858045376803e-01,3.692409856429811343e-01,1.615565459189838293e-10
4.707088885826822278e+00,3.388043625945183490e-01,3.388043624445520874e-01,1.499662616311070451e-10
4.711112038720691508e+00,3.105667689537746079e-01,3.105667688147248917e-01,1.390497161857240371e-10
4.715135191614560739e+00,2.843988733621549136e-01,2.843988732333718739e-01,1.287830397878053645e-10
4.719158344508429970e+00,2.601762544999564053e-01,2.601762543808162631e-01,1.191401421962723362e-10
4.723181497402298312e+00,2.377794624076330077e-01,2.377794622975369365e-01,1.100960711486465016e-10
4.727204650296167543e+00,2.170940507645421347e-01,2.170940506629175926e-01,1.016245421148198602e-10
4.731227803190036774e+00,1.980105825608645398e-01,1.980105824671640757e-01,9.370046405443588355e-11
4.735250956083906004e+00,1.804246114194859030e-01,1.804246113331879897e-01,8.629791325986957418e-11
4.739274108977775235e+00,1.642366407919276794e-01,1.642366407125354644e-01,7.939221502439863798e-11
4.743297261871644466e+00,1.493520632053452202e-01,1.493520631323871639e-01,7.295805626306162139e-11
4.747320414765512808e+00,1.356810816782472728e-01,1.356810816112759832e-01,6.697128962507292727e-11
4.751343567659382039e+00,1.231386153523198329e-01,1.231386152909120235e-01,6.140780939301038188e-11
4.755366720553251270e+00,1.116441913082891757e-01,1.116441912520445001e-01,5.624467558362766795e-11
4.759389873447120500e+00,1.011218244463825133e-01,1.011218243949235235e-01,5.145898984704189161e-11
4.763413026340989731e+00,9.149988721848378859e-02,9.149988717145496331e-02,4.702882527851670602e-11
4.767436179234858074e+00,8.271097090052018097e-02,8.271097085758721823e-02,4.293296274049396288e-11
4.771459332128727304e+00,7.469173999150351129e-02,7.469173995235241226e-02,3.915109902941082964e-11
4.775482485022596535e+00,6.738278122114943480e-02,6.738278118548605977e-02,3.566337503091432382e-11
4.779505637916465766e+00,6.072844854209999421e-02,6.072844850964912583e-02,3.245086838132849039e-11
4.783528790810334996e+00,5.467670537674103326e-02,5.467670534724531489e-02,2.949571836774467215e-11
4.787551943704204227e+00,4.917896528312694360e-02,4.917896525634640748e-02,2.678053612203967759e-11
4.791575096598072570e+00,4.418993210059661558e-02,4.418993207630767667e-02,2.428893891570638175e-11
4.795598249491941800e+00,3.966744053394409553e-02,3.966744051193878823e-02,2.200530729856708945e-11
4.799621402385811031e+00,3.557229803619619407e-02,3.557229801628136040e-02,1.991483367103086266e-11
4.803644555279680262e+00,3.186812875460945382e-02,3.186812873660599399e-02,1.800345983404838535e-11
4.807667708173549492e+00,2.852122021302735955e-02,2.852122019676930562e-02,1.625805393090651307e-11
4.811690861067418723e+00,2.550037331648383893e-02,2.550037330181784134e-02,1.466599758304099055e-11
4.815714013961287066e+00,2.277675618129188992e-02,2.277675616807624259e-02,1.321564732648106144e-11
4.819737166855156296e+00,2.032376221600059457e-02,2.032376220410466588e-02,1.189592868655608981e-11
4.823760319749025527e+00,1.811687280572914227e-02,1.811687279503262915e-02,1.069651311969010976e-11
4.827783472642894758e+00,1.613352488453633979e-02,1.613352487492862239e-02,9.607717399440218742e-12
4.831806625536763988e+00,1.435298361777188197e-02,1.435298360915135060e-02,8.620531372072193221e-12
4.835829778430633219e+00,1.275622035868977100e-02,1.275622035096327447e-02,7.726496525917170288e-12
4.839852931324501562e+00,1.132579599097648798e-02,1.132579598405868138e-02,6.917806605333254311e-12
4.843876084218370792e+00,1.004574972112901553e-02,1.004574971494187445e-02,6.187141077251823162e-12
4.847899237112240023e+00,8.901493341692254258e-03,8.901493336164485043e-03,5.527769214586086832e-12
4.851922390006109254e+00,7.879710948036947396e-03,7.879710943103551690e-03,4.933395705841725487e-12
4.855945542899978484e+00,6.968264057477579175e-03,6.968264053079313569e-03,4.398265605887186069e-12
4.859968695793847715e+00,6.156102049842349100e-03,6.156102045925341756e-03,3.917007343479106396e-12
4.863991848687716057e+00,5.433177822915193425e-03,5.433177819430475702e-03,3.484717722712638022e-12
4.868015001581585288e+00,4.790368534220433225e-03,4.790368531123587528e-03,3.096845696548555793e-12
4.872038154475454519e+00,4.219401282176973855e-03,4.219401279427745927e-03,2.749227928644515373e-12
4.876061307369323750e+00,3.712783564446340678e-03,3.712783562008287880e-03,2.438052797842926722e-12
4.880084460263192980e+00,3.263738339105344034e-03,3.263738336945534377e-03,2.159809657509281777e-12
4.884107613157062211e+00,2.866143504819776075e-03,2.866143502908470760e-03,1.911305315405176231e-12
4.888130766050930553e+00,2.514475609246454892e-03,2.514475607556847670e-03,1.689607221494471290e-12
4.892153918944799784e+00,2.203757590201087854e-03,2.203757588709035278e-03,1.492052575241542556e-12
4.896177071838669015e+00,1.929510351469372002e-03,1.929510350153169646e-03,1.316202355439166638e-12
4.900200224732538246e+00,1.687707974278995250e-03,1.687707973119134414e-03,1.159860835847625893e-12
4.904223377626407476e+00,1.474736366186651460e-03,1.474736365165635939e-03,1.021015520394352727e-12
4.908246530520276707e+00,1.287355151255539353e-03,1.287355150357696355e-03,8.978429978656610189e-13
4.912269683414145049e+00,1.122662608721382294e-03,1.122662607932679857e-03,7.887024366937112063e-13
4.916292836308014280e+00,9.780634716884725050e-04,9.780634709963707471e-04,6.921017578487287381e-13
4.920315989201883511e+00,8.512394025984636268e-04,8.512394019917670761e-04,6.066965506368315886e-13
4.924339142095752742e+00,7.401219681186848795e-04,7.401219675874133467e-04,5.312715328428807560e-13
4.928362294989621972e+00,6.428679425689193825e-04,6.428679421041825180e-04,4.647368644430938112e-13
4.932385447883490315e+00,5.578367759145058538e-04,5.578367755083953787e-04,4.061104751096333842e-13
4.936408600777359545e+00,4.835700695877407414e-04,4.835700692332333024e-04,3.545074390293168065e-13
4.940431753671228776e+00,4.187729108555703116e-04,4.187729105464318004e-04,3.091385112306832550e-13
4.944454906565098007e+00,3.622969240367897000e-04,3.622969237674957270e-04,2.692939729716237185e-13
4.948478059458967238e+00,3.131249045083398831e-04,3.131249042739997750e-04,2.343401080823204197e-13
4.952501212352836468e+00,2.703569090548692201e-04,2.703569088511581487e-04,2.037110714489531738e-13
4.956524365246704811e+00,2.331976836494442759e-04,2.331976834725443587e-04,1.768999172407220710e-13
4.960547518140574041e+00,2.009453171533844007e-04,2.009453169999266420e-04,1.534577586531638005e-13
4.964570671034443272e+00,1.729810166464406036e-04,1.729810165134570000e-04,1.329836035127845983e-13
4.968593823928312503e+00,1.487599071081807146e-04,1.487599069930591251e-04,1.151215895615204099e-13
4.972616976822181734e+00,1.278027649391745232e-04,1.278027648396202879e-04,9.955423529821316730e-14
4.976640129716050964e+00,1.096886013125126787e-04,1.096886012265098321e-04,8.600284655442547166e-14
4.980663282609919307e+00,9.404801756561945538e-05,9.404801749140054474e-05,7.421891063969648927e-14
4.984686435503788537e+00,8.055726076665247425e-05,8.055726070266917751e-05,6.398329674243974363e-14
4.988709588397657768e+00,6.893291321130644387e-05,6.893291315620480935e-05,5.510163451818289593e-14
4.992732741291526999e+00,5.892715492033913046e-05,5.892715487293537203e-05,4.740375843595434624e-14
4.996755894185396230e+00,5.032354321546808986e-05,5.032354317472896284e-05,4.073912702410448228e-14
5.000779047079265460e+00,4.293325815336698672e-05,4.293325811839187147e-05,3.497511525188401471e-14
5.004802199973133803e+00,3.659176699944086402e-05,3.659176696944528605e-05,2.999557796156543388e-14
5.008825352867003033e+00,3.115586503164801920e-05,3.115586500594969010e-05,2.569832909839198098e-14
5.012848505760872264e+00,2.650105378854370359e-05,2.650105376654975450e-05,2.199394908818791405e-14
5.016871658654741495e+00,2.251922142479736728e-05,2.251922140599329683e-05,1.880407044267326522e-14
5.020894811548610726e+00,1.911659312289459416e-05,1.911659310683432432e-05,1.606026984036883209e-14
5.024917964442479956e+00,1.621192254322924935e-05,1.621192252952665845e-05,1.370259090113616629e-14
5.028941117336348299e+00,1.373489808884115988e-05,1.373489807716220861e-05,1.167895126311449538e-14
5.032964270230217529e+00,1.162474032834140724e-05,1.162474031839750302e-05,9.943904220551837148e-15
5.036987423124086760e+00,9.828969274041926828e-06,9.828969265584050434e-06,8.457876394152470667e-15
5.041010576017955991e+00,8.302322364848610471e-06,8.302322357662128837e-06,7.186481634389660367e-15
5.045033728911825222e+00,7.005805967965696393e-06,7.005805961865767447e-06,6.099928945475525249e-15
5.049056881805694452e+00,5.905865002404030016e-06,5.905864997231725814e-06,5.172304201421767250e-15
5.053080034699562795e+00,4.973656912991906813e-06,4.973656908610667857e-06,4.381238956157294806e-15
5.057103187593432025e+00,4.184417697892531581e-06,4.184417694185208131e-06,3.707323449695775625e-15
5.061126340487301256e+00,3.516909026959632503e-06,3.516909023825788898e-06,3.133843604405514224e-15
5.065149493381170487e+00,2.952936693501380975e-06,2.952936690855032361e-06,2.646348614689878614e-15
5.069172646275039718e+00,2.476931728579963307e-06,2.476931726347565623e-06,2.232397684136071259e-15
5.073195799168908060e+00,2.075586484649520716e-06,2.075586482768277481e-06,1.881243235192855967e-15
5.077218952062777291e+00,1.737538873412835568e-06,1.737538871829131714e-06,1.583703854228469751e-15
5.081242104956646521e+00,1.453098729948988030e-06,1.453098728617136506e-06,1.331851524614849173e-15
5.085265257850515752e+00,1.214010979561588198e-06,1.214010978442685627e-06,1.118902571235671356e-15
5.089288410744384983e+00,1.013250913009600934e-06,1.013250912070569197e-06,9.390317367544316618e-16
5.093311563638254214e+00,8.448474368395412201e-07,8.448474360522717413e-07,7.872694788695891108e-16
5.097334716532122556e+00,7.037306649608750115e-07,7.037306643015188367e-07,6.593561747685202333e-16
5.101357869425991787e+00,5.856006614039479132e-07,5.856006608522875307e-07,5.516603824481090303e-16
5.105381022319861017e+00,4.868145379033192891e-07,4.868145374422405041e-07,4.610787849478525588e-16
5.109404175213730248e+00,4.042894586288148352e-07,4.042894582438377254e-07,3.849771098017899448e-16
5.113427328107599479e+00,3.354194126855765095e-07,3.354194123644703955e-07,3.211061139580465972e-16
5.117450481001468710e+00,2.780038871518937526e-07,2.780038868843357910e-07,2.675579615820506112e-16
5.121473633895337052e+00,2.301868132737595183e-07,2.301868130510495161e-07,2.227100022446587644e-16
5.125496786789206283e+00,1.904043694828916608e-07,1.904043692977011418e-07,1.851905190273519207e-16
5.129519939683075513e+00,1.573404103163191169e-07,1.573404101624858105e-07,1.538333063804385187e-16
5.133543092576944744e+00,1.298884529493057467e-07,1.298884528216504436e-07,1.276553031592911379e-16
5.137566245470813975e+00,1.071192954876531790e-07,1.071192953818294618e-07,1.058237171580811908e-16
5.141589398364683206e+00,8.825346571657492675e-08,8.825346562893936278e-08,8.763556397014681150e-17
5.145612551258551548e+00,7.263780775155508211e-08,7.263780767905559987e-08,7.249948224940648989e-17
5.149635704152420779e+00,5.972560884338968223e-08,5.972560878347332440e-08,5.991635783169062951e-17
5.153658857046290009e+00,4.905975111867949415e-08,4.905975106921312075e-08,4.946637339507141732e-17
5.157682009940159240e+00,4.025844477142788967e-08,4.025844473063071982e-08,4.079716985093596480e-17
5.161705162834028471e+00,3.300316148151677956e-08,3.300316144790372627e-08,3.361305329135371605e-17
5.165728315727897701e+00,2.702844079355131032e-08,2.702844076588565916e-08,2.766565115687704877e-17
5.169751468621766044e+00,2.211328888431518518e-08,2.211328886156790694e-08,2.274727824802859897e-17
5.173774621515635275e+00,1.807392949808093695e-08,1.807392947939670370e-08,1.868423325361713127e-17
5.177797774409504505e+00,1.475770164820007208e-08,1.475770163286884522e-08,1.533122686213138168e-17
5.181820927303373736e+00,1.203792868625808531e-08,1.203792867369098503e-08,1.256710027488948313e-17
5.185844080197242967e+00,9.809609156366688550e-09,9.809609146075840429e-09,1.029084812165381052e-17
5.189867233091112197e+00,7.985802034717649691e-09,7.985802026299424325e-09,8.418225365758288177e-18
5.193890385984980540e+00,6.494597988226841401e-09,6.494597981347466451e-09,6.879374950111587824e-18
5.197913538878849771e+00,5.276584595199566306e-09,5.276584589583470686e-09,5.616095619633865876e-18
5.201936691772719001e+00,4.282727426168773699e-09,4.282727421588649832e-09,4.580123867124490827e-18
5.205959844666588232e+00,3.472600807685872769e-09,3.472600803954444482e-09,3.731428286838958902e-18
5.209982997560457463e+00,2.812912267448243700e-09,2.812912264411335694e-09,3.036908005795041870e-18
5.214006150454326693e+00,2.276273330413858505e-09,2.276273327944726030e-09,2.469132474109562503e-18
5.218029303348195036e+00,1.840176714897573219e-09,1.840176712892104843e-09,2.005468375861844859e-18
5.222052456242064267e+00,1.486146249077670172e-09,1.486146247450459703e-09,1.627210469065074184e-18
5.226075609135933497e+00,1.199031151060463639e-09,1.199031149741513812e-09,1.318949826473459540e-18
5.230098762029802728e+00,9.664208271364475793e-10,9.664208260684463595e-10,1.068001219803193972e-18
5.234121914923671959e+00,7.781601616816492088e-10,7.781601608177288524e-10,8.639203564474532447e-19
5.238145067817540301e+00,6.259485003741691861e-10,6.259484996760480845e-10,6.981211016479369306e-19
5.242168220711409532e+00,5.030082537594711195e-10,5.030082531959028352e-10,5.635682842948815295e-19
5.246191373605278763e+00,4.038113460173999648e-10,4.038113455629128150e-10,4.544871497369012170e-19
5.250214526499147993e+00,3.238536685972697899e-10,3.238536682311234617e-10,3.661463282677692439e-19
5.254237679393017224e+00,2.594693254250110094e-10,2.594693251303350506e-10,2.946759587892328393e-19
5.258260832286886455e+00,2.076778228296449355e-10,2.076778225927300683e-10,2.369148671928440389e-19
5.262283985180754797e+00,1.660585034434498864e-10,1.660585032531674038e-10,1.902824826119846769e-19
5.266307138074624028e+00,1.326474833917076599e-10,1.326474832390338744e-10,1.526737854840721515e-19
5.270330290968493259e+00,1.058531552736587280e-10,1.058531551512852275e-10,1.223735004867041196e-19
5.274353443862362489e+00,8.438699052072315875e-11,8.438699042273604132e-11,9.798711742938981675e-20
5.278376596756231720e+00,6.720693471510016690e-11,6.720693463671945303e-11,7.838071386398682459e-20
5.282399749650100951e+00,5.347115615619933815e-11,5.347115609356557113e-11,6.263376701569433473e-20
5.286422902543969293e+00,4.250029642470323696e-11,4.250029637470376199e-11,4.999947496304474573e-20
5.290446055437838524e+00,3.374669462350533685e-11,3.374669458363207769e-11,3.987325915114129235e-20
5.294469208331707755e+00,2.676932508926568668e-11,2.676932505750008354e-11,3.176560314076304260e-20
5.298492361225576985e+00,2.121341069318078581e-11,2.121341066789995233e-11,2.528083348694835194e-20
5.302515514119446216e+00,1.679385797479709451e-11,1.679385795469764283e-11,2.009945167809861343e-20
5.306538667013315447e+00,1.328181265151584992e-11,1.328181263555207997e-11,1.596376995077081835e-20
5.310561819907183789e+00,1.049375986376075839e-11,1.049375985109454556e-11,1.266621282324103963e-20
5.314584972801053020e+00,8.282697327343171554e-12,8.282697317303564137e-12,1.003960741682973716e-20
5.318608125694922251e+00,6.530995113435023018e-12,6.530995105485389201e-12,7.949633817225077503e-21
5.322631278588791481e+00,5.144626188646213715e-12,5.144626182357898649e-12,6.288315066126913533e-21
5.326654431482660712e+00,4.048509730106549353e-12,4.048509725137400764e-12,4.969148589418798990e-21
5.330677584376529943e+00,3.182756754421604100e-12,3.182756750498864835e-12,3.922739265145076700e-21
5.334700737270398285e+00,2.499646570950915155e-12,2.499646567857368716e-12,3.093546438816785751e-21
5.338723890164267516e+00,1.961194489136284231e-12,1.961194486699137112e-12,2.437147118806847385e-21
5.342747043058136747e+00,1.537197320973821985e-12,1.537197319055742010e-12,1.918079975319885271e-21
5.346770195952005977e+00,1.203664554025958869e-12,1.203664552517922784e-12,1.508036084750657497e-21
5.350793348845875208e+00,9.415604804779540790e-13,9.415604792935033355e-13,1.184450743548477408e-21
5.354816501739744439e+00,7.357967582866693222e-13,7.357967573573166568e-13,9.293526653069027044e-22
5.358839654633612781e+00,5.744264328931519450e-13,5.744264321646926931e-13,7.284592519687555711e-22
5.362862807527482012e+00,4.479998414029118878e-13,4.479998408325000221e-13,5.704118657537141869e-22
5.366885960421351243e+00,3.490504499001255336e-13,3.490504494539214203e-13,4.462041132613064691e-22
5.370909113315220473e+00,2.716848627456589997e-13,2.716848623969721297e-13,3.486868699627637177e-22
5.374932266209089704e+00,2.112562563505446872e-13,2.112562560783380713e-13,2.722066158749693701e-22
5.378955419102958935e+00,1.641045471000676728e-13,1.641045468877804321e-13,2.122872406257290535e-22
5.382978571996827277e+00,1.273498823880859320e-13,1.273498822226979237e-13,1.653880083062742950e-22
5.387001724890696508e+00,9.872869110595567100e-14,9.872869097723511664e-14,1.287205543630257304e-22
5.391024877784565739e+00,7.646366464535385980e-14,7.646366454527302050e-14,1.000808392921193032e-22
5.395048030678434969e+00,5.916075876098060415e-14,5.916075868324636414e-14,7.773424000450815148e-23
5.399071183572304200e+00,4.572768970729415562e-14,4.572768964697788867e-14,6.031626694787511203e-23
5.403094336466172543e+00,3.530950935042662687e-14,3.530950930367270273e-14,4.675392414071304812e-23
5.407117489360041773e+00,2.723773581835933960e-14,2.723773578215499118e-14,3.620434841567313835e-23
5.411140642253911004e+00,2.099023117394064903e-14,2.099023114593375502e-14,2.800689400818175240e-23
5.415163795147780235e+00,1.615959000814900450e-14,1.615958998650562422e-14,2.164338027770455382e-23
5.419186948041649465e+00,1.242826062566649952e-14,1.242826060895764773e-14,1.670885178943357796e-23
5.423210100935518696e+00,9.548986161937523323e-15,9.548986149051235890e-15,1.288628743366584636e-23
5.427233253829387039e+00,7.329444722452692578e-15,7.329444712524530987e-15,9.928161591004730816e-24
5.431256406723256269e+00,5.620200140922466400e-15,5.620200133281101344e-15,7.641365056156653755e-24
5.435279559617125500e+00,4.305260028734067637e-15,4.305260022858753099e-15,5.875314537506691891e-24
5.439302712510994731e+00,3.294684938033484170e-15,3.294684933520621557e-15,4.512862612907714529e-24
5.443325865404863961e+00,2.518809321073070652e-15,2.518809317610230025e-15,3.462840627543329334e-24
5.447349018298733192e+00,1.923727666502679671e-15,1.923727663848263699e-15,2.654415971872836436e-24
5.451372171192601535e+00,1.467772639905990364e-15,1.467772637873321623e-15,2.032668741320427908e-24
5.455395324086470765e+00,1.118770182009798876e-15,1.118770180454828208e-15,1.554970667504997020e-24
5.459418476980339996e+00,8.519024663581175759e-16,8.519024651697877635e-16,1.188329812433164311e-24
5.463441629874209227e+00,6.480458983360136835e-16,6.480458974288006669e-16,9.072130165780281382e-25
5.467464782768078457e+00,4.924799506911185508e-16,4.924799499992222587e-16,6.918962921187343921e-25
5.471487935661947688e+00,3.738851713977984439e-16,3.738851708706553081e-16,5.271431357975852633e-25
5.475511088555816031e+00,2.835664362647793994e-16,2.835664358635659756e-16,4.012134238002421964e-25
5.479534241449685261e+00,2.148514590369717847e-16,2.148514587319187796e-16,3.050530050870310283e-25
5.483557394343554492e+00,1.626255158726323234e-16,1.626255156409283941e-16,2.317039292586761296e-25
5.487580547237423723e+00,1.229719231572714647e-16,1.229719229814604506e-16,1.758110140600846617e-25
5.491603700131292953e+00,9.289452977000981151e-17,9.289452963674512291e-17,1.332646886055077636e-25
5.495626853025162184e+00,7.010374423384719440e-17,7.010374413293637857e-17,1.009108158249356604e-25
5.499650005919030527e+00,5.285172731417997596e-17,5.285172723784739121e-17,7.633258474975569756e-26
5.503673158812899757e+00,3.980558903098018037e-17,3.980558897329852307e-17,5.768165730118011215e-26
5.507696311706768988e+00,2.994993071053675367e-17,2.994993066699391200e-17,4.354284166714569717e-26
5.511719464600638219e+00,2.251202109082771807e-17,2.251202105799234739e-17,3.283537067410846727e-26
5.515742617494507449e+00,1.690441125557772294e-17,1.690441123084246541e-17,2.473525753614969849e-26
5.519765770388376680e+00,1.268097103412389106e-17,1.268097101551000156e-17,1.861388950462908560e-26
5.523788923282245023e+00,9.503243759365500184e-18,9.503243745372731669e-18,1.399276851449164211e-26
5.527812076176114253e+00,7.114725119014706466e-18,7.114725108506945163e-18,1.050776130226800660e-26
5.531835229069983484e+00,5.321220798168030342e-18,5.321220790285626636e-18,7.882403705929302380e-27
5.535858381963852715e+00,3.975862276276989209e-18,3.975862270370329240e-18,5.906659968716479549e-27
5.539881534857721945e+00,2.967688283375981488e-18,2.967688278954574041e-18,4.421407447508331416e-27
5.543904687751591176e+00,2.212952693038185252e-18,2.212952689732129673e-18,3.306055579581006717e-27
5.547927840645459518e+00,1.648514895854133132e-18,1.648514893384775476e-18,2.469357656029326993e-27
5.551950993539328749e+00,1.226819073471548853e-18,1.226819071629157854e-18,1.842390999712489549e-27
5.555974146433197980e+00,9.120844695566670595e-19,9.120844681835897501e-19,1.373077309376296897e-27
5.559997299327067211e+00,6.774176380097573248e-19,6.774176369875918662e-19,1.022165458678656634e-27
5.564020452220936441e+00,5.026258695669855320e-19,5.026258688069231535e-19,7.600623784660922483e-28
5.568043605114804784e+00,3.725633007057343895e-19,3.725633001412200561e-19,5.645143334171981077e-28
5.572066758008674014e+00,2.758812629744923915e-19,2.758812625557082658e-19,4.187841256467741582e-28
5.576089910902543245e+00,2.040850707485275952e-19,2.040850704382259996e-19,3.103015955937937887e-28
5.580113063796412476e+00,1.508228576060601500e-19,1.508228573764204005e-19,2.296397495147189670e-28
5.584136216690281707e+00,1.113499410772887911e-19,1.113499409075562480e-19,1.697325430365873635e-28
5.588159369584150937e+00,8.212581944922778484e-20,8.212581932393451045e-20,1.252932743879317108e-28
5.592182522478019280e+00,6.051127979785471190e-20,6.051127970548761732e-20,9.236709457620142986e-29
5.596205675371888510e+00,4.454098924520849754e-20,4.454098917720785334e-20,6.800064419845838035e-29
5.600228828265757741e+00,3.275293900207880763e-20,3.275293895208685424e-20,4.999195338250494963e-29
5.604251981159626972e+00,2.406066310845228596e-20,2.406066307175361262e-20,3.669867333120276991e-29
5.608275134053496203e+00,1.765760534796043119e-20,1.765760532106114520e-20,2.689928598658977496e-29
5.612298286947365433e+00,1.294562187245701811e-20,1.294562185277181280e-20,1.968520530937867427e-29
5.616321439841233776e+00,9.481584657692848022e-21,9.481584643311136186e-21,1.438171183620878080e-29
5.620344592735103006e+00,6.937545339026064181e-21,6.937545328537493338e-21,1.048857084278258393e-29
5.624367745628972237e+00,5.071047044883131341e-21,5.071047037248137923e-21,7.634993418873315617e-30
5.628390898522841468e+00,3.703022429733902736e-21,3.703022424187235781e-21,5.546666955089471363e-30
5.632414051416710699e+00,2.701356757710537614e-21,2.701356753689604021e-21,4.020933592241942963e-30
5.636437204310579929e+00,1.968676886122337698e-21,1.968676883214163546e-21,2.908174152408916084e-30
5.640460357204448272e+00,1.433289234907394709e-21,1.433289232809287944e-21,2.098106764861781817e-30
5.644483510098317502e+00,1.042461761303629267e-21,1.042461759794086881e-21,1.509542385777946409e-30
5.648506662992186733e+00,7.574488767550134270e-22,7.574488756721880918e-22,1.082825335130015229e-30
5.652529815886055964e+00,5.498109894571296832e-22,5.498109886829828640e-22,7.741468192538029367e-31
5.656552968779925195e+00,3.986946465634582452e-22,3.986946460120536405e-22,5.514046046458672227e-31
5.660576121673794425e+00,2.888246729387208548e-22,2.888246725476153585e-22,3.911054963095440132e-31
5.664599274567662768e+00,2.090234800470878983e-22,2.090234797710046183e-22,2.760832800420351147e-31
5.668622427461531998e+00,1.511202821500755862e-22,1.511202819562572800e-22,1.938183062401337214e-31
5.672645580355401229e+00,1.091483903340594062e-22,1.091483901988644138e-22,1.351949923714052566e-31
5.676668733249270460e+00,7.875512275413930283e-23,7.875512266054792374e-23,9.359137908958849530e-32
5.680691886143139691e+00,5.676846981733496185e-23,5.676846975313254020e-23,6.420242164671418929e-32
5.684715039037008921e+00,4.087920688018973639e-23,4.087920683663650108e-23,4.355323531484482035e-32
5.688738191930877264e+00,2.940794193790106990e-23,2.940794190876580177e-23,2.913526812955159403e-32
5.692761344824746494e+00,2.113458386729786288e-23,2.113458384815645376e-23,1.914140911542839132e-32
5.696784497718615725e+00,1.517363622087688133e-23,1.517363620860169047e-23,1.227519085927392603e-32
5.700807650612484956e+00,1.088309781441145005e-23,1.088309780680345225e-23,7.607997803193546013e-33
5.704830803506354187e+00,7.797983196233193398e-24,7.797983191755263748e-24,4.477929649390360561e-33
5.708853956400222529e+00,5.581860201831102945e-24,5.581860199416442122e-24,2.414660822524802747e-33
5.712877109294091760e+00,3.991558637091835437e-24,3.991558636006530891e-24,1.085304546755447499e-33
5.716900262187960990e+00,2.851497332409041667e-24,2.851497332153168138e-24,2.558735287633336415e-34
5.720923415081830221e+00,2.035027693114891232e-24,2.035027693352403906e-24,-2.375126743454741426e-34
5.724946567975699452e+00,1.450890293880806248e-24,1.450890294389445225e-24,-5.086389769946962285e-34
5.728969720869568683e+00,1.033393498884645565e-24,1.033393499520608580e-24,-6.359630149459969318e-34
5.732992873763437025e+00,7.352986567370251192e-25,7.352986574100018799e-25,-6.729767606594983417e-34
5.737016026657306256e+00,5.226713775633786248e-25,5.226713782191173118e-25,-6.557386870176664434e-34
5.741039179551175486e+00,3.711594831268331494e-25,3.711594837350089472e-25,-6.081757978604965830e-34
5.745062332445044717e+00,2.633051189627396574e-25,2.633051195085766480e-25,-5.458369906312386477e-34
5.749085485338913948e+00,1.866057154434444528e-25,1.866057159219817056e-25,-4.785372528584000666e-34
5.753108638232783179e+00,1.321166272498593144e-25,1.321166276620881478e-25,-4.122288333488389217e-34
5.757131791126651521e+00,9.344518172825961832e-26,9.344518207855280227e-26,-3.502931839477145678e-34
5.761154944020520752e+00,6.602725547851630973e-26,6.602725577294740777e-26,-2.944310980438730021e-34
5.765178096914389982e+00,4.660757166204333330e-26,4.660757190731973457e-26,-2.452764012729226406e-34
5.769201249808259213e+00,3.286673811440128092e-26,3.286673831721294877e-26,-2.028116678494675044e-34
5.773224402702128444e+00,2.315387212899464059e-26,2.315387229563848818e-26,-1.666438475896699010e-34
5.777247555595997675e+00,1.629511968166580944e-26,1.629511981785184936e-26,-1.361860399265988930e-34
5.781270708489866017e+00,1.145666927932406441e-26,1.145666939009587486e-26,-1.107718104488618405e-34
5.785293861383735248e+00,8.046853528610857199e-27,8.046853618338689978e-27,-8.972783277806537160e-35
5.789317014277604478e+00,5.646257934539503404e-27,5.646258006954657679e-27,-7.241515427504212513e-35
5.793340167171473709e+00,3.957876416589766517e-27,3.957876474840695283e-27,-5.825092876652357638e-35
5.797363320065342940e+00,2.771600574912327044e-27,2.771600621630635635e-27,-4.671830859125939888e-35
5.801386472959212171e+00,1.938947071120566678e-27,1.938947108488453741e-27,-3.736788706302547722e-35
5.805409625853080513e+00,1.355090070828377250e-27,1.355090100643435092e-27,-2.981505784137695793e-35
5.809432778746949744e+00,9.461004957362869728e-28,9.461005194709542804e-28,-2.373466730765908087e-35
5.813455931640818974e+00,6.598926252811174647e-28,6.598926441354922516e-28,-1.885437478688847501e-35
5.817479084534688205e+00,4.598076341670085849e-28,4.598076491150374078e-28,-1.494802882290966167e-35
5.821502237428557436e+00,3.200707430887865820e-28,3.200707549178904820e-28,-1.182910389996211479e-35
5.825525390322426667e+00,2.225782259412691866e-28,2.225782352858827923e-28,-9.344613605725191595e-36
5.829548543216295009e+00,1.546273356928254052e-28,1.546273430625737493e-28,-7.369748344141833326e-36
5.833571696110164240e+00,1.073140948903731633e-28,1.073141006934711696e-28,-5.803098006273213593e-36
5.837594849004033470e+00,7.440363592975391830e-29,7.440364049236300801e-29,-4.562609089704508718e-36
5.841618001897902701e+00,5.153454534322758498e-29,5.153454892533821801e-29,-3.582110633023306794e-36
5.845641154791771932e+00,3.565903914336557425e-29,3.565904195177420331e-29,-2.808408629059024030e-36
5.849664307685641162e+00,2.464947774828909628e-29,2.464947994714696520e-29,-2.198857868916907354e-36
5.853687460579509505e+00,1.702208307541729502e-29,1.702208479477933746e-29,-1.719362042440913176e-36
5.857710613473378736e+00,1.174314942532842690e-29,1.174315076805125055e-29,-1.342722823651335465e-36
5.861733766367247966e+00,8.093257647313731157e-30,8.093258694606312283e-30,-1.047292581125892936e-36
5.865756919261117197e+00,5.572230118836431153e-30,5.572230934712623457e-30,-8.158761923042746391e-37
5.869780072154986428e+00,3.832671685700628586e-30,3.832672320542796229e-30,-6.348421676423540497e-37
5.873803225048854770e+00,2.633547107095999702e-30,2.633547600499151166e-30,-4.934031514634091767e-37
5.877826377942724001e+00,1.807787844155653613e-30,1.807788227192873988e-30,-3.830372203744934061e-37
5.881849530836593232e+00,1.239711786756515010e-30,1.239712083779643453e-30,-2.970231284425952237e-37
5.885872683730462462e+00,8.492995554448015789e-31,8.492997855128235334e-31,-2.300680219545110370e-37
5.889895836624331693e+00,5.812566854212914183e-31,5.812568634313980722e-31,-1.780101066538154936e-37
5.893918989518200924e+00,3.974128661491877965e-31,3.974130037308518823e-31,-1.375816640857267995e-37
5.897942142412069266e+00,2.714455855314251801e-31,2.714456917519401263e-31,-1.062205149461979847e-37
5.901965295305938497e+00,1.852211349724978638e-31,1.852212168929150223e-31,-8.192041715851481794e-38
5.905988448199807728e+00,1.262598290093854518e-31,1.262598921218801490e-31,-6.311249469720292303e-38
5.910011601093676958e+00,8.598184311545702443e-32,8.598189168690727175e-32,-4.857145024732364728e-38
5.914034753987546189e+00,5.849452274866245102e-32,5.849456009019147432e-32,-3.734152902330521240e-38
5.918057906881415420e+00,3.975488956061849627e-32,3.975491823875054445e-32,-2.867813204817527168e-38
5.922081059775283762e+00,2.699185912284285662e-32,2.699188112470907056e-32,-2.200186621393398977e-38
5.926104212669152993e+00,1.830804383857785776e-32,1.830806070100185956e-32,-1.686242400180094680e-38
5.930127365563022224e+00,1.240560607811277378e-32,1.240561898834366648e-32,-1.291023089269927853e-38
5.934150518456891454e+00,8.397711054860409237e-33,8.397720929086131183e-33,-9.874225721946687011e-39
5.938173671350760685e+00,5.678985584398050933e-33,5.678993128863220426e-33,-7.544465169493008552e-39
5.942196824244629916e+00,3.836608661212393153e-33,3.836614419739562079e-33,-5.758527168926110861e-39
5.946219977138498258e+00,2.589352264512895841e-33,2.589356655407315036e-33,-4.390894419194578174e-39
5.950243130032367489e+00,1.745828865273059310e-33,1.745832209949503825e-33,-3.344676444514469472e-39
5.954266282926236720e+00,1.175923582654289189e-33,1.175926127817266593e-33,-2.545162977404039776e-39
5.958289435820105950e+00,7.912676822697135404e-34,7.912696170791306302e-34,-1.934809417089805092e-39
5.962312588713975181e+00,5.319057121690911918e-34,5.319071815099217275e-34,-1.469340830535649158e-39
5.966335741607844412e+00,3.572010922540979105e-34,3.572022069829348555e-34,-1.114728836944938006e-39
5.970358894501712754e+00,2.396391663213695227e-34,2.396400111697550110e-34,-8.448483854882861166e-40
5.974382047395581985e+00,1.606089414769749981e-34,1.606095811405558887e-34,-6.396635808905586976e-40
5.978405200289451216e+00,1.075346776213747914e-34,1.075351614462398101e-34,-4.838248650187115324e-40
5.982428353183320446e+00,7.192738197203311876e-35,7.192774755740636124e-35,-3.655853732424876738e-40
5.986451506077189677e+00,4.806255637416875022e-35,4.806283233905559450e-35,-2.759648868442782412e-40
5.990474658971058908e+00,3.208384266656982584e-35,3.208405077204781612e-35,-2.081054779902718577e-40
5.994497811864927250e+00,2.139600976018979924e-35,2.139616653566233524e-35,-1.567754725359982875e-40
5.998520964758796481e+00,1.425430655792682095e-35,1.425442454593476317e-35,-1.179880079422218080e-40
6.002544117652665712e+00,9.486943189557763390e-36,9.487031897592796511e-36,-8.870803503312035793e-41
6.006567270546534942e+00,6.307734472063523405e-36,6.307801099570827099e-36,-6.662750730369367585e-41
6.010590423440404173e+00,4.189743196139674444e-36,4.189793189213956853e-36,-4.999307428240838729e-41
6.014613576334273404e+00,2.780150481058182453e-36,2.780187955220369214e-36,-3.747416218676077875e-41
6.018636729228141746e+00,1.842960812739238994e-36,1.842988874825277961e-36,-2.806208603896710352e-41
6.022659882122010977e+00,1.220480362699036739e-36,1.220501355675192385e-36,-2.099297615564637522e-41
6.026683035015880208e+00,8.074439585684803602e-37,8.074596475304435115e-37,-1.568896196315135941e-41
6.030706187909749438e+00,5.336553661665113076e-37,5.336670795033065021e-37,-1.171333679519455709e-41
6.034729340803618669e+00,3.523516181852238654e-37,3.523603546021177711e-37,-8.736416893905762329e-42
6.038752493697487012e+00,2.324120053659027249e-37,2.324185149379078398e-37,-6.509572005114895230e-42
6.042775646591356242e+00,1.531467355351977050e-37,1.531515810279352176e-37,-4.845492737512529286e-42
6.046798799485225473e+00,1.008146920627797986e-37,1.008182952757960897e-37,-3.603213016291073836e-42
6.050821952379094704e+00,6.629897440305017315e-38,6.630165115701598908e-38,-2.676753965815932205e-42
6.054845105272963934e+00,4.355687271883511857e-38,4.355885924157069266e-38,-1.986522735574089890e-42
6.058868258166833165e+00,2.858732176465849199e-38,2.858879456959151562e-38,-1.472804933023631911e-42
6.062891411060701508e+00,1.874377866863243653e-38,1.874486951492180547e-38,-1.090846289368938948e-42
6.066914563954570738e+00,1.227743725582104850e-38,1.227824439523407747e-38,-8.071394130289651447e-43
6.070937716848439969e+00,8.033877362371549285e-39,8.034473985718250438e-39,-5.966233467011528735e-43
6.074960869742309200e+00,5.251816837192509098e-39,5.252257410974775709e-39,-4.405737822666107535e-43
6.078984022636178430e+00,3.429737194560129536e-39,3.430062209849823999e-39,-3.250152896944632425e-43
6.083007175530047661e+00,2.237582281000713994e-39,2.237821808670425252e-39,-2.395276697112577956e-43
6.087030328423916004e+00,1.458357785070756057e-39,1.458534134621583984e-39,-1.763495508279266436e-43
6.091053481317785234e+00,9.495460984145334693e-40,9.496758043384403924e-40,-1.297059239069231390e-43
6.095076634211654465e+00,6.176393003444045171e-40,6.177346045494912099e-40,-9.530420508669287916e-44
6.099099787105523696e+00,4.013476187726072068e-40,4.014175757641022196e-40,-6.995699149501278190e-44
6.103122939999392926e+00,2.605393700350654364e-40,2.605906699924758866e-40,-5.129995741045023755e-44
6.107146092893262157e+00,1.689635115694910540e-40,1.690010926889684002e-40,-3.758111947734619662e-44
6.111169245787130500e+00,1.094660369551076822e-40,1.094935405369868446e-40,-2.750358187916240519e-44
6.115192398680999730e+00,7.084884336853759964e-41,7.086895168188539350e-41,-2.010831334779386080e-44
6.119215551574868961e+00,4.580923454028724519e-41,4.582392139776481655e-41,-1.468685747757135479e-44
6.123238704468738192e+00,2.958967578531812749e-41,2.960039218669002021e-41,-1.071640137189272013e-44
6.127261857362607422e+00,1.909388402038361711e-41,1.910169554708515964e-41,-7.811526701542528510e-45
6.131285010256476653e+00,1.230878699824011134e-41,1.231447539310532287e-41,-5.688394865211533349e-45
6.135308163150344996e+00,7.926895546479416424e-42,7.931033736389596658e-42,-4.138189910180234089e-45
6.139331316044214226e+00,5.099856056967430330e-42,5.102863503882215929e-42,-3.007446914785598601e-45
6.143354468938083457e+00,3.277778525993544710e-42,3.279962021975532276e-42,-2.183495981987566768e-45
6.147377621831952688e+00,2.104593371992878530e-42,2.106177074851591813e-42,-1.583702858713283634e-45
6.151400774725821918e+00,1.349968694163840101e-42,1.351116218443828256e-42,-1.147524279988155144e-45
6.155423927619691149e+00,8.650597465699131347e-43,8.658903944237350872e-43,-8.306478538219525055e-46
6.159447080513559492e+00,5.537776431713069627e-43,5.543783172547193978e-43,-6.006740834124350681e-46
6.163470233407428722e+00,3.541535860263292149e-43,3.545875240694532610e-43,-4.339380431240460859e-46
6.167493386301297953e+00,2.262636455981497567e-43,2.265768179719733908e-43,-3.131723738236341118e-46
6.171516539195167184e+00,1.444125146025765080e-43,1.446383053025149870e-43,-2.257906999384790248e-46
6.175539692089036414e+00,9.207925475167923552e-44,9.224188283523201306e-44,-1.626280835527775381e-46
6.179562844982905645e+00,5.865238527543095904e-44,5.876940307527529301e-44,-1.170177998443339660e-46
6.183585997876773988e+00,3.732299460107515343e-44,3.740710994075295805e-44,-8.411533967780461921e-47
6.187609150770643218e+00,2.372652896230609606e-44,2.378693291646185688e-44,-6.040395415576081990e-47
6.191632303664512449e+00,1.506811274903098711e-44,1.511144611530309280e-44,-4.333336627210568395e-47
6.195655456558381680e+00,9.559836047385637369e-45,9.590892108949325622e-45,-3.105606156368825260e-47
6.199678609452250910e+00,6.059111735125091719e-45,6.081346739724916446e-45,-2.223500459982472730e-47
6.203701762346119253e+00,3.836493065374494677e-45,3.852396647730533618e-45,-1.590358235603894062e-47
6.207724915239988484e+00,2.426759945050755033e-45,2.438123640739191863e-45,-1.136369568843683019e-47
6.211748068133857714e+00,1.533508434393720302e-45,1.541620120241035180e-45,-8.111685847314877715e-48
6.215771221027726945e+00,9.680827397841708479e-46,9.738672893340020659e-46,-5.784549549831217960e-48
6.219794373921596176e+00,6.105282300196961579e-46,6.146491564733357546e-46,-4.120926453639596650e-48
6.223817526815465406e+00,3.846502299431669663e-46,3.875830612095922885e-46,-2.932831266425322259e-48
6.227840679709333749e+00,2.420991285519484253e-46,2.441843212112926896e-46,-2.085192659344264289e-48
6.231863832603202979e+00,1.522255144309526096e-46,1.537065728639920139e-46,-1.481058433039404267e-48
6.235886985497072210e+00,9.561998726575409316e-47,9.667089622766413526e-47,-1.050908961910042095e-48
6.239910138390941441e+00,6.000354839061948931e-47,6.074849456537089158e-47,-7.449461747514022762e-49
6.243933291284810672e+00,3.761596632458837264e-47,3.814350170252158881e-47,-5.275353779332161699e-49
6.247956444178679902e+00,2.355779115309022820e-47,2.393099420121145740e-47,-3.732030481212291933e-49
6.251979597072548245e+00,1.473886317172733791e-47,1.500262119016062951e-47,-2.637580184332916015e-49
6.256002749966417475e+00,9.212139488786456843e-48,9.398362376814368930e-48,-1.862228880279120875e-49
6.260025902860286706e+00,5.752069808390868177e-48,5.883418980852594670e-48,-1.313491724617264929e-49
6.264049055754155937e+00,3.588020739472508224e-48,3.680573317732300642e-48,-9.255257825979241736e-50
6.268072208648025168e+00,2.235902843695556838e-48,2.301053170619709088e-48,-6.515032692415225037e-50
6.272095361541894398e+00,1.391932375615140828e-48,1.437747785312048045e-48,-4.581540969690721651e-50
6.276118514435762741e+00,8.656665001490556125e-49,8.978529774399601974e-49,-3.218647729090458485e-50
6.280141667329631971e+00,5.378366596560661273e-49,5.604259307366371547e-49,-2.258927108057102733e-50
6.284164820223501202e+00,3.338240019670104071e-49,3.496619124769432990e-49,-1.583791050993289194e-50
6.288187973117370433e+00,2.069913262744958158e-49,2.180846184040767004e-49,-1.109329212958088456e-50
6.292211126011239664e+00,1.282195457154062600e-49,1.359818365819234708e-49,-7.762290866517210759e-51
6.296234278905108894e+00,7.934579153073278824e-50,8.477187253302106388e-50,-5.426081002288275642e-51
6.300257431798977237e+00,4.905250880029746686e-50,5.284172626817274487e-50,-3.789217467875278014e-51
6.304280584692846467e+00,3.029467624192587815e-50,3.293817850343247252e-50,-2.643502261506594373e-51
6.308303737586715698e+00,1.869129030088380701e-50,2.053365981864542914e-50,-1.842369517761622130e-51
6.312326890480584929e+00,1.152073673613834551e-50,1.280348279958523132e-50,-1.282746063446885802e-51
6.316350043374454160e+00,7.093970337531112808e-51,7.986189485157342654e-51,-8.922191476262298457e-52
6.320373196268323390e+00,4.363819627991628738e-51,4.983787645111754599e-51,-6.199680171201258610e-52
6.324396349162191733e+00,2.681715515532256410e-51,3.112077528218072171e-51,-4.303620126858157614e-52
6.328419502056060963e+00,1.646369509539140782e-51,1.944815309825366185e-51,-2.984458002862254025e-52
6.332442654949930194e+00,1.009743005746927078e-51,1.216501762300300415e-51,-2.067587565533733370e-52
6.336465807843799425e+00,6.186764506376586263e-52,7.617730289675976482e-52,-1.430965783299390219e-52
6.340488960737668656e+00,3.786917176305199683e-52,4.776293434596470604e-52,-9.893762582912709203e-53
6.344512113631536998e+00,2.315676314870202818e-52,2.999053723617105521e-52,-6.833774087469027027e-53
6.348535266525406229e+00,1.414621013384339155e-52,1.886169818434254982e-52,-4.715488050499158276e-53
6.352558419419275459e+00,8.633223593671806909e-53,1.188379400196771827e-52,-3.250570408295911365e-53
6.356581572313144690e+00,5.263528622824133687e-53,7.502040505144736834e-53,-2.238511882320603147e-53
6.360604725207013921e+00,3.205919779532836155e-53,4.745938954924008000e-53,-1.540019175391171846e-53
6.364627878100883152e+00,1.950745400088992973e-53,3.009169574791858093e-53,-1.058424174702865120e-53
6.368651030994751494e+00,1.185827470038737779e-53,1.912536021594156784e-53,-7.267085515554190051e-54
6.372674183888620725e+00,7.201387532386042255e-54,1.218595741072445831e-53,-4.984569878338416055e-54
6.376697336782489955e+00,4.369034824040029025e-54,7.784595497637270702e-54,-3.415560673597241677e-54
6.380720489676359186e+00,2.648076212378995309e-54,4.986176945690458307e-54,-2.338100733311462998e-54
6.384743642570228417e+00,1.603438232149491661e-54,3.202375148211069618e-54,-1.598936916061577957e-54
6.388766795464097648e+00,9.699560285430999652e-55,2.062317412190057403e-54,-1.092361383646957437e-54
6.392789948357965990e+00,5.861804863647357716e-55,1.331715845694654522e-54,-7.455353593299187502e-55
6.396813101251835221e+00,3.539091503317005910e-55,8.622289789448802199e-55,-5.083198286131796289e-55
6.400836254145704451e+00,2.134691816352720238e-55,5.597056058655524105e-55,-3.462364242302803866e-55
6.404859407039573682e+00,1.286363202019844679e-55,3.642363573769127802e-55,-2.356000371749283123e-55
6.408882559933442913e+00,7.744250552058745887e-56,2.375991102109764492e-55,-1.601566046903889994e-55
6.412905712827312144e+00,4.657846593508921156e-56,1.553414838325036508e-55,-1.087630178974144302e-55
6.416928865721180486e+00,2.798877781620963542e-56,1.017765747566661769e-55,-7.378779694045654149e-56
6.420952018615049717e+00,1.680269733581653092e-56,6.681245339128171269e-56,-5.000975605546518630e-56
6.424975171508918947e+00,1.007799560573365627e-56,4.393837548135508861e-56,-3.386037987562143121e-56
6.428998324402788178e+00,6.039120104631130398e-57,2.894230156394713629e-56,-2.290318145931600702e-56
6.433021477296657409e+00,3.615616008376923764e-57,1.909190032848440580e-56,-1.547628432010748317e-56
6.437044630190526640e+00,2.162745707207910686e-57,1.261005574792334274e-56,-1.044731004071543205e-56
6.441067783084394982e+00,1.292555531600396360e-57,8.338012468053517820e-57,-7.045456936453121743e-57
6.445090935978264213e+00,7.718277419159139970e-58,5.518407075989824554e-57,-4.746579334073910557e-57
6.449114088872133443e+00,4.604968431572472101e-58,3.655116953301100904e-57,-3.194620110143853836e-57
6.453137241766002674e+00,2.745216851256349724e-58,2.422473805009085015e-57,-2.147952119883450042e-57
6.457160394659871905e+00,1.635234600878785871e-58,1.606292682191823507e-57,-1.442769222103944955e-57
6.461183547553741136e+00,9.733023298170373115e-59,1.065465498030953998e-57,-9.681352650492502846e-58
6.465206700447609478e+00,5.788845077704238989e-59,7.068845829434576449e-58,-6.489961321664152992e-58
6.469229853341478709e+00,3.440536812399794841e-59,4.690307397376416741e-58,-4.346253716136437610e-58
6.473253006235347939e+00,2.043458766283685989e-59,3.112081648881464840e-58,-2.907735772253096330e-58
6.477276159129217170e+00,1.212908387020580732e-59,2.064688615561924626e-58,-1.943397776859866420e-58
6.481299312023086401e+00,7.195013439630685655e-60,1.369533775492556473e-58,-1.297583641096249638e-58
6.485322464916955632e+00,4.265774774795552466e-60,9.081753797808573110e-59,-8.655176320329018306e-59
6.489345617810823974e+00,2.527845498158425484e-60,6.020228404402805559e-59,-5.767443854586962900e-59
6.493368770704693205e+00,1.497323383487329323e-60,3.989082553328525893e-59,-3.839350214979793071e-59
6.497391923598562435e+00,8.865886363020304602e-61,2.641942021982997084e-59,-2.553283158352794245e-59
6.501415076492431666e+00,5.248101414846232362e-61,1.748798465361104302e-59,-1.696317451212641978e-59
6.505438229386300897e+00,3.105925726931532285e-61,1.156913521988980796e-59,-1.125854264719665556e-59
6.509461382280169239e+00,1.837923563701038785e-61,7.648694558318979144e-60,-7.464902201948875335e-60
6.513484535174038470e+00,1.087561306966659772e-61,5.053376634057767825e-60,-4.944620503361101865e-60
6.517507688067907701e+00,6.436001938652153570e-62,3.336325447475923801e-60,-3.271965428089402386e-60
6.521530840961776931e+00,3.809472238488585276e-62,2.201068950996380026e-60,-2.162974228611494048e-60
6.525553993855646162e+00,2.255556845408003917e-62,1.450991879618363631e-60,-1.428436311164283712e-60
6.529577146749515393e+00,1.336106593205909919e-62,9.557654894500249523e-61,-9.424044235179658229e-61
6.533600299643383735e+00,7.919334866166489183e-63,6.290466782744334422e-61,-6.211273434082669844e-61
6.537623452537252966e+00,4.697449492918745258e-63,4.136669098604928596e-61,-4.089694603675741235e-61
6.541646605431122197e+00,2.788882253589504280e-63,2.717986233424550168e-61,-2.690097410888655071e-61
6.545669758324991427e+00,1.657541946180174831e-63,1.784289545295436492e-61,-1.767714125833634879e-61
6.549692911218860658e+00,9.863679819156437049e-64,1.170304389972170851e-61,-1.160440710153014388e-61
6.553716064112729889e+00,5.877987268276168027e-64,7.669062361232665886e-62,-7.610282488549904422e-62
6.557739217006598231e+00,3.508399664448843000e-64,5.021006193948439887e-62,-4.985922197303951511e-62
6.561762369900467462e+00,2.097755919260501637e-64,3.284278413429115544e-62,-3.263300854236510551e-62
6.565785522794336693e+00,1.256721340290068684e-64,2.146278379037698601e-62,-2.133711165634798108e-62
6.569808675688205923e+00,7.544498399424901184e-65,1.401282183248496523e-62,-1.393737684849071599e-62
6.573831828582075154e+00,4.539346984519626496e-65,9.140197674838685978e-63,-9.094804204993489823e-63
6.577854981475944385e+00,2.737700314220109148e-65,5.956255670395742151e-63,-5.928878667253541359e-63
6.581878134369812727e+00,1.655228688974689114e-65,3.877720030455662092e-63,-3.861167743565915036e-63
6.585901287263681958e+00,1.003345734666133887e-65,2.522103092391221905e-63,-2.512069635044560376e-63
6.589924440157551189e+00,6.098097972879951189e-66,1.638817585541883516e-63,-1.632719487569003456e-63
6.593947593051420419e+00,3.716284329519923282e-66,1.063844458712718027e-63,-1.060128174383198061e-63
6.597970745945289650e+00,2.270921365624411490e-66,6.899282483947758607e-64,-6.876573270291514260e-64
6.601993898839158881e+00,1.391457179622639488e-66,4.469991408125915924e-64,-4.456076836329689819e-64
6.606017051733027223e+00,8.548626593928148401e-67,2.893245372679522431e-64,-2.884696746085594261e-64
6.610040204626896454e+00,5.265679585972731785e-67,1.870848597000482685e-64,-1.865582917414510007e-64
6.614063357520765685e+00,3.251669213932396612e-67,1.208553582592438908e-64,-1.205301913378506439e-64
6.618086510414634915e+00,2.012819778056147749e-67,7.799491134691658292e-65,-7.779362936911096472e-65
6.622109663308504146e+00,1.248804673628059599e-67,5.028506421964661975e-65,-5.016018375228381129e-65
6.626132816202373377e+00,7.764488563200486566e-68,3.238795318294629773e-65,-3.231030829731429247e-65
6.630155969096241719e+00,4.837178687086599289e-68,2.084007096601489729e-65,-2.079169917914402986e-65
6.634179121990110950e+00,3.018982798307489148e-68,1.339632232582825453e-65,-1.336613249784517916e-65
6.638202274883980181e+00,1.887314030175515446e-68,8.602848033892266978e-66,-8.583974893590511342e-66
6.642225427777849411e+00,1.181591425778357121e-68,5.519106769589207582e-66,-5.507290855331424332e-66
6.646248580671718642e+00,7.407211530833976531e-69,3.537242868821506259e-66,-3.529835657290672303e-66
6.650271733565587873e+00,4.648706046272574947e-69,2.264801793342936274e-66,-2.260153087296663633e-66
6.654294886459456215e+00,2.920296360377597592e-69,1.448653397136392224e-66,-1.445733100776014614e-66
6.658318039353325446e+00,1.835986445294935255e-69,9.256941284711332086e-67,-9.238581420258383259e-67
6.662341192247194677e+00,1.155029470946203848e-69,5.909340971587969008e-67,-5.897790676878506947e-67
6.666364345141063907e+00,7.270003236884024508e-70,3.768590290638008453e-67,-3.761320287401124301e-67
6.670387498034933138e+00,4.577567700670842701e-70,2.400971306106223900e-67,-2.396393738405553111e-67
6.674410650928801481e+00,2.882957284899539692e-70,1.528139630285043171e-67,-1.525256673000143531e-67
6.678433803822670711e+00,1.815906595171038206e-70,9.716436176725904915e-68,-9.698277110774194926e-68
6.682456956716539942e+00,1.143808241927846583e-70,6.171898088070051610e-68,-6.160460005650773084e-68
6.686480109610409173e+00,7.204000791201765416e-71,3.916500346978907827e-68,-3.909296346187706272e-68
6.690503262504278403e+00,4.536440247540541990e-71,2.482819695932365306e-68,-2.478283255684824866e-68
6.694526415398147634e+00,2.855887997371507989e-71,1.572387941767272779e-68,-1.569532053769901303e-68
6.698549568292015977e+00,1.797291921272417037e-71,9.948134934191124498e-69,-9.930162014978401041e-69
6.702572721185885207e+00,1.130622424576412378e-71,6.287688349312289266e-69,-6.276382125066525281e-69
6.706595874079754438e+00,7.109041042308625295e-72,3.970156902947425263e-69,-3.963047861905116607e-69
6.710619026973623669e+00,4.467602218045473625e-72,2.504330297281504958e-69,-2.499862695063459284e-69
6.714642179867492899e+00,2.805989664318023475e-72,1.578129998374286359e-69,-1.575324008709968356e-69
6.718665332761362130e+00,1.761270292283270092e-72,9.934845911356925647e-70,-9.917233208434093082e-70
6.722688485655230473e+00,1.104782143005645800e-72,6.248081051712008095e-70,-6.237033230281951868e-70
6.726711638549099703e+00,6.925037761116010934e-73,3.925539055733609140e-70,-3.918614017972493044e-70
6.730734791442968934e+00,4.337588564489076622e-73,2.463877166288904083e-70,-2.459539577724415063e-70
6.734757944336838165e+00,2.714829953559435788e-73,1.544919596012732987e-70,-1.542204766059173570e-70
6.738781097230707395e+00,1.697828021772476575e-73,9.677423993527746041e-71,-9.660445713310021150e-71
6.742804250124576626e+00,1.060941638996779791e-73,6.055927900079422070e-71,-6.045318483689453910e-71
6.746827403018444969e+00,6.624102867035457481e-74,3.785895709974036503e-71,-3.779271607107000684e-71
6.750850555912314199e+00,4.132305727392782596e-74,2.364414454337964092e-71,-2.360282148610571463e-71
6.754873708806183430e+00,2.575612558608240818e-74,1.475181853113292864e-71,-1.472606240554684707e-71
6.758896861700052661e+00,1.603928592773372699e-74,9.194635173703871191e-72,-9.178595887776138438e-72
6.762920014593921891e+00,9.979305744639923374e-75,5.725196768946411827e-72,-5.715217463201772110e-72
6.766943167487791122e+00,6.203281004613012694e-75,3.561338865406012630e-72,-3.555135584401399609e-72
6.770966320381659465e+00,3.852511903082688301e-75,2.213110706991196757e-72,-2.209258195088114187e-72
6.774989473275528695e+00,2.390363835639676280e-75,1.373915207670406889e-72,-1.371524843834767183e-72
6.779012626169397926e+00,1.481760576793356400e-75,8.520864660728565340e-73,-8.506047054960631609e-73
6.783035779063267157e+00,9.176624916090070147e-76,5.279275711994876171e-73,-5.270099087078785801e-73
6.787058931957136387e+00,5.677747911935122751e-76,3.267623081976164109e-73,-3.261945334064228953e-73
6.791082084851005618e+00,3.509578691060945091e-76,2.020489032269594973e-73,-2.016979453578533969e-73
6.795105237744873961e+00,2.167292176732462958e-76,1.248095928396459738e-73,-1.245928636219727268e-73
6.799128390638743191e+00,1.337093060733112225e-76,7.702050451872416851e-74,-7.688679521265086031e-74
6.803151543532612422e+00,8.241111850163638630e-77,4.748229178449952818e-74,-4.739988066599789469e-74
6.807174696426481653e+00,5.074444254832499980e-77,2.924313329814602489e-74,-2.919238885559770011e-74
6.811197849320350883e+00,3.121535940757951237e-77,1.799214949833385384e-74,-1.796093413892627561e-74
6.815221002214219226e+00,1.918333865191241587e-77,1.105882821389500282e-74,-1.103964487524309114e-74
6.819244155108088457e+00,1.177755133870120280e-77,6.790505175147632493e-75,-6.778727623808931653e-75
6.823267308001957687e+00,7.223702535798265483e-78,4.165450399886610446e-75,-4.158226697350812044e-75
6.827290460895826918e+00,4.426270181089168685e-78,2.552635232501708665e-75,-2.548208962320619593e-75
6.831313613789696149e+00,2.709495786701227933e-78,1.562724635433982563e-75,-1.560015139647281390e-75
6.835336766683565379e+00,1.656955683756065183e-78,9.557472661406755820e-76,-9.540903104569195228e-76
6.839359919577433722e+00,1.012289171905673433e-78,5.839431600021363039e-76,-5.829308708302306068e-76
6.843383072471302953e+00,6.178301130321294725e-79,3.564224011262009695e-76,-3.558045710131688399e-76
6.847406225365172183e+00,3.767071728822930980e-79,2.173333184783433736e-76,-2.169566113054610736e-76
6.851429378259041414e+00,2.294608775673126107e-79,1.323898024731964083e-76,-1.321603415956290919e-76
6.855452531152910645e+00,1.396313716998643777e-79,8.056560256340220592e-77,-8.042597119170233872e-77
6.859475684046779875e+00,8.488415764623403315e-80,4.897919996614017292e-77,-4.889431580849393516e-77
6.863498836940648218e+00,5.155126099273215298e-80,2.974682482428583885e-77,-2.969527356329310791e-77
6.867521989834517449e+00,3.127668465135806490e-80,1.804830601598097046e-77,-1.801702933132961424e-77
6.871545142728386679e+00,1.895704686353977257e-80,1.093954292633214571e-77,-1.092058587946860569e-77
6.875568295622255910e+00,1.147860259174941628e-80,6.624129404812274597e-78,-6.612650802220525368e-78
6.879591448516125141e+00,6.943453837477862479e-81,4.007055329890243942e-78,-4.000111876052766174e-78
6.883614601409994371e+00,4.195948333243902332e-81,2.421523959152453711e-78,-2.417328010819209980e-78
6.887637754303862714e+00,2.533101700380150062e-81,1.461904830780394596e-78,-1.459371729080014565e-78
6.891660907197731945e+00,1.527717028605999467e-81,8.816908451563670372e-79,-8.801631281277610588e-79
6.895684060091601175e+00,9.204514955825121323e-82,5.312273921749743104e-79,-5.303069406793918220e-79
6.899707212985470406e+00,5.540213480101100683e-82,3.197506893257385480e-79,-3.191966679777284220e-79
6.903730365879339637e+00,3.331345022813473927e-82,1.922690661331318607e-79,-1.919359316308505034e-79
6.907753518773208867e+00,2.001152473342415915e-82,1.154979413077767250e-79,-1.152978260604424902e-79
6.911776671667077210e+00,1.200903562754383795e-82,6.931160701577487724e-80,-6.919151665949944059e-80
6.915799824560946440e+00,7.199517934650367960e-83,4.155321125067317874e-80,-4.148121607132667727e-80
6.919822977454815671e+00,4.311873231972545203e-83,2.488686053659597387e-80,-2.484374180427624725e-80
6.923846130348684902e+00,2.579857915963974731e-83,1.489026869554559138e-80,-1.486447011638595250e-80
6.927869283242554133e+00,1.542029885439621604e-83,8.900242785032161342e-81,-8.884822486177765303e-81
6.931892436136423363e+00,9.207822893906972540e-84,5.314569258025965306e-81,-5.305361435132057889e-81
6.935915589030291706e+00,5.492730078119186327e-84,3.170306029320114395e-81,-3.164813299241995410e-81
6.939938741924160936e+00,3.273306435685457809e-84,1.889301200279314652e-81,-1.886027893843629251e-81
6.943961894818030167e+00,1.948732165979862068e-84,1.124781365025659671e-81,-1.122832632859679838e-81
6.947985047711899398e+00,1.159003385275612568e-84,6.689627301951273206e-82,-6.678037268098516642e-82
6.952008200605768629e+00,6.886273982039929071e-85,3.974684223105634148e-82,-3.967797949123594453e-82
6.956031353499637859e+00,4.087435544413018093e-85,2.359229756898981906e-82,-2.355142321354568786e-82
6.960054506393506202e+00,2.423731727484379224e-85,1.398958211328613719e-82,-1.396534479601129317e-82
6.964077659287375432e+00,1.435770999465887506e-85,8.287168021762217608e-83,-8.272810311767558879e-83
6.968100812181244663e+00,8.496749071449287429e-86,4.904270822850170818e-83,-4.895774073778721365e-83
6.972123965075113894e+00,5.023279982139948905e-86,2.899410071804139881e-83,-2.894386791822000114e-83
6.976147117968983125e+00,2.966804608481861389e-86,1.712425710231691138e-83,-1.709458905623209428e-83
6.980170270862851467e+00,1.750481254539583360e-86,1.010370678153921101e-83,-1.008620196899381508e-83
6.984193423756720698e+00,1.031793853165469652e-86,5.955478025532526783e-84,-5.945160087000872224e-84
6.988216576650589928e+00,6.075686469222175928e-87,3.506867981590423537e-84,-3.500792295121201152e-84
6.992239729544459159e+00,3.574083652729736324e-87,2.062951914899234502e-84,-2.059377831246504871e-84
6.996262882438328390e+00,2.100395153919322784e-87,1.212343508563102470e-84,-1.210243113409183039e-84
7.000286035332197621e+00,1.233116853565335273e-87,7.117527856182054151e-85,-7.105196687646400463e-85
7.004309188226065963e+00,7.232265933166104142e-88,4.174452825903287898e-85,-4.167220559970121702e-85
7.008332341119935194e+00,4.237517107420447006e-88,2.445889527674046484e-85,-2.441652010566626111e-85
7.012355494013804424e+00,2.480364250507010250e-88,1.431663706380419740e-85,-1.429183342129912652e-85
7.016378646907673655e+00,1.450395288797977000e-88,8.371669817352224800e-86,-8.357165864464244703e-86
7.020401799801542886e+00,8.472746518143062514e-89,4.890463984209155791e-86,-4.881991237691012828e-86
7.024424952695412117e+00,4.944574911550317393e-89,2.854006359197767213e-86,-2.849061784286217031e-86
7.028448105589280459e+00,2.882707781138284206e-89,1.663898023720293357e-86,-1.661015315939155214e-86
7.032471258483149690e+00,1.678955518592992380e-89,9.690928140987985930e-87,-9.674138585802055396e-87
7.036494411377018920e+00,9.768877627029184215e-90,5.638595474930395431e-87,-5.628826597303366693e-87
7.040517564270888151e+00,5.678283294803320156e-90,3.277505291929065620e-87,-3.271827008634262208e-87
7.044540717164757382e+00,3.297283956804477551e-90,1.903192697120198809e-87,-1.899895413163394356e-87
7.048563870058626613e+00,1.912769105412612512e-90,1.104050710157551353e-87,-1.102137941052138759e-87
7.052587022952494955e+00,1.108499884837701480e-90,6.398264332176685008e-88,-6.387179333328307740e-88
7.056610175846364186e+00,6.417644559422367670e-91,3.704266574568717441e-88,-3.697848930009294957e-88
7.060633328740233416e+00,3.711782937628446401e-91,2.142442551055346308e-88,-2.138730768117717793e-88
7.064656481634102647e+00,2.144649791872043855e-91,1.237892796284436321e-88,-1.235748146492564280e-88
7.068679634527971878e+00,1.237932886492646374e-91,7.145354561025194606e-89,-7.132975232160267962e-89
7.072702787421841109e+00,7.138463080450080114e-92,4.120324588516678920e-89,-4.113186125436228700e-89
7.076725940315709451e+00,4.112247414465422671e-92,2.373591477481777811e-89,-2.369479230067312562e-89
7.080749093209578682e+00,2.366577087577975716e-92,1.365989672189738881e-89,-1.363623095102160862e-89
7.084772246103447912e+00,1.360595327679516320e-92,7.853364510505242022e-90,-7.839758557228446547e-90
7.088795398997317143e+00,7.814553974409781629e-93,4.510565492727240040e-90,-4.502750938752830497e-90
7.092818551891186374e+00,4.483800849858901096e-93,2.588052777491523218e-90,-2.583568976641664533e-90
7.096841704785055605e+00,2.570131440682154466e-93,1.483481592617048359e-90,-1.480911461176366244e-90
7.100864857678923947e+00,1.471740541337324054e-93,8.494896522661784977e-91,-8.480179117248411219e-91
7.104888010572793178e+00,8.419262910237260329e-94,4.859604461395810158e-91,-4.851185198485572657e-91
7.108911163466662408e+00,4.811536546338252914e-94,2.777222333275985556e-91,-2.772410796729647274e-91
7.112934316360531639e+00,2.747011042017660371e-94,1.585576767748169640e-91,-1.582829756706152011e-91
7.116957469254400870e+00,1.566765212808088450e-94,9.043380339606583382e-92,-9.027712687478501912e-92
7.120980622148270101e+00,8.927180873785310638e-95,5.152775449752009283e-92,-5.143848268878223682e-92
7.125003775042138443e+00,5.081496685016311408e-95,2.933043711375179195e-92,-2.927962214690162918e-92
7.129026927936007674e+00,2.889587551178333971e-95,1.667872129549623268e-92,-1.664982541998445053e-92
7.133050080829876904e+00,1.641522980896676040e-95,9.474883216011490030e-93,-9.458467986202523616e-93
7.137073233723746135e+00,9.315903367390534643e-96,5.377146608131905391e-93,-5.367830704764515204e-93
7.141096386617615366e+00,5.281653196940575398e-96,3.048574323925828606e-93,-3.043292670728888240e-93
7.145119539511483708e+00,2.991449569012987792e-96,1.726667025388864413e-93,-1.723675575819851396e-93
7.149142692405352939e+00,1.692623586726788727e-96,9.769836613508879865e-94,-9.752910377641613007e-94
7.153165845299222170e+00,9.567665634160299764e-97,5.522464137427329708e-94,-5.512896471793169313e-94
7.157188998193091400e+00,5.402794990286114941e-97,3.118497538396237703e-94,-3.113094743405951728e-94
7.161212151086960631e+00,3.047880151427089299e-97,1.759238840204389588e-94,-1.756190960052962574e-94
7.165235303980829862e+00,1.717687602007117275e-97,9.914506498809008153e-95,-9.897329622788937565e-95
7.169258456874698204e+00,9.670688049928025228e-98,5.581928852880426309e-95,-5.572258164830498234e-95
7.173281609768567435e+00,5.439230529065972147e-98,3.139528207933820956e-95,-3.134088977404755199e-95
7.177304762662436666e+00,3.056218886383536479e-98,1.764051988377909611e-95,-1.760995769491526135e-95
7.181327915556305896e+00,1.715530100791486547e-98,9.902053502565266443e-96,-9.884898201557351704e-96
7.185351068450175127e+00,9.620089844215053850e-99,5.552723586711177437e-96,-5.543103496866962019e-96
7.189374221344044358e+00,5.389231150781170349e-99,3.110668555830627402e-96,-3.105279324679846359e-96
7.193397374237912700e+00,3.016069832727379614e-99,1.740877936815628830e-96,-1.737861866982901458e-96
7.197420527131781931e+00,1.686253530942739006e-99,9.733068977558323896e-97,-9.716206442248895584e-97
7.201443680025651162e+00,9.418272446522070165e-100,5.436234457696721313e-97,-5.426816185250198750e-97
7.205466832919520392e+00,5.255167033738620497e-100,3.033286656925111218e-97,-3.028031489891372780e-97
7.209489985813389623e+00,2.929332686197622341e-100,1.690813194503462018e-97,-1.687883861817264349e-97
7.213513138707258854e+00,1.631239647934744208e-100,9.415528443227096521e-98,-9.399216046747748881e-98
7.217536291601127196e+00,9.074730525878742681e-101,5.237941804473537555e-98,-5.228867073947658679e-98
7.221559444494996427e+00,5.043320919972295685e-101,2.911008919073923357e-98,-2.905965598153951201e-98
7.225582597388865658e+00,2.800053755943135569e-101,1.616193296428186505e-98,-1.613393242672243417e-98
7.229605750282734888e+00,1.553041395291960046e-101,8.964167520787321036e-99,-8.948637106834401572e-99
7.233628903176604119e+00,8.605311429613051448e-102,4.966992734094594492e-99,-4.958387422664981382e-99
7.237652056070473350e+00,4.763399981568301468e-102,2.749438332575672481e-99,-2.744674932594104067e-99
7.241675208964341692e+00,2.634113031875096881e-102,1.520412178900891542e-99,-1.517778065869016496e-99
7.245698361858210923e+00,1.455186513649915660e-102,8.399348364707641337e-100,-8.384796499571142093e-100
7.249721514752080154e+00,8.031003463297561854e-103,4.635501717048707987e-100,-4.627470713585410325e-100
7.253744667645949384e+00,4.427798646085315909e-103,2.555728972830945190e-100,-2.551301174184859892e-100
7.257767820539818615e+00,2.438781045417309788e-103,1.407666399444655447e-100,-1.405227618399238194e-100
7.261790973433687846e+00,1.341913915984611492e-103,7.745538019540569697e-101,-7.732118880380723237e-101
7.265814126327556188e+00,7.376382014231387503e-104,4.257653689069217594e-101,-4.250277307054986027e-101
7.269837279221425419e+00,4.050690315793713988e-104,2.338061740258463164e-101,-2.334011049942669553e-101
7.273860432115294650e+00,2.222192006263540242e-104,1.282651031061286258e-101,-1.280428839055022699e-101
7.277883585009163880e+00,1.217870240167485842e-104,7.029556919624488432e-102,-7.017378217222813404e-102
7.281906737903033111e+00,6.667873519563999575e-105,3.848702012545173083e-102,-3.842034139025609347e-102
7.285929890796902342e+00,3.647040500523173170e-105,2.105074739988424675e-102,-2.101427699487901662e-102
7.289953043690770684e+00,1.992786245623769087e-105,1.150237840130454097e-102,-1.148245053884830358e-102
7.293976196584639915e+00,1.087796721778066097e-105,6.278771516976591846e-103,-6.267893549758810929e-103
7.297999349478509146e+00,5.932007237361225898e-106,3.423959397649113444e-103,-3.418027390411752452e-103
7.302022502372378376e+00,3.231636440216580982e-106,1.865303179358455631e-103,-1.862071542918239142e-103
7.306045655266247607e+00,1.758774737451298417e-106,1.015166207701858316e-103,-1.013407432964406967e-103
7.310068808160115950e+00,9.562354478663588694e-107,5.519398776008835515e-104,-5.509836421530171639e-104
7.314091961053985180e+00,5.193813573968886247e-107,2.997873415783036877e-104,-2.992679602209068024e-104
7.318115113947854411e+00,2.818219223374664408e-107,1.626678426073866300e-104,-1.623860206850491562e-104
7.322138266841723642e+00,1.527671887355413803e-107,8.817734549261426328e-105,-8.802457830387871860e-105
7.326161419735592872e+00,8.272795679438860773e-108,4.775064389588217802e-105,-4.766791593908779290e-105
7.330184572629462103e+00,4.475498416276980268e-108,2.583261323211762546e-105,-2.578785824795485714e-105
7.334207725523330446e+00,2.418785826757808484e-108,1.396125145020765582e-105,-1.393706359194007849e-105
7.338230878417199676e+00,1.305931267980446393e-108,7.537845892521342950e-106,-7.524786579841538058e-106
7.342254031311068907e+00,7.043850395658323205e-109,4.065716173169838307e-106,-4.058672322774179936e-106
7.346277184204938138e+00,3.795481023108222569e-109,2.190754731272808815e-106,-2.186959250249700547e-106
7.350300337098807368e+00,2.043103760539888049e-109,1.179281151095439838e-106,-1.177238047334899913e-106
7.354323489992676599e+00,1.098704541889371877e-109,6.341731545396174884e-107,-6.330744499977280636e-107
7.358346642886544942e+00,5.902531512436592526e-110,3.406945986196812473e-107,-3.401043454684375794e-107
7.362369795780414172e+00,3.167835393495397943e-110,1.828477163744242429e-107,-1.825309328350746938e-107
7.366392948674283403e+00,1.698454030764346145e-110,9.803490469507446292e-108,-9.786505929199803247e-108
7.370416101568152634e+00,9.097286773306012088e-111,5.250961319212508304e-108,-5.241864032439202323e-108
7.374439254462021864e+00,4.867846457363637155e-111,2.809724931430434964e-108,-2.804857084973071249e-108
7.378462407355891095e+00,2.602128593832575183e-111,1.501950739175599059e-108,-1.499348610581766560e-108
7.382485560249759438e+00,1.389592740972492146e-111,8.020740594404529463e-109,-8.006844666994804999e-109
7.386508713143628668e+00,7.413328010206256489e-112,4.278978952423413229e-109,-4.271565624413206833e-109
7.390531866037497899e+00,3.950988756588526353e-112,2.280513921316175919e-109,-2.276562932559587499e-109
7.394555018931367130e+00,2.103610205650507806e-112,1.214205520318283268e-109,-1.212101910112632865e-109
7.398578171825236360e+00,1.118900949288222508e-112,6.458305372605710117e-110,-6.447116363112828248e-110
7.402601324719105591e+00,5.945452494613287966e-113,3.431720011729172373e-110,-3.425774559234558995e-110
7.406624477612973934e+00,3.156058773796904062e-113,1.821679689129532479e-110,-1.818523630355735556e-110
7.410647630506843164e+00,1.673678930915005816e-113,9.660488390942157499e-111,-9.643751601633007781e-111
7.414670783400712395e+00,8.866783689062988970e-114,5.117914751153705541e-111,-5.109047967464642787e-111
7.418693936294581626e+00,4.692745222243207685e-114,2.708656355932527732e-111,-2.703963610710284544e-111
7.422717089188450856e+00,2.481159802936271076e-114,1.432127454603007261e-111,-1.429646294800071052e-111
7.426740242082320087e+00,1.310537326075842382e-114,7.564432096281564694e-112,-7.551326723020806186e-112
7.430763394976188430e+00,6.915298813356258059e-115,3.991516094788177572e-112,-3.984600795974821476e-112
7.434786547870057660e+00,3.645351447378060777e-115,2.104099817797321586e-112,-2.100454466349943337e-112
7.438809700763926891e+00,1.919706152291083079e-115,1.108055951125534153e-112,-1.106136244973243028e-112
7.442832853657796122e+00,1.009943332580687742e-115,5.829401122752661544e-113,-5.819301689426854421e-113
7.446856006551665352e+00,5.307941820417696454e-116,3.063748332097909415e-113,-3.058440390277491652e-113
7.450879159445533695e+00,2.786905222462776768e-116,1.608603959087474607e-113,-1.605817053865011819e-113
7.454902312339402926e+00,1.461790525466170501e-116,8.437466791620560280e-114,-8.422848886365899268e-114
7.458925465233272156e+00,7.659756852966704430e-117,4.421217879859067404e-114,-4.413558123006100342e-114
7.462948618127141387e+00,4.009698544230669330e-117,2.314401257986306297e-114,-2.310391559442075529e-114
7.466971771021010618e+00,2.096888605545709630e-117,1.210325807024562284e-114,-1.208228918419016518e-114
7.470994923914879848e+00,1.095483635787164473e-117,6.323140447437721615e-115,-6.312185611079850351e-115
7.475018076808748191e+00,5.717462530298536542e-118,3.300124018338854549e-115,-3.294406555808556035e-115
7.479041229702617422e+00,2.981038998522269393e-118,1.720658132234242136e-115,-1.717677093235719852e-115
7.483064382596486652e+00,1.552740518293668024e-118,8.962430888499780059e-116,-8.946903483316843559e-116
7.487087535490355883e+00,8.079733049717048423e-119,4.663628481484597888e-116,-4.655548748434880590e-116
7.491110688384225114e+00,4.200123264773031303e-119,2.424314561206527408e-116,-2.420114437941754430e-116
7.495133841278094344e+00,2.181192311396561919e-119,1.258985974433918297e-116,-1.256804782122521729e-116
7.499156994171962687e+00,1.131599580926695048e-119,6.531601975672095899e-117,-6.520285979862829048e-117
7.503180147065831918e+00,5.864871425727472102e-120,3.385208552258255038e-117,-3.379343680832527710e-117
7.507203299959701148e+00,3.036624636178259448e-120,1.752742207299465324e-117,-1.749705582663286979e-117
7.511226452853570379e+00,1.570690527246796164e-120,9.066038485218984774e-118,-9.050331579946517136e-118
7.515249605747439610e+00,8.116280273615924082e-121,4.684723568394661692e-118,-4.676607288121045930e-118
7.519272758641308840e+00,4.189771564419911336e-121,2.418339551134124446e-118,-2.414149779569704338e-118
7.523295911535177183e+00,2.160680497195589216e-121,1.247146538498412544e-118,-1.244985858001217010e-118
7.527319064429046414e+00,1.113160165684179768e-121,6.425169520488242474e-119,-6.414037918831400891e-119
7.531342217322915644e+00,5.729169344899990628e-122,3.306881200645913207e-119,-3.301152031301012950e-119
7.535365370216784875e+00,2.945727438349889405e-122,1.700276270704469536e-119,-1.697330543266119646e-119
7.539388523110654106e+00,1.513074661587338254e-122,8.733479239712174937e-120,-8.718348493096302215e-120
7.543411676004523336e+00,7.764170338229036545e-123,4.481485427196050204e-120,-4.473721256857821420e-120
7.547434828898391679e+00,3.980124424703790345e-123,2.297331051546146861e-120,-2.293350927121443055e-120
7.551457981792260910e+00,2.038286091511359878e-123,1.176500387987687044e-120,-1.174462101896175643e-120
7.555481134686130140e+00,1.042798819685173404e-123,6.019043259168027745e-121,-6.008615270971175991e-121
7.559504287579999371e+00,5.329700671318403858e-124,3.076307557420477591e-121,-3.070977856749159284e-121
7.563527440473868602e+00,2.721272321034260514e-124,1.570720594486673369e-121,-1.567999322165639005e-121
7.567550593367737832e+00,1.388059516041652755e-124,8.011890803206321948e-122,-7.998010208045905402e-122
7.571573746261606175e+00,7.073120699717793725e-125,4.082611014036901319e-122,-4.075537893337183328e-122
7.575596899155475406e+00,3.600650335341441148e-125,2.078298298678502162e-122,-2.074697648343160588e-122
7.579620052049344636e+00,1.831123876338601555e-125,1.056926188989031105e-122,-1.055095065112692504e-122
7.583643204943213867e+00,9.302965287577705680e-126,5.369679121452982019e-123,-5.360376156165404631e-123
7.587666357837083098e+00,4.721630236210045919e-126,2.725328808022767414e-123,-2.720607177786557441e-123
7.591689510730952328e+00,2.394029204255557321e-126,1.381835601501503744e-123,-1.379441572297248156e-123
7.595712663624820671e+00,1.212645368857603134e-126,6.999398919958367142e-124,-6.987272466269790753e-124
7.599735816518689901e+00,6.136278736451555776e-127,3.541865071433934515e-124,-3.535728792697483010e-124
7.603758969412559132e+00,3.102010354905100869e-127,1.790482896719939652e-124,-1.787380886365034501e-124
7.607782122306428363e+00,1.566564588753219499e-127,9.042223531903393948e-125,-9.026557886015862140e-125
7.611805275200297594e+00,7.903514699505025142e-128,4.561915104729896323e-125,-4.554011590030391435e-125
7.615828428094165936e+00,3.983447733833334867e-128,2.299249267769509461e-125,-2.295265820035676190e-125
7.619851580988035167e+00,2.005694940504575610e-128,1.157688748893430160e-125,-1.155683053952925641e-125
7.623874733881904397e+00,1.008875400145543564e-128,5.823237004700694016e-126,-5.813148250699238641e-126
7.627897886775773628e+00,5.069639571288844286e-129,2.926200078561264341e-126,-2.921130438989975657e-126
7.631921039669642859e+00,2.544975075399363170e-129,1.468961680757057044e-126,-1.466416705681657657e-126
7.635944192563512090e+00,1.276312082366466799e-129,7.366883706572375273e-127,-7.354120585748710500e-127
7.639967345457380432e+00,6.394360624018171392e-130,3.690830146109623937e-127,-3.684435785485605711e-127
7.643990498351249663e+00,3.200400050139832193e-130,1.847273508495069663e-127,-1.844073108444929744e-127
7.648013651245118893e+00,1.600214897836936258e-130,9.236453388087702222e-128,-9.220451239109332953e-128
7.652036804138988124e+00,7.993173649158997719e-131,4.613666322704032163e-128,-4.605673149054873066e-128
7.656059957032857355e+00,3.988660611616394895e-131,2.302258144761856208e-128,-2.298269484150239806e-128
7.660083109926726586e+00,1.988391138015463953e-131,1.147700979891981052e-128,-1.145712588753965633e-128
7.664106262820594928e+00,9.902468079317738797e-132,5.715712618382898013e-129,-5.705810150303580447e-129
7.668129415714464159e+00,4.926653075339323943e-132,2.843668156584078802e-129,-2.838741503508739593e-129
7.672152568608333389e+00,2.448653923792037561e-132,1.413365033626130500e-129,-1.410916379702338417e-129
7.676175721502202620e+00,1.215821265070307726e-132,7.017730216877854166e-130,-7.005572004227151373e-130
7.680198874396071851e+00,6.030855998633301677e-133,3.481014980623462629e-130,-3.474984124624829493e-130
7.684222027289941082e+00,2.988512525021122307e-133,1.724971856665319759e-130,-1.721983344140298717e-130
7.688245180183809424e+00,1.479442531408990068e-133,8.539354306982614080e-131,-8.524559881668524056e-131
7.692268333077678655e+00,7.316578171953759735e-134,4.223134863152837055e-131,-4.215818284980883285e-131
7.696291485971547885e+00,3.614804649534694226e-134,2.086468179518041084e-131,-2.082853374868506480e-131
7.700314638865417116e+00,1.784138418935307362e-134,1.029806144405362769e-131,-1.028022005986427508e-131
7.704337791759286347e+00,8.797092451525478798e-135,5.077688907552510060e-132,-5.068891815100984742e-132
7.708360944653155578e+00,4.333279126969838934e-135,2.501172231314100614e-132,-2.496838952187130846e-132
7.712384097547023920e+00,2.132362672597248803e-135,1.230801466383013620e-132,-1.228669103710416427e-132
7.716407250440893151e+00,1.048268114676929710e-135,6.050612071157748631e-133,-6.040129390010979265e-133
7.720430403334762381e+00,5.148142722004643198e-136,2.971512160035563179e-133,-2.966364017313558388e-133
7.724453556228631612e+00,2.525780921983309678e-136,1.457882799379500444e-133,-1.455357018457517056e-133
7.728476709122500843e+00,1.237963033845456987e-136,7.145532684879436076e-134,-7.133153054540981544e-134
7.732499862016370074e+00,6.061590206741375065e-137,3.498754789915648628e-134,-3.492693199708907268e-134
7.736523014910238416e+00,2.965052355888020019e-137,1.711430627699222257e-134,-1.708465575343334290e-134
7.740546167804107647e+00,1.448922171463158149e-137,8.363190540085984547e-135,-8.348701318371352921e-135
7.744569320697976877e+00,7.073341847437525930e-138,4.082738658404748378e-135,-4.075665316557311079e-135
7.748592473591846108e+00,3.449619030141548436e-138,1.991122905511157165e-135,-1.987673286481015660e-135
7.752615626485715339e+00,1.680678019564314850e-138,9.700887176990527371e-136,-9.684080396794883662e-136
7.756638779379584570e+00,8.180216601916798801e-139,4.721627665368747346e-136,-4.713447448766830713e-136
7.760661932273452912e+00,3.977516449447272995e-139,2.295825724531957207e-136,-2.291848208082510121e-136
7.764685085167322143e+00,1.932084263437264740e-139,1.115200605775386706e-136,-1.113268521511949472e-136
7.768708238061191373e+00,9.375772050666282666e-140,5.411703241026664279e-137,-5.402327468975998351e-137
7.772731390955060604e+00,4.545220058203718899e-140,2.623504708403580240e-137,-2.618959488345376489e-137
7.776754543848929835e+00,2.201251612024165495e-140,1.270564217903491020e-137,-1.268362966291466775e-137
7.780777696742798177e+00,1.065004290376273915e-140,6.147213411937546743e-138,-6.136563369033784222e-138
7.784800849636667408e+00,5.147542316506784989e-141,2.971165604878150542e-138,-2.966018062561643665e-138
7.788824002530536639e+00,2.485509294806081195e-141,1.434637983170136625e-138,-1.432152473875330470e-138
7.792847155424405869e+00,1.198940844088426734e-141,6.920296287265451980e-139,-6.908306878824568369e-139
7.796870308318275100e+00,5.777593962499351379e-142,3.334831926415631390e-139,-3.329054332453132208e-139
7.800893461212144331e+00,2.781398248872712931e-142,1.605425327653773197e-139,-1.602643929404900411e-139
7.804916614106012673e+00,1.337661521021895227e-142,7.720993160612529180e-140,-7.707616545402310372e-140
7.808939766999881904e+00,6.426820787927994227e-143,3.709566177064457777e-140,-3.703139356276529850e-140
7.812962919893751135e+00,3.084700778001434930e-143,1.780491793669281153e-140,-1.777407092891279736e-140
7.816986072787620365e+00,1.479097469633993672e-143,8.537362604072218715e-141,-8.522571629375878407e-141
7.821009225681489596e+00,7.085123798097998119e-144,4.089539208886274217e-141,-4.082454085088176049e-141
7.825032378575358827e+00,3.390509689761712478e-144,1.957004945761299561e-141,-1.953614436071537901e-141
7.829055531469227169e+00,1.620874666814644376e-144,9.355701736977196566e-142,-9.339492990309050345e-142
7.833078684363096400e+00,7.741066122768847009e-145,4.468149651091517568e-142,-4.460408584968748708e-142
7.837101837256965631e+00,3.693337686512486291e-145,2.131797511275921792e-142,-2.128104173589409396e-142
7.841124990150834861e+00,1.760370798843867634e-145,1.016087454324470083e-142,-1.014327083525626126e-142
7.845148143044704092e+00,8.382164738962435526e-146,4.838192292683091636e-143,-4.829810127944129547e-143
7.849171295938573323e+00,3.987265233940650597e-146,2.301452730201624550e-143,-2.297465464967684032e-143
7.853194448832441665e+00,1.894789449705777409e-146,1.093674008692869095e-143,-1.091779219243163420e-143
7.857217601726310896e+00,8.995259313819340918e-147,5.192070978850335585e-144,-5.183075719536516484e-144
7.861240754620180127e+00,4.266122434711372961e-147,2.462409332788642377e-144,-2.458143210353931094e-144
7.865263907514049357e+00,2.021249105465718065e-147,1.166666624620945317e-144,-1.164645375515479594e-144
7.869287060407918588e+00,9.566944709675798800e-148,5.522048253253922065e-145,-5.512481308544246023e-145
7.873310213301787819e+00,4.523697805516127287e-148,2.611082045829354533e-145,-2.606558348023838515e-145
7.877333366195656161e+00,2.136883296566773727e-148,1.233410773553853548e-145,-1.231273890257286863e-145
7.881356519089525392e+00,1.008404839470175450e-148,5.820520919830087789e-146,-5.810436871435386234e-146
7.885379671983394623e+00,4.753964518728930296e-149,2.743992179527124625e-146,-2.739238215008395804e-146
7.889402824877263853e+00,2.238947183282379740e-149,1.292322131773953767e-146,-1.290083184590671328e-146
7.893425977771133084e+00,1.053412965105001494e-149,6.080308186141447676e-147,-6.069774056490397755e-147
7.897449130665002315e+00,4.951312843229922086e-150,2.857901792527357679e-147,-2.852950479684127977e-147
7.901472283558870657e+00,2.324925141158015498e-150,1.341948678804656505e-147,-1.339623753663498453e-147
7.905495436452739888e+00,1.090597450221553483e-150,6.294937335851279385e-148,-6.284031361349063315e-148
7.909518589346609119e+00,5.110776391552454167e-151,2.949944281954644614e-148,-2.944833505563092112e-148
7.913541742240478349e+00,2.392633503766412868e-151,1.381030000612837363e-148,-1.378637367109070881e-148
7.917564895134347580e+00,1.119005902988090286e-151,6.458911155580668905e-149,-6.447721096550787712e-149
7.921588048028216811e+00,5.228239490115781677e-152,3.017744077680522852e-149,-3.012515838190406974e-149
7.925611200922085153e+00,2.440312623818426833e-152,1.408550427355991145e-149,-1.406110114732172652e-149
7.929634353815954384e+00,1.137895442134438125e-152,6.567941728613532404e-150,-6.556562774192188561e-150
7.933657506709823615e+00,5.300613606100575932e-153,3.059518476056983032e-150,-3.054217862450882552e-150
7.937680659603692845e+00,2.466702841244260786e-153,1.423782882220615491e-150,-1.421316179379371177e-150
7.941703812497562076e+00,1.146764972064500119e-153,6.619136727109307928e-151,-6.607669077388662387e-151
7.945726965391430419e+00,5.325972279658590748e-154,3.074155522899293063e-151,-3.068829550619634644e-151
7.949750118285299649e+00,2.471099781735123297e-154,1.426320799785537727e-151,-1.423849700003802675e-151
7.953773271179168880e+00,1.145377271430422854e-154,6.611126907528327277e-152,-6.599673134814023047e-152
7.957796424073038111e+00,5.303636333901337569e-155,3.061263196758968285e-152,-3.055959560425066821e-152
7.961819576966907341e+00,2.453385597367332129e-155,1.416096158134956578e-152,-1.413642772537589316e-152
7.965842729860776572e+00,1.133769536084713911e-155,6.544126964640444201e-153,-6.532789269279596693e-153
7.969865882754644915e+00,5.234204101799142578e-156,3.021186855915680433e-153,-3.015952651813881489e-153
7.973889035648514145e+00,2.414034215244859395e-156,1.393382508379273585e-153,-1.390968474164028634e-153
7.977912188542383376e+00,1.112251722371065040e-156,6.419925968983692599e-154,-6.408803451759981791e-154
7.981935341436252607e+00,5.119524792223506760e-157,2.954993865233762352e-154,-2.949874340441538865e-154
7.985958494330121837e+00,2.354090267856028668e-157,1.358782813240376173e-154,-1.356428722972520105e-154
7.989981647223991068e+00,1.081392793747064382e-157,6.241807982260475603e-155,-6.230994054323005355e-155
7.994004800117859411e+00,4.962616650021080757e-158,2.864426358091883468e-155,-2.859463741441862354e-155
7.998027953011728641e+00,2.275123012652181756e-158,1.313202849393939522e-155,-1.310927726381287347e-155
8.002051105905598760e+00,1.041995722580310898e-158,6.014407767499018608e-156,-6.003987810273215222e-156
8.006074258799467103e+00,4.767534965790922287e-159,2.751825051517374038e-156,-2.747057516551583069e-156
8.010097411693335445e+00,2.179158078100920539e-159,1.257811811236780751e-156,-1.255632653158679877e-156
8.014120564587205564e+00,9.950627801496130303e-160,5.743510442661190721e-157,-5.733559814859694726e-157
8.018143717481073907e+00,4.539197991536835626e-160,2.620028764561039272e-157,-2.615489566569502417e-157
8.022166870374944025e+00,2.068591179327681975e-160,1.193992507484773015e-157,-1.191923916305445326e-157
8.026190023268812368e+00,9.417532085818362819e-161,5.435807162715480274e-158,-5.426389630629662312e-158
8.030213176162680710e+00,4.283181188515779730e-161,2.472255657987350446e-158,-2.467972476798834492e-158
8.034236329056550829e+00,1.946088929945905274e-161,1.123284109680609763e-158,-1.121338020750663798e-158
8.038259481950419172e+00,8.833357672916935143e-162,5.098621217304560892e-159,-5.089787859631644256e-159
8.042282634844289291e+00,4.005491803713596726e-162,2.311973119633257436e-159,-2.307967627829543691e-159
8.046305787738157633e+00,1.814482469999939384e-162,1.047320754156002652e-159,-1.045506271686002694e-159
8.050328940632027752e+00,8.211388573867882056e-163,4.739620148404979638e-160,-4.731408759831111757e-160
8.054352093525896095e+00,3.712336446289842528e-163,2.142763609344026663e-160,-2.139051272897736677e-160
8.058375246419764437e+00,1.676659801449094368e-163,9.677693979863045332e-161,-9.660927381848554764e-161
8.062398399313634556e+00,7.565009416082184168e-164,4.366529573822519590e-161,-4.358964564406437725e-161
8.066421552207502899e+00,3.409894101290167399e-164,1.968193642302988159e-161,-1.964783748201698137e-161
8.070444705101373017e+00,1.535462478360694939e-164,8.862701884852393137e-162,-8.847347260068785788e-162
8.074467857995241360e+00,6.907238032333594062e-165,3.986863397198970703e-162,-3.979956159166636876e-162
8.078491010889109702e+00,3.104105940242478089e-165,1.791692467537543758e-162,-1.788588361597301274e-162
8.082514163782979821e+00,1.393591680671271202e-165,8.043822489043137555e-163,-8.029886572236425202e-163
8.086537316676848164e+00,6.250308492709202972e-166,3.607683133716538413e-163,-3.601432825223829096e-163
8.090560469570718283e+00,2.800491500813593093e-166,1.616445966667946104e-163,-1.613645475167132497e-163
8.094583622464586625e+00,1.253527779199275944e-166,7.235372512925684188e-164,-7.222837235133690781e-164
8.098606775358454968e+00,5.605321980203486986e-167,3.235396395207039589e-164,-3.229791073226836200e-164
8.102629928252325087e+00,2.503998496763929500e-167,1.445309964091522912e-164,-1.442805965594758917e-164
8.106653081146193429e+00,1.117466367927329018e-167,6.450024942782377686e-165,-6.438850279103104751e-165
8.110676234040063548e+00,4.981977437597231310e-168,2.875601419313090621e-165,-2.870619441875493281e-165
8.114699386933931891e+00,2.218890901969759048e-168,1.280745628988448012e-165,-1.278526738086478230e-165
8.118722539827802009e+00,9.872725005973026245e-169,5.698544883940434727e-166,-5.688672158934461885e-166
8.122745692721670352e+00,4.388388104791423214e-169,2.532981174685870324e-166,-2.528592786581079001e-166
8.126768845615538694e+00,1.948677253926231687e-169,1.124778092047091712e-166,-1.122829414793165458e-166
8.130791998509408813e+00,8.644536261377667989e-170,4.989633343843036651e-167,-4.980988807581658785e-167
8.134815151403277156e+00,3.830984393525348255e-170,2.211247300197128354e-167,-2.207416315803603031e-167
8.138838304297147275e+00,1.696078555067368568e-170,9.789779180788851312e-168,-9.772818395238178468e-168
8.142861457191015617e+00,7.501505657926576339e-171,4.329875151960691290e-168,-4.322373646302765172e-168
8.146884610084883960e+00,3.314498426310559544e-171,1.913131180797486185e-168,-1.909816682371175718e-168
8.150907762978754079e+00,1.463032895158687652e-171,8.444637740677734004e-169,-8.430007411726146921e-169
8.154930915872622421e+00,6.451448915177385276e-172,3.723781547956870098e-169,-3.717330099041692785e-169
8.158954068766492540e+00,2.842021324970515386e-172,1.640417014508375122e-169,-1.637574993183404502e-169
8.162977221660360883e+00,1.250732110414447737e-172,7.219235888422790910e-170,-7.206728567318646012e-170
8.167000374554231001e+00,5.498803052369331511e-173,3.173913582930622194e-170,-3.168414779878253015e-170
8.171023527448099344e+00,2.415121189209538023e-173,1.394009909748254604e-170,-1.391594788559045069e-170
8.175046680341967686e+00,1.059684517889459602e-173,6.116507634173695156e-171,-6.105910788994800202e-171
8.179069833235837805e+00,4.644951120360268504e-174,2.681069554952304847e-171,-2.676424603831944762e-171
8.183092986129706148e+00,2.034007757601705707e-174,1.174030927789403494e-171,-1.171996920031801723e-171
8.187116139023576267e+00,8.897970459662422115e-175,5.135915767785578539e-172,-5.127017797325916296e-172
8.191139291917444609e+00,3.888626326726948287e-175,2.244518270401012690e-172,-2.240629644074285745e-172
8.195162444811312952e+00,1.697728981565378175e-175,9.799305454147881700e-173,-9.782328164332227831e-173
8.199185597705183071e+00,7.404699025395391633e-176,4.273998284345474787e-173,-4.266593585320079553e-173
8.203208750599051413e+00,3.226363952824844268e-176,1.862259890857732664e-173,-1.859033526904907767e-173
8.207231903492921532e+00,1.404385059996703411e-176,8.106121958832147652e-174,-8.092078108232180107e-174
8.211255056386789875e+00,6.106972193689238126e-177,3.524949304197376843e-174,-3.518842332003687748e-174
8.215278209280659993e+00,2.652971486130808708e-177,1.531297293875537051e-174,-1.528644322389406351e-174
8.219301362174528336e+00,1.151346698097559609e-177,6.645582481015962311e-175,-6.634069014034987138e-175
8.223324515068396678e+00,4.991677917667124755e-178,2.881200543234106334e-175,-2.876208865316439444e-175
8.227347667962266797e+00,2.161991033725480052e-178,1.247902978417243477e-175,-1.245740987383518060e-175
8.231370820856135140e+00,9.354662416422661249e-179,5.399518734947725909e-176,-5.390164072531302929e-176
8.235393973750005259e+00,4.043609876687224402e-179,2.333974900834531821e-176,-2.329931290957844612e-176
8.239417126643873601e+00,1.746132820776673233e-179,1.007869280530581721e-176,-1.006123147709805116e-176
8.243440279537741944e+00,7.532726517618978726e-180,4.347895856095369315e-177,-4.340363129577750472e-177
8.247463432431612063e+00,3.246340148691335410e-180,1.873790167049910716e-177,-1.870543826901219386e-177
8.251486585325480405e+00,1.397663884995475516e-180,8.067327281052479623e-178,-8.053350642202524855e-178
8.255509738219350524e+00,6.011437852932037106e-181,3.469806804719227384e-178,-3.463795366866295607e-178
8.259532891113218867e+00,2.582979015216522635e-181,1.490897582673710425e-178,-1.488314603658493824e-178
8.263556044007087209e+00,1.108741470717413098e-181,6.399664762056514934e-179,-6.388577347349341176e-179
8.267579196900957328e+00,4.754519181624499452e-182,2.744312328019824365e-179,-2.739557808838199788e-179
8.271602349794825670e+00,2.036806694079436007e-182,1.175646475859462117e-179,-1.173609669165382748e-179
8.275625502688695789e+00,8.716856997082189729e-183,5.031376928820740896e-180,-5.022660071823658669e-180
8.279648655582564132e+00,3.726807208295809343e-183,2.151116143354624848e-180,-2.147389336146329082e-180
8.283671808476434251e+00,1.591771887144595487e-183,9.187720242969534212e-181,-9.171802524098088640e-181
8.287694961370302593e+00,6.791905449675600622e-184,3.920293334207242513e-181,-3.913501428757567145e-181
8.291718114264170936e+00,2.895138405802203659e-184,1.671076235943106286e-181,-1.668181097537304172e-181
8.295741267158041055e+00,1.232860469433596142e-184,7.116080628645133369e-182,-7.103752023950797389e-182
8.299764420051909397e+00,5.244757617264383104e-185,3.027278350389408586e-182,-3.022033592772144357e-182
8.303787572945779516e+00,2.228967904940826526e-185,1.286562082495680964e-182,-1.284333114590740146e-182
8.307810725839647858e+00,9.463441584151470276e-186,5.462306157452496050e-183,-5.452842715868344194e-183
8.311833878733516201e+00,4.013851437064240894e-186,2.316798304774422472e-183,-2.312784453337358225e-183
8.315857031627386320e+00,1.700749611378641943e-186,9.816740550115343540e-184,-9.799733054001557443e-184
8.319880184521254662e+00,7.199235238208308572e-187,4.155404418086603368e-184,-4.148205182848395133e-184
8.323903337415124781e+00,3.044382708651185050e-187,1.757220168410459855e-184,-1.754175785701808695e-184
8.327926490308993124e+00,1.286112699101839506e-187,7.423452929421015125e-185,-7.410591802429996873e-185
8.331949643202863243e+00,5.427823340715128481e-188,3.132944034113305167e-185,-3.127516210772589738e-185
8.335972796096731585e+00,2.288438680579017497e-188,1.320888662289556398e-185,-1.318600223608977393e-185
8.339995948990599928e+00,9.638728632017838420e-189,5.563481983066487696e-186,-5.553843254434469708e-186
8.344019101884470047e+00,4.055712158299133604e-189,2.340960346777967533e-186,-2.336904634619668337e-186
8.348042254778338389e+00,1.704831235907118984e-189,9.840299718974682702e-187,-9.823251406615610932e-187
8.352065407672208508e+00,7.159168117518005659e-190,4.132277643101444591e-187,-4.125118474983926402e-187
8.356088560566076850e+00,3.003382361968230026e-190,1.733554734874370718e-187,-1.730551352512402496e-187
8.360111713459945193e+00,1.258709728231044746e-190,7.265282758565770997e-188,-7.252695661283460508e-188
8.364134866353815312e+00,5.269961584562408507e-191,3.041826100124123337e-188,-3.036556138539560797e-188
8.368158019247683654e+00,2.204226442341673888e-191,1.272281289953366316e-188,-1.270077063511024715e-188
8.372181172141553773e+00,9.210259451477701169e-192,5.316169224033670350e-189,-5.306958964582192688e-189
8.376204325035422116e+00,3.844628833058194612e-192,2.219122880039337928e-189,-2.215278251206279610e-189
8.380227477929292235e+00,1.603259680133902959e-192,9.254027874398794860e-190,-9.237995277597455020e-190
8.384250630823160577e+00,6.679134987244095837e-193,3.855202130627727642e-190,-3.848522995640483536e-190
8.388273783717028920e+00,2.779735468917089181e-193,1.604465566675738511e-190,-1.601685831206821467e-190
8.392296936610899039e+00,1.155722622426924466e-193,6.670840348022939605e-191,-6.659283121798669963e-191
8.396320089504767381e+00,4.800325179202884942e-194,2.770751585825686196e-191,-2.765951260646483383e-191
8.400343242398637500e+00,1.991840687076039737e-194,1.149692059668478226e-191,-1.147700218981402218e-191
8.404366395292505842e+00,8.256679724984264353e-195,4.765762232145721562e-192,-4.757505552420737278e-192
8.408389548186374185e+00,3.419189537490672342e-195,1.973558973445449746e-192,-1.970139783907958973e-192
8.412412701080244304e+00,1.414515826415639978e-195,8.164596819384797238e-193,-8.150451661120641255e-193
8.416435853974112646e+00,5.846007172628261823e-196,3.374320080113633145e-193,-3.368474072941004826e-193
8.420459006867982765e+00,2.413669344835852688e-196,1.393171902877891245e-193,-1.390758233533055280e-193
8.424482159761851108e+00,9.955500609581759638e-197,5.746323023842245305e-194,-5.736367523232663342e-194
8.428505312655719450e+00,4.102185826928574416e-197,2.367784985354457108e-194,-2.363682799527528590e-194
8.432528465549589569e+00,1.688629819346572457e-197,9.746785008548616455e-195,-9.729898710355150065e-195
8.436551618443457912e+00,6.944172113121963801e-198,4.008181773922730310e-195,-4.001237601809608322e-195
8.440574771337328031e+00,2.852813601901473629e-198,1.646646324013903986e-195,-1.643793510412002602e-195
8.444597924231196373e+00,1.170828308850010303e-198,6.758030491405031879e-196,-6.746322208316531978e-196
8.448621077125066492e+00,4.800427669045058867e-199,2.770810742578384249e-196,-2.766010314909339207e-196
8.452644230018934834e+00,1.966226495217101041e-199,1.134907527166899671e-196,-1.132941300671682495e-196
8.456667382912803177e+00,8.045518828880614381e-200,4.643879990913058896e-197,-4.635834472084178323e-197
8.460690535806673296e+00,3.288830300213708792e-200,1.898315515669133565e-197,-1.895026685368919772e-197
8.464713688700541638e+00,1.343061105400620145e-200,7.752159589003041591e-198,-7.738728977949034705e-198
8.468736841594411757e+00,5.479197782212441013e-201,3.162597402015205880e-198,-3.157118204232993344e-198
8.472759994488280100e+00,2.233084105772343862e-201,1.288937956251951767e-198,-1.286704872146179415e-198
8.476783147382148442e+00,9.092013697008565401e-202,5.247917676898796767e-199,-5.238825663201788093e-199
8.480806300276018561e+00,3.698128350217991322e-202,2.134562681827521402e-199,-2.130864553477303390e-199
8.484829453169886904e+00,1.502694776164642337e-202,8.673566430293199067e-200,-8.658539482531552143e-200
8.488852606063757023e+00,6.099952752081267273e-203,3.520897673656455372e-200,-3.514797720904373858e-200
8.492875758957625365e+00,2.473711587869840044e-203,1.427828333906989605e-200,-1.425354622319119745e-200
8.496898911851495484e+00,1.002163436587302278e-203,5.784495480245518685e-201,-5.774473845879645696e-201
8.500922064745363826e+00,4.055971939561508253e-204,2.341110291549297854e-201,-2.337054319609736453e-201
8.504945217639232169e+00,1.639903254239367262e-204,9.465534877468812915e-202,-9.449135844926418662e-202
8.508968370533102288e+00,6.623818312372159839e-205,3.823273299500058092e-202,-3.816649481187685822e-202
8.512991523426970630e+00,2.672794033474049228e-205,1.542738882801749966e-202,-1.540066088768275985e-202
8.517014676320840749e+00,1.077431014143860334e-205,6.218940547671838346e-203,-6.208166237530399928e-203
8.521037829214709092e+00,4.338907084831722403e-206,2.504420686602873175e-203,-2.500081779518041582e-203
8.525060982108577434e+00,1.745573440365002650e-206,1.007546404775524982e-203,-1.005800831335159942e-203
8.529084135002447553e+00,7.015567353160750044e-207,4.049391163151526578e-204,-4.042375595798365694e-204
8.533107287896315896e+00,2.816789346009855434e-207,1.625853093820876714e-204,-1.623036304474867008e-204
8.537130440790186015e+00,1.129829313312676746e-207,6.521383954811004082e-205,-6.510085661677877205e-205
8.541153593684054357e+00,4.527288857932910560e-208,2.613154798574568713e-205,-2.608627509716635970e-205
8.545176746577924476e+00,1.812301582049668922e-208,1.046061942179417206e-205,-1.044249640597367449e-205
8.549199899471792818e+00,7.247523496433725100e-209,4.183276436804411036e-206,-4.176028913307977068e-206
8.553223052365661161e+00,2.895447483771468112e-209,1.671254634588987045e-206,-1.668359187105215530e-206
8.557246205259531280e+00,1.155602973035588928e-209,6.670149727218966929e-207,-6.658593697488610598e-207
8.561269358153399622e+00,4.607533553017624345e-210,2.659472101450837282e-207,-2.654864567897819574e-207
8.565292511047269741e+00,1.835250116982090579e-210,1.059307855075271468e-207,-1.057472604958289444e-207
8.569315663941138084e+00,7.302791681539009692e-211,4.215177277772572675e-208,-4.207874486091033950e-208
8.573338816835006426e+00,2.903016216344205685e-211,1.675623313056548911e-208,-1.672720296840204609e-208
8.577361969728876545e+00,1.152860898014135449e-211,6.654322447537759227e-209,-6.642793838557617704e-209
8.581385122622744888e+00,4.573737701186536080e-212,2.639965108209238449e-209,-2.635391370508051813e-209
8.585408275516615006e+00,1.812727394111339665e-212,1.046307721110845903e-209,-1.044494993716734559e-209
8.589431428410483349e+00,7.177292390281598249e-213,4.142738984868898892e-210,-4.135561692478617306e-210
8.593454581304351692e+00,2.838936496079982742e-213,1.638636446475110631e-210,-1.635797509979030615e-210
8.597477734198221810e+00,1.121805628672777412e-213,6.475071180770551932e-211,-6.463853124483823902e-211
8.601500887092090153e+00,4.428395996169934640e-214,2.556073758106488407e-211,-2.551645362110318369e-211
8.605524039985960272e+00,1.746393804427985409e-214,1.008019919316340422e-211,-1.006273525511912485e-211
8.609547192879828614e+00,6.880259400815470382e-215,3.971291302346121012e-212,-3.964411042945305312e-212
8.613570345773698733e+00,2.707910714636438422e-215,1.563008259129240733e-212,-1.560300348414604410e-212
8.617593498667567076e+00,1.064708611743492138e-215,6.145506735892423446e-213,-6.134859649774987877e-213
8.621616651561435418e+00,4.182096895462178032e-216,2.413909717401150710e-213,-2.409727620505688518e-213
8.625639804455305537e+00,1.641059443704885509e-216,9.472208408752567823e-214,-9.455797814315519608e-214
8.629662957349173880e+00,6.433116738853021731e-217,3.713200195227573556e-214,-3.706767078488720645e-214
8.633686110243043998e+00,2.519332272644529446e-217,1.454160629482598948e-214,-1.451641297209954376e-214
8.637709263136912341e+00,9.856355640671649603e-218,5.689096463490439157e-215,-5.679240107849767560e-215
8.641732416030780684e+00,3.852247471731825849e-218,2.223520362556597092e-215,-2.219668115084865346e-215
8.645755568924650802e+00,1.504107545679141905e-218,8.681720942880474297e-216,-8.666679867423683412e-216
8.649778721818519145e+00,5.866924494972208103e-219,3.386393572983706134e-216,-3.380526648488733638e-216
8.653801874712389264e+00,2.286172550452462997e-219,1.319580648791070776e-216,-1.317294476240618284e-216
8.657825027606257606e+00,8.899680399103938733e-220,5.136902738424367230e-217,-5.128003058025263522e-217
8.661848180500127725e+00,3.461040755868862932e-220,1.997715528996048949e-217,-1.994254488240180267e-217
8.665871333393996068e+00,1.344639651780742491e-220,7.761270966475712798e-218,-7.747824569957905351e-218
8.669894486287864410e+00,5.218816325801441017e-221,3.012305012323652481e-218,-3.007086195997851212e-218
8.673917639181734529e+00,2.023508385863871129e-221,1.167970680056770384e-218,-1.165947171670906566e-218
8.677940792075602872e+00,7.837993566172013874e-222,4.524096237800445263e-219,-4.516258244234273408e-219
8.681963944969472990e+00,3.032995001828301711e-222,1.750647172776618380e-219,-1.747614177774789931e-219
8.685987097863341333e+00,1.172479841105403917e-222,6.767563143707248728e-220,-6.755838345296195010e-220
8.690010250757209675e+00,4.527995349763889548e-223,2.613562584978504022e-220,-2.609034589628740039e-220
8.694033403651079794e+00,1.746921772906510790e-223,1.008324662862375816e-220,-1.006577741089469244e-220
8.698056556544948137e+00,6.732988011146390230e-224,3.886286135762152997e-221,-3.879553147751006814e-221
8.702079709438818256e+00,2.592442439551653514e-224,1.496359876741498925e-221,-1.493767434301947300e-221
8.706102862332686598e+00,9.971885923480362610e-225,5.755780635085792577e-222,-5.745808749162312145e-222
8.710126015226556717e+00,3.831884221727243000e-225,2.211766677663953536e-222,-2.207934793442226167e-222
8.714149168120425060e+00,1.471005693043130677e-225,8.490656779338773858e-223,-8.475946722408342737e-223
8.718172321014293402e+00,5.641352354604956563e-226,3.256193150045145754e-223,-3.250551797690540756e-223
8.722195473908163521e+00,2.161319624876955979e-226,1.247515438695426202e-223,-1.245354119070549213e-223
8.726218626802031864e+00,8.272212179026760804e-227,4.774727572260191703e-224,-4.766455360081165145e-224
8.730241779695901982e+00,3.162942025844276575e-227,1.825652700054442664e-224,-1.822489758028598490e-224
8.734264932589770325e+00,1.208169021738088160e-227,6.973561382430573931e-225,-6.961479692213192909e-225
8.738288085483638667e+00,4.610319866379308923e-228,2.661080362263107512e-225,-2.656470042396728196e-225
8.742311238377508786e+00,1.757524217226894506e-228,1.014444402157552462e-225,-1.012686877940325538e-225
8.746334391271377129e+00,6.693272024839343214e-229,3.863362035682647785e-226,-3.856668763657808398e-226
8.750357544165247248e+00,2.546493262299086210e-229,1.469837974170192307e-226,-1.467291480907893275e-226
8.754380697059115590e+00,9.678621023969202699e-230,5.586507896590823493e-227,-5.576829275566854446e-227
8.758403849952983933e+00,3.674949168585092827e-230,2.121183637499616432e-227,-2.117508688331031372e-227
8.762427002846854052e+00,1.393978532543707312e-230,8.046055383556204285e-228,-8.032115598230767720e-228
8.766450155740722394e+00,5.282356802448879321e-231,3.048980625986241111e-228,-3.043698269183792028e-228
8.770473308634592513e+00,1.999706589638580712e-231,1.154232263628823954e-228,-1.152232557039185322e-228
8.774496461528460856e+00,7.562610278109969895e-232,4.365144779419366895e-229,-4.357582169141256954e-229
8.778519614422330974e+00,2.857222499192730249e-232,1.649191141308884225e-229,-1.646333918809691533e-229
8.782542767316199317e+00,1.078408494028409296e-232,6.224582564162746262e-230,-6.213798479222462324e-230
8.786565920210067659e+00,4.066206557026672226e-233,2.347017718886287480e-230,-2.342951512329261022e-230
8.790589073103937778e+00,1.531660352538316832e-233,8.840755963231499716e-231,-8.825439359706116015e-231
8.794612225997806121e+00,5.763713737251682887e-234,3.326820238433696564e-231,-3.321056524696444902e-231
8.798635378891676240e+00,2.166752133621373212e-234,1.250651086836302692e-231,-1.248484334702681366e-231
8.802658531785544582e+00,8.137349339037044175e-235,4.696884630588409511e-232,-4.688747281249372772e-232
8.806681684679412925e+00,3.052977380127029629e-235,1.762181017014737668e-232,-1.759128039634610461e-232
8.810704837573283044e+00,1.144276845896210597e-235,6.604775224169979786e-233,-6.593332455711017581e-233
8.814727990467151386e+00,4.284553121141598485e-236,2.473047532358807251e-233,-2.468762979237665829e-233
8.818751143361021505e+00,1.602680124427559599e-236,9.250682661087205531e-234,-9.234655859842930206e-234
8.822774296254889848e+00,5.989010414671307783e-237,3.456861662843534975e-234,-3.450872652428863858e-234
8.826797449148759966e+00,2.235785747917185958e-237,1.290497344815595670e-234,-1.288261559067678483e-234
8.830820602042628309e+00,8.338197858557460340e-238,4.812814558327627816e-235,-4.804476360469070383e-235
8.834843754936496651e+00,3.106569736891244475e-238,1.793114568591332782e-235,-1.790007998854441551e-235
8.838866907830366770e+00,1.156263764846478930e-238,6.673963816849745161e-236,-6.662401179201280349e-236
8.842890060724235113e+00,4.299318529007213381e-239,2.481570137515026823e-236,-2.477270818986019407e-236
8.846913213618105232e+00,1.597015851539235601e-239,9.217988431254209160e-237,-9.202018272738817202e-237
8.850936366511973574e+00,5.926328610679625107e-240,3.420681674492401249e-237,-3.414755345881721641e-237
8.854959519405841917e+00,2.196995307261356880e-240,1.268107470931325940e-237,-1.265910475624064527e-237
8.858982672299712036e+00,8.136533695187976935e-241,4.696413839445835342e-238,-4.688277305750647523e-238
8.863005825193580378e+00,3.010347443273616692e-241,1.737574982612929194e-238,-1.734564635169655550e-238
8.867028978087450497e+00,1.112655494520388822e-241,6.422256526701741107e-239,-6.411129971756536892e-239
8.871052130981318840e+00,4.108390426202875976e-242,2.371366281703821258e-239,-2.367257891277618250e-239
8.875075283875187182e+00,1.515477866799336154e-242,8.747350522065335692e-240,-8.732195743397342682e-240
8.879098436769057301e+00,5.584629747182987513e-243,3.223452813408716449e-240,-3.217868183661533410e-240
8.883121589662925643e+00,2.055919333163874701e-243,1.186678304302306613e-240,-1.184622384969142702e-240
8.887144742556795762e+00,7.561094283858671324e-244,4.364269744725334252e-241,-4.356708650441475314e-241
8.891167895450664105e+00,2.777986523094298177e-244,1.603456071129530611e-241,-1.600678084606436393e-241
8.895191048344534224e+00,1.019629784729942605e-244,5.885311375764780348e-242,-5.875115077917480833e-242
8.899214201238402566e+00,3.738710089125609512e-245,2.157986491514676299e-242,-2.154247781425550847e-242
8.903237354132270909e+00,1.369518693063593326e-245,7.904872988321551703e-243,-7.891177801390915831e-243
8.907260507026141028e+00,5.011653501450306403e-246,2.892730460020553771e-243,-2.887718806519103310e-243
8.911283659920009370e+00,1.832149916426137806e-246,1.057518415622346975e-243,-1.055686265705920896e-243
8.915306812813879489e+00,6.691259534507192719e-247,3.862200422528975210e-244,-3.855509162994468246e-244
8.919329965707747832e+00,2.441302754895800772e-247,1.409121927304140061e-244,-1.406680624549244338e-244
8.923353118601616174e+00,8.898202912040818640e-248,5.136049927299195932e-245,-5.127151724387155283e-245
8.927376271495486293e+00,3.240036231907626593e-248,1.870151537070608539e-245,-1.866911500838700809e-245
8.931399424389354635e+00,1.178594272680916737e-248,6.802855686927104481e-246,-6.791069744200295700e-246
8.935422577283224754e+00,4.282976423770387974e-249,2.472137460397421939e-246,-2.467854483973651450e-246
8.939445730177093097e+00,1.554869480167459852e-249,8.974719231622888296e-247,-8.959170536821213894e-247
8.943468883070963216e+00,5.639090860165347153e-250,3.254887811258586493e-247,-3.249248720398421053e-247
8.947492035964831558e+00,2.043107148243420068e-250,1.179283100544263720e-247,-1.177239993396020337e-247
8.951515188858699901e+00,7.395032588087756514e-251,4.268418798538692058e-248,-4.261023765950604069e-248
8.955538341752570020e+00,2.673966357749850316e-251,1.543415547122768916e-248,-1.540741580765019064e-248
8.959561494646438362e+00,9.659144954287176492e-252,5.575266289704274080e-249,-5.565607144749987337e-249
8.963584647540308481e+00,3.485686513052942448e-252,2.011941078057750527e-249,-2.008455391544697708e-249
8.967607800434176824e+00,1.256622600814532955e-252,7.253235827991778911e-250,-7.240669601983633674e-250
8.971630953328045166e+00,4.525726495932842508e-253,2.612252998337364973e-250,-2.607727271841432057e-250
8.975654106221915285e+00,1.628315813945723799e-253,9.398652063898138852e-251,-9.382368905758681901e-251
8.979677259115783627e+00,5.852694760349726815e-254,3.378180155036323115e-251,-3.372327460275973268e-251
8.983700412009653746e+00,2.101551351400029008e-254,1.213017141794886970e-251,-1.210915590443486941e-251
8.987723564903522089e+00,7.538605832071227106e-255,4.351289390727348864e-252,-4.343750784895277524e-252
8.991746717797392208e+00,2.701524830827096369e-255,1.559322319918278119e-252,-1.556620795087450974e-252
8.995769870691260550e+00,9.671498951712201876e-256,5.582397026371267152e-253,-5.572725527419555472e-253
8.999793023585128893e+00,3.458959781457534967e-256,1.996514386704355991e-253,-1.993055426922898440e-253
9.003816176478999012e+00,1.235845366067483214e-256,7.133309459946366575e-254,-7.120951006285691849e-254
9.007839329372867354e+00,4.411127922524586615e-257,2.546106608668435411e-254,-2.541695480745910763e-254
9.011862482266737473e+00,1.572903465690528948e-257,9.078811539991122482e-255,-9.063082505334217967e-255
9.015885635160605815e+00,5.603009825796136074e-258,3.234061808245922781e-255,-3.228458798420126635e-255
9.019908788054474158e+00,1.993919389801366536e-258,1.150891886268961478e-255,-1.148897966879160205e-255
9.023931940948344277e+00,7.088603863850219811e-259,4.091547889800607547e-256,-4.084459285936757620e-256
9.027955093842212619e+00,2.517565134497636020e-259,1.453140634065535072e-256,-1.450623068931037356e-256
9.031978246736082738e+00,8.932388867680359040e-260,5.155782086775798147e-257,-5.146849697908117740e-257
9.036001399629951081e+00,3.166076656264783363e-260,1.827462009472107394e-257,-1.824295932815842689e-257
9.040024552523819423e+00,1.121094256415611906e-260,6.470965125106619348e-258,-6.459754182542463604e-258
9.044047705417689542e+00,3.965790128250842389e-261,2.289057272946827813e-258,-2.285091482818576989e-258
9.048070858311557885e+00,1.401471353333100801e-261,8.089303998411880045e-259,-8.075289284878549443e-259
9.052094011205428004e+00,4.947725768660972231e-262,2.855831319546291896e-259,-2.850883593777631076e-259
9.056117164099296346e+00,1.744993903127222085e-262,1.007211893688309185e-259,-1.005466899785181902e-259
9.060140316993166465e+00,6.148215835123454728e-263,3.548755157780458895e-260,-3.542606941945335314e-260
9.064163469887034807e+00,2.164069450367431960e-263,1.249102638819902139e-260,-1.246938569369534726e-260
9.068186622780903150e+00,7.609571134936901549e-264,4.392250619867230580e-261,-4.384641048732293407e-261
9.072209775674773269e+00,2.673105294191947091e-264,1.542918539959586498e-261,-1.540245434665394552e-261
9.076232928568641611e+00,9.380777793015916983e-265,5.414592536757189781e-262,-5.405211758964173973e-262
9.080256081462511730e+00,3.288732342269335236e-265,1.898258970473247324e-262,-1.894970238130978032e-262
9.084279234356380073e+00,1.151821306075522499e-265,6.648321903580348048e-263,-6.636803690519592848e-263
9.088302387250248415e+00,4.030032829578012602e-266,2.326138211835386125e-263,-2.322108179005808225e-263
9.092325540144118534e+00,1.408636567185261629e-266,8.130661669617594939e-264,-8.116575303945741582e-264
9.096348693037986877e+00,4.918766767807791832e-267,2.839116160402403779e-264,-2.834197393634596083e-264
9.100371845931856996e+00,1.715854271021337957e-267,9.903924743031018796e-265,-9.886766200320805062e-265
9.104394998825725338e+00,5.979590838484371003e-268,3.451424672704591629e-265,-3.445445081866107359e-265
9.108418151719595457e+00,2.081754122837972155e-268,1.201590164954691230e-265,-1.199508410831853287e-265
9.112441304613463799e+00,7.240262247040601456e-269,4.179085230182639900e-266,-4.171844967935599536e-266
9.116464457507332142e+00,2.515625904816030209e-269,1.452021308708808185e-266,-1.449505682803992187e-266
9.120487610401202261e+00,8.731818853767248048e-270,5.040012910910017006e-267,-5.031281092056249672e-267
9.124510763295070603e+00,3.027821542047743498e-270,1.747661045106562859e-267,-1.744633223564515028e-267
9.128533916188940722e+00,1.048872573688852694e-270,6.054100985927208494e-268,-6.043612260190320058e-268
9.132557069082809065e+00,3.629794867898849084e-271,2.095120536033917170e-268,-2.091490741166018233e-268
9.136580221976677407e+00,1.254897727773669932e-271,7.243279842887550793e-269,-7.230730865609814075e-269
9.140603374870547526e+00,4.334125487577765050e-272,2.501660739796062137e-269,-2.497326614308484474e-269
9.144626527764415869e+00,1.495414295010944543e-272,8.631543415695986659e-270,-8.616589272745876597e-270
9.148649680658285988e+00,5.154522884624295518e-273,2.975194781385374015e-270,-2.970040258500749807e-270
9.152672833552154330e+00,1.774934431399130199e-273,1.024493590528771876e-270,-1.022718656097372682e-270
9.156695986446024449e+00,6.105806743607520367e-274,3.524276594725396561e-271,-3.518170787981788951e-271
9.160719139339892791e+00,2.098315033016961337e-274,1.211149135512441825e-271,-1.209050820479424839e-271
9.164742292233761134e+00,7.203859396989017953e-275,4.158073474962719827e-272,-4.150869615565730873e-272
9.168765445127631253e+00,2.470737810136709101e-275,1.426111863881987637e-272,-1.423641126071850950e-272
9.172788598021499595e+00,8.465546368233467240e-276,4.886320215885775054e-273,-4.877854669517541380e-273
9.176811750915369714e+00,2.897678657934932115e-276,1.672542466763159136e-273,-1.669644788105224208e-273
9.180834903809238057e+00,9.908601198992340140e-277,5.719252632081331115e-274,-5.709344030882339276e-274
9.184858056703106399e+00,3.384865172379976485e-277,1.953746917182440139e-274,-1.950362052010060107e-274
9.188881209596976518e+00,1.155147113527402183e-277,6.667518488870167022e-275,-6.655967017734893624e-275
9.192904362490844861e+00,3.938221311410483714e-278,2.273144528454532554e-275,-2.269206307143122216e-275
9.196927515384714980e+00,1.341312082249626005e-278,7.742064194923262316e-276,-7.728651074100765621e-276
9.200950668278583322e+00,4.563798414401161740e-279,2.634228138560610876e-276,-2.629664340146209553e-276
9.204973821172451665e+00,1.551279193246872576e-279,8.953996058781266409e-277,-8.938483266848797727e-277
9.208996974066321783e+00,5.267692069443917518e-280,3.040516125877064241e-277,-3.035248433807620091e-277
9.213020126960190126e+00,1.786971762155835897e-280,1.031441547384673685e-277,-1.029654575622517803e-277
9.217043279854060245e+00,6.055944658513845145e-281,3.495496158168771584e-278,-3.489440213510257567e-278
9.221066432747928587e+00,2.050279189454171569e-281,1.183422807495515855e-278,-1.181372528306061681e-278
9.225089585641798706e+00,6.934433812350952280e-282,4.002560808649879563e-279,-3.995626374837528574e-279
9.229112738535667049e+00,2.343019531009234605e-282,1.352392769528479687e-279,-1.350049749997470518e-279
9.233135891429535391e+00,7.908747464402791193e-283,4.564935437023725300e-280,-4.557026689559322925e-280
9.237159044323405510e+00,2.666897998908489132e-283,1.539335683278224045e-280,-1.536668785279315498e-280
9.241182197217273853e+00,8.984046697560482863e-284,5.185599024512238902e-281,-5.176614977814678466e-281
9.245205350111143972e+00,3.023461854180602117e-284,1.745144629061138010e-281,-1.742121167206957309e-281
9.249228503005012314e+00,1.016491811644034917e-284,5.867198963002572031e-282,-5.857034044886131779e-282
9.253251655898880657e+00,3.414052327185325931e-285,1.970593766126006805e-282,-1.967179713798821304e-282
9.257274808792750775e+00,1.145521803589646315e-285,6.611961120543814118e-283,-6.600505902507917770e-283
9.261297961686619118e+00,3.839754378769145285e-286,2.216309334748454788e-283,-2.212469580369685772e-283
9.265321114580489237e+00,1.285791133523610726e-286,7.421596827872445379e-284,-7.408738916537208674e-284
9.269344267474357579e+00,4.301345289566689931e-287,2.482739981939371612e-284,-2.478438636649804862e-284
9.273367420368227698e+00,1.437490836540004511e-287,8.297208741087161754e-285,-8.282833832721761732e-285
9.277390573262096041e+00,4.799243228915613171e-288,2.770127075376159485e-285,-2.765327832147243772e-285
9.281413726155964383e+00,1.600690379037082171e-288,9.239197820797190642e-286,-9.223190917006820588e-286
9.285436879049834502e+00,5.333457101274237981e-289,3.078475754718584886e-286,-3.073142297617310709e-286
9.289460031943702845e+00,1.775322166991167540e-289,1.024717391374574732e-286,-1.022942069207583553e-286
9.293483184837572963e+00,5.903539088930113918e-290,3.407527539218741408e-287,-3.401624000129811123e-287
9.297506337731441306e+00,1.961167142364951107e-290,1.131987261516376359e-287,-1.130026094374011353e-287
9.301529490625309649e+00,6.508541397553531123e-291,3.756735361220121363e-288,-3.750226819822567566e-288
9.305552643519179767e+00,2.157841953258528759e-291,1.245508121477800181e-288,-1.243350279524541725e-288
9.309575796413048110e+00,7.146978758447594385e-292,4.125241922430052883e-289,-4.118094943671605577e-289
9.313598949306918229e+00,2.364788191257218166e-292,1.364957657469256819e-289,-1.362592869277999659e-289
9.317622102200786571e+00,7.816798242062108542e-293,4.511862270246982154e-290,-4.504045472004920023e-290
9.321645255094656690e+00,2.581264181575342121e-293,1.489907774204806579e-290,-1.487326510023231105e-290
9.325668407988525033e+00,8.515357885931585493e-294,4.915071461795902621e-291,-4.906556103909970866e-291
9.329691560882393375e+00,2.806339786752728155e-294,1.619821595588298259e-291,-1.617015255801545372e-291
9.333714713776263494e+00,9.239415533811570427e-295,5.332998121872973501e-292,-5.323758706339161764e-292
9.337737866670131837e+00,3.038894641970363372e-295,1.754052446139580724e-292,-1.751013551497610359e-292
9.341761019564001955e+00,9.985129119206593362e-296,5.763424606581566484e-293,-5.753439477462359610e-293
9.345784172457870298e+00,3.277620179444354265e-296,1.891845019475728244e-293,-1.888567399296283783e-293
9.349807325351738641e+00,1.074806940684002949e-296,6.203794357736932419e-294,-6.193046288330092392e-294
9.353830478245608759e+00,3.521025721256900465e-297,2.032338895095037027e-294,-2.028817869373780287e-294
9.357853631139477102e+00,1.152324593282917864e-297,6.651226875551193911e-295,-6.639703629618365041e-295
9.361876784033347221e+00,3.767448825958627963e-298,2.174574510447603940e-295,-2.170807061621645214e-295
9.365899936927215563e+00,1.230514656392748306e-298,7.102540552250026291e-296,-7.090235405686098689e-296
9.369923089821083906e+00,4.015069966309352095e-299,2.317501632939655628e-296,-2.313486562973346233e-296
9.373946242714954025e+00,1.308779073590706818e-299,7.554283401321978877e-297,-7.541195610586071629e-297
9.377969395608822367e+00,4.261931496524751085e-300,2.459990307839142621e-297,-2.455728376342617797e-297
9.381992548502692486e+00,1.386479604191130345e-300,8.002771492370074143e-298,-7.988906696328163303e-298
9.386015701396560829e+00,4.505960741020933489e-301,2.600844185122741091e-298,-2.596338224381720145e-298
9.390038854290430947e+00,1.462945743467686629e-301,8.444134666687298522e-299,-8.429505209252621859e-299
9.394062007184299290e+00,4.744996906885390415e-302,2.738816053373387137e-299,-2.734071056466501933e-299
9.398085160078167632e+00,1.537483789651330961e-302,8.874368872050249996e-300,-8.858994034153737254e-300
9.402108312972037751e+00,4.976821393884658797e-303,2.872625334741727153e-300,-2.867648513347842644e-300
9.406131465865906094e+00,1.609386903228964136e-303,9.289394225071836189e-301,-9.273300356039546852e-301
9.410154618759776213e+00,5.199190953347198688e-304,3.000977224280144802e-301,-2.995778033326797691e-301
9.414177771653644555e+00,1.677945966907969211e-304,9.685117695006909880e-302,-9.668338235337831139e-302
9.418200924547512898e+00,5.409873035833400780e-305,3.122583092645415682e-302,-3.117173219609582044e-302
9.422224077441383017e+00,1.742461021608510259e-305,1.005749911238151503e-302,-1.004007450216543013e-302
9.426247230335251359e+00,5.606682571523076159e-306,3.236181715773080690e-303,-3.230575033201557549e-303
9.430270383229121478e+00,1.802253026542030182e-306,1.040261904827385564e-303,-1.038459651800843553e-303
9.434293536122989821e+00,5.787519351355144102e-307,3.340560851292315946e-304,-3.334773331940960797e-304
9.438316689016859939e+00,1.856675670976193390e-307,1.071674699191685036e-304,-1.069818023520708942e-304
9.442339841910728282e+00,5.950405124404547620e-308,3.434578651169589962e-305,-3.428628246045185479e-305
9.446362994804596624e+00,0.000000000000000000e+00,1.099640818235441959e-305,-1.099640818235441959e-305
9.450386147698466743e+00,0.000000000000000000e+00,3.517184385160503701e-306,-3.517184385160503701e-306
9.454409300592335086e+00,0.000000000000000000e+00,1.123844742829201378e-306,-1.123844742829201378e-306
9.458432453486205205e+00,0.000000000000000000e+00,3.587437951101633957e-307,-3.587437951101633957e-307
9.462455606380073547e+00,0.000000000000000000e+00,1.144008828172636298e-307,-1.144008828172636298e-307
9.466478759273941890e+00,0.000000000000000000e+00,3.644527666528629744e-308,-3.644527666528629744e-308
9.470501912167812009e+00,0.000000000000000000e+00,0.000000000000000000e+00,0.000000000000000000e+00
9.474525065061680351e+00,0.000000000000000000e+00,0.000000000000000000e+00,0.000000000000000000e+00
9.478548217955550470e+00,0.000000000000000000e+00,0.000000000000000000e+00,0.000000000000000000e+00
9.482571370849418813e+00,0.000000000000000000e+00,0.000000000000000000e+00,0.000000000000000000e+00
9.486594523743288931e+00,0.000000000000000000e+00,0.000000000000000000e+00,0.000000000000000000e+00
9.490617676637157274e+00,0.000000000000000000e+00,0.000000000000000000e+00,0.000000000000000000e+00
9.494640829531025616e+00,0.000000000000000000e+00,0.000000000000000000e+00,0.000000000000000000e+00
9.498663982424895735e+00,0.000000000000000000e+00,0.000000000000000000e+00,0.000000000000000000e+00
9.502687135318764078e+00,0.000000000000000000e+00,0.000000000000000000e+00,0.000000000000000000e+00
9.506710288212634197e+00,0.000000000000000000e+00,0.000000000000000000e+00,0.000000000000000000e+00
9.510733441106502539e+00,0.000000000000000000e+00,0.000000000000000000e+00,0.000000000000000000e+00
9.514756594000370882e+00,0.000000000000000000e+00,0.000000000000000000e+00,0.000000000000000000e+00
9.518779746894241001e+00,0.000000000000000000e+00,0.000000000000000000e+00,0.000000000000000000e+00
9.522802899788109343e+00,0.000000000000000000e+00,0.000000000000000000e+00,0.000000000000000000e+00
9.526826052681979462e+00,0.000000000000000000e+00,0.000000000000000000e+00,0.000000000000000000e+00
9.530849205575847805e+00,0.000000000000000000e+00,0.000000000000000000e+00,0.000000000000000000e+00
9.534872358469716147e+00,0.000000000000000000e+00,0.000000000000000000e+00,0.000000000000000000e+00
9.538895511363586266e+00,0.000000000000000000e+00,0.000000000000000000e+00,0.000000000000000000e+00
9.542918664257454608e+00,0.000000000000000000e+00,0.000000000000000000e+00,0.000000000000000000e+00
9.546941817151324727e+00,0.000000000000000000e+00,0.000000000000000000e+00,0.000000000000000000e+00
9.550964970045193070e+00,0.000000000000000000e+00,0.000000000000000000e+00,0.000000000000000000e+00
9.554988122939063189e+00,0.000000000000000000e+00,0.000000000000000000e+00,0.000000000000000000e+00
9.559011275832931531e+00,0.000000000000000000e+00,0.000000000000000000e+00,0.000000000000000000e+00
9.563034428726799874e+00,0.000000000000000000e+00,0.000000000000000000e+00,0.000000000000000000e+00
9.567057581620669993e+00,0.000000000000000000e+00,0.000000000000000000e+00,0.000000000000000000e+00
9.571080734514538335e+00,0.000000000000000000e+00,0.000000000000000000e+00,0.000000000000000000e+00
9.575103887408408454e+00,0.000000000000000000e+00,0.000000000000000000e+00,0.000000000000000000e+00
9.579127040302276797e+00,0.000000000000000000e+00,0.000000000000000000e+00,0.000000000000000000e+00
9.583150193196145139e+00,0.000000000000000000e+00,0.000000000000000000e+00,0.000000000000000000e+00
9.587173346090015258e+00,0.000000000000000000e+00,0.000000000000000000e+00,0.000000000000000000e+00
9.591196498983883600e+00,0.000000000000000000e+00,0.000000000000000000e+00,0.000000000000000000e+00
9.595219651877753719e+00,0.000000000000000000e+00,0.000000000000000000e+00,0.000000000000000000e+00
9.599242804771622062e+00,0.000000000000000000e+00,0.000000000000000000e+00,0.000000000000000000e+00
9.603265957665492181e+00,0.000000000000000000e+00,0.000000000000000000e+00,0.000000000000000000e+00
9.607289110559360523e+00,0.000000000000000000e+00,0.000000000000000000e+00,0.000000000000000000e+00
9.611312263453228866e+00,0.000000000000000000e+00,0.000000000000000000e+00,0.000000000000000000e+00
9.615335416347098985e+00,0.000000000000000000e+00,0.000000000000000000e+00,0.000000000000000000e+00
9.619358569240967327e+00,0.000000000000000000e+00,0.000000000000000000e+00,0.000000000000000000e+00
9.623381722134837446e+00,0.000000000000000000e+00,0.000000000000000000e+00,0.000000000000000000e+00
9.627404875028705789e+00,0.000000000000000000e+00,0.000000000000000000e+00,0.000000000000000000e+00
9.631428027922574131e+00,0.000000000000000000e+00,0.000000000000000000e+00,0.000000000000000000e+00
9.635451180816444250e+00,0.000000000000000000e+00,0.000000000000000000e+00,0.000000000000000000e+00
9.639474333710312592e+00,0.000000000000000000e+00,0.000000000000000000e+00,0.000000000000000000e+00
9.643497486604182711e+00,0.000000000000000000e+00,0.000000000000000000e+00,0.000000000000000000e+00
9.647520639498051054e+00,0.000000000000000000e+00,0.000000000000000000e+00,0.000000000000000000e+00
9.651543792391921173e+00,0.000000000000000000e+00,0.000000000000000000e+00,0.000000000000000000e+00
9.655566945285789515e+00,0.000000000000000000e+00,0.000000000000000000e+00,0.000000000000000000e+00
9.659590098179657858e+00,0.000000000000000000e+00,0.000000000000000000e+00,0.000000000000000000e+00
9.663613251073527977e+00,0.000000000000000000e+00,0.000000000000000000e+00,0.000000000000000000e+00
9.667636403967396319e+00,0.000000000000000000e+00,0.000000000000000000e+00,0.000000000000000000e+00
9.671659556861266438e+00,0.000000000000000000e+00,0.000000000000000000e+00,0.000000000000000000e+00
9.675682709755134780e+00,0.000000000000000000e+00,0.000000000000000000e+00,0.000000000000000000e+00
9.679705862649003123e+00,0.000000000000000000e+00,0.000000000000000000e+00,0.000000000000000000e+00
9.683729015542873242e+00,0.000000000000000000e+00,0.000000000000000000e+00,0.000000000000000000e+00
9.687752168436741584e+00,0.000000000000000000e+00,0.000000000000000000e+00,0.000000000000000000e+00
9.691775321330611703e+00,0.000000000000000000e+00,0.000000000000000000e+00,0.000000000000000000e+00
9.695798474224480046e+00,0.000000000000000000e+00,0.000000000000000000e+00,0.000000000000000000e+00
9.699821627118348388e+00,0.000000000000000000e+00,0.000000000000000000e+00,0.000000000000000000e+00
9.703844780012218507e+00,0.000000000000000000e+00,0.000000000000000000e+00,0.000000000000000000e+00
9.707867932906086850e+00,0.000000000000000000e+00,0.000000000000000000e+00,0.000000000000000000e+00
9.711891085799956969e+00,0.000000000000000000e+00,0.000000000000000000e+00,0.000000000000000000e+00
9.715914238693825311e+00,0.000000000000000000e+00,0.000000000000000000e+00,0.000000000000000000e+00
9.719937391587695430e+00,0.000000000000000000e+00,0.000000000000000000e+00,0.000000000000000000e+00
9.723960544481563772e+00,0.000000000000000000e+00,0.000000000000000000e+00,0.000000000000000000e+00
9.727983697375432115e+00,0.000000000000000000e+00,0.000000000000000000e+00,0.000000000000000000e+00
9.732006850269302234e+00,0.000000000000000000e+00,0.000000000000000000e+00,0.000000000000000000e+00
9.736030003163170576e+00,0.000000000000000000e+00,0.000000000000000000e+00,0.000000000000000000e+00
9.740053156057040695e+00,0.000000000000000000e+00,0.000000000000000000e+00,0.000000000000000000e+00
9.744076308950909038e+00,0.000000000000000000e+00,0.000000000000000000e+00,0.000000000000000000e+00
9.748099461844777380e+00,0.000000000000000000e+00,0.000000000000000000e+00,0.000000000000000000e+00
9.752122614738647499e+00,0.000000000000000000e+00,0.000000000000000000e+00,0.000000000000000000e+00
9.756145767632515842e+00,0.000000000000000000e+00,0.000000000000000000e+00,0.000000000000000000e+00
9.760168920526385961e+00,0.000000000000000000e+00,0.000000000000000000e+00,0.000000000000000000e+00
9.764192073420254303e+00,0.000000000000000000e+00,0.000000000000000000e+00,0.000000000000000000e+00
9.768215226314124422e+00,0.000000000000000000e+00,0.000000000000000000e+00,0.000000000000000000e+00
9.772238379207992764e+00,0.000000000000000000e+00,0.000000000000000000e+00,0.000000000000000000e+00
9.776261532101861107e+00,0.000000000000000000e+00,0.000000000000000000e+00,0.000000000000000000e+00
9.780284684995731226e+00,0.000000000000000000e+00,0.000000000000000000e+00,0.000000000000000000e+00
9.784307837889599568e+00,0.000000000000000000e+00,0.000000000000000000e+00,0.000000000000000000e+00
9.788330990783469687e+00,0.000000000000000000e+00,0.000000000000000000e+00,0.000000000000000000e+00
9.792354143677338030e+00,0.000000000000000000e+00,0.000000000000000000e+00,0.000000000000000000e+00
9.796377296571206372e+00,0.000000000000000000e+00,0.000000000000000000e+00,0.000000000000000000e+00
9.800400449465076491e+00,0.000000000000000000e+00,0.000000000000000000e+00,0.000000000000000000e+00
9.804423602358944834e+00,0.000000000000000000e+00,0.000000000000000000e+00,0.000000000000000000e+00
9.808446755252814953e+00,0.000000000000000000e+00,0.000000000000000000e+00,0.000000000000000000e+00
9.812469908146683295e+00,0.000000000000000000e+00,0.000000000000000000e+00,0.000000000000000000e+00
9.816493061040553414e+00,0.000000000000000000e+00,0.000000000000000000e+00,0.000000000000000000e+00
9.820516213934421756e+00,0.000000000000000000e+00,0.000000000000000000e+00,0.000000000000000000e+00
9.824539366828290099e+00,0.000000000000000000e+00,0.000000000000000000e+00,0.000000000000000000e+00
9.828562519722160218e+00,0.000000000000000000e+00,0.000000000000000000e+00,0.000000000000000000e+00
9.832585672616028560e+00,0.000000000000000000e+00,0.000000000000000000e+00,0.000000000000000000e+00
9.836608825509898679e+00,0.000000000000000000e+00,0.000000000000000000e+00,0.000000000000000000e+00
9.840631978403767022e+00,0.000000000000000000e+00,0.000000000000000000e+00,0.000000000000000000e+00
9.844655131297635364e+00,0.000000000000000000e+00,0.000000000000000000e+00,0.000000000000000000e+00
9.848678284191505483e+00,0.000000000000000000e+00,0.000000000000000000e+00,0.000000000000000000e+00
9.852701437085373826e+00,0.000000000000000000e+00,0.000000000000000000e+00,0.000000000000000000e+00
9.856724589979243945e+00,0.000000000000000000e+00,0.000000000000000000e+00,0.000000000000000000e+00
9.860747742873112287e+00,0.000000000000000000e+00,0.000000000000000000e+00,0.000000000000000000e+00
9.864770895766980630e+00,0.000000000000000000e+00,0.000000000000000000e+00,0.000000000000000000e+00
9.868794048660850748e+00,0.000000000000000000e+00,0.000000000000000000e+00,0.000000000000000000e+00
9.872817201554719091e+00,0.000000000000000000e+00,0.000000000000000000e+00,0.000000000000000000e+00
9.876840354448589210e+00,0.000000000000000000e+00,0.000000000000000000e+00,0.000000000000000000e+00
9.880863507342457552e+00,0.000000000000000000e+00,0.000000000000000000e+00,0.000000000000000000e+00
9.884886660236327671e+00,0.000000000000000000e+00,0.000000000000000000e+00,0.000000000000000000e+00
9.888909813130196014e+00,0.000000000000000000e+00,0.000000000000000000e+00,0.000000000000000000e+00
9.892932966024064356e+00,0.000000000000000000e+00,0.000000000000000000e+00,0.000000000000000000e+00
9.896956118917934475e+00,0.000000000000000000e+00,0.000000000000000000e+00,0.000000000000000000e+00
9.900979271811802818e+00,0.000000000000000000e+00,0.000000000000000000e+00,0.000000000000000000e+00
9.905002424705672937e+00,0.000000000000000000e+00,0.000000000000000000e+00,0.000000000000000000e+00
9.909025577599541279e+00,0.000000000000000000e+00,0.000000000000000000e+00,0.000000000000000000e+00
9.913048730493409622e+00,0.000000000000000000e+00,0.000000000000000000e+00,0.000000000000000000e+00
9.917071883387279740e+00,0.000000000000000000e+00,0.000000000000000000e+00,0.000000000000000000e+00
9.921095036281148083e+00,0.000000000000000000e+00,0.000000000000000000e+00,0.000000000000000000e+00
9.925118189175018202e+00,0.000000000000000000e+00,0.000000000000000000e+00,0.000000000000000000e+00
9.929141342068886544e+00,0.000000000000000000e+00,0.000000000000000000e+00,0.000000000000000000e+00
9.933164494962756663e+00,0.000000000000000000e+00,0.000000000000000000e+00,0.000000000000000000e+00
9.937187647856625006e+00,0.000000000000000000e+00,0.000000000000000000e+00,0.000000000000000000e+00
9.941210800750493348e+00,0.000000000000000000e+00,0.000000000000000000e+00,0.000000000000000000e+00
9.945233953644363467e+00,0.000000000000000000e+00,0.000000000000000000e+00,0.000000000000000000e+00
9.949257106538231810e+00,0.000000000000000000e+00,0.000000000000000000e+00,0.000000000000000000e+00
9.953280259432101928e+00,0.000000000000000000e+00,0.000000000000000000e+00,0.000000000000000000e+00
9.957303412325970271e+00,0.000000000000000000e+00,0.000000000000000000e+00,0.000000000000000000e+00
9.961326565219838614e+00,0.000000000000000000e+00,0.000000000000000000e+00,0.000000000000000000e+00
9.965349718113708732e+00,0.000000000000000000e+00,0.000000000000000000e+00,0.000000000000000000e+00
9.969372871007577075e+00,0.000000000000000000e+00,0.000000000000000000e+00,0.000000000000000000e+00
9.973396023901447194e+00,0.000000000000000000e+00,0.000000000000000000e+00,0.000000000000000000e+00
9.977419176795315536e+00,0.000000000000000000e+00,0.000000000000000000e+00,0.000000000000000000e+00
9.981442329689185655e+00,0.000000000000000000e+00,0.000000000000000000e+00,0.000000000000000000e+00
9.985465482583053998e+00,0.000000000000000000e+00,0.000000000000000000e+00,0.000000000000000000e+00
9.989488635476922340e+00,0.000000000000000000e+00,0.000000000000000000e+00,0.000000000000000000e+00
9.993511788370792459e+00,0.000000000000000000e+00,0.000000000000000000e+00,0.000000000000000000e+00
9.997534941264660802e+00,0.000000000000000000e+00,0.000000000000000000e+00,0.000000000000000000e+00
1.000155809415853092e+01,0.000000000000000000e+00,0.000000000000000000e+00,0.000000000000000000e+00
1.000558124705239926e+01,0.000000000000000000e+00,0.000000000000000000e+00,0.000000000000000000e+00
1.000960439994626761e+01,0.000000000000000000e+00,0.000000000000000000e+00,0.000000000000000000e+00
1.001362755284013772e+01,0.000000000000000000e+00,0.000000000000000000e+00,0.000000000000000000e+00
1.001765070573400607e+01,0.000000000000000000e+00,0.000000000000000000e+00,0.000000000000000000e+00
1.002167385862787619e+01,0.000000000000000000e+00,0.000000000000000000e+00,0.000000000000000000e+00
1.002569701152174453e+01,0.000000000000000000e+00,0.000000000000000000e+00,0.000000000000000000e+00
1.002972016441561287e+01,0.000000000000000000e+00,0.000000000000000000e+00,0.000000000000000000e+00
1.003374331730948299e+01,0.000000000000000000e+00,0.000000000000000000e+00,0.000000000000000000e+00
1.003776647020335133e+01,0.000000000000000000e+00,0.000000000000000000e+00,0.000000000000000000e+00
1.004178962309722145e+01,0.000000000000000000e+00,0.000000000000000000e+00,0.000000000000000000e+00
1.004581277599108979e+01,0.000000000000000000e+00,0.000000000000000000e+00,0.000000000000000000e+00
1.004983592888495991e+01,0.000000000000000000e+00,0.000000000000000000e+00,0.000000000000000000e+00
1.005385908177882825e+01,0.000000000000000000e+00,0.000000000000000000e+00,0.000000000000000000e+00
1.005788223467269660e+01,0.000000000000000000e+00,0.000000000000000000e+00,0.000000000000000000e+00
1.006190538756656672e+01,0.000000000000000000e+00,0.000000000000000000e+00,0.000000000000000000e+00
1.006592854046043506e+01,0.000000000000000000e+00,0.000000000000000000e+00,0.000000000000000000e+00
1.006995169335430518e+01,0.000000000000000000e+00,0.000000000000000000e+00,0.000000000000000000e+00
1.007397484624817352e+01,0.000000000000000000e+00,0.000000000000000000e+00,0.000000000000000000e+00
1.007799799914204186e+01,0.000000000000000000e+00,0.000000000000000000e+00,0.000000000000000000e+00
1.008202115203591198e+01,0.000000000000000000e+00,0.000000000000000000e+00,0.000000000000000000e+00
1.008604430492978032e+01,0.000000000000000000e+00,0.000000000000000000e+00,0.000000000000000000e+00
1.009006745782365044e+01,0.000000000000000000e+00,0.000000000000000000e+00,0.000000000000000000e+00
1.009409061071751879e+01,0.000000000000000000e+00,0.000000000000000000e+00,0.000000000000000000e+00
1.009811376361138890e+01,0.000000000000000000e+00,0.000000000000000000e+00,0.000000000000000000e+00
1.010213691650525725e+01,0.000000000000000000e+00,0.000000000000000000e+00,0.000000000000000000e+00
1.010616006939912559e+01,0.000000000000000000e+00,0.000000000000000000e+00,0.000000000000000000e+00
1.011018322229299571e+01,0.000000000000000000e+00,0.000000000000000000e+00,0.000000000000000000e+00
1.011420637518686405e+01,0.000000000000000000e+00,0.000000000000000000e+00,0.000000000000000000e+00
1.011822952808073417e+01,0.000000000000000000e+00,0.000000000000000000e+00,0.000000000000000000e+00
1.012225268097460251e+01,0.000000000000000000e+00,0.000000000000000000e+00,0.000000000000000000e+00
1.012627583386847085e+01,0.000000000000000000e+00,0.000000000000000000e+00,0.000000000000000000e+00
1.013029898676234097e+01,0.000000000000000000e+00,0.000000000000000000e+00,0.000000000000000000e+00
1.013432213965620932e+01,0.000000000000000000e+00,0.000000000000000000e+00,0.000000000000000000e+00
1.013834529255007944e+01,0.000000000000000000e+00,0.000000000000000000e+00,0.000000000000000000e+00
1.014236844544394778e+01,0.000000000000000000e+00,0.000000000000000000e+00,0.000000000000000000e+00
1.014639159833781612e+01,0.000000000000000000e+00,0.000000000000000000e+00,0.000000000000000000e+00
1.015041475123168624e+01,0.000000000000000000e+00,0.000000000000000000e+00,0.000000000000000000e+00
1.015443790412555458e+01,0.000000000000000000e+00,0.000000000000000000e+00,0.000000000000000000e+00
1.015846105701942470e+01,0.000000000000000000e+00,0.000000000000000000e+00,0.000000000000000000e+00
1.016248420991329304e+01,0.000000000000000000e+00,0.000000000000000000e+00,0.000000000000000000e+00
1.016650736280716316e+01,0.000000000000000000e+00,0.000000000000000000e+00,0.000000000000000000e+00
1.017053051570103150e+01,0.000000000000000000e+00,0.000000000000000000e+00,0.000000000000000000e+00
1.017455366859489985e+01,0.000000000000000000e+00,0.000000000000000000e+00,0.000000000000000000e+00
1.017857682148876997e+01,0.000000000000000000e+00,0.000000000000000000e+00,0.000000000000000000e+00
1.018259997438263831e+01,0.000000000000000000e+00,0.000000000000000000e+00,0.000000000000000000e+00
1.018662312727650843e+01,0.000000000000000000e+00,0.000000000000000000e+00,0.000000000000000000e+00
1.019064628017037677e+01,0.000000000000000000e+00,0.000000000000000000e+00,0.000000000000000000e+00
1.019466943306424511e+01,0.000000000000000000e+00,0.000000000000000000e+00,0.000000000000000000e+00
1.019869258595811523e+01,0.000000000000000000e+00,0.000000000000000000e+00,0.000000000000000000e+00
1.020271573885198357e+01,0.000000000000000000e+00,0.000000000000000000e+00,0.000000000000000000e+00
1.020673889174585369e+01,0.000000000000000000e+00,0.000000000000000000e+00,0.000000000000000000e+00
1.021076204463972203e+01,0.000000000000000000e+00,0.000000000000000000e+00,0.000000000000000000e+00
1.021478519753359215e+01,0.000000000000000000e+00,0.000000000000000000e+00,0.000000000000000000e+00
1.021880835042746050e+01,0.000000000000000000e+00,0.000000000000000000e+00,0.000000000000000000e+00
1.022283150332132884e+01,0.000000000000000000e+00,0.000000000000000000e+00,0.000000000000000000e+00
1.022685465621519896e+01,0.000000000000000000e+00,0.000000000000000000e+00,0.000000000000000000e+00
1.023087780910906730e+01,0.000000000000000000e+00,0.000000000000000000e+00,0.000000000000000000e+00
1.023490096200293742e+01,0.000000000000000000e+00,0.000000000000000000e+00,0.000000000000000000e+00
1.023892411489680576e+01,0.000000000000000000e+00,0.000000000000000000e+00,0.000000000000000000e+00
1.024294726779067410e+01,0.000000000000000000e+00,0.000000000000000000e+00,0.000000000000000000e+00
1.024697042068454422e+01,0.000000000000000000e+00,0.000000000000000000e+00,0.000000000000000000e+00
1.025099357357841257e+01,0.000000000000000000e+00,0.000000000000000000e+00,0.000000000000000000e+00
1.025501672647228268e+01,0.000000000000000000e+00,0.000000000000000000e+00,0.000000000000000000e+00
1.025903987936615103e+01,0.000000000000000000e+00,0.000000000000000000e+00,0.000000000000000000e+00
1.026306303226002115e+01,0.000000000000000000e+00,0.000000000000000000e+00,0.000000000000000000e+00
1.026708618515388949e+01,0.000000000000000000e+00,0.000000000000000000e+00,0.000000000000000000e+00
1.027110933804775783e+01,0.000000000000000000e+00,0.000000000000000000e+00,0.000000000000000000e+00
1.027513249094162795e+01,0.000000000000000000e+00,0.000000000000000000e+00,0.000000000000000000e+00
1.027915564383549629e+01,0.000000000000000000e+00,0.000000000000000000e+00,0.000000000000000000e+00
1.028317879672936641e+01,0.000000000000000000e+00,0.000000000000000000e+00,0.000000000000000000e+00
1.028720194962323475e+01,0.000000000000000000e+00,0.000000000000000000e+00,0.000000000000000000e+00
1.029122510251710310e+01,0.000000000000000000e+00,0.000000000000000000e+00,0.000000000000000000e+00
1.029524825541097321e+01,0.000000000000000000e+00,0.000000000000000000e+00,0.000000000000000000e+00
1.029927140830484156e+01,0.000000000000000000e+00,0.000000000000000000e+00,0.000000000000000000e+00
1.030329456119871168e+01,0.000000000000000000e+00,0.000000000000000000e+00,0.000000000000000000e+00
1.030731771409258002e+01,0.000000000000000000e+00,0.000000000000000000e+00,0.000000000000000000e+00
1.031134086698644836e+01,0.000000000000000000e+00,0.000000000000000000e+00,0.000000000000000000e+00
1.031536401988031848e+01,0.000000000000000000e+00,0.000000000000000000e+00,0.000000000000000000e+00
1.031938717277418682e+01,0.000000000000000000e+00,0.000000000000000000e+00,0.000000000000000000e+00
1.032341032566805694e+01,0.000000000000000000e+00,0.000000000000000000e+00,0.000000000000000000e+00
1.032743347856192528e+01,0.000000000000000000e+00,0.000000000000000000e+00,0.000000000000000000e+00
1.033145663145579540e+01,0.000000000000000000e+00,0.000000000000000000e+00,0.000000000000000000e+00
1.033547978434966375e+01,0.000000000000000000e+00,0.000000000000000000e+00,0.000000000000000000e+00
1.033950293724353209e+01,0.000000000000000000e+00,0.000000000000000000e+00,0.000000000000000000e+00
1.034352609013740221e+01,0.000000000000000000e+00,0.000000000000000000e+00,0.000000000000000000e+00
1.034754924303127055e+01,0.000000000000000000e+00,0.000000000000000000e+00,0.000000000000000000e+00
1.035157239592514067e+01,0.000000000000000000e+00,0.000000000000000000e+00,0.000000000000000000e+00
1.035559554881900901e+01,0.000000000000000000e+00,0.000000000000000000e+00,0.000000000000000000e+00
1.035961870171287735e+01,0.000000000000000000e+00,0.000000000000000000e+00,0.000000000000000000e+00
1.036364185460674747e+01,0.000000000000000000e+00,0.000000000000000000e+00,0.000000000000000000e+00
1.036766500750061581e+01,0.000000000000000000e+00,0.000000000000000000e+00,0.000000000000000000e+00
1.037168816039448593e+01,0.000000000000000000e+00,0.000000000000000000e+00,0.000000000000000000e+00
1.037571131328835428e+01,0.000000000000000000e+00,0.000000000000000000e+00,0.000000000000000000e+00
1.037973446618222439e+01,0.000000000000000000e+00,0.000000000000000000e+00,0.000000000000000000e+00
1.038375761907609274e+01,0.000000000000000000e+00,0.000000000000000000e+00,0.000000000000000000e+00
1.038778077196996108e+01,0.000000000000000000e+00,0.000000000000000000e+00,0.000000000000000000e+00
1.039180392486383120e+01,0.000000000000000000e+00,0.000000000000000000e+00,0.000000000000000000e+00
1.039582707775769954e+01,0.000000000000000000e+00,0.000000000000000000e+00,0.000000000000000000e+00
1.039985023065156966e+01,0.000000000000000000e+00,0.000000000000000000e+00,0.000000000000000000e+00
1.040387338354543800e+01,0.000000000000000000e+00,0.000000000000000000e+00,0.000000000000000000e+00
1.040789653643930635e+01,0.000000000000000000e+00,0.000000000000000000e+00,0.000000000000000000e+00
1.041191968933317646e+01,0.000000000000000000e+00,0.000000000000000000e+00,0.000000000000000000e+00
1.041594284222704481e+01,0.000000000000000000e+00,0.000000000000000000e+00,0.000000000000000000e+00
1.041996599512091493e+01,0.000000000000000000e+00,0.000000000000000000e+00,0.000000000000000000e+00
1.042398914801478327e+01,0.000000000000000000e+00,0.000000000000000000e+00,0.000000000000000000e+00
1.042801230090865339e+01,0.000000000000000000e+00,0.000000000000000000e+00,0.000000000000000000e+00
1.043203545380252173e+01,0.000000000000000000e+00,0.000000000000000000e+00,0.000000000000000000e+00
1.043605860669639007e+01,0.000000000000000000e+00,0.000000000000000000e+00,0.000000000000000000e+00
1.044008175959026019e+01,0.000000000000000000e+00,0.000000000000000000e+00,0.000000000000000000e+00
1.044410491248412853e+01,0.000000000000000000e+00,0.000000000000000000e+00,0.000000000000000000e+00
1.044812806537799865e+01,0.000000000000000000e+00,0.000000000000000000e+00,0.000000000000000000e+00
1.045215121827186699e+01,0.000000000000000000e+00,0.000000000000000000e+00,0.000000000000000000e+00
1.045617437116573534e+01,0.000000000000000000e+00,0.000000000000000000e+00,0.000000000000000000e+00
1.046019752405960546e+01,0.000000000000000000e+00,0.000000000000000000e+00,0.000000000000000000e+00
1.046422067695347380e+01,0.000000000000000000e+00,0.000000000000000000e+00,0.000000000000000000e+00
1.046824382984734392e+01,0.000000000000000000e+00,0.000000000000000000e+00,0.000000000000000000e+00
1.047226698274121226e+01,0.000000000000000000e+00,0.000000000000000000e+00,0.000000000000000000e+00
1.047629013563508060e+01,0.000000000000000000e+00,0.000000000000000000e+00,0.000000000000000000e+00
1.048031328852895072e+01,0.000000000000000000e+00,0.000000000000000000e+00,0.000000000000000000e+00
1.048433644142281906e+01,0.000000000000000000e+00,0.000000000000000000e+00,0.000000000000000000e+00
1.048835959431668918e+01,0.000000000000000000e+00,0.000000000000000000e+00,0.000000000000000000e+00
1.049238274721055753e+01,0.000000000000000000e+00,0.000000000000000000e+00,0.000000000000000000e+00
1.049640590010442764e+01,0.000000000000000000e+00,0.000000000000000000e+00,0.000000000000000000e+00
1.050042905299829599e+01,0.000000000000000000e+00,0.000000000000000000e+00,0.000000000000000000e+00
1.050445220589216433e+01,0.000000000000000000e+00,0.000000000000000000e+00,0.000000000000000000e+00
1.050847535878603445e+01,0.000000000000000000e+00,0.000000000000000000e+00,0.000000000000000000e+00
1.051249851167990279e+01,0.000000000000000000e+00,0.000000000000000000e+00,0.000000000000000000e+00
1.051652166457377291e+01,0.000000000000000000e+00,0.000000000000000000e+00,0.000000000000000000e+00
1.052054481746764125e+01,0.000000000000000000e+00,0.000000000000000000e+00,0.000000000000000000e+00
1.052456797036150959e+01,0.000000000000000000e+00,0.000000000000000000e+00,0.000000000000000000e+00
1.052859112325537971e+01,0.000000000000000000e+00,0.000000000000000000e+00,0.000000000000000000e+00
1.053261427614924806e+01,0.000000000000000000e+00,0.000000000000000000e+00,0.000000000000000000e+00
1.053663742904311817e+01,0.000000000000000000e+00,0.000000000000000000e+00,0.000000000000000000e+00
1.054066058193698652e+01,0.000000000000000000e+00,0.000000000000000000e+00,0.000000000000000000e+00
1.054468373483085664e+01,0.000000000000000000e+00,0.000000000000000000e+00,0.000000000000000000e+00
1.054870688772472498e+01,0.000000000000000000e+00,0.000000000000000000e+00,0.000000000000000000e+00
1.055273004061859332e+01,0.000000000000000000e+00,0.000000000000000000e+00,0.000000000000000000e+00
1.055675319351246344e+01,0.000000000000000000e+00,0.000000000000000000e+00,0.000000000000000000e+00
1.056077634640633178e+01,0.000000000000000000e+00,0.000000000000000000e+00,0.000000000000000000e+00
1.056479949930020190e+01,0.000000000000000000e+00,0.000000000000000000e+00,0.000000000000000000e+00
1.056882265219407024e+01,0.000000000000000000e+00,0.000000000000000000e+00,0.000000000000000000e+00
1.057284580508793859e+01,0.000000000000000000e+00,0.000000000000000000e+00,0.000000000000000000e+00
1.057686895798180871e+01,0.000000000000000000e+00,0.000000000000000000e+00,0.000000000000000000e+00
1.058089211087567705e+01,0.000000000000000000e+00,0.000000000000000000e+00,0.000000000000000000e+00
1.058491526376954717e+01,0.000000000000000000e+00,0.000000000000000000e+00,0.000000000000000000e+00
1.058893841666341551e+01,0.000000000000000000e+00,0.000000000000000000e+00,0.000000000000000000e+00
1.059296156955728563e+01,0.000000000000000000e+00,0.000000000000000000e+00,0.000000000000000000e+00
1.059698472245115397e+01,0.000000000000000000e+00,0.000000000000000000e+00,0.000000000000000000e+00
1.060100787534502231e+01,0.000000000000000000e+00,0.000000000000000000e+00,0.000000000000000000e+00
1.060503102823889243e+01,0.000000000000000000e+00,0.000000000000000000e+00,0.000000000000000000e+00
1.060905418113276077e+01,0.000000000000000000e+00,0.000000000000000000e+00,0.000000000000000000e+00
1.061307733402663089e+01,0.000000000000000000e+00,0.000000000000000000e+00,0.000000000000000000e+00
1.061710048692049924e+01,0.000000000000000000e+00,0.000000000000000000e+00,0.000000000000000000e+00
1.062112363981436758e+01,0.000000000000000000e+00,0.000000000000000000e+00,0.000000000000000000e+00
1.062514679270823770e+01,0.000000000000000000e+00,0.000000000000000000e+00,0.000000000000000000e+00
1.062916994560210604e+01,0.000000000000000000e+00,0.000000000000000000e+00,0.000000000000000000e+00
1.063319309849597616e+01,0.000000000000000000e+00,0.000000000000000000e+00,0.000000000000000000e+00
1.063721625138984450e+01,0.000000000000000000e+00,0.000000000000000000e+00,0.000000000000000000e+00
1.064123940428371284e+01,0.000000000000000000e+00,0.000000000000000000e+00,0.000000000000000000e+00
1.064526255717758296e+01,0.000000000000000000e+00,0.000000000000000000e+00,0.000000000000000000e+00
1.064928571007145131e+01,0.000000000000000000e+00,0.000000000000000000e+00,0.000000000000000000e+00
1.065330886296532142e+01,0.000000000000000000e+00,0.000000000000000000e+00,0.000000000000000000e+00
1.065733201585918977e+01,0.000000000000000000e+00,0.000000000000000000e+00,0.000000000000000000e+00
1.066135516875305989e+01,0.000000000000000000e+00,0.000000000000000000e+00,0.000000000000000000e+00
1.066537832164692823e+01,0.000000000000000000e+00,0.000000000000000000e+00,0.000000000000000000e+00
1.066940147454079657e+01,0.000000000000000000e+00,0.000000000000000000e+00,0.000000000000000000e+00
1.067342462743466669e+01,0.000000000000000000e+00,0.000000000000000000e+00,0.000000000000000000e+00
1.067744778032853503e+01,0.000000000000000000e+00,0.000000000000000000e+00,0.000000000000000000e+00
1.068147093322240515e+01,0.000000000000000000e+00,0.000000000000000000e+00,0.000000000000000000e+00
1.068549408611627349e+01,0.000000000000000000e+00,0.000000000000000000e+00,0.000000000000000000e+00
1.068951723901014184e+01,0.000000000000000000e+00,0.000000000000000000e+00,0.000000000000000000e+00
1.069354039190401195e+01,0.000000000000000000e+00,0.000000000000000000e+00,0.000000000000000000e+00
1.069756354479788030e+01,0.000000000000000000e+00,0.000000000000000000e+00,0.000000000000000000e+00
1.070158669769175042e+01,0.000000000000000000e+00,0.000000000000000000e+00,0.000000000000000000e+00
1.070560985058561876e+01,0.000000000000000000e+00,0.000000000000000000e+00,0.000000000000000000e+00
1.070963300347948888e+01,0.000000000000000000e+00,0.000000000000000000e+00,0.000000000000000000e+00
1.071365615637335722e+01,0.000000000000000000e+00,0.000000000000000000e+00,0.000000000000000000e+00
1.071767930926722556e+01,0.000000000000000000e+00,0.000000000000000000e+00,0.000000000000000000e+00
1.072170246216109568e+01,0.000000000000000000e+00,0.000000000000000000e+00,0.000000000000000000e+00
1.072572561505496402e+01,0.000000000000000000e+00,0.000000000000000000e+00,0.000000000000000000e+00
1.072974876794883414e+01,0.000000000000000000e+00,0.000000000000000000e+00,0.000000000000000000e+00
1.073377192084270249e+01,0.000000000000000000e+00,0.000000000000000000e+00,0.000000000000000000e+00
1.073779507373657083e+01,0.000000000000000000e+00,0.000000000000000000e+00,0.000000000000000000e+00
1.074181822663044095e+01,0.000000000000000000e+00,0.000000000000000000e+00,0.000000000000000000e+00
1.074584137952430929e+01,0.000000000000000000e+00,0.000000000000000000e+00,0.000000000000000000e+00
1.074986453241817941e+01,0.000000000000000000e+00,0.000000000000000000e+00,0.000000000000000000e+00
1.075388768531204775e+01,0.000000000000000000e+00,0.000000000000000000e+00,0.000000000000000000e+00
1.075791083820591787e+01,0.000000000000000000e+00,0.000000000000000000e+00,0.000000000000000000e+00
1.076193399109978621e+01,0.000000000000000000e+00,0.000000000000000000e+00,0.000000000000000000e+00
1.076595714399365455e+01,0.000000000000000000e+00,0.000000000000000000e+00,0.000000000000000000e+00
1.076998029688752467e+01,0.000000000000000000e+00,0.000000000000000000e+00,0.000000000000000000e+00
1.077400344978139302e+01,0.000000000000000000e+00,0.000000000000000000e+00,0.000000000000000000e+00
1.077802660267526313e+01,0.000000000000000000e+00,0.000000000000000000e+00,0.000000000000000000e+00
1.078204975556913148e+01,0.000000000000000000e+00,0.000000000000000000e+00,0.000000000000000000e+00
1.078607290846299982e+01,0.000000000000000000e+00,0.000000000000000000e+00,0.000000000000000000e+00
1.079009606135686994e+01,0.000000000000000000e+00,0.000000000000000000e+00,0.000000000000000000e+00
1.079411921425073828e+01,0.000000000000000000e+00,0.000000000000000000e+00,0.000000000000000000e+00
1.079814236714460840e+01,0.000000000000000000e+00,0.000000000000000000e+00,0.000000000000000000e+00
1.080216552003847674e+01,0.000000000000000000e+00,0.000000000000000000e+00,0.000000000000000000e+00
1.080618867293234509e+01,0.000000000000000000e+00,0.000000000000000000e+00,0.000000000000000000e+00
1.081021182582621520e+01,0.000000000000000000e+00,0.000000000000000000e+00,0.000000000000000000e+00
1.081423497872008355e+01,0.000000000000000000e+00,0.000000000000000000e+00,0.000000000000000000e+00
1.081825813161395367e+01,0.000000000000000000e+00,0.000000000000000000e+00,0.000000000000000000e+00
1.082228128450782201e+01,0.000000000000000000e+00,0.000000000000000000e+00,0.000000000000000000e+00
1.082630443740169213e+01,0.000000000000000000e+00,0.000000000000000000e+00,0.000000000000000000e+00
1.083032759029556047e+01,0.000000000000000000e+00,0.000000000000000000e+00,0.000000000000000000e+00
1.083435074318942881e+01,0.000000000000000000e+00,0.000000000000000000e+00,0.000000000000000000e+00
1.083837389608329893e+01,0.000000000000000000e+00,0.000000000000000000e+00,0.000000000000000000e+00
1.084239704897716727e+01,0.000000000000000000e+00,0.000000000000000000e+00,0.000000000000000000e+00
1.084642020187103739e+01,0.000000000000000000e+00,0.000000000000000000e+00,0.000000000000000000e+00
1.085044335476490573e+01,0.000000000000000000e+00,0.000000000000000000e+00,0.000000000000000000e+00
1.085446650765877408e+01,0.000000000000000000e+00,0.000000000000000000e+00,0.000000000000000000e+00
1.085848966055264420e+01,0.000000000000000000e+00,0.000000000000000000e+00,0.000000000000000000e+00
1.086251281344651254e+01,0.000000000000000000e+00,0.000000000000000000e+00,0.000000000000000000e+00
1.086653596634038266e+01,0.000000000000000000e+00,0.000000000000000000e+00,0.000000000000000000e+00
1.087055911923425100e+01,0.000000000000000000e+00,0.000000000000000000e+00,0.000000000000000000e+00
1.087458227212812112e+01,0.000000000000000000e+00,0.000000000000000000e+00,0.000000000000000000e+00
1.087860542502198946e+01,0.000000000000000000e+00,0.000000000000000000e+00,0.000000000000000000e+00
1.088262857791585780e+01,0.000000000000000000e+00,0.000000000000000000e+00,0.000000000000000000e+00
1.088665173080972792e+01,0.000000000000000000e+00,0.000000000000000000e+00,0.000000000000000000e+00
1.089067488370359627e+01,0.000000000000000000e+00,0.000000000000000000e+00,0.000000000000000000e+00
1.089469803659746638e+01,0.000000000000000000e+00,0.000000000000000000e+00,0.000000000000000000e+00
1.089872118949133473e+01,0.000000000000000000e+00,0.000000000000000000e+00,0.000000000000000000e+00
1.090274434238520307e+01,0.000000000000000000e+00,0.000000000000000000e+00,0.000000000000000000e+00
1.090676749527907319e+01,0.000000000000000000e+00,0.000000000000000000e+00,0.000000000000000000e+00
1.091079064817294153e+01,0.000000000000000000e+00,0.000000000000000000e+00,0.000000000000000000e+00
1.091481380106681165e+01,0.000000000000000000e+00,0.000000000000000000e+00,0.000000000000000000e+00
1.091883695396067999e+01,0.000000000000000000e+00,0.000000000000000000e+00,0.000000000000000000e+00
1.092286010685455011e+01,0.000000000000000000e+00,0.000000000000000000e+00,0.000000000000000000e+00
1.092688325974841845e+01,0.000000000000000000e+00,0.000000000000000000e+00,0.000000000000000000e+00
1.093090641264228680e+01,0.000000000000000000e+00,0.000000000000000000e+00,0.000000000000000000e+00
1.093492956553615691e+01,0.000000000000000000e+00,0.000000000000000000e+00,0.000000000000000000e+00
1.093895271843002526e+01,0.000000000000000000e+00,0.000000000000000000e+00,0.000000000000000000e+00
1.094297587132389538e+01,0.000000000000000000e+00,0.000000000000000000e+00,0.000000000000000000e+00
1.094699902421776372e+01,0.000000000000000000e+00,0.000000000000000000e+00,0.000000000000000000e+00
1.095102217711163206e+01,0.000000000000000000e+00,0.000000000000000000e+00,0.000000000000000000e+00
1.095504533000550218e+01,0.000000000000000000e+00,0.000000000000000000e+00,0.000000000000000000e+00
1.095906848289937052e+01,0.000000000000000000e+00,0.000000000000000000e+00,0.000000000000000000e+00
1.096309163579324064e+01,0.000000000000000000e+00,0.000000000000000000e+00,0.000000000000000000e+00
1.096711478868710898e+01,0.000000000000000000e+00,0.000000000000000000e+00,0.000000000000000000e+00
1.097113794158097733e+01,0.000000000000000000e+00,0.000000000000000000e+00,0.000000000000000000e+00
1.097516109447484745e+01,0.000000000000000000e+00,0.000000000000000000e+00,0.000000000000000000e+00
1.097918424736871579e+01,0.000000000000000000e+00,0.000000000000000000e+00,0.000000000000000000e+00
1.098320740026258591e+01,0.000000000000000000e+00,0.000000000000000000e+00,0.000000000000000000e+00
1.098723055315645425e+01,0.000000000000000000e+00,0.000000000000000000e+00,0.000000000000000000e+00
1.099125370605032437e+01,0.000000000000000000e+00,0.000000000000000000e+00,0.000000000000000000e+00
1.099527685894419271e+01,0.000000000000000000e+00,0.000000000000000000e+00,0.000000000000000000e+00
1.099930001183806105e+01,0.000000000000000000e+00,0.000000000000000000e+00,0.000000000000000000e+00
1.100332316473193117e+01,0.000000000000000000e+00,0.000000000000000000e+00,0.000000000000000000e+00
1.100734631762579951e+01,0.000000000000000000e+00,0.000000000000000000e+00,0.000000000000000000e+00
1.101136947051966963e+01,0.000000000000000000e+00,0.000000000000000000e+00,0.000000000000000000e+00
1.101539262341353798e+01,0.000000000000000000e+00,0.000000000000000000e+00,0.000000000000000000e+00
1.101941577630740632e+01,0.000000000000000000e+00,0.000000000000000000e+00,0.000000000000000000e+00
1.102343892920127644e+01,0.000000000000000000e+00,0.000000000000000000e+00,0.000000000000000000e+00
1.102746208209514478e+01,0.000000000000000000e+00,0.000000000000000000e+00,0.000000000000000000e+00
1.103148523498901490e+01,0.000000000000000000e+00,0.000000000000000000e+00,0.000000000000000000e+00
1.103550838788288324e+01,0.000000000000000000e+00,0.000000000000000000e+00,0.000000000000000000e+00
1.103953154077675336e+01,0.000000000000000000e+00,0.000000000000000000e+00,0.000000000000000000e+00
1.104355469367062170e+01,0.000000000000000000e+00,0.000000000000000000e+00,0.000000000000000000e+00
1.104757784656449005e+01,0.000000000000000000e+00,0.000000000000000000e+00,0.000000000000000000e+00
1.105160099945836016e+01,0.000000000000000000e+00,0.000000000000000000e+00,0.000000000000000000e+00
1.105562415235222851e+01,0.000000000000000000e+00,0.000000000000000000e+00,0.000000000000000000e+00
1.105964730524609863e+01,0.000000000000000000e+00,0.000000000000000000e+00,0.000000000000000000e+00
1.106367045813996697e+01,0.000000000000000000e+00,0.000000000000000000e+00,0.000000000000000000e+00
1.106769361103383531e+01,0.000000000000000000e+00,0.000000000000000000e+00,0.000000000000000000e+00
1.107171676392770543e+01,0.000000000000000000e+00,0.000000000000000000e+00,0.000000000000000000e+00
1.107573991682157377e+01,0.000000000000000000e+00,0.000000000000000000e+00,0.000000000000000000e+00
1.107976306971544389e+01,0.000000000000000000e+00,0.000000000000000000e+00,0.000000000000000000e+00
1.108378622260931223e+01,0.000000000000000000e+00,0.000000000000000000e+00,0.000000000000000000e+00
1.108780937550318235e+01,0.000000000000000000e+00,0.000000000000000000e+00,0.000000000000000000e+00
1.109183252839705069e+01,0.000000000000000000e+00,0.000000000000000000e+00,0.000000000000000000e+00
1.109585568129091904e+01,0.000000000000000000e+00,0.000000000000000000e+00,0.000000000000000000e+00
1.109987883418478916e+01,0.000000000000000000e+00,0.000000000000000000e+00,0.000000000000000000e+00
1.110390198707865750e+01,0.000000000000000000e+00,0.000000000000000000e+00,0.000000000000000000e+00
1.110792513997252762e+01,0.000000000000000000e+00,0.000000000000000000e+00,0.000000000000000000e+00
1.111194829286639596e+01,0.000000000000000000e+00,0.000000000000000000e+00,0.000000000000000000e+00
1.111597144576026430e+01,0.000000000000000000e+00,0.000000000000000000e+00,0.000000000000000000e+00
1.111999459865413442e+01,0.000000000000000000e+00,0.000000000000000000e+00,0.000000000000000000e+00
1.112401775154800276e+01,0.000000000000000000e+00,0.000000000000000000e+00,0.000000000000000000e+00
1.112804090444187288e+01,0.000000000000000000e+00,0.000000000000000000e+00,0.000000000000000000e+00
1.113206405733574123e+01,0.000000000000000000e+00,0.000000000000000000e+00,0.000000000000000000e+00
1.113608721022960957e+01,0.000000000000000000e+00,0.000000000000000000e+00,0.000000000000000000e+00
1.114011036312347969e+01,0.000000000000000000e+00,0.000000000000000000e+00,0.000000000000000000e+00
1.114413351601734803e+01,0.000000000000000000e+00,0.000000000000000000e+00,0.000000000000000000e+00
1.114815666891121815e+01,0.000000000000000000e+00,0.000000000000000000e+00,0.000000000000000000e+00
1.115217982180508649e+01,0.000000000000000000e+00,0.000000000000000000e+00,0.000000000000000000e+00
1.115620297469895661e+01,0.000000000000000000e+00,0.000000000000000000e+00,0.000000000000000000e+00
1.116022612759282495e+01,0.000000000000000000e+00,0.000000000000000000e+00,0.000000000000000000e+00
1.116424928048669329e+01,0.000000000000000000e+00,0.000000000000000000e+00,0.000000000000000000e+00
1.116827243338056341e+01,0.000000000000000000e+00,0.000000000000000000e+00,0.000000000000000000e+00
1.117229558627443176e+01,0.000000000000000000e+00,0.000000000000000000e+00,0.000000000000000000e+00
1.117631873916830187e+01,0.000000000000000000e+00,0.000000000000000000e+00,0.000000000000000000e+00
1.118034189206217022e+01,0.000000000000000000e+00,0.000000000000000000e+00,0.000000000000000000e+00
1.118436504495603856e+01,0.000000000000000000e+00,0.000000000000000000e+00,0.000000000000000000e+00
1.118838819784990868e+01,0.000000000000000000e+00,0.000000000000000000e+00,0.000000000000000000e+00
1.119241135074377702e+01,0.000000000000000000e+00,0.000000000000000000e+00,0.000000000000000000e+00
1.119643450363764714e+01,0.000000000000000000e+00,0.000000000000000000e+00,0.000000000000000000e+00
1.120045765653151548e+01,0.000000000000000000e+00,0.000000000000000000e+00,0.000000000000000000e+00
1.120448080942538560e+01,0.000000000000000000e+00,0.000000000000000000e+00,0.000000000000000000e+00
1.120850396231925394e+01,0.000000000000000000e+00,0.000000000000000000e+00,0.000000000000000000e+00
1.121252711521312229e+01,0.000000000000000000e+00,0.000000000000000000e+00,0.000000000000000000e+00
1.121655026810699241e+01,0.000000000000000000e+00,0.000000000000000000e+00,0.000000000000000000e+00
1.122057342100086075e+01,0.000000000000000000e+00,0.000000000000000000e+00,0.000000000000000000e+00
1.122459657389473087e+01,0.000000000000000000e+00,0.000000000000000000e+00,0.000000000000000000e+00
1.122861972678859921e+01,0.000000000000000000e+00,0.000000000000000000e+00,0.000000000000000000e+00
1.123264287968246755e+01,0.000000000000000000e+00,0.000000000000000000e+00,0.000000000000000000e+00
1.123666603257633767e+01,0.000000000000000000e+00,0.000000000000000000e+00,0.000000000000000000e+00
1.124068918547020601e+01,0.000000000000000000e+00,0.000000000000000000e+00,0.000000000000000000e+00
1.124471233836407613e+01,0.000000000000000000e+00,0.000000000000000000e+00,0.000000000000000000e+00
1.124873549125794447e+01,0.000000000000000000e+00,0.000000000000000000e+00,0.000000000000000000e+00
1.125275864415181282e+01,0.000000000000000000e+00,0.000000000000000000e+00,0.000000000000000000e+00
1.125678179704568294e+01,0.000000000000000000e+00,0.000000000000000000e+00,0.000000000000000000e+00
1.126080494993955128e+01,0.000000000000000000e+00,0.000000000000000000e+00,0.000000000000000000e+00
1.126482810283342140e+01,0.000000000000000000e+00,0.000000000000000000e+00,0.000000000000000000e+00
1.126885125572728974e+01,0.000000000000000000e+00,0.000000000000000000e+00,0.000000000000000000e+00
1.127287440862115986e+01,0.000000000000000000e+00,0.000000000000000000e+00,0.000000000000000000e+00
1.127689756151502820e+01,0.000000000000000000e+00,0.000000000000000000e+00,0.000000000000000000e+00
1.128092071440889654e+01,0.000000000000000000e+00,0.000000000000000000e+00,0.000000000000000000e+00
1.128494386730276666e+01,0.000000000000000000e+00,0.000000000000000000e+00,0.000000000000000000e+00
1.128896702019663500e+01,0.000000000000000000e+00,0.000000000000000000e+00,0.000000000000000000e+00
1.129299017309050512e+01,0.000000000000000000e+00,0.000000000000000000e+00,0.000000000000000000e+00
1.129701332598437347e+01,0.000000000000000000e+00,0.000000000000000000e+00,0.000000000000000000e+00
1.130103647887824181e+01,0.000000000000000000e+00,0.000000000000000000e+00,0.000000000000000000e+00
1.130505963177211193e+01,0.000000000000000000e+00,0.000000000000000000e+00,0.000000000000000000e+00
1.130908278466598027e+01,0.000000000000000000e+00,0.000000000000000000e+00,0.000000000000000000e+00
1.131310593755985039e+01,0.000000000000000000e+00,0.000000000000000000e+00,0.000000000000000000e+00
1.131712909045371873e+01,0.000000000000000000e+00,0.000000000000000000e+00,0.000000000000000000e+00
1.132115224334758885e+01,0.000000000000000000e+00,0.000000000000000000e+00,0.000000000000000000e+00
1.132517539624145719e+01,0.000000000000000000e+00,0.000000000000000000e+00,0.000000000000000000e+00
1.132919854913532554e+01,0.000000000000000000e+00,0.000000000000000000e+00,0.000000000000000000e+00
1.133322170202919565e+01,0.000000000000000000e+00,0.000000000000000000e+00,0.000000000000000000e+00
1.133724485492306400e+01,0.000000000000000000e+00,0.000000000000000000e+00,0.000000000000000000e+00
1.134126800781693412e+01,0.000000000000000000e+00,0.000000000000000000e+00,0.000000000000000000e+00
1.134529116071080246e+01,0.000000000000000000e+00,0.000000000000000000e+00,0.000000000000000000e+00
1.134931431360467080e+01,0.000000000000000000e+00,0.000000000000000000e+00,0.000000000000000000e+00
1.135333746649854092e+01,0.000000000000000000e+00,0.000000000000000000e+00,0.000000000000000000e+00
1.135736061939240926e+01,0.000000000000000000e+00,0.000000000000000000e+00,0.000000000000000000e+00
1.136138377228627938e+01,0.000000000000000000e+00,0.000000000000000000e+00,0.000000000000000000e+00
1.136540692518014772e+01,0.000000000000000000e+00,0.000000000000000000e+00,0.000000000000000000e+00
1.136943007807401784e+01,0.000000000000000000e+00,0.000000000000000000e+00,0.000000000000000000e+00
1.137345323096788618e+01,0.000000000000000000e+00,0.000000000000000000e+00,0.000000000000000000e+00
1.137747638386175453e+01,0.000000000000000000e+00,0.000000000000000000e+00,0.000000000000000000e+00
1.138149953675562465e+01,0.000000000000000000e+00,0.000000000000000000e+00,0.000000000000000000e+00
1.138552268964949299e+01,0.000000000000000000e+00,0.000000000000000000e+00,0.000000000000000000e+00
1.138954584254336311e+01,0.000000000000000000e+00,0.000000000000000000e+00,0.000000000000000000e+00
1.139356899543723145e+01,0.000000000000000000e+00,0.000000000000000000e+00,0.000000000000000000e+00
1.139759214833109979e+01,0.000000000000000000e+00,0.000000000000000000e+00,0.000000000000000000e+00
1.140161530122496991e+01,0.000000000000000000e+00,0.000000000000000000e+00,0.000000000000000000e+00
1.140563845411883825e+01,0.000000000000000000e+00,0.000000000000000000e+00,0.000000000000000000e+00
1.140966160701270837e+01,0.000000000000000000e+00,0.000000000000000000e+00,0.000000000000000000e+00
1.141368475990657672e+01,0.000000000000000000e+00,0.000000000000000000e+00,0.000000000000000000e+00
1.141770791280044506e+01,0.000000000000000000e+00,0.000000000000000000e+00,0.000000000000000000e+00
1.142173106569431518e+01,0.000000000000000000e+00,0.000000000000000000e+00,0.000000000000000000e+00
1.142575421858818352e+01,0.000000000000000000e+00,0.000000000000000000e+00,0.000000000000000000e+00
1.142977737148205364e+01,0.000000000000000000e+00,0.000000000000000000e+00,0.000000000000000000e+00
1.143380052437592198e+01,0.000000000000000000e+00,0.000000000000000000e+00,0.000000000000000000e+00
1.143782367726979210e+01,0.000000000000000000e+00,0.000000000000000000e+00,0.000000000000000000e+00
1.144184683016366044e+01,0.000000000000000000e+00,0.000000000000000000e+00,0.000000000000000000e+00
1.144586998305752878e+01,0.000000000000000000e+00,0.000000000000000000e+00,0.000000000000000000e+00
1.144989313595139890e+01,0.000000000000000000e+00,0.000000000000000000e+00,0.000000000000000000e+00
1.145391628884526725e+01,0.000000000000000000e+00,0.000000000000000000e+00,0.000000000000000000e+00
1.145793944173913737e+01,0.000000000000000000e+00,0.000000000000000000e+00,0.000000000000000000e+00
1.146196259463300571e+01,0.000000000000000000e+00,0.000000000000000000e+00,0.000000000000000000e+00
1.146598574752687405e+01,0.000000000000000000e+00,0.000000000000000000e+00,0.000000000000000000e+00
1.147000890042074417e+01,0.000000000000000000e+00,0.000000000000000000e+00,0.000000000000000000e+00
1.147403205331461251e+01,0.000000000000000000e+00,0.000000000000000000e+00,0.000000000000000000e+00
1.147805520620848263e+01,0.000000000000000000e+00,0.000000000000000000e+00,0.000000000000000000e+00
1.148207835910235097e+01,0.000000000000000000e+00,0.000000000000000000e+00,0.000000000000000000e+00
1.148610151199622109e+01,0.000000000000000000e+00,0.000000000000000000e+00,0.000000000000000000e+00
1.149012466489008943e+01,0.000000000000000000e+00,0.000000000000000000e+00,0.000000000000000000e+00
1.149414781778395778e+01,0.000000000000000000e+00,0.000000000000000000e+00,0.000000000000000000e+00
1.149817097067782790e+01,0.000000000000000000e+00,0.000000000000000000e+00,0.000000000000000000e+00
1.150219412357169624e+01,0.000000000000000000e+00,0.000000000000000000e+00,0.000000000000000000e+00
1.150621727646556636e+01,0.000000000000000000e+00,0.000000000000000000e+00,0.000000000000000000e+00
1.151024042935943470e+01,0.000000000000000000e+00,0.000000000000000000e+00,0.000000000000000000e+00
1.151426358225330304e+01,0.000000000000000000e+00,0.000000000000000000e+00,0.000000000000000000e+00
1.151828673514717316e+01,0.000000000000000000e+00,0.000000000000000000e+00,0.000000000000000000e+00
1.152230988804104150e+01,0.000000000000000000e+00,0.000000000000000000e+00,0.000000000000000000e+00
1.152633304093491162e+01,0.000000000000000000e+00,0.000000000000000000e+00,0.000000000000000000e+00
1.153035619382877996e+01,0.000000000000000000e+00,0.000000000000000000e+00,0.000000000000000000e+00
1.153437934672265008e+01,0.000000000000000000e+00,0.000000000000000000e+00,0.000000000000000000e+00
1.153840249961651843e+01,0.000000000000000000e+00,0.000000000000000000e+00,0.000000000000000000e+00
1.154242565251038677e+01,0.000000000000000000e+00,0.000000000000000000e+00,0.000000000000000000e+00
1.154644880540425689e+01,0.000000000000000000e+00,0.000000000000000000e+00,0.000000000000000000e+00
1.155047195829812523e+01,0.000000000000000000e+00,0.000000000000000000e+00,0.000000000000000000e+00
1.155449511119199535e+01,0.000000000000000000e+00,0.000000000000000000e+00,0.000000000000000000e+00
1.155851826408586369e+01,0.000000000000000000e+00,0.000000000000000000e+00,0.000000000000000000e+00
1.156254141697973203e+01,0.000000000000000000e+00,0.000000000000000000e+00,0.000000000000000000e+00
1.156656456987360215e+01,0.000000000000000000e+00,0.000000000000000000e+00,0.000000000000000000e+00
1.157058772276747050e+01,0.000000000000000000e+00,0.000000000000000000e+00,0.000000000000000000e+00
1.157461087566134061e+01,0.000000000000000000e+00,0.000000000000000000e+00,0.000000000000000000e+00
1.157863402855520896e+01,0.000000000000000000e+00,0.000000000000000000e+00,0.000000000000000000e+00
1.158265718144907730e+01,0.000000000000000000e+00,0.000000000000000000e+00,0.000000000000000000e+00
1.158668033434294742e+01,0.000000000000000000e+00,0.000000000000000000e+00,0.000000000000000000e+00
1.159070348723681576e+01,0.000000000000000000e+00,0.000000000000000000e+00,0.000000000000000000e+00
1.159472664013068588e+01,0.000000000000000000e+00,0.000000000000000000e+00,0.000000000000000000e+00
1.159874979302455422e+01,0.000000000000000000e+00,0.000000000000000000e+00,0.000000000000000000e+00
1.160277294591842434e+01,0.000000000000000000e+00,0.000000000000000000e+00,0.000000000000000000e+00
1.160679609881229268e+01,0.000000000000000000e+00,0.000000000000000000e+00,0.000000000000000000e+00
1.161081925170616103e+01,0.000000000000000000e+00,0.000000000000000000e+00,0.000000000000000000e+00
1.161484240460003114e+01,0.000000000000000000e+00,0.000000000000000000e+00,0.000000000000000000e+00
1.161886555749389949e+01,0.000000000000000000e+00,0.000000000000000000e+00,0.000000000000000000e+00
1.162288871038776961e+01,0.000000000000000000e+00,0.000000000000000000e+00,0.000000000000000000e+00
1.162691186328163795e+01,0.000000000000000000e+00,0.000000000000000000e+00,0.000000000000000000e+00
1.163093501617550629e+01,0.000000000000000000e+00,0.000000000000000000e+00,0.000000000000000000e+00
1.163495816906937641e+01,0.000000000000000000e+00,0.000000000000000000e+00,0.000000000000000000e+00
1.163898132196324475e+01,0.000000000000000000e+00,0.000000000000000000e+00,0.000000000000000000e+00
1.164300447485711487e+01,0.000000000000000000e+00,0.000000000000000000e+00,0.000000000000000000e+00
1.164702762775098321e+01,0.000000000000000000e+00,0.000000000000000000e+00,0.000000000000000000e+00
1.165105078064485333e+01,0.000000000000000000e+00,0.000000000000000000e+00,0.000000000000000000e+00
1.165507393353872168e+01,0.000000000000000000e+00,0.000000000000000000e+00,0.000000000000000000e+00
1.165909708643259002e+01,0.000000000000000000e+00,0.000000000000000000e+00,0.000000000000000000e+00
1.166312023932646014e+01,0.000000000000000000e+00,0.000000000000000000e+00,0.000000000000000000e+00
1.166714339222032848e+01,0.000000000000000000e+00,0.000000000000000000e+00,0.000000000000000000e+00
1.167116654511419860e+01,0.000000000000000000e+00,0.000000000000000000e+00,0.000000000000000000e+00
1.167518969800806694e+01,0.000000000000000000e+00,0.000000000000000000e+00,0.000000000000000000e+00
1.167921285090193528e+01,0.000000000000000000e+00,0.000000000000000000e+00,0.000000000000000000e+00
1.168323600379580540e+01,0.000000000000000000e+00,0.000000000000000000e+00,0.000000000000000000e+00
1.168725915668967374e+01,0.000000000000000000e+00,0.000000000000000000e+00,0.000000000000000000e+00
1.169128230958354386e+01,0.000000000000000000e+00,0.000000000000000000e+00,0.000000000000000000e+00
1.169530546247741221e+01,0.000000000000000000e+00,0.000000000000000000e+00,0.000000000000000000e+00
1.169932861537128232e+01,0.000000000000000000e+00,0.000000000000000000e+00,0.000000000000000000e+00
1.170335176826515067e+01,0.000000000000000000e+00,0.000000000000000000e+00,0.000000000000000000e+00
1.170737492115901901e+01,0.000000000000000000e+00,0.000000000000000000e+00,0.000000000000000000e+00
1.171139807405288913e+01,0.000000000000000000e+00,0.000000000000000000e+00,0.000000000000000000e+00
1.171542122694675747e+01,0.000000000000000000e+00,0.000000000000000000e+00,0.000000000000000000e+00
1.171944437984062759e+01,0.000000000000000000e+00,0.000000000000000000e+00,0.000000000000000000e+00
1.172346753273449593e+01,0.000000000000000000e+00,0.000000000000000000e+00,0.000000000000000000e+00
1.172749068562836428e+01,0.000000000000000000e+00,0.000000000000000000e+00,0.000000000000000000e+00
1.173151383852223439e+01,0.000000000000000000e+00,0.000000000000000000e+00,0.000000000000000000e+00
1.173553699141610274e+01,0.000000000000000000e+00,0.000000000000000000e+00,0.000000000000000000e+00
1.173956014430997286e+01,0.000000000000000000e+00,0.000000000000000000e+00,0.000000000000000000e+00
1.174358329720384120e+01,0.000000000000000000e+00,0.000000000000000000e+00,0.000000000000000000e+00
1.174760645009770954e+01,0.000000000000000000e+00,0.000000000000000000e+00,0.000000000000000000e+00
1.175162960299157966e+01,0.000000000000000000e+00,0.000000000000000000e+00,0.000000000000000000e+00
1.175565275588544800e+01,0.000000000000000000e+00,0.000000000000000000e+00,0.000000000000000000e+00
1.175967590877931812e+01,0.000000000000000000e+00,0.000000000000000000e+00,0.000000000000000000e+00
1.176369906167318646e+01,0.000000000000000000e+00,0.000000000000000000e+00,0.000000000000000000e+00
1.176772221456705658e+01,0.000000000000000000e+00,0.000000000000000000e+00,0.000000000000000000e+00
1.177174536746092492e+01,0.000000000000000000e+00,0.000000000000000000e+00,0.000000000000000000e+00
1.177576852035479327e+01,0.000000000000000000e+00,0.000000000000000000e+00,0.000000000000000000e+00
1.177979167324866339e+01,0.000000000000000000e+00,0.000000000000000000e+00,0.000000000000000000e+00
1.178381482614253173e+01,0.000000000000000000e+00,0.000000000000000000e+00,0.000000000000000000e+00
1.178783797903640185e+01,0.000000000000000000e+00,0.000000000000000000e+00,0.000000000000000000e+00
1.179186113193027019e+01,0.000000000000000000e+00,0.000000000000000000e+00,0.000000000000000000e+00
1.179588428482413853e+01,0.000000000000000000e+00,0.000000000000000000e+00,0.000000000000000000e+00
1.179990743771800865e+01,0.000000000000000000e+00,0.000000000000000000e+00,0.000000000000000000e+00
1.180393059061187699e+01,0.000000000000000000e+00,0.000000000000000000e+00,0.000000000000000000e+00
1.180795374350574711e+01,0.000000000000000000e+00,0.000000000000000000e+00,0.000000000000000000e+00
1.181197689639961546e+01,0.000000000000000000e+00,0.000000000000000000e+00,0.000000000000000000e+00
1.181600004929348557e+01,0.000000000000000000e+00,0.000000000000000000e+00,0.000000000000000000e+00
1.182002320218735392e+01,0.000000000000000000e+00,0.000000000000000000e+00,0.000000000000000000e+00
1.182404635508122226e+01,0.000000000000000000e+00,0.000000000000000000e+00,0.000000000000000000e+00
1.182806950797509238e+01,0.000000000000000000e+00,0.000000000000000000e+00,0.000000000000000000e+00
1.183209266086896072e+01,0.000000000000000000e+00,0.000000000000000000e+00,0.000000000000000000e+00
1.183611581376283084e+01,0.000000000000000000e+00,0.000000000000000000e+00,0.000000000000000000e+00
1.184013896665669918e+01,0.000000000000000000e+00,0.000000000000000000e+00,0.000000000000000000e+00
1.184416211955056752e+01,1.218215848639316946e-307,1.218215858565838055e-307,-9.926521109176954961e-316
1.184818527244443764e+01,3.984116732685930642e-307,3.984116765123268333e-307,-3.243733769125416651e-315
1.185220842533830599e+01,1.301687581981797091e-306,1.301687592570721735e-306,-1.058892464376822436e-314
1.185623157823217610e+01,4.248624672117746579e-306,4.248624706650657304e-306,-3.453291072499904362e-314
1.186025473112604445e+01,1.385341580698059940e-305,1.385341591948643431e-305,-1.125058349099788050e-313
1.186427788401991457e+01,4.512656435741350679e-305,4.512656472358069984e-305,-3.661671930473665898e-313
1.186830103691378291e+01,1.468502090338355089e-304,1.468502102244375975e-304,-1.190602088654197619e-312
1.187232418980765125e+01,4.774014849608062055e-304,4.774014888280735148e-304,-3.867267309260375139e-312
1.187634734270152137e+01,1.550457477621077638e-303,1.550457490169996249e-303,-1.254891861078040501e-311
1.188037049559538971e+01,5.030403846765569565e-303,5.030403887446536211e-303,-4.068096664648444889e-311
1.188439364848925983e+01,1.630469736626670349e-302,1.630469749801186644e-302,-1.317451629451244918e-310
1.188841680138312817e+01,5.279460320776994345e-302,5.279460363399059879e-302,-4.262206553417854832e-310
1.189243995427699652e+01,1.707785083716264262e-301,1.707785097492399572e-301,-1.377613530924187558e-309
1.189646310717086664e+01,5.518789122945593766e-301,5.518789167425353470e-301,-4.447975970368994628e-309
1.190048626006473498e+01,1.781645442356041422e-300,1.781645456703204763e-300,-1.434716334045987305e-308
1.190450941295860510e+01,5.746000515532050371e-300,5.746000561765110589e-300,-4.623306021800329306e-308
1.190853256585247344e+01,1.851300582982244616e-299,1.851300597865209042e-299,-1.488296442624676020e-307
1.191255571874634178e+01,5.958749287888877330e-299,5.958749335751545966e-299,-4.786266863613193133e-307
1.191657887164021190e+01,1.916020652828699771e-298,1.916020668205967202e-298,-1.537726743078368815e-306
1.192060202453408024e+01,6.154774657656785275e-298,6.154774707010028422e-298,-4.935324314733799811e-306
1.192462517742795036e+01,1.975108807531964256e-297,1.975108823356431096e-297,-1.582446683959184299e-305
1.192864833032181870e+01,6.331940018942003340e-297,6.331940069630459713e-297,-5.068845637330727978e-305
1.193267148321568882e+01,2.027913641633828086e-296,2.027913657853698997e-296,-1.621987091148941735e-304
1.193669463610955717e+01,6.488271567255767773e-296,6.488271619106434655e-296,-5.185066688134402427e-304
1.194071778900342551e+01,2.073841109593591348e-295,2.073841126152590134e-295,-1.655899878584111671e-303
1.194474094189729563e+01,6.621994828773097604e-295,6.621994881602065794e-295,-5.282896819026552523e-303
1.194876409479116397e+01,2.112365633198113798e-294,2.112365650035742069e-294,-1.683762827092192993e-302
1.195278724768503409e+01,6.731568150772470325e-294,6.731568204384267651e-294,-5.361179732567732793e-302
1.195681040057890243e+01,2.143040105425087209e-293,2.143040122477984283e-293,-1.705289707430957768e-301
1.196083355347277077e+01,6.815712270467637491e-293,6.815712324655823512e-293,-5.418818602066967965e-301
1.196485670636664089e+01,2.165504524755647979e-292,2.165504541957841724e-292,-1.720219374502337877e-300
1.196887985926050924e+01,6.873435169699072073e-292,6.873435224252412962e-292,-5.455334088902282381e-300
1.197290301215437935e+01,2.179493026864112800e-291,2.179493044147694051e-291,-1.728358125057849442e-299
1.197692616504824770e+01,6.904051540410568586e-291,6.904051595112456474e-291,-5.470188788785221666e-299
1.198094931794211782e+01,2.184839121679473719e-290,2.184839138975146697e-290,-1.729567297834807554e-298
1.198497247083598616e+01,6.907196326979334355e-290,6.907196381612431646e-290,-5.463309729083551760e-298
1.198899562372985450e+01,2.181478991586060739e-289,2.181479008825621185e-289,-1.723956044632367872e-297
1.199301877662372462e+01,6.882831971186353993e-289,6.882832025531536724e-289,-5.434518273035651724e-297
1.199704192951759296e+01,2.169452759423126465e-288,2.169452776538215155e-288,-1.711508868968144302e-296
1.200106508241146308e+01,6.831249158816415387e-288,6.831249212662152067e-288,-5.384573667962174277e-296
1.200508823530533142e+01,2.148903691034494967e-287,2.148903707957827294e-287,-1.692333232638955016e-295
1.200911138819919977e+01,6.753061047146924981e-287,6.753061100284490436e-287,-5.313756545504091134e-295
1.201313454109306988e+01,2.120075354554641243e-286,2.120075371222259104e-286,-1.666761786160376356e-294
1.201715769398693823e+01,6.649191133593749080e-286,6.649191185822025759e-286,-5.222827667894932628e-294
1.202118084688080835e+01,2.083306815167134183e-285,2.083306831517343115e-285,-1.635020893206366040e-293
1.202520399977467669e+01,6.520855101056909186e-285,6.520855152188908717e-285,-5.113199953089670276e-293
1.202922715266854681e+01,2.039025997883859546e-284,2.039026013858571429e-284,-1.597471188304176936e-292
1.203325030556241515e+01,6.369537139012334468e-284,6.369537188871391093e-284,-4.985905662511667263e-292
1.203727345845628349e+01,1.987741399980509475e-283,1.987741415526240121e-283,-1.554573064582423686e-291
1.204129661135015361e+01,6.196961385038800149e-283,6.196961433461734114e-283,-4.842293396433761901e-291
1.204531976424402195e+01,1.930032377448137968e-282,1.930032392516280810e-282,-1.506814284133258241e-290
1.204934291713789207e+01,6.005059254796555467e-282,6.005059301638045901e-282,-4.684149043338012223e-290
1.205336607003176042e+01,1.866538264716237957e-281,1.866538279263134486e-281,-1.454689652874658482e-289
1.205738922292562876e+01,5.795933525193090788e-281,5.795933570324479063e-281,-4.513138827540327655e-289
1.206141237581949888e+01,1.797946612971012319e-280,1.797946626958810585e-280,-1.398779826608572477e-288
1.206543552871336722e+01,5.571820102852332773e-280,5.571820146161961856e-280,-4.330962908338899738e-288
1.206945868160723734e+01,1.724980848807906165e-279,1.724980862204638044e-279,-1.339673187893135295e-287
1.207348183450110568e+01,5.335048446318089557e-279,5.335048487714920590e-279,-4.139683103292022664e-287
1.207750498739497402e+01,1.648387661508088476e-278,1.648387674287298505e-278,-1.277921002905583826e-286
1.208152814028884414e+01,5.088001615548111587e-278,5.088001654958978215e-278,-3.941086662807060724e-286
1.208555129318271248e+01,1.568924423920971388e-277,1.568924436062734627e-277,-1.214176323838720438e-285
1.208957444607658260e+01,4.833076896600486503e-277,4.833076933970444232e-277,-3.736995772842542747e-285
1.209359759897045095e+01,1.487346939242005521e-276,1.487346950732213776e-276,-1.149020825486091433e-284
1.209762075186432106e+01,4.572647895446278502e-276,4.572647930739317762e-276,-3.529303925944914498e-284
1.210164390475818941e+01,1.404397784748160852e-275,1.404397795578455147e-275,-1.083029429595954066e-283
1.210566705765205775e+01,4.309028915309361051e-275,4.309028948509253930e-275,-3.319989287892840105e-283
1.210969021054592787e+01,1.320795494797628642e-274,1.320795504964938016e-274,-1.016730937393014555e-282
1.211371336343979621e+01,4.044442330882041476e-274,4.044442361988649703e-274,-3.110660822682416337e-282
1.211773651633366633e+01,1.237224790579357066e-273,1.237224800086612131e-273,-9.507255065523522484e-282
1.212175966922753467e+01,3.780989554607582942e-273,3.780989583635482061e-273,-2.902789911839495133e-281
1.212578282212140302e+01,1.154328024641210327e-272,1.154328033495754522e-272,-8.854544194169444343e-281
1.212980597501527313e+01,3.520626060188093247e-272,3.520626087169467525e-272,-2.698137427818255605e-280
1.213382912790914148e+01,1.072697965790103922e-271,1.072697974003688969e-271,-8.213585046758384391e-280
1.213785228080301160e+01,3.265140791434645523e-271,3.265140816413857222e-271,-2.497921169859042096e-279
1.214187543369687994e+01,9.928720061648208387e-271,9.928720137536753673e-271,-7.588854528595698954e-279
1.214589858659075006e+01,3.016140145930951192e-270,3.016140168963750823e-270,-2.303279963040966206e-278
1.214992173948461840e+01,9.153278287726704628e-270,9.153278357564804254e-270,-6.983809962612243469e-278
1.215394489237848674e+01,2.775036587503983189e-269,2.775036608657838818e-269,-2.115385562912042293e-277
1.215796804527235686e+01,8.404805319567659127e-269,8.404805383579087281e-269,-6.401142815345608955e-277
1.216199119816622520e+01,2.543041813677717304e-268,2.543041833028500900e-268,-1.935078359630496101e-276
1.216601435106009532e+01,7.686811685361956335e-268,7.686811743800535415e-268,-5.843857908041959984e-276
1.217003750395396366e+01,2.321164287937154873e-267,2.321164305567761768e-267,-1.763060689527572920e-275
1.217406065684783201e+01,7.002166227820817794e-267,7.002166280958622501e-267,-5.313780470787468471e-275
1.217808380974170213e+01,2.110210845010659738e-266,2.110210861010163104e-266,-1.599950336567101648e-274
1.218210696263557047e+01,6.353107188534700780e-266,6.353107236660276332e-266,-4.812557555196703595e-274
1.218613011552944059e+01,1.910791992659089121e-265,1.910792007120686479e-265,-1.446159735817240198e-273
1.219015326842330893e+01,5.741264304168696817e-265,5.741264347580944174e-265,-4.341224735775389280e-273
1.219417642131717905e+01,1.723330467317615883e-264,1.723330480336792530e-264,-1.301917664663141672e-272
1.219819957421104739e+01,5.167690432821891642e-264,5.167690471826985665e-264,-3.900509402342587668e-272
1.220222272710491573e+01,1.548072553928942042e-263,1.548072565602926579e-263,-1.167398453713773637e-271
1.220624587999878585e+01,4.632901110537469549e-263,4.632901145442834928e-263,-3.490536537945189768e-271
1.221026903289265420e+01,1.385101652421044351e-262,1.385101662847119911e-262,-1.042607556013572758e-270
1.221429218578652431e+01,4.136920379089081427e-262,4.136920410200547072e-262,-3.111146564458100207e-270
1.221831533868039266e+01,1.234353563620725987e-261,1.234353572895329318e-261,-9.274603331555683706e-270
1.222233849157426100e+01,3.679331222986987710e-261,3.679331250607124167e-261,-2.762013645706783491e-269
1.222636164446813112e+01,1.095632974622274900e-260,1.095632982839497134e-260,-8.217222234007005920e-269
1.223038479736199946e+01,3.259329000860314205e-260,3.259329025283345638e-260,-2.442303143302079605e-268
1.223440795025586958e+01,9.686306457282668956e-260,9.686306529797601424e-260,-7.251493246803533552e-268
1.223843110314973792e+01,2.875776347206212851e-259,2.875776368715512247e-259,-2.150929939560504006e-267
1.224245425604360626e+01,8.529408358437090859e-259,8.529408422176028411e-259,-6.373893755159674620e-267
1.224647740893747638e+01,2.527258147471350857e-258,2.527258166339629739e-258,-1.886827888127826426e-266
1.225050056183134473e+01,7.480785480646510838e-258,7.480785536445495311e-258,-5.579898447268568643e-266
1.225452371472521484e+01,2.212135344120721093e-257,2.212135360606226489e-257,-1.648550539606757703e-265
1.225854686761908319e+01,6.534962295388102975e-257,6.534962344043559740e-257,-4.865545676479688084e-265
1.226257002051295331e+01,1.928596505623529690e-256,1.928596519969488165e-256,-1.434595847501543038e-264
1.226659317340682165e+01,5.685996169158137289e-256,5.685996211415771164e-256,-4.225763387519737109e-264
1.227061632630068999e+01,1.674706275948388174e-255,1.674706288382987839e-255,-1.243459966522548948e-263
1.227463947919456011e+01,4.927624782865275525e-255,4.927624819419188848e-255,-3.655391332271979235e-263
1.227866263208842845e+01,1.448450011655500693e-254,1.448450022390564878e-254,-1.073506418438320891e-262
1.228268578498229857e+01,4.253400622259948697e-254,4.253400653754007823e-254,-3.149405912689137929e-262
1.228670893787616691e+01,1.247774100166800665e-253,1.247774109397360727e-253,-9.230560061860140277e-262
1.229073209077003526e+01,3.656811223454985122e-253,3.656811250481884017e-253,-2.702689889540686747e-261
1.229475524366390538e+01,1.070621630504171978e-252,1.070621638409659924e-252,-7.905487946320421080e-261
1.229877839655777372e+01,3.131384399659705847e-252,3.131384422760303413e-252,-2.310059756584164173e-260
1.230280154945164384e+01,9.149632518472424471e-252,9.149632585908986609e-252,-6.743656213781853855e-260
1.230682470234551218e+01,2.670778168000320905e-251,2.670778187666636184e-251,-1.966631527921678313e-259
1.231084785523938230e+01,7.788232021021929963e-251,7.788232078317864182e-251,-5.729593421860907542e-259
1.231487100813325064e+01,2.268855529243529500e-250,2.268855545919500763e-250,-1.667597126341943951e-258
1.231889416102711898e+01,6.603006157356716397e-250,6.603006205842681344e-250,-4.848596494712177821e-258
1.232291731392098910e+01,1.919744621793949352e-249,1.919744635877783530e-249,-1.408383417807009849e-257
1.232694046681485744e+01,5.575863259841619748e-249,5.575863300709403208e-249,-4.086778346014651832e-257
1.233096361970872756e+01,1.617885071855600128e-248,1.617885083702521710e-248,-1.184692158235646105e-256
1.233498677260259591e+01,4.689754607256578105e-248,4.689754641566083553e-248,-3.430950544801720177e-256
1.233900992549646425e+01,1.358061593911005490e-247,1.358061603836952079e-247,-9.925946588349206308e-256
1.234303307839033437e+01,3.928761942235224579e-247,3.928761970923085481e-247,-2.868786090185872903e-255
1.234705623128420271e+01,1.135426062200636280e-246,1.135426070483956408e-246,-8.283320128130301115e-255
1.235107938417807283e+01,3.278150597103807875e-246,3.278150620996299557e-246,-2.389249168220501459e-254
1.235510253707194117e+01,9.455093791577936142e-246,9.455093860425643343e-246,-6.884770720079277679e-254
1.235912568996581129e+01,2.724392520890345226e-245,2.724392540709965996e-245,-1.981962077044051903e-253
1.236314884285967963e+01,7.842245168703337423e-245,7.842245225700026319e-245,-5.699668889618018733e-253
1.236717199575354798e+01,2.255163579640560271e-244,2.255163596015319993e-244,-1.637475972188533163e-252
1.237119514864741809e+01,6.478621096158490762e-244,6.478621143157085928e-244,-4.699859516622654178e-252
1.237521830154128644e+01,1.859319441559807442e-243,1.859319455035114919e-243,-1.347530747691404535e-251
1.237924145443515656e+01,5.330799371520834907e-243,5.330799410119528771e-243,-3.859869386348575257e-251
1.238326460732902490e+01,1.526854182688659972e-242,1.526854193733789018e-242,-1.104512904577827503e-250
1.238728776022289324e+01,4.368875676125913172e-242,4.368875707699677728e-242,-3.157376455561540360e-250
1.239131091311676336e+01,1.248845482835577402e-241,1.248845491852483930e-241,-9.016906527637834986e-250
1.239533406601063170e+01,3.566273333518402608e-241,3.566273359243530424e-241,-2.572512781576398269e-249
1.239935721890450182e+01,1.017389949239944358e-240,1.017389956571740244e-240,-7.331795886065791735e-249
1.240338037179837016e+01,2.899527002361917310e-240,2.899527023237619300e-240,-2.087570198959550275e-248
1.240740352469223851e+01,8.255317293040531867e-240,8.255317352420903055e-240,-5.938037118872197640e-248
1.241142667758610862e+01,2.348049674029265205e-239,2.348049690902556506e-239,-1.687329130105575018e-247
1.241544983047997697e+01,6.671871735894834185e-239,6.671871783793727441e-239,-4.789889325592807710e-247
1.241947298337384709e+01,1.893891062829452400e-238,1.893891076413426085e-238,-1.358397368470993100e-246
1.242349613626771543e+01,5.370679034133433637e-238,5.370679072617295594e-238,-3.848386195705667853e-246
1.242751928916158555e+01,1.521494197281218900e-237,1.521494208173238402e-237,-1.089201950214199232e-245
1.243154244205545389e+01,4.306042382060405393e-237,4.306042412857142020e-237,-3.079673662653798303e-245
1.243556559494932223e+01,1.217455784713567167e-236,1.217455793412437965e-236,-8.698870798588374029e-245
1.243958874784319235e+01,3.438705576726138177e-236,3.438705601272915596e-236,-2.454677741861828865e-244
1.244361190073706069e+01,9.702947604434315290e-236,9.702947673631429315e-236,-6.919711402507922110e-244
1.244763505363093081e+01,2.735138214154187570e-235,2.735138233640803803e-235,-1.948661623324157742e-243
1.245165820652479916e+01,7.702323697674100876e-235,7.702323752498574762e-235,-5.482447388592689722e-243
1.245568135941866750e+01,2.166861499534916693e-234,2.166861514943504719e-234,-1.540858802614044646e-242
1.245970451231253762e+01,6.089861810974774049e-234,6.089861854237649874e-234,-4.326287582538101423e-242
1.246372766520640596e+01,1.709820896407317896e-233,1.709820908542686016e-233,-1.213536811986018588e-241
1.246775081810027608e+01,4.795795997622039795e-233,4.795796031626702975e-233,-3.400466318027503724e-241
1.247177397099414442e+01,1.343809414066555465e-232,1.343809423585537152e-232,-9.518981686451246573e-241
1.247579712388801454e+01,3.761677465016377112e-232,3.761677491637430787e-232,-2.662105367475942632e-240
1.247982027678188288e+01,1.051943294085097794e-231,1.051943301522390945e-231,-7.437293151104023139e-240
1.248384342967575122e+01,2.938799798064216589e-231,2.938799818821301629e-231,-2.075708504027326476e-239
1.248786658256962134e+01,8.201901910477430485e-231,8.201901968353715922e-231,-5.787628543712309716e-239
1.249188973546348969e+01,2.286788706399569640e-230,2.286788722520400539e-230,-1.612083089913815712e-238
1.249591288835735980e+01,6.369486247052278263e-230,6.369486291910840660e-230,-4.485856239737023595e-238
1.249993604125122815e+01,1.772350726378926504e-229,1.772350738849223684e-229,-1.247029718052343977e-237
1.250395919414509649e+01,4.926764787830111943e-229,4.926764822460766600e-229,-3.463065465777550232e-237
1.250798234703896661e+01,1.368172597523458114e-228,1.368172607131128378e-228,-9.607670263650930601e-237
1.251200549993283495e+01,3.795655994649493519e-228,3.795656021277992397e-228,-2.662849887789816971e-236
1.251602865282670507e+01,1.051961146356857611e-227,1.051961153729616472e-227,-7.372758861706231923e-236
1.252005180572057341e+01,2.912590659035329235e-227,2.912590679428600649e-227,-2.039327141442169167e-235
1.252407495861444175e+01,8.056123269800217382e-227,8.056123326152945774e-227,-5.635272839199784909e-235
1.252809811150831187e+01,2.226074277260676681e-226,2.226074292816753163e-226,-1.555607648185619878e-234
1.253212126440218022e+01,6.144974677847940472e-226,6.144974720748084567e-226,-4.290014409528712383e-234
1.253614441729605034e+01,1.694600935144118495e-225,1.694600946963204490e-225,-1.181908599528371967e-233
1.254016757018991868e+01,4.668546444963068649e-225,4.668546477491902259e-225,-3.252883361056579170e-233
1.254419072308378880e+01,1.284880752998037329e-224,1.284880761941930627e-224,-8.943893298419705228e-233
1.254821387597765714e+01,3.532733375453022151e-224,3.532733400019971255e-224,-2.456694910440539743e-232
1.255223702887152548e+01,9.703441611847545057e-224,9.703441679258865972e-224,-6.741132091489268408e-232
1.255626018176539560e+01,2.662610439248058728e-223,2.662610457727415586e-223,-1.847935685807778691e-231
1.256028333465926394e+01,7.298882322729307949e-223,7.298882373336483929e-223,-5.060717597971045602e-231
1.256430648755313406e+01,1.998812197127373469e-222,1.998812210972606397e-222,-1.384523292822684350e-230
1.256832964044700240e+01,5.468327515901900861e-222,5.468327553742022666e-222,-3.784012180474929828e-230
1.257235279334087075e+01,1.494527610930018941e-221,1.494527621261791206e-221,-1.033177226484286440e-229
1.257637594623474087e+01,4.080564675789982794e-221,4.080564703971295201e-221,-2.818131240625433485e-229
1.258039909912860921e+01,1.113021327653350071e-220,1.113021335332516608e-220,-7.679166537275342913e-229
1.258442225202247933e+01,3.032868670432704254e-220,3.032868691337127855e-220,-2.090442360096066954e-228
1.258844540491634767e+01,8.256017811641092182e-220,8.256017868490246635e-220,-5.684915445302099017e-228
1.259246855781021779e+01,2.245197425116312325e-219,2.245197440560856386e-219,-1.544454406099567541e-227
1.259649171070408613e+01,6.099656065043221720e-219,6.099656106960576175e-219,-4.191735445442401774e-227
1.260051486359795447e+01,1.655476642473233810e-218,1.655476653838579925e-218,-1.136534611496967912e-226
1.260453801649182459e+01,4.488566516324072211e-218,4.488566547108561486e-218,-3.078448927553163033e-226
1.260856116938569293e+01,1.215791691319818417e-217,1.215791699649962483e-217,-8.330144066685086494e-226
1.261258432227956305e+01,3.289861194842715619e-217,3.289861217361219702e-217,-2.251850408273920754e-225
1.261660747517343140e+01,8.893298635617483121e-217,8.893298696429500687e-217,-6.081201756566279226e-225
1.262063062806729974e+01,2.401679634478536869e-216,2.401679650884834564e-216,-1.640629769554175327e-224
1.262465378096116986e+01,6.479390764968163284e-216,6.479390809185826409e-216,-4.421766312447156565e-224
1.262867693385503820e+01,1.746305281922238365e-215,1.746305293827667932e-215,-1.190542956739980519e-223
1.263270008674890832e+01,4.701896450658692179e-215,4.701896482681690846e-215,-3.202299866684606608e-223
1.263672323964277666e+01,1.264715529257141372e-214,1.264715537862104719e-214,-8.604963347127558392e-223
1.264074639253664678e+01,3.398439476187545983e-214,3.398439499286977969e-214,-2.309943198591324010e-222
1.264476954543051512e+01,9.122904451835449784e-214,9.122904513781898097e-214,-6.194644831319115442e-222
1.264879269832438347e+01,2.446547266916745790e-213,2.446547283512629878e-213,-1.659588408777749005e-221
1.265281585121825358e+01,6.554521507946561036e-213,6.554521552363850994e-213,-4.441728995879767437e-221
1.265683900411212193e+01,1.754265300036052652e-212,1.754265311911885941e-212,-1.187583328853653759e-220
1.266086215700599205e+01,4.690470953958645403e-212,4.690470985679866328e-212,-3.172122092452958380e-220
1.266488530989986039e+01,1.252865720479403139e-211,1.252865728943871993e-211,-8.464468853516367643e-220
1.266890846279372873e+01,3.343178001116889347e-211,3.343178023680693991e-211,-2.256380464431641698e-219
1.267293161568759885e+01,8.912127107639327939e-211,8.912127167728673459e-211,-6.008934552078031236e-219
1.267695476858146719e+01,2.373395646033921282e-210,2.373395662020263216e-210,-1.598634193424701433e-218
1.268097792147533731e+01,6.314308675344506846e-210,6.314308717831997841e-210,-4.248749099457169600e-218
1.268500107436920565e+01,1.678217995511161118e-209,1.678218006791982144e-209,-1.128082102664047816e-217
1.268902422726307400e+01,4.455924633894145488e-209,4.455924663816304090e-209,-2.992215860205855788e-217
1.269304738015694412e+01,1.181936644333047474e-208,1.181936652261832991e-208,-7.928785517336736679e-217
1.269707053305081246e+01,3.131969010785405604e-208,3.131969031774229598e-208,-2.098882399317415045e-216
1.270109368594468258e+01,8.291013320181306532e-208,8.291013375686800948e-208,-5.550549441594333567e-216
1.270511683883855092e+01,2.192626543697152515e-207,2.192626558361079596e-207,-1.466392708078808662e-215
1.270913999173242104e+01,5.792801136023868579e-207,5.792801174725440489e-207,-3.870157190967604616e-215
1.271316314462628938e+01,1.528901370020622252e-206,1.528901380224777672e-206,-1.020415542029811688e-214
1.271718629752015772e+01,4.031226663331922634e-206,4.031226690209613236e-206,-2.687769060186236843e-214
1.272120945041402784e+01,1.061846802903256583e-205,1.061846809975701707e-205,-7.072445123159398569e-214
1.272523260330789618e+01,2.794173744951523630e-205,2.794173763543148713e-205,-1.859162508319057176e-213
1.272925575620176630e+01,7.345339087350290758e-205,7.345339136174089796e-205,-4.882379903783114774e-213
1.273327890909563465e+01,1.929022035546960580e-204,1.929022048355726588e-204,-1.280876600785151211e-212
1.273730206198950299e+01,5.060919461204564020e-204,5.060919494774704036e-204,-3.357014001565534736e-212
1.274132521488337311e+01,1.326442905638314528e-203,1.326442914427865699e-203,-8.789551171820053047e-212
1.274534836777724145e+01,3.473078458876024956e-203,3.473078481866301686e-203,-2.299027672997000242e-211
1.274937152067111157e+01,9.084635885272194647e-203,9.084635945346584392e-203,-6.007438974473166045e-211
1.275339467356497991e+01,2.373926968436730037e-202,2.373926984118803684e-202,-1.568207364678106207e-210
1.275741782645885003e+01,6.197179575418505022e-202,6.197179616314334606e-202,-4.089582958464855362e-210
1.276144097935271837e+01,1.616172472721015505e-201,1.616172483375311714e-201,-1.065429620955663882e-209
1.276546413224658671e+01,4.210641124733860708e-201,4.210641152462954694e-201,-2.772909398642631300e-209
1.276948728514045683e+01,1.095911913533843115e-200,1.095911920743474126e-200,-7.209631010646022158e-209
1.277351043803432518e+01,2.849508562148059681e-200,2.849508580874405120e-200,-1.872634543895468753e-208
1.277753359092819530e+01,7.401694949429328577e-200,7.401694998021298632e-200,-4.859197005455676172e-208
1.278155674382206364e+01,1.920698937630272546e-199,1.920698950226555075e-199,-1.259628252940777154e-207
1.278557989671593198e+01,4.979139659101494440e-199,4.979139691721229271e-199,-3.261973483056634844e-207
1.278960304960980210e+01,1.289484771255344344e-198,1.289484779694372051e-198,-8.439027707272873515e-207
1.279362620250367044e+01,3.336145819774211456e-198,3.336145841584911082e-198,-2.181069962600279786e-206
1.279764935539754056e+01,8.622649448158605483e-198,8.622649504471704656e-198,-5.631309917302826513e-206
1.280167250829140890e+01,2.226400718684120663e-197,2.226400733209231360e-197,-1.452511069676159953e-205
1.280569566118527902e+01,5.742920900064507064e-197,5.742920937492335201e-197,-3.742782813692090018e-205
1.280971881407914736e+01,1.479889311530561615e-196,1.479889321165190301e-196,-9.634628686129952686e-205
1.281374196697301571e+01,3.809715372279036583e-196,3.809715397055566114e-196,-2.477652953066035387e-204
1.281776511986688583e+01,9.797668133733691221e-196,9.797668197386483899e-196,-6.365279267812105428e-204
1.282178827276075417e+01,2.517212139366686973e-195,2.517212155703160708e-195,-1.633647373534684472e-203
1.282581142565462429e+01,6.460762966570968972e-195,6.460763008456530129e-195,-4.188556115729738214e-203
1.282983457854849263e+01,1.656588705800166329e-194,1.656588716528548306e-194,-1.072838197647867949e-202
1.283385773144236097e+01,4.243385443445790820e-194,4.243385470898135228e-194,-2.745234440758337008e-202
1.283788088433623109e+01,1.085868328417538537e-193,1.085868335435054444e-193,-7.017515906601246611e-202
1.284190403723009943e+01,2.775931519023116049e-193,2.775931536943821096e-193,-1.792070504723120463e-201
1.284592719012396955e+01,7.089363219874354267e-193,7.089363265593248717e-193,-4.571889445084680703e-201
1.284995034301783789e+01,1.808725266347879048e-192,1.808725277999906441e-192,-1.165202739304859205e-200
1.285397349591170624e+01,4.610041986432534433e-192,4.610042016099361476e-192,-2.966682704339723827e-200
1.285799664880557636e+01,1.173826889981773802e-191,1.173826897527694772e-191,-7.545920970048719822e-200
1.286201980169944470e+01,2.985864705719848451e-191,2.985864724893935739e-191,-1.917408728772793707e-199
1.286604295459331482e+01,7.587576701155451864e-191,7.587576749828225067e-191,-4.867277320310989825e-199
1.287006610748718316e+01,1.926207019516939369e-190,1.926207031860138921e-190,-1.234319955234770965e-198
1.287408926038105328e+01,4.885058017035831694e-190,4.885058048306036007e-190,-3.127020431329579224e-198
1.287811241327492162e+01,1.237665794822650403e-189,1.237665802736723199e-189,-7.914072796198679838e-198
1.288213556616878996e+01,3.132592826418062441e-189,3.132592846427601404e-189,-2.000953896393622834e-197
1.288615871906266008e+01,7.920843041093707176e-189,7.920843091634319557e-189,-5.054061238024824696e-197
1.289018187195652843e+01,2.000809605281053799e-188,2.000809618033918350e-188,-1.275286455110868949e-196
1.289420502485039854e+01,5.049019148029141579e-188,5.049019180176402115e-188,-3.214726053637481751e-196
1.289822817774426689e+01,1.272843970618421281e-187,1.272843978714000158e-187,-8.095578876868253564e-196
1.290225133063813523e+01,3.205606569727663867e-187,3.205606590094066509e-187,-2.036640264179150233e-195
1.290627448353200535e+01,8.065144765393963443e-187,8.065144816579947901e-187,-5.118598445782397708e-195
1.291029763642587369e+01,2.027127254432032844e-186,2.027127267283504906e-186,-1.285147206160993086e-194
1.291432078931974381e+01,5.089987972559061200e-186,5.089988004793475859e-186,-3.223441465863593949e-194
1.291834394221361215e+01,1.276789778990099990e-185,1.276789787067156227e-185,-8.077056237269429504e-194
1.292236709510748227e+01,3.199550259038063071e-185,3.199550279256864484e-185,-2.021880141225681161e-193
1.292639024800135061e+01,8.009868265817084930e-185,8.009868316378611933e-185,-5.056152700374562762e-193
1.293041340089521896e+01,2.003220280786799876e-184,2.003220293418348201e-184,-1.263154832559111257e-192
1.293443655378908907e+01,5.004940756719508448e-184,5.004940788244723279e-184,-3.152521483090339999e-192
1.293845970668295742e+01,1.249211782193248677e-183,1.249211790053215303e-183,-7.859966626319439804e-192
1.294248285957682754e+01,3.114871249440086034e-183,3.114871269017541535e-183,-1.957745550039053853e-191
1.294650601247069588e+01,7.759094235785542590e-183,7.759094284499304692e-183,-4.871376210183262702e-191
1.295052916536456422e+01,1.930851396878129662e-182,1.930851408987529832e-182,-1.210940016973786162e-190
1.295455231825843434e+01,4.800136337369458345e-182,4.800136367440570245e-182,-3.007111190085337673e-190
1.295857547115230268e+01,1.192134324722817154e-181,1.192134332182974181e-181,-7.460157027805612745e-190
1.296259862404617280e+01,2.957765305902234575e-181,2.957765324391377721e-181,-1.848914314631558382e-189
1.296662177694004114e+01,7.331099705112493886e-181,7.331099750889152398e-181,-4.577665851170254956e-189
1.297064492983391126e+01,1.815270874548682328e-180,1.815270885871166166e-180,-1.132248383830421364e-188
1.297466808272777961e+01,4.490354731215337661e-180,4.490354759192802824e-180,-2.797746516293837276e-188
1.297869123562164795e+01,1.109651897679032073e-179,1.109651904585183431e-179,-6.906151358342824793e-188
1.298271438851551807e+01,2.739427223434429603e-179,2.739427240465091673e-179,-1.703066207040204497e-187
1.298673754140938641e+01,6.756156052557492280e-179,6.756156094513802739e-179,-4.195631045818716115e-187
1.299076069430325653e+01,1.664586910034648344e-178,1.664586920360490684e-178,-1.032584233930322085e-186
1.299478384719712487e+01,4.097134072426498778e-178,4.097134097814081808e-178,-2.538758303014729785e-186
1.299880700009099321e+01,1.007443674475611123e-177,1.007443680711269049e-177,-6.235657926179689596e-186
1.300283015298486333e+01,2.474732551060094431e-177,2.474732566360827493e-177,-1.530073306167920192e-185
1.300685330587873167e+01,6.072991385596097896e-177,6.072991423102312298e-177,-3.750621440179586511e-185
1.301087645877260179e+01,1.488826043825124476e-176,1.488826053009816335e-176,-9.184691859472223491e-185
1.301489961166647014e+01,3.646297899465967621e-176,3.646297921935548398e-176,-2.246958077745421191e-184
1.301892276456033848e+01,8.921281334341680618e-176,8.921281389256268007e-176,-5.491458738822471918e-184
1.302294591745420860e+01,2.180565923355438213e-175,2.180565936762949921e-175,-1.340751170847686461e-183
1.302696907034807694e+01,5.324491088592287987e-175,5.324491121294339337e-175,-3.270205135026153920e-183
1.303099222324194706e+01,1.298834709439199441e-174,1.298834717407520604e-174,-7.968321162927729712e-183
1.303501537613581540e+01,3.165166535030539691e-174,3.165166554427053834e-174,-1.939651414337116876e-182
1.303903852902968552e+01,7.705594351263499663e-174,7.705594398432021950e-174,-4.716852228624896335e-182
1.304306168192355386e+01,1.874056230437320957e-173,1.874056241896227469e-173,-1.145890651237605427e-181
1.304708483481742221e+01,4.553297119391566204e-173,4.553297147201704945e-173,-2.781013874081435845e-181
1.305110798771129232e+01,1.105188255992304673e-172,1.105188262734915661e-172,-6.742610987895468247e-181
1.305513114060516067e+01,2.679868167433593296e-172,2.679868183764792722e-172,-1.633119942596697381e-180
1.305915429349903079e+01,6.491685873144918273e-172,6.491685912661048451e-172,-3.951613017758062203e-180
1.306317744639289913e+01,1.570972059377285096e-171,1.570972068929435303e-171,-9.552150206369403320e-180
1.306720059928676747e+01,3.797924466506201142e-171,3.797924489573223073e-171,-2.306702193066851904e-179
1.307122375218063759e+01,9.172571026093628209e-171,9.172571081740939769e-171,-5.564731155917124977e-179
1.307524690507450593e+01,2.213108678910505821e-170,2.213108692321694058e-170,-1.341118823714023209e-178
1.307927005796837605e+01,5.334347417271590728e-170,5.334347449560948521e-170,-3.228935779296901608e-178
1.308329321086224439e+01,1.284478238457287289e-169,1.284478246223532201e-169,-7.766244912173005834e-178
1.308731636375611451e+01,3.089862136197211190e-169,3.089862154858196206e-169,-1.866098501528077737e-177
1.309133951664998285e+01,7.425374323022260724e-169,7.425374367816730941e-169,-4.479447021634511606e-177
1.309536266954385120e+01,1.782643496968627351e-168,1.782643507710412823e-168,-1.074178547225155576e-176
1.309938582243772132e+01,4.275407791778495262e-168,4.275407817511921763e-168,-2.573342650092668178e-176
1.310340897533158966e+01,1.024371500897310056e-167,1.024371507055992817e-167,-6.158682760863001022e-176
1.310743212822545978e+01,2.451908890295502886e-167,2.451908905019947580e-167,-1.472444469378789614e-175
1.311145528111932812e+01,5.862975334359916484e-167,5.862975369528839537e-167,-3.516892305319251339e-175
1.311547843401319646e+01,1.400550276936850215e-166,1.400550285328465614e-166,-8.391615399912881089e-175
1.311950158690706658e+01,3.342306228212601743e-166,3.342306248215815039e-166,-2.000321329614476818e-174
1.312352473980093492e+01,7.968208152754595166e-166,7.968208200388350654e-166,-4.763375548758394171e-174
1.312754789269480504e+01,1.897763112415377269e-165,1.897763123747249923e-165,-1.133187265343372246e-173
1.313157104558867339e+01,4.515337620676608906e-165,4.515337647607758373e-165,-2.693114946671621861e-173
1.313559419848254350e+01,1.073261016197289804e-164,1.073261022591234823e-164,-6.393945018298815420e-173
1.313961735137641185e+01,2.548516083257813018e-164,2.548516098423195424e-164,-1.516538240558286897e-172
1.314364050427028019e+01,6.045556723638006675e-164,6.045556759572007145e-164,-3.593400046941151725e-172
1.314766365716415031e+01,1.432689638275468429e-163,1.432689646781389251e-163,-8.505920822347507252e-172
1.315168681005801865e+01,3.391835937468203070e-163,3.391835957582497043e-163,-2.011429397347894193e-171
1.315570996295188877e+01,8.022033155659374684e-163,8.022033203177286500e-163,-4.751791181570934024e-171
1.315973311584575711e+01,1.895400390497874499e-162,1.895400401712171570e-162,-1.121429707047680204e-170
1.316375626873962545e+01,4.473880470322138698e-162,4.473880496761544287e-162,-2.643940558815300000e-170
1.316777942163349557e+01,1.054956823822836888e-161,1.054956830050186149e-161,-6.227349261535232093e-170
1.317180257452736392e+01,2.485145909403903566e-161,2.485145924056530640e-161,-1.465262707347701141e-169
1.317582572742123403e+01,5.848385571311648600e-161,5.848385605754211739e-161,-3.444256313826567246e-169
1.317984888031510238e+01,1.374950297900460234e-160,1.374950305988549760e-160,-8.088089526289120330e-169
1.318387203320897072e+01,3.229274028517883767e-160,3.229274047491930491e-160,-1.897404672373167933e-168
1.318789518610284084e+01,7.576867593430179051e-160,7.576867637896999534e-160,-4.446682048383751100e-168
1.319191833899670918e+01,1.775993590259570709e-159,1.775993600670370583e-159,-1.041079987403005657e-167
1.319594149189057930e+01,4.158722939428593824e-159,4.158722963778565418e-159,-2.434997159318040339e-167
1.319996464478444764e+01,9.728490961569292958e-159,9.728491018464397305e-159,-5.689510434700936003e-167
1.320398779767831776e+01,2.273515238177138332e-158,2.273515251457865167e-158,-1.328072683518120330e-166
1.320801095057218610e+01,5.307831859556471916e-158,5.307831890526037948e-158,-3.096956603142432900e-166
1.321203410346605445e+01,1.237950678794680808e-157,1.237950686009274200e-157,-7.214593391561044512e-166
1.321605725635992457e+01,2.884406234161418161e-157,2.884406250951527486e-157,-1.679010932447614133e-165
1.322008040925379291e+01,6.713923780860259948e-157,6.713923819896294429e-157,-3.903603448058079644e-165
1.322410356214766303e+01,1.561217050290525275e-156,1.561217059357030592e-156,-9.066505316952909588e-165
1.322812671504153137e+01,3.626745346471429870e-156,3.626745367508472340e-156,-2.103704247035640323e-164
1.323214986793539971e+01,8.416620337552718612e-156,8.416620386316638971e-156,-4.876392035983303233e-164
1.323617302082926983e+01,1.951305684576428447e-155,1.951305695868487830e-155,-1.129205938358412926e-163
1.324019617372313817e+01,4.519389582313282048e-155,4.519389608435565348e-155,-2.612228330006803058e-163
1.324421932661700829e+01,1.045685650637390361e-154,1.045685656674369684e-154,-6.036979323151939216e-163
1.324824247951087663e+01,2.417071038446384963e-154,2.417071052384286055e-154,-1.393790109144696611e-162
1.325226563240474675e+01,5.581418385913840246e-154,5.581418418060485163e-154,-3.214664491677784703e-162
1.325628878529861510e+01,1.287557522544627024e-153,1.287557529951639032e-153,-7.407012008425559602e-162
1.326031193819248344e+01,2.967259987564185461e-153,2.967260004613998034e-153,-1.704981257280077093e-161
1.326433509108635356e+01,6.831427410124292188e-153,6.831427449330412267e-153,-3.920612007868538097e-161
1.326835824398022190e+01,1.571209923645637780e-152,1.571209932652222206e-152,-9.006584426077666334e-161
1.327238139687409202e+01,3.610138526575259275e-152,3.610138547245024795e-152,-2.066976551937681213e-160
1.327640454976796036e+01,8.286677130599418831e-152,8.286677177987601931e-152,-4.738818310000975462e-160
1.328042770266182870e+01,1.900219922537226713e-151,1.900219933390896704e-151,-1.085366999167643575e-159
1.328445085555569882e+01,4.353055597315564120e-151,4.353055622149805654e-151,-2.483424153446145802e-159
1.328847400844956717e+01,9.962112889967728111e-151,9.962112946733384630e-151,-5.676565651819660666e-159
1.329249716134343728e+01,2.277590284057953431e-150,2.277590297020435600e-150,-1.296248216947026627e-158
1.329652031423730563e+01,5.201955611570770506e-150,5.201955641141447742e-150,-2.957067723674465123e-158
1.330054346713117575e+01,1.186928561160001149e-149,1.186928567899014306e-149,-6.739013157928469618e-158
1.330456662002504409e+01,2.705511701966118177e-149,2.705511717308670939e-149,-1.534255276225703578e-157
1.330858977291891243e+01,6.160857317072480478e-149,6.160857351967757632e-149,-3.489527715343571922e-157
1.331261292581278255e+01,1.401521559359721474e-148,1.401521567288500419e-148,-7.928778944823479309e-157
1.331663607870665089e+01,3.185116432568189820e-148,3.185116450565210311e-148,-1.799702049152535586e-156
1.332065923160052101e+01,7.231322665308745230e-148,7.231322706119190459e-148,-4.081044522851150985e-156
1.332468238449438935e+01,1.640125443729912641e-147,1.640125452974880849e-147,-9.244968207758943049e-156
1.332870553738825770e+01,3.716236028503180635e-147,3.716236049425304685e-147,-2.092212405006913495e-155
1.333272869028212781e+01,8.411944734670766632e-147,8.411944781971352888e-147,-4.730058625664488397e-155
1.333675184317599616e+01,1.902201106435731638e-146,1.902201117119027694e-146,-1.068329605654961617e-154
1.334077499606986628e+01,4.297178033281137468e-146,4.297178057385821610e-146,-2.410468414209992812e-154
1.334479814896373462e+01,9.697887949247542827e-146,9.697888003580753723e-146,-5.433321089559121176e-154
1.334882130185760296e+01,2.186441564174898180e-145,2.186441576409784580e-145,-1.223488640008247599e-153
1.335284445475147308e+01,4.924537912827792588e-145,4.924537940350830026e-145,-2.752303743854523513e-153
1.335686760764534142e+01,1.108051622052555766e-144,1.108051628237872842e-144,-6.185317076702394386e-153
1.336089076053921154e+01,2.490699882118132952e-144,2.490699896004524124e-144,-1.388639117197028971e-152
1.336491391343307988e+01,5.593062912514123781e-144,5.593062943659064875e-144,-3.114494109443746782e-152
1.336893706632695000e+01,1.254714470027524122e-143,1.254714477005812466e-143,-6.978288344639799296e-152
1.337296021922081835e+01,2.811946195320443357e-143,2.811946210940281925e-143,-1.561983856753032067e-151
1.337698337211468669e+01,6.295583729858924473e-143,6.295583764787018770e-143,-3.492809429658237757e-151
1.338100652500855681e+01,1.408094817332993743e-142,1.408094825135489010e-142,-7.802495266696748978e-151
1.338502967790242515e+01,3.146260613354502396e-142,3.146260630766952248e-142,-1.741244985183230657e-150
1.338905283079629527e+01,7.023027758962478196e-142,7.023027797782602720e-142,-3.882012452424267296e-150
1.339307598369016361e+01,1.566105354026148445e-141,1.566105362672129425e-141,-8.645980979848829352e-150
1.339709913658403195e+01,3.488867381755493144e-141,3.488867400992647469e-141,-1.923715432531589587e-149
1.340112228947790207e+01,7.764524174465807884e-141,7.764524217225848097e-141,-4.276004021281162180e-149
1.340514544237177041e+01,1.726283538973096229e-140,1.726283548468012646e-140,-9.494916416627474447e-149
1.340916859526564053e+01,3.834213659745885190e-140,3.834213680808698569e-140,-2.106281337901064836e-148
1.341319174815950888e+01,8.507606388118964595e-140,8.507606434796814790e-140,-4.667785019520931070e-148
1.341721490105337899e+01,1.885842266516839402e-139,1.885842276850806052e-139,-1.033396665017658853e-147
1.342123805394724734e+01,4.176093748265815133e-139,4.176093771121091074e-139,-2.285527594079369834e-147
1.342526120684111568e+01,9.238511668935370658e-139,9.238511719434005747e-139,-5.049863508918111181e-147
1.342928435973498580e+01,2.041741149812266878e-138,2.041741160958702506e-138,-1.114643562772455659e-146
1.343330751262885414e+01,4.507816716028665974e-138,4.507816740607349807e-138,-2.457868383272782218e-146
1.343733066552272426e+01,9.942571332334344115e-138,9.942571386477790366e-138,-5.414344625110601438e-146
1.344135381841659260e+01,2.190776527498240447e-137,2.190776539413470322e-137,-1.191522987461858493e-145
1.344537697131046095e+01,4.822412325855587436e-137,4.822412352050721632e-137,-2.619513419607165246e-145
1.344940012420433106e+01,1.060467833961139914e-136,1.060467839714301660e-136,-5.753161745980518992e-145
1.345342327709819941e+01,2.329686898372802420e-136,2.329686910995822386e-136,-1.262301996600309279e-144
1.345744642999206953e+01,5.112867197512052257e-136,5.112867225180394765e-136,-2.766834250746820201e-144
1.346146958288593787e+01,1.120981293754913841e-135,1.120981299813428811e-135,-6.058514969817872110e-144
1.346549273577980799e+01,2.455269202203996080e-135,2.455269215457172739e-135,-1.325317665889033740e-143
1.346951588867367633e+01,5.372380511016879350e-135,5.372380539979744879e-135,-2.896286552888161432e-143
1.347353904156754467e+01,1.174360165702672429e-134,1.174360172025694421e-134,-6.323021991348212862e-143
1.347756219446141479e+01,2.564500310556136662e-134,2.564500324346398506e-134,-1.379026184382338486e-142
1.348158534735528313e+01,5.594626502310544494e-134,5.594626532356960025e-134,-3.004641553096328934e-142
1.348560850024915325e+01,1.219288109186967015e-133,1.219288115726894034e-133,-6.539927018901993682e-142
1.348963165314302159e+01,2.654657374735053822e-133,2.654657388955749161e-133,-1.422069533886709766e-141
1.349365480603688994e+01,5.774009743460463993e-133,5.774009774352115798e-133,-3.089165180472966922e-141
1.349767795893076006e+01,1.254623581588201513e-132,1.254623588291936663e-132,-6.703735150661933285e-141
1.350170111182462840e+01,2.723430380413103379e-132,2.723430394946477330e-132,-1.453337395092489648e-140
1.350572426471849852e+01,5.905898887168823159e-132,5.905898918644906637e-132,-3.147608347853762986e-140
1.350974741761236686e+01,1.279447984943649810e-131,1.279447991753844822e-131,-6.810195012054392171e-140
1.351377057050623520e+01,2.769020429103687477e-131,2.769020443823632048e-131,-1.471994457091959308e-139
1.351779372340010532e+01,5.986825267722779025e-131,5.986825299507541924e-131,-3.178476289833025208e-139
1.352181687629397366e+01,1.293105336227334040e-130,1.293105343083762506e-130,-6.856428466294449586e-139
1.352584002918784378e+01,2.790217914242400406e-130,2.790217929017984267e-130,-1.477558386159289808e-138
1.352986318208171213e+01,6.014634476792217852e-130,6.014634508601654422e-130,-3.180943657039528861e-138
1.353388633497558224e+01,1.295231070655778648e-129,1.295231077496972984e-129,-6.841194335731568046e-138
1.353790948786945059e+01,2.786455850554600754e-129,2.786455865253083434e-129,-1.469848268059751118e-137
1.354193264076331893e+01,5.988581669351125258e-129,5.988581700900003207e-129,-3.154887794855572197e-137
1.354595579365718905e+01,1.285768212752490662e-128,1.285768219517392210e-128,-6.764901547840021793e-137
1.354997894655105739e+01,2.757835074872029376e-128,2.757835089363155254e-128,-1.449112587732952316e-136
1.355400209944492751e+01,5.909364714744583595e-128,5.909364745755092494e-128,-3.101050889899537876e-136
1.355802525233879585e+01,1.264969913934403555e-127,1.264969920563968130e-127,-6.629564574605186922e-136
1.356204840523266419e+01,2.705119754896279411e-127,2.705119769054951607e-127,-1.415867219527529518e-135
1.356607155812653431e+01,5.779093133361014392e-127,5.779093163569528653e-127,-3.020851426052695505e-135
1.357009471102040266e+01,1.233388198854135180e-126,1.233388205292920109e-126,-6.438784929671992314e-135
1.357411786391427277e+01,2.629703485141079899e-126,2.629703498851208478e-126,-1.371012857895544017e-134
1.357814101680814112e+01,5.601194748944214077e-126,5.601194778108090074e-126,-2.916387599724662057e-134
1.358216416970201124e+01,1.191849618808639577e-125,1.191849625006164746e-125,-6.197525169297069167e-134
1.358618732259587958e+01,2.533548069720378813e-125,2.533548082877348617e-125,-1.315696980368341959e-133
1.359021047548974792e+01,5.380265822300556887e-125,5.380265850204219945e-125,-2.790366305780222409e-133
1.359423362838361804e+01,1.141419311024916544e-124,1.141419316936807068e-124,-5.911890524216592820e-133
1.359825678127748638e+01,2.419098745434106618e-124,2.419098757947180383e-124,-1.251307376485718746e-132
1.360227993417135650e+01,5.121873811501447807e-124,5.121873837959812933e-124,-2.645836512646714040e-132
1.360630308706522484e+01,1.083355644881054981e-123,1.083355650470019384e-123,-5.588964403035577823e-132
1.361032623995909319e+01,2.289180957338150314e-123,2.289180969132407976e-123,-1.179425766240945518e-131
1.361434939285296331e+01,4.832324567591136324e-123,4.832324592454874496e-123,-2.486373817230066525e-131
1.361837254574683165e+01,1.019058148701714146e-122,1.019058153938118130e-122,-5.236403983696296430e-131
1.362239569864070177e+01,2.146884762724450117e-122,2.146884773741517566e-122,-1.101706744884891266e-130
1.362641885153457011e+01,4.518407532959633330e-122,4.518407556115626129e-122,-2.315599279872701027e-130
1.363044200442843845e+01,9.500117184568583142e-122,9.500117233190283107e-122,-4.862169996411348394e-130
1.363446515732230857e+01,1.995443445189725187e-121,1.995443455388851987e-121,-1.019912680035615142e-129
1.363848831021617691e+01,4.187133255707378984e-121,4.187133277080048368e-121,-2.137266938419490657e-129
1.364251146311004703e+01,8.777301961339509698e-121,8.777302006082382378e-121,-4.474287267992850988e-129
1.364653461600391537e+01,1.838112947491697136e-120,1.838112956849025692e-120,-9.357328555370020712e-129
1.365055776889778549e+01,3.845477253651473620e-120,3.845477273201585666e-120,-1.955011204689315943e-128
1.365458092179165384e+01,8.037022743007342434e-120,8.037022783811823551e-120,-4.080448111614085413e-128
1.365860407468552218e+01,1.678058301492202833e-119,1.678058310000303177e-119,-8.508100343708361517e-128
1.366262722757939230e+01,3.500143030806951890e-119,3.500143048529718674e-119,-1.772276678362699346e-127
1.366665038047326064e+01,7.293423565044818028e-119,7.293423601924609795e-119,-3.687979176670570380e-127
1.367067353336713076e+01,1.518252405390730128e-118,1.518252413057541449e-118,-7.666811321040233603e-127
1.367469668626099910e+01,3.157355019891965938e-118,3.157355035814375261e-118,-1.592240932294249376e-126
1.367871983915486744e+01,6.559485182044006700e-118,6.559485215078099130e-118,-3.303409242988392932e-126
1.368274299204873756e+01,1.361391362531557100e-117,1.361391369378398373e-117,-6.846841272557220742e-126
1.368676614494260591e+01,2.822689607319655135e-117,2.822689621496544339e-117,-1.417688920466655525e-125
1.369078929783647602e+01,5.846691184594047434e-117,5.846691213918920740e-117,-2.932487330618802499e-125
1.369481245073034437e+01,1.209829262313015104e-116,1.209829268372824971e-116,-6.059809867544534471e-125
1.369883560362421449e+01,2.500949437980497897e-116,2.500949450490277194e-116,-1.250977929720489554e-124
1.370285875651808283e+01,5.164789627229811012e-116,5.164789653028822575e-116,-2.579901156335973427e-124
1.370688190941195117e+01,1.065533870166823205e-115,1.065533875482079934e-115,-5.315256729371471251e-124
1.371090506230582129e+01,2.196083150336423745e-115,2.196083161276193749e-115,-1.093977000373211899e-123
1.371492821519968963e+01,4.521652661729485174e-115,4.521652684223387038e-115,-2.249390186369685996e-123
1.371895136809355975e+01,9.300633149026791473e-115,9.300633195231110463e-115,-4.620431898961630577e-123
1.372297452098742809e+01,1.911149797405609291e-114,1.911149806886913196e-114,-9.481303905669810232e-123
1.372699767388129644e+01,3.923230644175143294e-114,3.923230663611638783e-114,-1.943649548818265495e-122
1.373102082677516655e+01,8.045626187130635115e-114,8.045626226935145632e-114,-3.980451051707243988e-122
1.373504397966903490e+01,1.648324669282363169e-113,1.648324677425986207e-113,-8.143623038791049492e-122
1.373906713256290502e+01,3.373592046168943177e-113,3.373592062813379728e-113,-1.664443655075673963e-121
1.374309028545677336e+01,6.897778870069747087e-113,6.897778904054171629e-113,-3.398442454209411376e-121
1.374711343835064348e+01,1.408941200241363653e-112,1.408941207173456070e-112,-6.932092416473211622e-121
1.375113659124451182e+01,2.875036536639205775e-112,2.875036550765063378e-112,-1.412585760325095056e-120
1.375515974413838016e+01,5.860852144202726995e-112,5.860852172958586840e-112,-2.875585984477740854e-120
1.375918289703225028e+01,1.193562210847241876e-111,1.193562216695229566e-111,-5.847987690124576443e-120
1.376320604992611862e+01,2.428265966676928283e-111,2.428265978557917044e-111,-1.188098876034550115e-119
1.376722920281998874e+01,4.935308939518381403e-111,4.935308963632181204e-111,-2.411379980160258305e-119
1.377125235571385709e+01,1.002072934690670959e-110,1.002072939579901717e-110,-4.889230758623969102e-119
1.377527550860772543e+01,2.032596711970804385e-110,2.032596721874177614e-110,-9.903373229282869405e-119
1.377929866150159555e+01,4.118793351023847396e-110,4.118793371063847553e-110,-2.004000015761663610e-118
1.378332181439546389e+01,8.337880858723764136e-110,8.337880899234635211e-110,-4.051087107496825578e-118
1.378734496728933401e+01,1.686196816945593539e-109,1.686196825126704433e-109,-8.181110893525566928e-118
1.379136812018320235e+01,3.406651778040116083e-109,3.406651794545380316e-109,-1.650526423272036486e-117
1.379539127307707069e+01,6.875655661854446031e-109,6.875655695120038944e-109,-3.326559291226595780e-117
1.379941442597094081e+01,1.386332460966424124e-108,1.386332467664280598e-108,-6.697856473639805799e-117
1.380343757886480915e+01,2.792463876928983165e-108,2.792463890401383265e-108,-1.347240009994653690e-116
1.380746073175867927e+01,5.619201853736529019e-108,5.619201880808087775e-108,-2.707155875583402739e-116
1.381148388465254762e+01,1.129610187253412607e-107,1.129610192687816303e-107,-5.434403695914398118e-116
1.381550703754641773e+01,2.268555796244519133e-107,2.268555807142828414e-107,-1.089830928111010770e-115
1.381953019044028608e+01,4.551318499675576837e-107,4.551318521509401932e-107,-2.183382509413461692e-115
1.382355334333415442e+01,9.122038253554695161e-107,9.122038297253192964e-107,-4.369849780324095544e-115
1.382757649622802454e+01,1.826473804083959855e-106,1.826473812820977404e-106,-8.737017548710163257e-115
1.383159964912189288e+01,3.653439368542507580e-106,3.653439385994113109e-106,-1.745160552912350862e-114
1.383562280201576300e+01,7.300578224119090090e-106,7.300578258942267259e-106,-3.482317716929080509e-114
1.383964595490963134e+01,1.457402502599797665e-105,1.457402509541550341e-105,-6.941752675492507881e-114
1.384366910780349968e+01,2.906488848806720770e-105,2.906488862630844958e-105,-1.382412418834029077e-113
1.384769226069736980e+01,5.790615240444171219e-105,5.790615267946338458e-105,-2.750216723898701853e-113
1.385171541359123815e+01,1.152517835365512175e-104,1.152517840831451363e-104,-5.465939187286104670e-113
1.385573856648510827e+01,2.291593061315910373e-104,2.291593072168469080e-104,-1.085255870774285285e-112
1.385976171937897661e+01,4.551916011162291165e-104,4.551916032688184407e-104,-2.152589324205177288e-112
1.386378487227284673e+01,9.032706098054585658e-104,9.032706140708320501e-104,-4.265373484366295866e-112
1.386780802516671507e+01,1.790640557409760526e-103,1.790640565853224354e-103,-8.443463827812480380e-112
1.387183117806058341e+01,3.546221447288530771e-103,3.546221463985884581e-103,-1.669735380990454888e-111
1.387585433095445353e+01,7.016009769377603822e-103,7.016009802364701129e-103,-3.298709730721619106e-111
1.387987748384832187e+01,1.386696489079986805e-102,1.386696495590343362e-102,-6.510356556374361108e-111
1.388390063674219199e+01,2.738038463528123638e-102,2.738038476364150327e-102,-1.283602668869385034e-110
1.388792378963606033e+01,5.400880539612872226e-102,5.400880564895407842e-102,-2.528253561594426397e-110
1.389194694252992868e+01,1.064281457874793160e-101,1.064281462849655170e-101,-4.974862010146502855e-110
1.389597009542379880e+01,2.095150950110144970e-101,2.095150959889396706e-101,-9.779251736051432209e-110
1.389999324831766714e+01,4.120415748650211360e-101,4.120415767854293158e-101,-1.920408179797811199e-109
1.390401640121153726e+01,8.095313212025214596e-101,8.095313249699863511e-101,-3.767464891510617370e-109
1.390803955410540560e+01,1.588887587987949893e-100,1.588887595371655397e-100,-7.383705503468046855e-109
1.391206270699927572e+01,3.115441396176581707e-100,3.115441410632952714e-100,-1.445637100712203700e-108
1.391608585989314406e+01,6.102571801519293946e-100,6.102571829795074485e-100,-2.827578053885867655e-108
1.392010901278701240e+01,1.194189112773393799e-99,1.194189118298450745e-99,-5.525056945448648441e-108
1.392413216568088252e+01,2.334534061962624306e-99,2.334534072747608956e-99,-1.078498464981423932e-107
1.392815531857475086e+01,4.559258538799613646e-99,4.559258559831190055e-99,-2.103157640932074636e-107
1.393217847146862098e+01,8.895187834854520089e-99,8.895187875826960527e-99,-4.097244043750561579e-107
1.393620162436248933e+01,1.733735828852155690e-98,1.733735836826102560e-98,-7.973946870470525209e-107
1.394022477725635767e+01,3.375807106858461484e-98,3.375807122361736402e-98,-1.550327491842020420e-106
1.394424793015022779e+01,6.566579701606159547e-98,6.566579731717903697e-98,-3.011174415044299241e-106
1.394827108304409613e+01,1.276050066387032748e-97,1.276050072229839077e-97,-5.842806329517971592e-106
1.395229423593796625e+01,2.477211610862655972e-97,2.477211622188446595e-97,-1.132579062334230518e-105
1.395631738883183459e+01,4.804247770056963441e-97,4.804247791989082536e-97,-2.193211909496823315e-105
1.396034054172570293e+01,9.307961653134595778e-97,9.307961695563711266e-97,-4.242911548785500820e-105
1.396436369461957305e+01,1.801568051007143491e-96,1.801568059206962462e-96,-8.199818970577305725e-105
1.396838684751344140e+01,3.483482678638132232e-96,3.483482694469473496e-96,-1.583134126426994547e-104
1.397241000040731151e+01,6.728891679395529744e-96,6.728891709930406783e-96,-3.053487703837004457e-104
1.397643315330117986e+01,1.298495105036735514e-95,1.298495110920263003e-95,-5.883527488537199932e-104
1.398045630619504998e+01,2.503248671236391596e-95,2.503248682561626023e-95,-1.132523442733820412e-103
1.398447945908891832e+01,4.820971562105544256e-95,4.820971583883816609e-95,-2.177827235288648865e-103
1.398850261198278666e+01,9.275387086280054522e-95,9.275387128117181819e-95,-4.183712729787968594e-103
1.399252576487665678e+01,1.782774502092197631e-94,1.782774510121370229e-94,-8.029172597640709693e-103
1.399654891777052512e+01,3.423163816956748325e-94,3.423163832350476020e-94,-1.539372769528426716e-102
1.400057207066439524e+01,6.566377548082031696e-94,6.566377577565778556e-94,-2.948374685981507871e-102
1.400459522355826358e+01,1.258319464218249626e-93,1.258319469859621682e-93,-5.641372056516758891e-102
1.400861837645213193e+01,2.408922771739060389e-93,2.408922782522453113e-93,-1.078339272438852991e-101
1.401264152934600205e+01,4.607037395894196046e-93,4.607037416485929981e-93,-2.059173393521439334e-101
1.401666468223987039e+01,8.802124271178723624e-93,8.802124310460552566e-93,-3.928182894220242651e-101
1.402068783513374051e+01,1.680042050203952588e-92,1.680042057690128623e-92,-7.486176034855879072e-101
1.402471098802760885e+01,3.203462953470012545e-92,3.203462967722708769e-92,-1.425269622340225896e-100
1.402873414092147897e+01,6.102196069414826696e-92,6.102196096522632051e-92,-2.710780535424972741e-100
1.403275729381534731e+01,1.161233370137999428e-91,1.161233375288607234e-91,-5.150607806188071295e-100
1.403678044670921565e+01,2.207596796540952480e-91,2.207596806317670828e-91,-9.776718347972645140e-100
1.404080359960308577e+01,4.192633505293535138e-91,4.192633523832648135e-91,-1.853911299686786703e-99
1.404482675249695411e+01,7.954647587826622707e-91,7.954647622946462954e-91,-3.511984024687490238e-99
1.404884990539082423e+01,1.507724129161975444e-90,1.507724135808320637e-90,-6.646345192329511378e-99
1.405287305828469258e+01,2.854892267259227666e-90,2.854892279824601283e-90,-1.256537361700538090e-98
1.405689621117856092e+01,5.400381753269880163e-90,5.400381777001950294e-90,-2.373207013098787219e-98
1.406091936407243104e+01,1.020530752031537275e-89,1.020530756509315778e-89,-4.477778503287510844e-98
1.406494251696629938e+01,1.926613631119190508e-89,1.926613639559479534e-89,-8.440289026136390444e-98
1.406896566986016950e+01,3.633540951176136384e-89,3.633540967069403965e-89,-1.589326758074564111e-97
1.407298882275403784e+01,6.845928950898037484e-89,6.845928980795798538e-89,-2.989776105463184617e-97
1.407701197564790796e+01,1.288551004529014184e-88,1.288551010147650546e-88,-5.618636362000658197e-97
1.408103512854177630e+01,2.422912541639045323e-88,2.422912552187366491e-88,-1.054832116807552889e-96
1.408505828143564464e+01,4.551355510314197704e-88,4.551355530097756257e-88,-1.978355855271046775e-96
1.408908143432951476e+01,8.541038505519551027e-88,8.541038542587288451e-88,-3.706773742407526554e-96
1.409310458722338311e+01,1.601207064408368926e-87,1.601207071346540141e-87,-6.938171215390384850e-96
1.409712774011725323e+01,2.998825623965782337e-87,2.998825636939558970e-87,-1.297377663302187490e-95
1.410115089301112157e+01,5.610761735836932680e-87,5.610761760072472997e-87,-2.423554031751838750e-95
1.410517404590498991e+01,1.048719486588742915e-86,1.048719491111486158e-86,-4.522743243567278439e-95
1.410919719879886003e+01,1.958230213544079311e-86,1.958230221975870508e-86,-8.431791196722359365e-95
1.411322035169272837e+01,3.652877043705396622e-86,3.652877059409118987e-86,-1.570372236516575872e-94
1.411724350458659849e+01,6.807274426078529419e-86,6.807274455296510364e-86,-2.921798094561836456e-94
1.412126665748046683e+01,1.267296868480489158e-85,1.267296873911274877e-85,-5.430785718989036221e-94
1.412528981037433518e+01,2.356949960862536706e-85,2.356949970946790708e-85,-1.008425400210493146e-93
1.412931296326820529e+01,4.379144347390933362e-85,4.379144366097312465e-85,-1.870637910249592497e-93
1.413333611616207364e+01,8.128212652233609488e-85,8.128212686899275221e-85,-3.466566573318750922e-93
1.413735926905594376e+01,1.507189123557769568e-84,1.507189129975406486e-84,-6.417636917867543825e-93
1.414138242194981210e+01,2.791948117131426919e-84,2.791948129000597978e-84,-1.186917105837304893e-92
1.414540557484368222e+01,5.166706996831092516e-84,5.166707018760433975e-84,-2.192934145890311940e-92
1.414942872773755056e+01,9.551844006799922880e-84,9.551844047276462217e-84,-4.047653933628616188e-92
1.415345188063141890e+01,1.764117495091514056e-83,1.764117502555056034e-83,-7.463541977621015355e-92
1.415747503352528902e+01,3.254877817290523963e-83,3.254877831038807166e-83,-1.374828320287022125e-91
1.416149818641915736e+01,5.999413167140929908e-83,5.999413192440824507e-83,-2.529989459964164622e-91
1.416552133931302748e+01,1.104713728745095790e-82,1.104713733396237227e-82,-4.651141437390193221e-91
1.416954449220689582e+01,2.032158735029421436e-82,2.032158743571436062e-82,-8.542014625165350129e-91
1.417356764510076417e+01,3.734499480393527658e-82,3.734499496065683288e-82,-1.567215562971212223e-90
1.417759079799463429e+01,6.856051579543931068e-82,6.856051608269382800e-82,-2.872545173175474910e-90
1.418161395088850263e+01,1.257426610531621582e-81,1.257426615791380799e-81,-5.259759217197792919e-90
1.418563710378237275e+01,2.303870774261080745e-81,2.303870783882310019e-81,-9.621229274521187792e-90
1.418966025667624109e+01,4.216969714596421262e-81,4.216969732178207747e-81,-1.758178648486448119e-89
1.419368340957011121e+01,7.710983012089013920e-81,7.710983044185915655e-81,-3.209690173538044887e-89
1.419770656246397955e+01,1.408594241239849174e-80,1.408594247093489196e-80,-5.853640022028187959e-89
1.420172971535784789e+01,2.570567240674574371e-80,2.570567251339421496e-80,-1.066484712543146815e-88
1.420575286825171801e+01,4.686395383387152086e-80,4.686395402798332071e-80,-1.941117998505269422e-88
1.420977602114558636e+01,8.535240881824876534e-80,8.535240917119457789e-80,-3.529458125549758511e-88
1.421379917403945647e+01,1.552957376459257307e-79,1.552957382870390751e-79,-6.411133443090361535e-88
1.421782232693332482e+01,2.822735514883077558e-79,2.822735526517083150e-79,-1.163400559183924398e-87
1.422184547982719316e+01,5.125635711667909592e-79,5.125635732758291979e-79,-2.109038238641633619e-87
1.422586863272106328e+01,9.298056568960990627e-79,9.298056607156237877e-79,-3.819524725009653989e-87
1.422989178561493162e+01,1.685014060594994214e-78,1.685014067505342912e-78,-6.910348697709295886e-87
1.423391493850880174e+01,3.050575458997929867e-78,3.050575471487751889e-78,-1.248982202202271184e-86
1.423793809140267008e+01,5.517303987680328216e-78,5.517304010231660413e-78,-2.255133219721638002e-86
1.424196124429654020e+01,9.968709761128275665e-78,9.968709801806205369e-78,-4.067792970407204948e-86
1.424598439719040854e+01,1.799359280912091179e-77,1.799359288242264399e-77,-7.330173220292776532e-86
1.425000755008427689e+01,3.244619117160894993e-77,3.244619130356467276e-77,-1.319557228297879834e-85
1.425403070297814700e+01,5.844891517859118734e-77,5.844891541589892085e-77,-2.373077335113417089e-85
1.425805385587201535e+01,1.051855507272754025e-76,1.051855511536215330e-76,-4.263461305247920429e-85
1.426207700876588547e+01,1.891048263901449950e-76,1.891048271553456128e-76,-7.652006177646668328e-85
1.426610016165975381e+01,3.396378156325096005e-76,3.396378170045124308e-76,-1.372002830322660999e-84
1.427012331455362215e+01,6.093914587205233708e-76,6.093914611780850232e-76,-2.457561652400575875e-84
1.427414646744749227e+01,1.092304151926431764e-75,1.092304156324008122e-75,-4.397576358037317204e-84
1.427816962034136061e+01,1.955949798283169353e-75,1.955949806144409255e-75,-7.861239902505543492e-84
1.428219277323523073e+01,3.498957934278506456e-75,3.498957948317481875e-75,-1.403897541930509236e-83
1.428621592612909907e+01,6.252974195869641889e-75,6.252974220915809258e-75,-2.504616736902559521e-83
1.429023907902296742e+01,1.116352757739731709e-74,1.116352762203646193e-74,-4.463914484398326952e-83
1.429426223191683754e+01,1.991054557830273270e-74,1.991054565778240507e-74,-7.947967236756114878e-83
1.429828538481070588e+01,3.547576499515142692e-74,3.547576513652328846e-74,-1.413718615408062284e-82
1.430230853770457600e+01,6.314620802423920667e-74,6.314620827544719609e-74,-2.512079894243234626e-82
1.430633169059844434e+01,1.122870521430512543e-73,1.122870525889830938e-73,-4.459318394732376608e-82
1.431035484349231446e+01,1.994706408285695697e-73,1.994706416193834005e-73,-7.908138308380488695e-82
1.431437799638618280e+01,3.539934148646023442e-73,3.539934162656067846e-73,-1.401004440351319307e-81
1.431840114928005114e+01,6.275932750844149361e-73,6.275932775639681667e-73,-2.479553230615414494e-81
1.432242430217392126e+01,1.111548142570717164e-72,1.111548146954752090e-72,-4.384034925131632195e-81
1.432644745506778960e+01,1.966731941380424002e-72,1.966731949123919516e-72,-7.743495513704127379e-81
1.433047060796165972e+01,3.476393769290172520e-72,3.476393782953790570e-72,-1.366361805061694692e-80
1.433449376085552807e+01,6.138745834648126028e-72,6.138745858734094917e-72,-2.408596888911478829e-80
1.433851691374939641e+01,1.082922157676450624e-71,1.082922161917983787e-71,-4.241533163075204408e-80
1.434254006664326653e+01,1.908454126257180133e-71,1.908454133719132699e-71,-7.461952565880496109e-80
1.434656321953713487e+01,3.359952272810882378e-71,3.359952285925162835e-71,-1.311428045687763330e-79
1.435058637243100499e+01,5.909508878117343787e-71,5.909508901142639132e-71,-2.302529534446394042e-79
1.435460952532487333e+01,1.038332788406992456e-70,1.038332792445569247e-70,-4.038576790618818337e-79
1.435863267821874345e+01,1.822588581634273821e-70,1.822588588710715504e-70,-7.076441682890056487e-79
1.436265583111261179e+01,3.196006248754628732e-70,3.196006261141775660e-70,-1.238714692776573314e-78
1.436667898400648014e+01,5.598781156686983734e-70,5.598781178348559167e-70,-2.166157543285062944e-78
1.437070213690035025e+01,9.798199157165739805e-70,9.798199195007945080e-70,-3.784220527450434624e-78
1.437472528979421860e+01,1.713033794942588175e-69,1.713033801546912798e-69,-6.604324623379624251e-78
1.437874844268808872e+01,2.991937361232549020e-69,2.991937372747014038e-69,-1.151446501743893190e-77
1.438277159558195706e+01,5.220426203653019654e-69,5.220426223708260233e-69,-2.005524057955263185e-77
1.438679474847582540e+01,9.099684244778229933e-69,9.099684279674290848e-69,-3.489606091459611667e-77
1.439081790136969552e+01,1.584577855773764000e-68,1.584577861839582446e-68,-6.065818445519623031e-77
1.439484105426356386e+01,2.756561841361293109e-68,2.756561851894651255e-68,-1.053335814553328157e-76
1.439886420715743398e+01,4.790587703546528756e-68,4.790587721819798144e-68,-1.827326938834576854e-76
1.440288736005130232e+01,8.317192412289959232e-68,8.317192443958100852e-68,-3.166814162011689834e-76
1.440691051294517244e+01,1.442552407285014860e-67,1.442552412767767892e-67,-5.482753032503072197e-76
1.441093366583904078e+01,2.499501195738124167e-67,2.499501205221052603e-67,-9.482928436092663481e-76
1.441495681873290913e+01,4.326552676865869083e-67,4.326552693250946482e-67,-1.638507739912963598e-75
1.441897997162677925e+01,7.481652634300287412e-67,7.481652662582860474e-67,-2.828257306218078930e-75
1.442300312452064759e+01,1.292468546992744909e-66,1.292468551869804722e-66,-4.877059812876802796e-75
1.442702627741451771e+01,2.230536444589455217e-66,2.230536452991048535e-66,-8.401593317994776511e-75
1.443104943030838605e+01,3.845612863942153348e-66,3.845612878400755162e-66,-1.445860181341508466e-74
1.443507258320225439e+01,6.623517652179906484e-66,6.623517677037599593e-66,-2.485769310933553366e-74
1.443909573609612451e+01,1.139668991864446429e-65,1.139668996133808463e-65,-4.269362033844870397e-74
1.444311888898999285e+01,1.959005539569899452e-65,1.959005546895230874e-65,-7.325331421813110365e-74
1.444714204188386297e+01,3.364027162938187097e-65,3.364027175494353041e-65,-1.255616594429191505e-73
1.445116519477773132e+01,5.770988667984958871e-65,5.770988689485805312e-65,-2.150084644025207045e-73
1.445518834767159966e+01,9.890263150662089401e-65,9.890263187442188623e-65,-3.678009922181718982e-73
1.445921150056546978e+01,1.693294003607330473e-64,1.693294009892850333e-64,-6.285519860263030063e-73
1.446323465345933812e+01,2.896168273464916569e-64,2.896168284195787133e-64,-1.073087056343193380e-72
1.446725780635320824e+01,4.948597265285083017e-64,4.948597283586801491e-64,-1.830171847410668791e-72
1.447128095924707658e+01,8.447094013608493140e-64,8.447094044791313400e-64,-3.118282026028403144e-72
1.447530411214094670e+01,1.440454161547433294e-63,1.440454166855094025e-63,-5.307660730953788637e-72
1.447932726503481504e+01,2.453909010634266752e-63,2.453909019659479047e-63,-9.025212295445943247e-72
1.448335041792868338e+01,4.176229587392550264e-63,4.176229602723744404e-63,-1.533119414022886603e-71
1.448737357082255350e+01,7.100307774615990585e-63,7.100307800633089592e-63,-2.601709900773723020e-71
1.449139672371642185e+01,1.205971044983771429e-62,1.205971049394512511e-62,-4.410741082262188977e-71
1.449541987661029196e+01,2.046272580267210020e-62,2.046272587737288984e-62,-7.470078963919800089e-71
1.449944302950416031e+01,3.468622100073832331e-62,3.468622112712618017e-62,-1.263878568596004401e-70
1.450346618239802865e+01,5.873776085473290033e-62,5.873776106835894476e-62,-2.136260444295385317e-70
1.450748933529189877e+01,9.936757344891502493e-62,9.936757380962980498e-62,-3.607147800433632454e-70
1.451151248818576711e+01,1.679340957471330474e-61,1.679340963556044245e-61,-6.084713771387256668e-70
1.451553564107963723e+01,2.835306239509931895e-61,2.835306249763712856e-61,-1.025378096051632434e-69
1.451955879397350557e+01,4.782202531006832855e-61,4.782202548268780309e-61,-1.726194745397036843e-69
1.452358194686737569e+01,8.057918197348582513e-61,8.057918226379589572e-61,-2.903100705878509417e-69
1.452760509976124403e+01,1.356390193624369345e-60,1.356390198501922032e-60,-4.877552687062047506e-69
1.453162825265511238e+01,2.280937189550551974e-60,2.280937197737199251e-60,-8.186647276543875247e-69
1.453565140554898250e+01,3.831853608711735256e-60,3.831853622438694416e-60,-1.372695915989882761e-68
1.453967455844285084e+01,6.430894570325099078e-60,6.430894593318689759e-60,-2.299359068082145526e-68
1.454369771133672096e+01,1.078203576902540902e-59,1.078203580750311102e-59,-3.847770200318795658e-68
1.454772086423058930e+01,1.805913916262127960e-59,1.805913922694515431e-59,-6.432387470559325327e-68
1.455174401712445764e+01,3.021761745882906116e-59,3.021761756625286783e-59,-1.074238066687491138e-67
1.455576717001832776e+01,5.051150296124915314e-59,5.051150314047425421e-59,-1.792251010642616603e-67
1.455979032291219610e+01,8.435042226880920669e-59,8.435042256752470067e-59,-2.987154939843081633e-67
1.456381347580606622e+01,1.407184779182809364e-58,1.407184784156577072e-58,-4.973767707564584751e-67
1.456783662869993456e+01,2.345210849445777003e-58,2.345210857719070879e-58,-8.273293875513493619e-67
1.457185978159380468e+01,3.904627046786237574e-58,3.904627060534039653e-58,-1.374780207875361775e-66
1.457588293448767303e+01,6.494476052051177482e-58,6.494476074873154157e-58,-2.282197667462390564e-66
1.457990608738154137e+01,1.079134504589238807e-57,1.079134508374051671e-57,-3.784812864286459247e-66
1.458392924027541149e+01,1.791323140572028105e-57,1.791323146842440650e-57,-6.270412544953131911e-66
1.458795239316927983e+01,2.970565899442843942e-57,2.970565909820801019e-57,-1.037795707706027059e-65
1.459197554606314995e+01,4.921203726348353678e-57,4.921203743507529253e-57,-1.715917557573255057e-65
1.459599869895701829e+01,8.144611908475748934e-57,8.144611936818582334e-57,-2.834283339983430656e-65
1.460002185185088663e+01,1.346592972300677820e-56,1.346592976977548255e-56,-4.676870434757446184e-65
1.460404500474475675e+01,2.224176204551624790e-56,2.224176212261301689e-56,-7.709676899346455441e-65
1.460806815763862510e+01,3.670024255016228066e-56,3.670024267712588066e-56,-1.269636000035674414e-64
1.461209131053249521e+01,6.049724208585210677e-56,6.049724229472762030e-56,-2.088755135387397477e-64
1.461611446342636356e+01,9.962517948590343497e-56,9.962517982919426760e-56,-3.432908326313339565e-64
1.462013761632023190e+01,1.638964530026115001e-55,1.638964535662495353e-55,-5.636380351487359892e-64
1.462416076921410202e+01,2.693623489577762847e-55,2.693623498822754519e-55,-9.244991672241216320e-64
1.462818392210797036e+01,4.422533428966437449e-55,4.422533444115144711e-55,-1.514870726140476166e-63
1.463220707500184048e+01,7.253911552534309874e-55,7.253911577332020685e-55,-2.479771081120456869e-63
1.463623022789570882e+01,1.188612478461507924e-54,1.188612482516701435e-54,-4.055193510989415730e-63
1.464025338078957894e+01,1.945697014933132461e-54,1.945697021557974016e-54,-6.624841554958334044e-63
1.464427653368344728e+01,3.181830479741516720e-54,3.181830490553542003e-54,-1.081202528323871327e-62
1.464829968657731563e+01,5.198113533059501935e-54,5.198113550687479245e-54,-1.762797730991314520e-62
1.465232283947118574e+01,8.483623406617905652e-54,8.483623435329799431e-54,-2.871189377919531795e-62
1.465634599236505409e+01,1.383196560750074556e-53,1.383196565421923097e-53,-4.671848540912257647e-62
1.466036914525892421e+01,2.252959148622468961e-53,2.252959156216626695e-53,-7.594157734349794648e-62
1.466439229815279255e+01,3.665976118689869573e-53,3.665976131021927537e-53,-1.233205796379041855e-61
1.466841545104666089e+01,5.959266997039489998e-53,5.959267017045321488e-53,-2.000583148991087452e-61
1.467243860394053101e+01,9.677494965398122171e-53,9.677494997820256042e-53,-3.242213387109724346e-61
1.467646175683439935e+01,1.570001119643025196e-52,1.570001124892236247e-52,-5.249211051757503090e-61
1.468048490972826947e+01,2.544508277810737992e-52,2.544508286300790396e-52,-8.490052403512088159e-61
1.468450806262213781e+01,4.119786136870236423e-52,4.119786150588230177e-52,-1.371799375443970437e-60
1.468853121551600793e+01,6.663652996770471270e-52,6.663653018913628576e-52,-2.214315730555166678e-60
1.469255436840987628e+01,1.076755188264504953e-51,1.076755191835181304e-51,-3.570676351422253874e-60
1.469657752130374462e+01,1.738154873496833565e-51,1.738154879248942867e-51,-5.752109301794469438e-60
1.470060067419761474e+01,2.803024318985325127e-51,2.803024328242294775e-51,-9.256969647647171734e-60
1.470462382709148308e+01,4.515773584899179682e-51,4.515773599781624553e-51,-1.488244487103822028e-59
1.470864697998535320e+01,7.267823130980769036e-51,7.267823154883521366e-51,-2.390275232944693178e-59
1.471267013287922154e+01,1.168539611094068736e-50,1.168539614929239052e-50,-3.835170316786378928e-59
1.471669328577308988e+01,1.876935832053140982e-50,1.876935838200443825e-50,-6.147302843218713240e-59
1.472071643866696000e+01,3.011773515706429000e-50,3.011773525549999808e-50,-9.843570808074149612e-59
1.472473959156082834e+01,4.827942537036133037e-50,4.827942552782671012e-50,-1.574653797506445730e-58
1.472876274445469846e+01,7.731589235232964899e-50,7.731589260397060732e-50,-2.516409583356574100e-58
1.473278589734856681e+01,1.236922105118571556e-49,1.236922109135953130e-49,-4.017381573383022096e-58
1.473680905024243515e+01,1.976891467449118186e-49,1.976891473856341781e-49,-6.407223594788234347e-58
1.474083220313630527e+01,3.156386671674430543e-49,3.156386681882937670e-49,-1.020850712643815901e-57
1.474485535603017361e+01,5.034594216831796910e-49,5.034594233080533433e-49,-1.624873652342052290e-57
1.474887850892404373e+01,8.022424567433371293e-49,8.022424593270283935e-49,-2.583691264229116781e-57
1.475290166181791207e+01,1.277067079585339208e-48,1.277067083689533554e-48,-4.104194345711379259e-57
1.475692481471178219e+01,2.030900633657747109e-48,2.030900640170703242e-48,-6.512956133920933977e-57
1.476094796760565053e+01,3.226491596603989474e-48,3.226491606929144105e-48,-1.032515463078325461e-56
1.476497112049951888e+01,5.120817512466361693e-48,5.120817528818628771e-48,-1.635226707837525181e-56
1.476899427339338899e+01,8.119232134618052948e-48,8.119232160489636111e-48,-2.587158316310265385e-56
1.477301742628725734e+01,1.286048997482085060e-47,1.286049001571252464e-47,-4.089167404649451069e-56
1.477704057918112746e+01,2.035011978309848860e-47,2.035011984766554648e-47,-6.456705788342625105e-56
1.478106373207499580e+01,3.216942678382194583e-47,3.216942688566998220e-47,-1.018480363693613249e-55
1.478508688496886414e+01,5.080267409953713432e-47,5.080267426003151814e-47,-1.604943838198366255e-55
1.478911003786273426e+01,8.014874402604154146e-47,8.014874427869660349e-47,-2.526550620296128827e-55
1.479313319075660260e+01,1.263204799989808904e-46,1.263204803963238969e-46,-3.973430064906049516e-55
1.479715634365047272e+01,1.988921815120566631e-46,1.988921821363184018e-46,-6.242617387047949437e-55
1.480117949654434106e+01,3.128445208335368382e-46,3.128445218133217344e-46,-9.797848962658856807e-55
1.480520264943821118e+01,4.915936822356800626e-46,4.915936837719287741e-46,-1.536248711529121357e-54
1.480922580233207952e+01,7.717043182869893433e-46,7.717043206933268271e-46,-2.406337483772200736e-54
1.481324895522594787e+01,1.210214817333141925e-45,1.210214821098581278e-45,-3.765439353195615689e-54
1.481727210811981799e+01,1.896011203581844837e-45,1.896011209468115956e-45,-5.886271119034825104e-54
1.482129526101368633e+01,2.967469271385137681e-45,2.967469280577525062e-45,-9.192387380940780726e-54
1.482531841390755645e+01,4.639791442056165008e-45,4.639791456397333345e-45,-1.434116833709475414e-53
1.482934156680142479e+01,7.247322482336918245e-45,7.247322504688219297e-45,-2.235130105253219730e-53
1.483336471969529313e+01,1.130898456254798768e-44,1.130898459734857517e-44,-3.480058748984785767e-53
1.483738787258916325e+01,1.762935949355566774e-44,1.762935954768546342e-44,-5.412979567616790415e-53
1.484141102548303159e+01,2.745467799452475803e-44,2.745467807863528145e-44,-8.411052341618230576e-53
1.484543417837690171e+01,4.271329476455003888e-44,4.271329489511551074e-44,-1.305654718609579527e-52
1.484945733127077006e+01,6.638602865013808594e-44,6.638602885261261018e-44,-2.024745242434256956e-52
1.485348048416464017e+01,1.030759160528918090e-43,1.030759163665648157e-43,-3.136730067477086513e-52
1.485750363705850852e+01,1.598838564780585977e-43,1.598838569635147650e-43,-4.854561672660676478e-52
1.486152678995237686e+01,2.477530016905963338e-43,2.477530024411588862e-43,-7.505625523703212529e-52
1.486554994284624698e+01,3.835306996074651092e-43,3.835307007667471006e-43,-1.159281991396898708e-51
1.486957309574011532e+01,5.931277429933097000e-43,5.931277447820888967e-43,-1.788779196727215939e-51
1.487359624863398544e+01,9.163539192225524072e-43,9.163539219798582037e-43,-2.757305796467834831e-51
1.487761940152785378e+01,1.414311728765323709e-42,1.414311733011342034e-42,-4.246018325582888835e-51
1.488164255442172212e+01,2.180690050627012357e-42,2.180690057158951097e-42,-6.531938739953244511e-51
1.488566570731559224e+01,3.358997179293747484e-42,3.358997189332203870e-42,-1.003845638581454695e-50
1.488968886020946059e+01,5.168829825542682707e-42,5.168829840954618354e-42,-1.541193564772461043e-50
1.489371201310333070e+01,7.945874965107449386e-42,7.945874988745480798e-42,-2.363803141241578554e-50
1.489773516599719905e+01,1.220276133806996374e-41,1.220276137428849031e-41,-3.621852657227882136e-50
1.490175831889106739e+01,1.872153291938311517e-41,1.872153297482212742e-41,-5.543901224958604250e-50
1.490578147178493751e+01,2.869403292124433689e-41,2.869403300601780439e-41,-8.477346750653225327e-50
1.490980462467880585e+01,4.393480229774191880e-41,4.393480242724355989e-41,-1.295016410865808927e-49
1.491382777757267597e+01,6.720361862033599770e-41,6.720361881796512086e-41,-1.976291231678724130e-49
1.491785093046654431e+01,1.026936377964987859e-40,1.026936380977937694e-40,-3.012949835332715100e-49
1.492187408336041443e+01,1.567694072586763805e-40,1.567694077175567532e-40,-4.588803727302596900e-49
1.492589723625428277e+01,2.390815110219862261e-40,2.390815117201718628e-40,-6.981856367395684793e-49
1.492992038914815112e+01,3.642483268099906230e-40,3.642483278712107581e-40,-1.061220135153607892e-48
1.493394354204202124e+01,5.543908284165426729e-40,5.543908300279522556e-40,-1.611409582702406035e-48
1.493796669493588958e+01,8.429492064730528834e-40,8.429492089174334053e-40,-2.444380521905752587e-48
1.494198984782975970e+01,1.280423609116095511e-39,1.280423612820334022e-39,-3.704238510731679614e-48
1.494601300072362804e+01,1.943000168613751269e-39,1.943000174221547358e-39,-5.607796088688304990e-48
1.495003615361749638e+01,2.945499145943429047e-39,2.945499154424471017e-39,-8.481041969398723504e-48
1.495405930651136650e+01,4.460790856319504132e-39,4.460790869133194271e-39,-1.281369013896429902e-47
1.495808245940523484e+01,6.748880222545208718e-39,6.748880241885308059e-39,-1.934009934100925570e-47
1.496210561229910496e+01,1.020042993054239712e-38,1.020042995970393842e-38,-2.916154129541502372e-47
1.496612876519297330e+01,1.540182311067377395e-38,1.540182315460012949e-38,-4.392635554552064676e-47
1.497015191808684342e+01,2.323232547858825365e-38,2.323232554468891450e-38,-6.610066084940395601e-47
1.497417507098071177e+01,3.500903448054236758e-38,3.500903457991100386e-38,-9.936863627933155680e-47
1.497819822387458011e+01,5.270289614764546292e-38,5.270289629687611704e-38,-1.492306541203916582e-46
1.498222137676845023e+01,7.926030279935068711e-38,7.926030302323918718e-38,-2.238885000645009657e-46
1.498624452966231857e+01,1.190813832532949525e-37,1.190813835888552998e-37,-3.355603473465521694e-46
1.499026768255618869e+01,1.787305995844749781e-37,1.787306000868988243e-37,-5.024238462481638213e-46
1.499429083545005703e+01,2.679913964004802805e-37,2.679913971519941879e-37,-7.515139074070469926e-46
1.499831398834392537e+01,4.014298738016209932e-37,4.014298749245911044e-37,-1.122970111239366277e-45
1.500233714123779549e+01,6.007107777580002970e-37,6.007107794343378598e-37,-1.676337562815013466e-45
1.500636029413166384e+01,8.980242346076610316e-37,8.980242371075613431e-37,-2.499900311511095277e-45
1.501038344702553395e+01,1.341150722129597253e-36,1.341150725853908785e-36,-3.724311532270534464e-45
1.501440659991940230e+01,2.000939771253204056e-36,2.000939776796050330e-36,-5.542846274906947636e-45
1.501842975281327242e+01,2.982341301911827057e-36,2.982341310152931540e-36,-8.241104482995180167e-45
1.502245290570714076e+01,4.440660458502586286e-36,4.440660470743110307e-36,-1.224052402097109309e-44
1.502647605860100910e+01,6.605484681301051075e-36,6.605484699463811635e-36,-1.816276055999032010e-44
1.503049921149487922e+01,9.815868007848025832e-36,9.815868034771161616e-36,-2.692313578458280974e-44
1.503452236438874756e+01,1.457201561319786175e-35,1.457201565306670714e-35,-3.986884538762051535e-44
1.503854551728261768e+01,2.161112840578671114e-35,2.161112846476726483e-35,-5.898055368495845391e-44
1.504256867017648602e+01,3.201858664572823832e-35,3.201858673289386831e-35,-8.716562998188187364e-44
1.504659182307035437e+01,4.739077043645530365e-35,4.739077056514559952e-35,-1.286902958716398657e-43
1.505061497596422448e+01,7.007325291113555848e-35,7.007325310094247892e-35,-1.898069204401392922e-43
1.505463812885809283e+01,1.035088982405521698e-34,1.035088985202189366e-34,-2.796667667416765615e-43
1.505866128175196295e+01,1.527460510182111660e-34,1.527460514298680347e-34,-4.116568686154550923e-43
1.506268443464583129e+01,2.251796782242857572e-34,2.251796788296181701e-34,-6.053324128433348707e-43
1.506670758753969963e+01,3.316311333585141001e-34,3.316311342477430047e-34,-8.892289045761442144e-43
1.507073074043356975e+01,4.879196332723404397e-34,4.879196345773191351e-34,-1.304978695393810730e-42
1.507475389332743809e+01,7.171470075812298508e-34,7.171470094943963698e-34,-1.913166518996466657e-42
1.507877704622130821e+01,1.053016036392701058e-33,1.053016039194692958e-33,-2.801991900247739992e-42
1.508280019911517655e+01,1.544644980623926573e-33,1.544644984723560366e-33,-4.099633792365994602e-42
1.508682335200904667e+01,2.263545703216724568e-33,2.263545709208927571e-33,-5.992203002929077485e-42
1.509084650490291502e+01,3.313727224945643349e-33,3.313727233695335223e-33,-8.749691874005544768e-42
1.509486965779678336e+01,4.846309453188032289e-33,4.846309465951354973e-33,-1.276332268369301818e-41
1.509889281069065348e+01,7.080638557538902051e-33,7.080638576138292777e-33,-1.859939072640628683e-41
1.510291596358452182e+01,1.033476503960310521e-32,1.033476506667992468e-32,-2.707681947744558114e-41
1.510693911647839194e+01,1.506939049619884258e-32,1.506939053557718232e-32,-3.937833973631710169e-41
1.511096226937226028e+01,2.195116955945179412e-32,2.195116961666341118e-32,-5.721161705484186807e-41
1.511498542226612862e+01,3.194379717945840405e-32,3.194379726249603391e-32,-8.303762985968014072e-41
1.511900857515999874e+01,4.643894158095259575e-32,4.643894170135303015e-32,-1.204004343925063595e-40
1.512303172805386708e+01,6.744425844589439216e-32,6.744425862029413109e-32,-1.743997389325473725e-40
1.512705488094773720e+01,9.785309191376160349e-32,9.785309216612608573e-32,-2.523644822414193823e-40
1.513107803384160555e+01,1.418309525268870868e-31,1.418309528917029463e-31,-3.648158595112687975e-40
1.513510118673547566e+01,2.053687615813602195e-31,2.053687621082073665e-31,-5.268471470248956975e-40
1.513912433962934401e+01,2.970740019321341792e-31,2.970740026922086257e-31,-7.600744464636471342e-40
1.514314749252321235e+01,4.293009080303641731e-31,4.293009091258176869e-31,-1.095453513773595065e-39
1.514717064541708247e+01,6.197633140978484164e-31,6.197633156750741226e-31,-1.577225706164632514e-39
1.515119379831095081e+01,8.938338989073247890e-31,8.938339011759229564e-31,-2.268598167330902720e-39
1.515521695120482093e+01,1.287818546627676923e-30,1.287818549887462890e-30,-3.259785966918713284e-39
1.515924010409868927e+01,1.853614538656916252e-30,1.853614543336192340e-30,-4.679276087907395130e-39
1.516326325699255761e+01,2.665330547662725920e-30,2.665330554372935401e-30,-6.710209481468799820e-39
1.516728640988642773e+01,3.828684890284423084e-30,3.828684899897328447e-30,-9.612905363320548619e-39
1.517130956278029608e+01,5.494334166638338838e-30,5.494334180395758171e-30,-1.375741933257077138e-38
1.517533271567416620e+01,7.876756373737624518e-30,7.876756393406766843e-30,-1.966914232439646826e-38
1.517935586856803454e+01,1.128097545220946128e-29,1.128097548030231734e-29,-2.809285606479549359e-38
1.518337902146190466e+01,1.614034424387633797e-29,1.614034428396016104e-29,-4.008382307596152626e-38
1.518740217435577300e+01,2.306990627058665562e-29,2.306990632772258823e-29,-5.713593261824964563e-38
1.519142532724964134e+01,3.294168157061879235e-29,3.294168165197850069e-29,-8.135970833474874520e-38
1.519544848014351146e+01,4.699077388056211820e-29,4.699077399629978647e-29,-1.157376682717339083e-37
1.519947163303737980e+01,6.696476172186123723e-29,6.696476188633748981e-29,-1.644762525801908001e-37
1.520349478593124992e+01,9.533381138049783853e-29,9.533381161400184047e-29,-2.335040019354647116e-37
1.520751793882511826e+01,1.355858856734639416e-28,1.355858860046340408e-28,-3.311700992165326242e-37
1.521154109171898661e+01,1.926410809077439415e-28,1.926410813769570062e-28,-4.692130647136155261e-37
1.521556424461285673e+01,2.734325598631619483e-28,2.734325605272912349e-28,-6.641292866292134581e-37
1.521958739750672507e+01,3.877202178717872224e-28,3.877202188108614916e-28,-9.390742692033382812e-37
1.522361055040059519e+01,5.492291331376840527e-28,5.492291344641825951e-28,-1.326498542387234946e-36
1.522763370329446353e+01,7.772407841691224570e-28,7.772407860410130880e-28,-1.871890630935082509e-36
1.523165685618833187e+01,1.098814785624818180e-27,1.098814788263685692e-27,-2.638867512098989896e-36
1.523568000908220199e+01,1.551887753196296595e-27,1.551887756912644693e-27,-3.716348097886016647e-36
1.523970316197607033e+01,2.189591079101166470e-27,2.189591084329704573e-27,-5.228538103187811540e-36
1.524372631486994045e+01,3.086260794709569445e-27,3.086260802058212127e-27,-7.348642681716211237e-36
1.524774946776380879e+01,4.345793908098692639e-27,4.345793918416723447e-27,-1.031803080800910078e-35
1.525177262065767891e+01,6.113255249943365830e-27,6.113255264416060312e-27,-1.447269448292991762e-35
1.525579577355154726e+01,8.590982414669245347e-27,8.590982434949058419e-27,-2.027981307233619655e-35
1.525981892644541560e+01,1.206090866056328217e-26,1.206090868895202462e-26,-2.838874245519444620e-35
1.526384207933928572e+01,1.691547216242174380e-26,1.691547220212160029e-26,-3.969985648992276951e-35
1.526786523223315406e+01,2.370036960990764984e-26,2.370036966536952526e-26,-5.546187542116280474e-35
1.527188838512702418e+01,3.317363110622712168e-26,3.317363118363158797e-26,-7.740446629172447258e-35
1.527591153802089252e+01,4.638716178203049314e-26,4.638716188994929471e-26,-1.079188015725399791e-34
1.527993469091476086e+01,6.479917678580789214e-26,6.479917693611895171e-26,-1.503110595703709306e-34
1.528395784380863098e+01,9.042907203208256493e-26,9.042907224122947004e-26,-2.091469051136154689e-34
1.528798099670249933e+01,1.260705239262855467e-25,1.260705242170026565e-25,-2.907171098671255611e-34
1.529200414959636944e+01,1.755844045058075098e-25,1.755844049095069607e-25,-4.036994509310472114e-34
1.529602730249023779e+01,2.443009851270079053e-25,2.443009856870318270e-25,-5.600239217487174460e-34
1.530005045538410791e+01,3.395716268586358538e-25,3.395716276347366675e-25,-7.761008137584740700e-34
1.530407360827797625e+01,4.715247247781062125e-25,4.715247258525743543e-25,-1.074468141879796852e-33
1.530809676117184459e+01,6.541004426809055714e-25,6.541004441669414688e-25,-1.486035897409542474e-33
1.531211991406571471e+01,9.064655713514660264e-25,9.064655734046590300e-25,-2.053193003569087650e-33
1.531614306695958305e+01,1.254946126018715639e-24,1.254946128852663358e-24,-2.833947718848612162e-33
1.532016621985345317e+01,1.735664371431610699e-24,1.735664375339275712e-24,-3.907665013711821278e-33
1.532418937274732151e+01,2.398133262774058097e-24,2.398133268156849135e-24,-5.382791037848786712e-33
1.532821252564118986e+01,3.310150767403759143e-24,3.310150774811047898e-24,-7.407288754946363796e-33
1.533223567853505998e+01,4.564457156714218596e-24,4.564457166897185263e-24,-1.018296666781173822e-32
1.533625883142892832e+01,6.287780794736105474e-24,6.287780808720789850e-24,-1.398468437568394672e-32
1.534028198432279844e+01,8.653116455738133157e-24,8.653116474924405014e-24,-1.918627185732752392e-32
1.534430513721666678e+01,1.189637380918054327e-23,1.189637383547688968e-23,-2.629634641656007275e-32
1.534832829011053690e+01,1.633892779809482675e-23,1.633892783409965154e-23,-3.600482478966239462e-32
1.535235144300440524e+01,2.241813101592332548e-23,2.241813106517134309e-23,-4.924801761442321207e-32
1.535637459589827358e+01,3.072855584411819623e-23,3.072855591141289682e-23,-6.729470059587431526e-32
1.536039774879214370e+01,4.207768083925964374e-23,4.207768093112150624e-23,-9.186186249628015547e-32
1.536442090168601204e+01,5.756100103218319622e-23,5.756100115745426561e-23,-1.252710693936842259e-31
1.536844405457988216e+01,7.866323068386924641e-23,7.866323085452927950e-23,-1.706600330939059338e-31
1.537246720747375051e+01,1.073945190603913711e-22,1.073945192926491184e-22,-2.322577473382940656e-31
1.537649036036761885e+01,1.464735994160647056e-22,1.464735997318394927e-22,-3.157747871930303103e-31
1.538051351326148897e+01,1.995737824044494492e-22,1.995737828333383432e-22,-4.288888940105104387e-31
1.538453666615535731e+01,2.716530094015329579e-22,2.716530099834656680e-22,-5.819327101542363911e-31
1.538855981904922743e+01,3.693962230809052559e-22,3.693962238697055056e-22,-7.888002497125093754e-31
1.539258297194309577e+01,5.018076509354874328e-22,5.018076520036071455e-22,-1.068119712722132280e-30
1.539660612483696411e+01,6.810029675880836841e-22,6.810029690329800871e-22,-1.444896403092892938e-30
1.540062927773083423e+01,9.232676698927995426e-22,9.232676718454154657e-22,-1.952615923100055358e-30
1.540465243062470257e+01,1.250469633250840114e-21,1.250469635886918733e-21,-2.636078619402610498e-30
1.540867558351857269e+01,1.691942381007602890e-21,1.691942384562784555e-21,-3.555181665587385917e-30
1.541269873641244104e+01,2.286993268764835699e-21,2.286993273554758511e-21,-4.789922812482078031e-30
1.541672188930631116e+01,3.088240410292408928e-21,3.088240416739397727e-21,-6.446988798892740864e-30
1.542074504220017950e+01,4.166047472989917137e-21,4.166047481658511266e-21,-8.668594128726488997e-30
1.542476819509404784e+01,5.614411305479309777e-21,5.614411317123282857e-21,-1.164397307992332851e-29
1.542879134798791796e+01,7.558770059165819330e-21,7.558770074790685844e-21,-1.562486651338982238e-29
1.543281450088178630e+01,1.016634727334600010e-20,1.016634729429166487e-20,-2.094566476803658898e-29
1.543683765377565642e+01,1.365984103128005362e-20,1.365984105933000450e-20,-2.804995088745715765e-29
1.544086080666952476e+01,1.833552069061686801e-20,1.833552072814311644e-20,-3.752624843757150326e-29
1.544488395956339311e+01,2.458712491840619064e-20,2.458712496855945871e-20,-5.015326807094060926e-29
1.544890711245726322e+01,3.293738724159479198e-20,3.293738730855610206e-20,-6.696131008543873231e-29
1.545293026535113157e+01,4.407957938128172396e-20,4.407957947059429967e-20,-8.931257570293435001e-29
1.545695341824500169e+01,5.893219748192959686e-20,5.893219760093308498e-20,-1.190034881161168090e-28
1.546097657113887003e+01,7.871087261526150652e-20,7.871087277366830556e-20,-1.584067990350022601e-28
1.546499972403274015e+01,1.050228299618899388e-19,1.050228301725330376e-19,-2.106430987670124178e-28
1.546902287692660849e+01,1.399908350292952441e-19,1.399908353091170483e-19,-2.798218042197970893e-28
1.547304602982047683e+01,1.864156584954426744e-19,1.864156588667903992e-19,-3.713477248186630890e-28
1.547706918271434695e+01,2.479888030474711422e-19,2.479888035397823620e-19,-4.923112198021206356e-28
1.548109233560821529e+01,3.295707447511684549e-19,3.295707454031862598e-19,-6.520178048824655363e-28
1.548511548850208541e+01,4.375544773984956113e-19,4.375544782611632557e-19,-8.626676444042833095e-28
1.548913864139595375e+01,5.803400047486501265e-19,5.803400058888647870e-19,-1.140214660544391720e-27
1.549316179428982210e+01,7.689529785445669143e-19,7.689529800501111297e-19,-1.505544215398709270e-27
1.549718494718369222e+01,1.017850410091035762e-18,1.017850412076951683e-18,-1.985915921400092895e-27
1.550120810007756056e+01,1.345968903315585937e-18,1.345968905932496405e-18,-2.616910467602621803e-27
1.550523125297143068e+01,1.778086949525942142e-18,1.778086952970885389e-18,-3.444943247148514476e-27
1.550925440586529902e+01,2.346593484283166340e-18,2.346593488813535586e-18,-4.530369245227972549e-27
1.551327755875916914e+01,3.093781401519062420e-18,3.093781407470846157e-18,-5.951783736941494730e-27
1.551730071165303748e+01,4.074818658319991303e-18,4.074818666131259631e-18,-7.811268327875393192e-27
1.552132386454690582e+01,5.361593027579476642e-18,5.361593037820857182e-18,-1.024138053905596372e-26
1.552534701744077594e+01,7.047682052830894000e-18,7.047682066244843529e-18,-1.341394952900550225e-26
1.552937017033464429e+01,9.254770606088938104e-18,9.254770623640496977e-18,-1.755155887325673038e-26
1.553339332322851440e+01,1.214092878761869124e-17,1.214092881056085870e-17,-2.294216745411860559e-26
1.553741647612238275e+01,1.591127796721550564e-17,1.591127799717383280e-17,-2.995832716003339479e-26
1.554143962901625109e+01,2.083171914815658428e-17,2.083171918723714796e-17,-3.908056367510153535e-26
1.554546278191012121e+01,2.724658384993526697e-17,2.724658390086421021e-17,-5.092894324124211969e-26
1.554948593480398955e+01,3.560130381435288250e-17,3.560130388065534736e-17,-6.630246485890341402e-26
1.555350908769785967e+01,4.647149518742358479e-17,4.647149527365283635e-17,-8.622925156215754525e-26
1.555753224059172801e+01,6.060023191841962779e-17,6.060023203045195256e-17,-1.120323247781612138e-25
1.556155539348559635e+01,7.894576263674803183e-17,7.894576278215687661e-17,-1.454088447887875621e-25
1.556557854637946647e+01,1.027425311235952033e-16,1.027425313121335513e-16,-1.885383479935007373e-25
1.556960169927333482e+01,1.335791250910377808e-16,1.335791253352518854e-16,-2.442141045760268335e-25
1.557362485216720493e+01,1.734977417914828733e-16,1.734977421074920963e-16,-3.160092230287094915e-25
1.557764800506107328e+01,2.251209725023720260e-16,2.251209729108733906e-16,-4.085013645769330903e-25
1.558167115795494340e+01,2.918132340926272509e-16,2.918132346201562383e-16,-5.275289873878514907e-25
1.558569431084881174e+01,3.778860929903592190e-16,3.778860936709044929e-16,-6.805452739458961006e-25
1.558971746374268008e+01,4.888591322881982210e-16,4.888591331652631432e-16,-8.770649221479704248e-25
1.559374061663655020e+01,6.317910272948377589e-16,6.317910284240280498e-16,-1.129190290875329192e-24
1.559776376953041854e+01,8.156992684300576943e-16,8.156992698823707367e-16,-1.452313042464965870e-24
1.560178692242428866e+01,1.052091688547633901e-15,1.052091690413658340e-15,-1.866024438890431132e-24
1.560581007531815700e+01,1.355638844094096479e-15,1.355638846489244834e-15,-2.395148355117219780e-24
1.560983322821202535e+01,1.745023649539691218e-15,1.745023652610901258e-15,-3.071210039500679107e-24
1.561385638110589547e+01,2.244013822080697606e-15,2.244013826014796244e-15,-3.934098638143762187e-24
1.561787953399976381e+01,2.882814089810128332e-15,2.882814094844476123e-15,-5.034347791774021814e-24
1.562190268689363393e+01,3.699769281906542600e-15,3.699769288342315990e-15,-6.435773389395443264e-24
1.562592583978750227e+01,4.743507005953337012e-15,4.743507014172312334e-15,-8.218975321846720367e-24
1.562994899268137239e+01,6.075630425768010921e-15,6.075630436253665246e-15,-1.048565432588985119e-23
1.563397214557524073e+01,7.774098664374708705e-15,7.774098677738615129e-15,-1.336390642417552884e-23
1.563799529846910907e+01,9.937465772669331860e-15,9.937465789684279036e-15,-1.701494717559924540e-23
1.564201845136297919e+01,1.269019049417971278e-14,1.269019051582125186e-14,-2.164153907635176798e-23
1.564604160425684753e+01,1.618928001473860882e-14,1.618928004223694313e-14,-2.749833431524749140e-23
1.565006475715071765e+01,2.063259370165560407e-14,2.063259373656034516e-14,-3.490474109508859289e-23
1.565408791004458600e+01,2.626921017631478728e-14,2.626921022057584470e-14,-4.426105741589861225e-23
1.565811106293845434e+01,3.341235617096045704e-14,3.341235622702898570e-14,-5.606852865229860126e-23
1.566213421583232446e+01,4.245551243548981384e-14,4.245551250644371863e-14,-7.095390479348665379e-23
1.566615736872619280e+01,5.389245526568003296e-14,5.389245535538014432e-14,-8.970011135523289877e-23
1.567018052162006292e+01,6.834216781516433940e-14,6.834216792844847619e-14,-1.132841367914354549e-22
1.567420367451393126e+01,8.657977024236913141e-14,8.657977038529284238e-14,-1.429237109716041684e-22
1.567822682740780138e+01,1.095748804071417018e-13,1.095748805872772186e-13,-1.801355168047786818e-22
1.568224998030166972e+01,1.385391374992986487e-13,1.385391377261047670e-13,-2.268061183012386657e-22
1.568627313319553807e+01,1.749850119860908640e-13,1.749850122713690692e-13,-2.852782051575498217e-22
1.569029628608940818e+01,2.207985014507095206e-13,2.207985018091703898e-13,-3.584608692002265375e-22
1.569431943898327653e+01,2.783288911070253174e-13,2.783288915569857212e-13,-4.499604038347047730e-22
1.569834259187714665e+01,3.504994614411880795e-13,3.504994620054293112e-13,-5.642412316700071466e-22
1.570236574477101499e+01,4.409438792340923424e-13,4.409438799409256480e-13,-7.068333055170564016e-22
1.570638889766488333e+01,5.541740429183266035e-13,5.541740438028845911e-13,-8.845579876648327701e-22
1.571041205055875345e+01,6.957864055856911211e-13,6.957864066915391077e-13,-1.105847986619982648e-21
1.571443520345262179e+01,8.727153128981489903e-13,8.727153142792426384e-13,-1.381093648111548895e-21
1.571845835634649191e+01,1.093543721015812416e-12,1.093543722738909806e-12,-1.723097389459476069e-21
1.572248150924036025e+01,1.368883863772904470e-12,1.368883865920508082e-12,-2.147603612154527212e-21
1.572650466213422860e+01,1.711843092837358133e-12,1.711843095511337805e-12,-2.673979671835219594e-21
1.573052781502809871e+01,2.138593307475683929e-12,2.138593310801664484e-12,-3.325980555873135270e-21
1.573455096792196706e+01,2.669066226180183067e-12,2.669066230312959161e-12,-4.132776093867489185e-21
1.573857412081583718e+01,3.327801354351000303e-12,3.327801359481052889e-12,-5.130052586122052219e-21
1.574259727370970552e+01,4.144979016534726323e-12,4.144979022896225063e-12,-6.361498739911548932e-21
1.574662042660357564e+01,5.157677420912024156e-12,5.157677428792548003e-12,-7.880523846398552376e-21
1.575064357949744398e+01,6.411400611081415011e-12,6.411400620833780729e-12,-9.752365717946430514e-21
1.575466673239131232e+01,7.961933575147141038e-12,7.961933587203660358e-12,-1.205651931947837031e-20
1.575868988528518244e+01,9.877592005986230225e-12,9.877592020876151719e-12,-1.488992149461506359e-20
1.576271303817905078e+01,1.224194756969475937e-11,1.224194758806528079e-11,-1.837052141324060975e-20
1.576673619107292090e+01,1.515712542865923361e-11,1.515712545130086658e-11,-2.264163296324122251e-20
1.577075934396678925e+01,1.874778963442776459e-11,1.874778966230516649e-11,-2.787740189736632259e-20
1.577478249686065759e+01,2.316595438305734416e-11,2.316595441734632315e-11,-3.428897899166714144e-20
1.577880564975452771e+01,2.859678562929855236e-11,2.859678567143075129e-11,-4.213219893114411294e-20
1.578282880264839605e+01,3.526558890555859026e-11,3.526558895727538911e-11,-5.171679884993286474e-20
1.578685195554226617e+01,4.344621622386807934e-11,4.344621628728521225e-11,-6.341713290517619422e-20
1.579087510843613451e+01,5.347116862589723475e-11,5.347116870358241897e-11,-7.768518421580043973e-20
1.579489826133000463e+01,6.574372241483372720e-11,6.574372250990048347e-11,-9.506675627677135254e-20
1.579892141422387297e+01,8.075246765778697508e-11,8.075246777400547632e-11,-1.162185012474853252e-19
1.580294456711774131e+01,9.908871869728372379e-11,9.908871883921526362e-11,-1.419315398356669019e-19
1.580696772001161143e+01,1.214673398948032128e-10,1.214673400679597997e-10,-1.731565869084750765e-19
1.581099087290547978e+01,1.487516276541692401e-10,1.487516278652054775e-10,-2.110362373857870030e-19
1.581501402579934989e+01,1.819830042439926157e-10,1.819830045009326984e-10,-2.569400826421402859e-19
1.581903717869321824e+01,2.224164127040802297e-10,2.224164130165904351e-10,-3.125102054404233965e-19
1.582306033158708658e+01,2.715624582186318501e-10,2.715624585983413038e-10,-3.797094536754363850e-19
1.582708348448095670e+01,3.312375232412894988e-10,3.312375237021788197e-10,-4.608893208829085129e-19
1.583110663737482504e+01,4.036232953358412160e-10,4.036232958946945708e-10,-5.588533548033292717e-19
1.583512979026869516e+01,4.913373926776916275e-10,4.913373933546394904e-10,-6.769478629059936503e-19
1.583915294316256350e+01,5.975170575980063166e-10,5.975170584171648281e-10,-8.191585115749118434e-19
1.584317609605643362e+01,7.259182193061400602e-10,7.259182202963750321e-10,-9.902349718873633358e-19
1.584719924895030196e+01,8.810326096339570189e-10,8.810326108297738767e-10,-1.195816857862158101e-18
1.585122240184417031e+01,1.068226057839880455e-09,1.068226059282481375e-09,-1.442600920340948882e-18
1.585524555473804043e+01,1.293901600682749234e-09,1.293901602421286426e-09,-1.738537192190982829e-18
1.585926870763190877e+01,1.565691631725322383e-09,1.565691633818359614e-09,-2.093037231024311719e-18
1.586329186052577889e+01,1.892683989947072345e-09,1.892683992464320675e-09,-2.517248329570853294e-18
1.586731501341964723e+01,2.285687664361565908e-09,2.285687667385905318e-09,-3.024339409977604891e-18
1.587133816631351557e+01,2.757544682063955148e-09,2.757544685693809378e-09,-3.629854229930203592e-18
1.587536131920738569e+01,3.323495767177594740e-09,3.323495771529753007e-09,-4.352158266978857994e-18
1.587938447210125403e+01,4.001608524546607152e-09,4.001608529759456359e-09,-5.212849206917327650e-18
1.588340762499512415e+01,4.813278233664059723e-09,4.813278239901412651e-09,-6.237352927414267523e-18
1.588743077788899249e+01,5.783812856280897974e-09,5.783812863736451370e-09,-7.455553396049687122e-18
1.589145393078286084e+01,6.943115588811521276e-09,6.943115597714074953e-09,-8.902553676478499283e-18
1.589547708367673096e+01,8.326480253839285662e-09,8.326480264458759406e-09,-1.061947374413132756e-17
1.589950023657059930e+01,9.975517052341384552e-09,9.975517064995939324e-09,-1.265455477233226454e-17
1.590352338946446942e+01,1.193922872112338243e-08,1.193922873618755569e-08,-1.506417325572986180e-17
1.590754654235833776e+01,1.427525999290900804e-08,1.427526001082317088e-08,-1.791416284491598973e-17
1.591156969525220788e+01,1.705134647754543241e-08,1.705134649882696647e-08,-2.128153405491933520e-17
1.591559284814607622e+01,2.034699271309820265e-08,2.034699273835411455e-08,-2.525591190511001876e-17
1.591961600103994456e+01,2.425541322055038299e-08,2.425541325049212418e-08,-2.994174118271266099e-17
1.592363915393381468e+01,2.888577498419894692e-08,2.888577501965936583e-08,-3.546041891442554424e-17
1.592766230682768303e+01,3.436578492500499236e-08,3.436578496695810411e-08,-4.195311174358696822e-17
1.593168545972155314e+01,4.084467169340766404e-08,4.084467174299141767e-08,-4.958375363271514216e-17
1.593570861261542149e+01,4.849661754314738478e-08,4.849661760168929931e-08,-5.854191452587251873e-17
1.593973176550928983e+01,5.752470322509465333e-08,5.752470329414196016e-08,-6.904730682864298292e-17
1.594375491840315995e+01,6.816543683033290715e-08,6.816543691168721889e-08,-8.135431174044374224e-17
1.594777807129702829e+01,8.069394639075444076e-08,8.069394648651065518e-08,-9.575621441926159818e-17
1.595180122419089841e+01,9.542992589297614083e-08,9.542992600556754536e-08,-1.125914045275246437e-16
1.595582437708476675e+01,1.127444352617537841e-07,1.127444353940037381e-07,-1.322499539723332850e-16
1.595984752997863687e+01,1.330676669117820419e-07,1.330676670669629777e-07,-1.551809357995201106e-16
1.596387068287250521e+01,1.568978047434080583e-07,1.568978049253085426e-07,-1.819004842415386080e-16
1.596789383576637356e+01,1.848111160663386645e-07,1.848111162793392868e-07,-2.130006223889603298e-16
1.597191698866024367e+01,2.174734329737905642e-07,2.174734332229512878e-07,-2.491607236050424282e-16
1.597594014155411202e+01,2.556531972614212538e-07,2.556531975525800415e-07,-2.911587876518379782e-16
1.597996329444798214e+01,3.002362621940534880e-07,3.002362625339371578e-07,-3.398836697283719611e-16
1.598398644734185048e+01,3.522426653728226788e-07,3.522426657691768175e-07,-3.963541387119544866e-16
1.598800960023571882e+01,4.128456097529221879e-07,4.128456102146505941e-07,-4.617284062788374038e-16
1.599203275312958894e+01,4.833929146073660586e-07,4.833929151446955965e-07,-5.373295378926319296e-16
1.599605590602345728e+01,5.654312250287800602e-07,5.654312256534430360e-07,-6.246629757984049729e-16
1.600007905891732563e+01,6.607332975028994055e-07,6.607332982283380203e-07,-7.254386148188669489e-16
1.600410221181119752e+01,7.713287102623645292e-07,7.713287111039646072e-07,-8.416000779306112567e-16
1.600812536470506586e+01,8.995383806198897531e-07,8.995383815952398275e-07,-9.753500743129727042e-16
1.601214851759893421e+01,1.048013307354943708e-06,1.048013308484126930e-06,-1.129183221874733613e-15
1.601617167049280255e+01,1.219777994536415970e-06,1.219777995842345322e-06,-1.305929351813552193e-15
1.602019482338667089e+01,1.418279053954795203e-06,1.418279055463562687e-06,-1.508767484659592241e-15
1.602421797628054279e+01,1.647439526616549474e-06,1.647439528357858207e-06,-1.741308733625235652e-15
1.602824112917441113e+01,1.911719509520729374e-06,1.911719511528327055e-06,-2.007597681033621712e-15
1.603226428206827947e+01,2.216183722162744343e-06,2.216183724474949471e-06,-2.312205128426371437e-15
1.603628743496214781e+01,2.566576697810456562e-06,2.566576700470714729e-06,-2.660258166233215107e-15
1.604031058785601616e+01,2.969406337495834359e-06,2.969406340553357754e-06,-3.057523394759060001e-15
1.604433374074988805e+01,3.432036619692837253e-06,3.432036623203293729e-06,-3.510456475611404767e-15
1.604835689364375639e+01,3.962790315632244988e-06,3.962790319658544952e-06,-4.026299964005747301e-15
1.605238004653762474e+01,4.571062618903645114e-06,4.571062623516766962e-06,-4.613121848764684813e-15
1.605640319943149308e+01,5.267446658083869194e-06,5.267446663363827048e-06,-5.279957853853052552e-15
1.606042635232536142e+01,6.063871922301494687e-06,6.063871928338389134e-06,-6.036894447606754727e-15
1.606444950521923332e+01,6.973756691423505210e-06,6.973756698318629534e-06,-6.895124323390809662e-15
1.606847265811310166e+01,8.012175624458818911e-06,8.012175632325977916e-06,-7.867159004869110628e-15
1.607249581100697000e+01,9.196043721254128746e-06,9.196043730220944886e-06,-8.966816140510217026e-15
1.607651896390083834e+01,1.054431793288531315e-05,1.054431794309483843e-05,-1.020952528248131319e-14
1.608054211679470669e+01,1.207821775467636985e-05,1.207821776628865623e-05,-1.161228638203379293e-14
1.608456526968857858e+01,1.382146619156979271e-05,1.382146620476375050e-05,-1.319395778070532599e-14
1.608858842258244692e+01,1.580055253774191706e-05,1.580055255271726306e-05,-1.497534599581226700e-14
1.609261157547631527e+01,1.804501845990103825e-05,1.804501847688047775e-05,-1.697943950154309767e-14
1.609663472837018361e+01,2.058776891535924833e-05,2.058776893459076887e-05,-1.923152053730746436e-14
1.610065788126405550e+01,2.346540947069209419e-05,2.346540949245151002e-05,-2.175941582948856534e-14
1.610468103415792385e+01,2.671861161302920820e-05,2.671861163762296568e-05,-2.459375747759090514e-14
1.610870418705179219e+01,3.039250766253043831e-05,3.039250769029843482e-05,-2.776799650676745057e-14
1.611272733994566053e+01,3.453711689957453192e-05,3.453711693089354126e-05,-3.131900934340986487e-14
1.611675049283952887e+01,3.920780451231594365e-05,3.920780454760281446e-05,-3.528687081031864348e-14
1.612077364573340077e+01,4.446577494749478777e-05,4.446577498721029242e-05,-3.971550464800660540e-14
1.612479679862726911e+01,5.037860120806386720e-05,5.037860125271672012e-05,-4.465285292128834405e-14
1.612881995152113745e+01,5.702079158352005208e-05,5.702079163367100264e-05,-5.015095055817958558e-14
1.613284310441500580e+01,6.447439522045566619e-05,6.447439527672214042e-05,-5.626647422724700975e-14
1.613686625730887414e+01,7.282964784037428575e-05,7.282964790343521104e-05,-6.306092529672485680e-14
1.614088941020274603e+01,8.218565878663014685e-05,8.218565885723125102e-05,-7.060110417296538987e-14
1.614491256309661438e+01,9.265114043072004914e-05,9.265114050967910523e-05,-7.895905609033027073e-14
1.614893571599048272e+01,1.043451807881906428e-04,1.043451808764033509e-04,-8.821270807996689500e-14
1.615295886888435106e+01,1.173980599834656939e-04,1.173980600819121050e-04,-9.844641107089463494e-14
1.615698202177821940e+01,1.319521109600550138e-04,1.319521110698053303e-04,-1.097503164737556602e-13
1.616100517467209130e+01,1.481626245550326864e-04,1.481626246772546618e-04,-1.222219753790193542e-13
1.616502832756595964e+01,1.661987987432093472e-04,1.661987988791755095e-04,-1.359661623741292846e-13
1.616905148045982799e+01,1.862447315057698719e-04,1.862447316568641782e-04,-1.510943063373626494e-13
1.617307463335369633e+01,2.085004563878245314e-04,2.085004565555510412e-04,-1.677265097643765301e-13
1.617709778624756467e+01,2.331830193800475681e-04,2.331830195660382766e-04,-1.859907085115242165e-13
1.618112093914143657e+01,2.605275952887728462e-04,2.605275954947958703e-04,-2.060230241615612634e-13
1.618514409203530491e+01,2.907886412470801697e-04,2.907886414750486385e-04,-2.279684687550576072e-13
1.618916724492917325e+01,3.242410844668448290e-04,3.242410847188258280e-04,-2.519809990005061895e-13
1.619319039782304159e+01,3.611815407368176509e-04,3.611815410150417092e-04,-2.782240583754092000e-13
1.619721355071690994e+01,4.019295595384155808e-04,4.019295598452850195e-04,-3.068694387139969670e-13
1.620123670361078183e+01,4.468288909773854289e-04,4.468288913154852028e-04,-3.380997738722246737e-13
1.620525985650465017e+01,4.962487690193379247e-04,4.962487693914453260e-04,-3.721074013154912485e-13
1.620928300939851852e+01,5.505852047734688262e-04,5.505852051825617247e-04,-4.090928984457065098e-13
1.621330616229238686e+01,6.102622827915553426e-04,6.102622832408241115e-04,-4.492687688886776165e-13
1.621732931518625875e+01,6.757334525473989448e-04,6.757334530402549179e-04,-4.928559730471571143e-13
1.622135246808012710e+01,7.474828064343206312e-04,7.474828069744060772e-04,-5.400854459838844157e-13
1.622537562097399544e+01,8.260263347757987665e-04,8.260263353669975144e-04,-5.911987479428892911e-13
1.622939877386786378e+01,9.119131474865865101e-04,9.119131481330315387e-04,-6.464450285834089094e-13
1.623342192676173212e+01,1.005726651163119274e-03,1.005726651869203120e-03,-7.060838459055363003e-13
1.623744507965560402e+01,1.108085669523179058e-03,1.108085670293561947e-03,-7.703828894256581350e-13
1.624146823254947236e+01,1.219645494267889742e-03,1.219645495107509348e-03,-8.396196064797134540e-13
1.624549138544334070e+01,1.341098852614657031e-03,1.341098853528733571e-03,-9.140765401538519797e-13
1.624951453833720905e+01,1.473176776950259424e-03,1.473176777944303247e-03,-9.940438229494308331e-13
1.625353769123107739e+01,1.616649361301035048e-03,1.616649362380853357e-03,-1.079818309421276545e-12
1.625756084412494928e+01,1.772326388611812284e-03,1.772326389783518245e-03,-1.171705961422464526e-12
1.626158399701881763e+01,1.941057812185178859e-03,1.941057813455185962e-03,-1.270007102954773259e-12
1.626560714991268597e+01,2.123734074071836290e-03,2.123734075446870491e-03,-1.375034201084313068e-12
1.626963030280655431e+01,2.321286242723194504e-03,2.321286244210294010e-03,-1.487099506036759777e-12
1.627365345570042265e+01,2.534685951849158583e-03,2.534685953455669081e-03,-1.606510497548230276e-12
1.627767660859429455e+01,2.764945122163674999e-03,2.764945123897253124e-03,-1.733578124801793408e-12
1.628169976148816289e+01,3.013115447570728113e-03,3.013115449439342317e-03,-1.868614204342256002e-12
1.628572291438203123e+01,3.280287627359990132e-03,3.280287629371904205e-03,-2.011914072841403112e-12
1.628974606727589958e+01,3.567590326141082714e-03,3.567590328304859251e-03,-2.163776536417971741e-12
1.629376922016976792e+01,3.876188843586697921e-03,3.876188845911184878e-03,-2.324486957083760075e-12
1.629779237306363981e+01,4.207283476564182244e-03,4.207283479058507303e-03,-2.494325058999269373e-12
1.630181552595750816e+01,4.562107556938060048e-03,4.562107559611608062e-03,-2.673548014919813198e-12
1.630583867885137650e+01,4.941925149236163148e-03,4.941925152098564436e-03,-2.862401288217242268e-12
1.630986183174524484e+01,5.348028393475387152e-03,5.348028396536510555e-03,-3.061123403369503393e-12
1.631388498463911674e+01,5.781734479784269784e-03,5.781734483054173229e-03,-3.269903445235478046e-12
1.631790813753298508e+01,6.244382243004590119e-03,6.244382246493528424e-03,-3.488938304929689593e-12
1.632193129042685342e+01,6.737328367245457028e-03,6.737328370963840268e-03,-3.718383240203237960e-12
1.632595444332072177e+01,7.261943192359798967e-03,7.261943196318150842e-03,-3.958351875443799628e-12
1.632997759621459011e+01,7.819606116566546125e-03,7.819606120775500491e-03,-4.208954365592099123e-12
1.633400074910846200e+01,8.411700591901129925e-03,8.411700596371373545e-03,-4.470243619714153738e-12
1.633802390200233035e+01,9.039608711864646415e-03,9.039608716606879063e-03,-4.742232648236033299e-12
1.634204705489619869e+01,9.704705393556025544e-03,9.704705398580933118e-03,-5.024907573369929992e-12
1.634607020779006703e+01,1.040835215966054612e-02,1.040835216497874860e-02,-5.318202475623756698e-12
1.635009336068393537e+01,1.115189052898397405e-02,1.115189053460598212e-02,-5.622008067418526878e-12
1.635411651357780727e+01,1.193663502768366191e-02,1.193663503361980932e-02,-5.936147406959690898e-12
1.635813966647167561e+01,1.276386583697375517e-02,1.276386584323416923e-02,-6.260414062153607517e-12
1.636216281936554395e+01,1.363482109685554625e-02,1.363482110345009234e-02,-6.594546089755404239e-12
1.636618597225941230e+01,1.455068888926643218e-02,1.455068889620462526e-02,-6.938193075622933748e-12
1.637020912515328064e+01,1.551259892801119117e-02,1.551259893530217669e-02,-7.290985523655812983e-12
1.637423227804715253e+01,1.652161398681941881e-02,1.652161399447187387e-02,-7.652455058515528208e-12
1.637825543094102088e+01,1.757872110087935549e-02,1.757872110890146972e-02,-8.022114222905329939e-12
1.638227858383488922e+01,1.868482258120256895e-02,1.868482258960191961e-02,-8.399350659438198363e-12
1.638630173672875756e+01,1.984072688506815715e-02,1.984072689385170396e-02,-8.783546806556685738e-12
1.639032488962262590e+01,2.104713938965135575e-02,2.104713939882533330e-02,-9.173977549847833757e-12
1.639434804251649780e+01,2.230465311960649899e-02,2.230465312917636472e-02,-9.569865733194404811e-12
1.639837119541036614e+01,2.361373948286941971e-02,2.361373949283978452e-02,-9.970364811540122219e-12
1.640239434830423448e+01,2.497473907223486667e-02,2.497473908260941164e-02,-1.037454497310186241e-11
1.640641750119810283e+01,2.638785259321912297e-02,2.638785260400057162e-02,-1.078144865052088619e-11
1.641044065409197117e+01,2.785313198143332669e-02,2.785313199262335823e-02,-1.119003154026465552e-11
1.641446380698584306e+01,2.937047177498589706e-02,2.937047178658505966e-02,-1.159916260262683352e-11
1.641848695987971141e+01,3.093960080934209794e-02,3.093960082134977058e-02,-1.200767263398461182e-11
1.642251011277357975e+01,3.256007430356335636e-02,3.256007431597769675e-02,-1.241434038901090275e-11
1.642653326566744809e+01,3.423126640778623164e-02,3.423126642060411728e-02,-1.281788564178043544e-11
1.643055641856131999e+01,3.595236328231588008e-02,3.595236329553284926e-02,-1.321696918576975577e-11
1.643457957145518833e+01,3.772235677858583325e-02,3.772235679219604343e-02,-1.361021018109198621e-11
1.643860272434905667e+01,3.954003879161484269e-02,3.954003880561098722e-02,-1.399614452113340235e-11
1.644262587724292501e+01,4.140399635227103720e-02,4.140399636664438693e-02,-1.437334973264370319e-11
1.644664903013679336e+01,4.331260752582022366e-02,4.331260754056052292e-02,-1.474029925896402915e-11
1.645067218303066525e+01,4.526403818068237828e-02,4.526403819577785176e-02,-1.509547348232942454e-11
1.645469533592453359e+01,4.725623968815399756e-02,4.725623970359132953e-02,-1.543733196829322196e-11
1.645871848881840194e+01,4.928694761007899883e-02,4.928694762584330535e-02,-1.576430652683313838e-11
1.646274164171227028e+01,5.135368142694103633e-02,5.135368144301589999e-02,-1.607486366239641029e-11
1.646676479460613862e+01,5.345374535383307091e-02,5.345374537020045058e-02,-1.636737967380952341e-11
1.647078794750001052e+01,5.558423028603904498e-02,5.558423030267940768e-02,-1.664036269888313768e-11
1.647481110039387886e+01,5.774201690969091305e-02,5.774201692658315066e-02,-1.689223760870106616e-11
1.647883425328774720e+01,5.992378000617977485e-02,5.992378002330128739e-02,-1.712151254107396880e-11
1.648285740618161554e+01,6.212599397160106091e-02,6.212599398892776348e-02,-1.732670257270640946e-11
1.648688055907548389e+01,6.434493956478018473e-02,6.434493958228656996e-02,-1.750638523034808713e-11
1.649090371196935578e+01,6.657671188917665961e-02,6.657671190683583928e-02,-1.765917967411212430e-11
1.649492686486322413e+01,6.881722960539991829e-02,6.881722962318369274e-02,-1.778377445305068250e-11
1.649895001775709247e+01,7.106224536225680399e-02,7.106224538013571068e-02,-1.787890668847325060e-11
1.650297317065096081e+01,7.330735742511196307e-02,7.330735744305538759e-02,-1.794342452399178001e-11
1.650699632354482915e+01,7.554802247119837832e-02,7.554802248917462382e-02,-1.797624549215726120e-11
1.651101947643870105e+01,7.777956951219895665e-02,7.777956953017531316e-02,-1.797635651445972371e-11
1.651504262933256939e+01,7.999721489516288531e-02,7.999721491310579635e-02,-1.794291104584289087e-11
1.651906578222643773e+01,8.219607832370512401e-02,8.219607834158018655e-02,-1.787506254125048599e-11
1.652308893512030608e+01,8.437119983240466692e-02,8.437119985017692281e-02,-1.777225588917019650e-11
1.652711208801417442e+01,8.651755763869965754e-02,8.651755765633351025e-02,-1.763385271136286292e-11
1.653113524090804631e+01,8.863008678821490682e-02,8.863008680567438513e-02,-1.745947830755767427e-11
1.653515839380191466e+01,9.070369850158702119e-02,9.070369851883594570e-02,-1.724892451093751333e-11
1.653918154669578300e+01,9.273330012355057717e-02,9.273330014055254644e-02,-1.700196927689745507e-11
1.654320469958965134e+01,9.471381556825939074e-02,9.471381558497800335e-02,-1.671861260543749950e-11
1.654722785248352324e+01,9.664020614885102112e-02,9.664020616525006990e-02,-1.639904878558695600e-11
1.655125100537739158e+01,9.850749167393979544e-02,9.850749168998336469e-02,-1.604356925088978869e-11
1.655527415827125992e+01,1.003107716893270607e-01,1.003107717049796926e-01,-1.565263196834365544e-11
1.655929731116512826e+01,1.020452467395976809e-01,1.020452467548244729e-01,-1.522679204946086884e-11
1.656332046405899661e+01,1.037062395217069333e-01,1.037062395364737322e-01,-1.476679889478305086e-11
1.656734361695286850e+01,1.052892158009833407e-01,1.052892158152569230e-01,-1.427358231609332506e-11
1.657136676984673684e+01,1.067898049593412335e-01,1.067898049730893750e-01,-1.374814151411385410e-11
1.657538992274060519e+01,1.082038200459257415e-01,1.082038200591173976e-01,-1.319165610080830220e-11
1.657941307563447353e+01,1.095272772018152097e-01,1.095272772144206819e-01,-1.260547222159402736e-11
1.658343622852834187e+01,1.107564143329584083e-01,1.107564143449493721e-01,-1.199096377746400321e-11
1.658745938142221377e+01,1.118877089090425381e-01,1.118877089203923342e-01,-1.134979610295516750e-11
1.659148253431608211e+01,1.129178947705690716e-01,1.129178947812526784e-01,-1.068360677702884232e-11
1.659550568720995045e+01,1.138439778320076146e-01,1.138439778420018145e-01,-9.994199912100043548e-12
1.659952884010381879e+01,1.146632505754009157e-01,1.146632505846844619e-01,-9.283546154037480846e-12
1.660355199299768714e+01,1.153733052362777567e-01,1.153733052448313035e-01,-8.553546759770824792e-12
1.660757514589155903e+01,1.159720455920127957e-01,1.159720455998191901e-01,-7.806394419773710069e-12
1.661159829878542737e+01,1.164576972718662784e-01,1.164576972789105047e-01,-7.044226313368540104e-12
1.661562145167929572e+01,1.168288165177466253e-01,1.168288165240159160e-01,-6.269290642180180839e-12
1.661964460457316406e+01,1.170842973351505500e-01,1.170842973406344273e-01,-5.483877241196921659e-12
1.662366775746703240e+01,1.172233769847190049e-01,1.172233769894092947e-01,-4.690289823194859764e-12
1.662769091036090430e+01,1.172456397762450808e-01,1.172456397801360378e-01,-3.890957001040362684e-12
1.663171406325477264e+01,1.171510191387223343e-01,1.171510191418105723e-01,-3.088237998660758876e-12
1.663573721614864098e+01,1.169397979520063746e-01,1.169397979542908805e-01,-2.284505917771184613e-12
1.663976036904250932e+01,1.166126071377768386e-01,1.166126071392590557e-01,-1.482217126813623054e-12
1.664378352193637767e+01,1.161704225196232010e-01,1.161704225203069041e-01,-6.837030941397870265e-13
1.664780667483024956e+01,1.156145599741230101e-01,1.156145599740143332e-01,1.086769563229950109e-13
1.665182982772411791e+01,1.149466689066367953e-01,1.149466689057442037e-01,8.925915562230102296e-13
1.665585298061798625e+01,1.141687240970835210e-01,1.141687240954177285e-01,1.665792503935392688e-12
1.665987613351185459e+01,1.132830159721232022e-01,1.132830159696971428e-01,2.426059353410892072e-12
1.666389928640572649e+01,1.122921393708007781e-01,1.122921393676295371e-01,3.171241047539297142e-12
1.666792243929959483e+01,1.111989808807712227e-01,1.111989808768718835e-01,3.899339184876282616e-12
1.667194559219346317e+01,1.100067048315746254e-01,1.100067048269662562e-01,4.608369241765331026e-12
1.667596874508733151e+01,1.087187380400718439e-01,1.087187380347753862e-01,5.296457716852387421e-12
1.667999189798119986e+01,1.073387534109030289e-01,1.073387534049412145e-01,5.961814375510243735e-12
1.668401505087507175e+01,1.058706525017381744e-01,1.058706524951352757e-01,6.602898783292232565e-12
1.668803820376894009e+01,1.043185471690381838e-01,1.043185471618200966e-01,7.218087239024839619e-12
1.669206135666280844e+01,1.026867404149805485e-01,1.026867404071745010e-01,7.806047475078514708e-12
1.669608450955667678e+01,1.009797065601898136e-01,1.009797065518242970e-01,8.365516612762746718e-12
1.670010766245054512e+01,9.920207086977186894e-02,9.920207086087656778e-02,8.895301162326063604e-12
1.670413081534441702e+01,9.735858876202771461e-02,9.735858875263320167e-02,9.394512945348765243e-12
1.670815396823828536e+01,9.545412473002423681e-02,9.545412472016198691e-02,9.862249905623343693e-12
1.671217712113215370e+01,9.349363110592623372e-02,9.349363109562842944e-02,1.029780427597160042e-11
1.671620027402602204e+01,9.148212679678667525e-02,9.148212678608604043e-02,1.070063482266903065e-11
1.672022342691989039e+01,8.942467611818022410e-02,8.942467610710991277e-02,1.107031133429359215e-11
1.672424657981376228e+01,8.732636784888922477e-02,8.732636783748262688e-02,1.140659788845255207e-11
1.672826973270763062e+01,8.519229462573832401e-02,8.519229461402902381e-02,1.170930019611660100e-11
1.673229288560149897e+01,8.302753279267330311e-02,8.302753278069485710e-02,1.197844601286135457e-11
1.673631603849536731e+01,8.083712281249236242e-02,8.083712280027818831e-02,1.221417411656489094e-11
1.674033919138923565e+01,7.862605034310421459e-02,7.862605033068746641e-02,1.241674818519555856e-11
1.674436234428310755e+01,7.639922807311021191e-02,7.639922806052371063e-02,1.258650128566074500e-11
1.674838549717697589e+01,7.416147840383043033e-02,7.416147839110641404e-02,1.272401628504837845e-11
1.675240865007084423e+01,7.191751705669248429e-02,7.191751704386259436e-02,1.282988992823419494e-11
1.675643180296471257e+01,6.967193767641380320e-02,6.967193766350900097e-02,1.290480222682077738e-11
1.676045495585858447e+01,6.742919749146758512e-02,6.742919747851794376e-02,1.294964135922782589e-11
1.676447810875245281e+01,6.519360408428589992e-02,6.519360407132065993e-02,1.296523999272380934e-11
1.676850126164632115e+01,6.296930331437033956e-02,6.296930330141764509e-02,1.295269447254554507e-11
1.677252441454018950e+01,6.076026842827129959e-02,6.076026841535832335e-02,1.291297624383958009e-11
1.677654756743405784e+01,5.857029038108252372e-02,5.857029036823520329e-02,1.284732042972080990e-11
1.678057072032792973e+01,5.640296938500222179e-02,5.640296937224533597e-02,1.275688582547118699e-11
1.678459387322179808e+01,5.426170769156876683e-02,5.426170767892583152e-02,1.264293530978122249e-11
1.678861702611566642e+01,5.214970360545820999e-02,5.214970359295142965e-02,1.250678033359875485e-11
1.679264017900953476e+01,5.006994671944522968e-02,5.006994670709548345e-02,1.234974622565943037e-11
1.679666333190340310e+01,4.802521435209936712e-02,4.802521433992618105e-02,1.217318607027451094e-11
1.680068648479727500e+01,4.601806916231081235e-02,4.601806915033229001e-02,1.197852234069429755e-11
1.680470963769114334e+01,4.405085790771630372e-02,4.405085789594918866e-02,1.176711506012395603e-11
1.680873279058501168e+01,4.212571130757677973e-02,4.212571129603639997e-02,1.154037976291988343e-11
1.681275594347888003e+01,4.024454496480697058e-02,4.024454495350726635e-02,1.129970422786286122e-11
1.681677909637274837e+01,3.840906129648351958e-02,3.840906128543700171e-02,1.104651786709709427e-11
1.682080224926662027e+01,3.662075241750352428e-02,3.662075240672139215e-02,1.078213213157042105e-11
1.682482540216048861e+01,3.488090391800988815e-02,3.488090390750195335e-02,1.050793480006362302e-11
1.682884855505435695e+01,3.319059947175735659e-02,3.319059946153208457e-02,1.022527201799405816e-11
1.683287170794822529e+01,3.155072620988252224e-02,3.155072619994710864e-02,9.935413602946141509e-12
1.683689486084209364e+01,2.996198079235724843e-02,2.996198078271763987e-02,9.639608555822576363e-12
1.684091801373596553e+01,2.842487610793752173e-02,2.842487609859844014e-02,9.339081591397402349e-12
1.684494116662983387e+01,2.693974853252747992e-02,2.693974852349246413e-02,9.035015791081235648e-12
1.684896431952370222e+01,2.550676567555092839e-02,2.550676566682241742e-02,8.728510969557845556e-12
1.685298747241757056e+01,2.412593454423010014e-02,2.412593453580944708e-02,8.420653063723193554e-12
1.685701062531143890e+01,2.279711005641485433e-02,2.279711004830240959e-02,8.112444743746394238e-12
1.686103377820531080e+01,2.152000383392132024e-02,2.152000382611645585e-02,7.804864393667898526e-12
1.686505693109917914e+01,2.029419321008361921e-02,2.029419320258481207e-02,7.498807130801310450e-12
1.686908008399304748e+01,1.911913038736658479e-02,1.911913038017148264e-02,7.195102152968146925e-12
1.687310323688691582e+01,1.799415168347040517e-02,1.799415167657584733e-02,6.894557841308213142e-12
1.687712638978078772e+01,1.691848680719569564e-02,1.691848680059781368e-02,6.597881962999707639e-12
1.688114954267465606e+01,1.589126810853647848e-02,1.589126810223073435e-02,6.305744121304357463e-12
1.688517269556852440e+01,1.491153975085573666e-02,1.491153974483697478e-02,6.018761877779610359e-12
1.688919584846239275e+01,1.397826675664927062e-02,1.397826675091180110e-02,5.737469527256067181e-12
1.689321900135626109e+01,1.309034388214627351e-02,1.309034387668391725e-02,5.462356261753953390e-12
1.689724215425013298e+01,1.224660427990625737e-02,1.224660427471238600e-02,5.193871374653546980e-12
1.690126530714400133e+01,1.144582791253821903e-02,1.144582790760584334e-02,4.932375688437851124e-12
1.690528846003786967e+01,1.068674968465724816e-02,1.068674967997904762e-02,4.678200535290777395e-12
1.690931161293173801e+01,9.968067264222956608e-03,9.968067259791322729e-03,4.431633879309337942e-12
1.691333476582560635e+01,9.288448568346060683e-03,9.288448564153180265e-03,4.192880417863698028e-12
1.691735791871947825e+01,8.646538892565029319e-03,8.646538888602900083e-03,3.962129235812739125e-12
1.692138107161334659e+01,8.040967666396961477e-03,8.040967662657437162e-03,3.739524315204967309e-12
1.692540422450721493e+01,7.470354821636343394e-03,7.470354818111204012e-03,3.525139381788111592e-12
1.692942737740108328e+01,6.933316763428709270e-03,6.933316760109667180e-03,3.319042089777735072e-12
1.693345053029495162e+01,6.428471937492487992e-03,6.428471934371243410e-03,3.121244582238169585e-12
1.693747368318882351e+01,5.954445990055720617e-03,5.954445987123991105e-03,2.931729511934655363e-12
1.694149683608269186e+01,5.509876520055429633e-03,5.509876517304982194e-03,2.750447439248127068e-12
1.694551998897656020e+01,5.093417425910809482e-03,5.093417423333488313e-03,2.577321168983903732e-12
1.694954314187042854e+01,4.703742851748205292e-03,4.703742849335957807e-03,2.412247485095164734e-12
1.695356629476429688e+01,4.339550740267789954e-03,4.339550738012696272e-03,2.255093681235997849e-12
1.695758944765816878e+01,3.999566001548335650e-03,3.999565999442620742e-03,2.105714907996159013e-12
1.696161260055203712e+01,3.682543308953805175e-03,3.682543306989862278e-03,1.963942897198478477e-12
1.696563575344590546e+01,3.387269534939679402e-03,3.387269533110091272e-03,1.829588130303205773e-12
1.696965890633977381e+01,3.112565840982291047e-03,3.112565839279835163e-03,1.702455884600162506e-12
1.697368205923364215e+01,2.857289437039482998e-03,2.857289435457151944e-03,1.582331054378327551e-12
1.697770521212751405e+01,2.620335026939914387e-03,2.620335025470921925e-03,1.468992462394513865e-12
1.698172836502138239e+01,2.400635956876524552e-03,2.400635955514311692e-03,1.362212859873368487e-12
1.698575151791525073e+01,2.197165084760065775e-03,2.197165083498314221e-03,1.261751553932599634e-12
1.698977467080911907e+01,2.008935388597002554e-03,2.008935387429633401e-03,1.167369152732522508e-12
1.699379782370299097e+01,1.835000332277660507e-03,1.835000331198838363e-03,1.078822144465196864e-12
1.699782097659685931e+01,1.674454007235731245e-03,1.674454006239868347e-03,9.958628973544270124e-13
1.700184412949072765e+01,1.526431068358619081e-03,1.526431067440372699e-03,9.182463817092312297e-13
1.700586728238459600e+01,1.390106482323256532e-03,1.390106481477530916e-03,8.457256162747173178e-13
1.700989043527846434e+01,1.264695106195890982e-03,1.264695105417833025e-03,7.780579566046830209e-13
1.701391358817233623e+01,1.149451113700057300e-03,1.149451112985052856e-03,7.150044445403125337e-13
1.701793674106620458e+01,1.043667286025132474e-03,1.043667285368806569e-03,6.563259050823555540e-13
1.702195989396007292e+01,9.466741834337317422e-04,9.466741828319409895e-04,6.017907526467691781e-13
1.702598304685394126e+01,8.578392132490788745e-04,8.578392126979033413e-04,5.511755331658041435e-13
1.703000619974780960e+01,7.765656090628845478e-04,7.765656085586286226e-04,5.042559252099731992e-13
1.703402935264168150e+01,7.022913352244136188e-04,7.022913347635940853e-04,4.608195335736864351e-13
1.703805250553554984e+01,6.344879298550438595e-04,6.344879294343836081e-04,4.206602514239543567e-13
1.704207565842941818e+01,5.726592987913823631e-04,5.726592984078055122e-04,3.835768508375636543e-13
1.704609881132328653e+01,5.163404720077191578e-04,5.163404716583416213e-04,3.493775364502016423e-13
1.705012196421715487e+01,4.650963332058801174e-04,4.650963328880022862e-04,3.178778312622199120e-13
1.705414511711102676e+01,4.185203324035367410e-04,4.185203321146354597e-04,2.889012813700464477e-13
1.705816827000489511e+01,3.762331905026145657e-04,3.762331902403355435e-04,2.622790222853166320e-13
1.706219142289876345e+01,3.378816039849309163e-04,3.378816037470815711e-04,2.378493452540042519e-13
1.706621457579263179e+01,3.031369570709449221e-04,3.031369568554846770e-04,2.154602451315268397e-13
1.707023772868650013e+01,2.716940478892487776e-04,2.716940476942829893e-04,1.949657883054678464e-13
1.707426088158037203e+01,2.432698344484467059e-04,2.432698342722176116e-04,1.762290942515509773e-13
1.707828403447424037e+01,2.176022054794384854e-04,2.176022053203180472e-04,1.591204381798383416e-13
1.708230718736810871e+01,1.944487805282589749e-04,1.944487803847422930e-04,1.435166818285898982e-13
1.708633034026197706e+01,1.735857430312897883e-04,1.735857429019866988e-04,1.293030895029023686e-13
1.709035349315584895e+01,1.548067094942813949e-04,1.548067093779099913e-04,1.163714036158530751e-13
1.709437664604971729e+01,1.379216373285410669e-04,1.379216372239212764e-04,1.046197904783913168e-13
1.709839979894358564e+01,1.227557733696136558e-04,1.227557732756599481e-04,9.395370766107635774e-14
1.710242295183745398e+01,1.091486446181842902e-04,1.091486445339001751e-04,8.428411506049282576e-14
1.710644610473132232e+01,9.695309229713353690e-05,9.695309222160496425e-05,7.552857265395035435e-14
1.711046925762519422e+01,8.603434991409761225e-05,8.603434984648784898e-05,6.760976327402357100e-14
1.711449241051906256e+01,7.626916565322251437e-05,7.626916559276612729e-05,6.045638707534439771e-14
1.711851556341293090e+01,6.754496909207971143e-05,6.754496903807770186e-05,5.400200956979378519e-14
1.712253871630679924e+01,5.975908194911294994e-05,5.975908190092787476e-05,4.818507517902886894e-14
1.712656186920066759e+01,5.281797231066314162e-05,5.281797226771433603e-05,4.294880559052929869e-14
1.713058502209453948e+01,4.663655156401614536e-05,4.663655152577542672e-05,3.824071864288319800e-14
1.713460817498840782e+01,4.113751307134945370e-05,4.113751303733705577e-05,3.401239793282551105e-14
1.713863132788227617e+01,3.625071145712203670e-05,3.625071142690258454e-05,3.021945215765653447e-14
1.714265448077614451e+01,3.191258124668727150e-05,3.191258121986637980e-05,2.682089169899273817e-14
1.714667763367001285e+01,2.806559348400964425e-05,2.806559346023036316e-05,2.377928108869727108e-14
1.715070078656388475e+01,2.465774886996702911e-05,2.465774884890686270e-05,2.106016641460761729e-14
1.715472393945775309e+01,2.164210589738218589e-05,2.164210587874998182e-05,1.863220406954357866e-14
1.715874709235162143e+01,1.897634241275438280e-05,1.897634239628767945e-05,1.646670335351575754e-14
1.716277024524548978e+01,1.662234900595226564e-05,1.662234899141477808e-05,1.453748756032220701e-14
1.716679339813935812e+01,1.454585261564590888e-05,1.454585260282520972e-05,1.282069915997056248e-14
1.717081655103323001e+01,1.271606873862459955e-05,1.271606872732985227e-05,1.129474728263531180e-14
1.717483970392709836e+01,1.110538064343294458e-05,1.110538063349305360e-05,9.939890978447746273e-15
1.717886285682096670e+01,9.689044011440377924e-06,9.689044002702052309e-06,8.738325614856580492e-15
1.718288600971483504e+01,8.444915460150249239e-06,8.444915452476356048e-06,7.673893191359991428e-15
1.718690916260870338e+01,7.353203442676522415e-06,7.353203435944483274e-06,6.732039140825308438e-15
1.719093231550257528e+01,6.396240062791019201e-06,6.396240056891439805e-06,5.899579395428518336e-15
1.719495546839644362e+01,5.558272395464354182e-06,5.558272390299730875e-06,5.164623306656065255e-15
1.719897862129031196e+01,4.825271957348470215e-06,4.825271952831998214e-06,4.516472001351180127e-15
1.720300177418418031e+01,4.184761029255805776e-06,4.184761025310294120e-06,3.945511655562526643e-15
1.720702492707805220e+01,3.625654592403575093e-06,3.625654588960464937e-06,3.443110156524636228e-15
1.721104807997192054e+01,3.138116701336578695e-06,3.138116698335043755e-06,3.001534940462024376e-15
1.721507123286578889e+01,2.713430178239928993e-06,2.713430175626069174e-06,2.613859818964992671e-15
1.721909438575965723e+01,2.343878575266185200e-06,2.343878572992321441e-06,2.273863758552431905e-15
1.722311753865352557e+01,2.022639412933563024e-06,2.022639410957537225e-06,1.976025798474138548e-15
1.722714069154739747e+01,1.743687763212356775e-06,1.743687761496951368e-06,1.715405407307015080e-15
1.723116384444126581e+01,1.501709305181984326e-06,1.501709303694384406e-06,1.487599919549470462e-15
1.723518699733513415e+01,1.292022038800639238e-06,1.292022037511938325e-06,1.288700913424636538e-15
1.723921015022900249e+01,1.110505898136754957e-06,1.110505897021524697e-06,1.115230259892850337e-15
1.724323330312287084e+01,9.535395591286197187e-07,9.535395581645141126e-07,9.641056060590534604e-16
1.724725645601674273e+01,8.179437884347166386e-07,8.179437876021265560e-07,8.325900825915488572e-16
1.725127960891061107e+01,7.009307290758184630e-07,7.009307283575527349e-07,7.182657280632807201e-16
1.725530276180447942e+01,6.000585652754459265e-07,6.000585646564512952e-07,6.189946313153791950e-16
1.725932591469834776e+01,5.131910531398984627e-07,5.131910526070100244e-07,5.328884382710592262e-16
1.726334906759221610e+01,4.384614455511420751e-07,4.384614450928596636e-07,4.582824115516108930e-16
1.726737222048608800e+01,3.742403788996223537e-07,3.742403785059091049e-07,3.937132488010931883e-16
1.727139537337995634e+01,3.191073260799835656e-07,3.191073257420948702e-07,3.378886953793512702e-16
1.727541852627382468e+01,2.718252545621186010e-07,2.718252542724386800e-07,2.896799210654911732e-16
1.727944167916769302e+01,2.313181604002252432e-07,2.313181601521345870e-07,2.480906562948642299e-16
1.728346483206156137e+01,1.966511788228446929e-07,1.966511786105924241e-07,2.122522687800611554e-16
1.728748798495543326e+01,1.670129996502060329e-07,1.670129994688033393e-07,1.814026935663490964e-16
1.729151113784930160e+01,1.417003413002108148e-07,1.417003411453346256e-07,1.548761892269657743e-16
1.729553429074316995e+01,1.201042606710054369e-07,1.201042605389135869e-07,1.320918499787723495e-16
1.729955744363703829e+01,1.016980978301133017e-07,1.016980977175707736e-07,1.125425280794901104e-16
1.730358059653090663e+01,8.602687429862272240e-08,8.602687420283549863e-08,9.578722376606498608e-17
1.730760374942477853e+01,7.269798190221025247e-08,7.269798182076771696e-08,8.144253551585619796e-17
1.731162690231864687e+01,6.137301577106649748e-08,6.137301570189234747e-08,6.917415001249431440e-17
1.731565005521251521e+01,5.176062021167673706e-08,5.176062015298350804e-08,5.869322902096561897e-17
1.731967320810638356e+01,4.361022994620393690e-08,4.361022989645504493e-08,4.974889197020522860e-17
1.732369636100025545e+01,3.670660171627467879e-08,3.670660167415068476e-08,4.212399402325062289e-17
1.732771951389412379e+01,3.086504257298518360e-08,3.086504253735431254e-08,3.563087106017067134e-17
1.733174266678799214e+01,2.592725141309752014e-08,2.592725138298985314e-08,3.010766699614589792e-17
1.733576581968186048e+01,2.175769955974192580e-08,2.175769953432761873e-08,2.541430706624657292e-17
1.733978897257572882e+01,1.824048450536784016e-08,1.824048448393731102e-08,2.143052913557483676e-17
1.734381212546960072e+01,1.527659841318039459e-08,1.527659839512782954e-08,1.805256505064713722e-17
1.734783527836346906e+01,1.278155968299293021e-08,1.278155966780154319e-08,1.519138701649561704e-17
1.735185843125733740e+01,1.068336189649173511e-08,1.068336188372124932e-08,1.277048578954279647e-17
1.735588158415120574e+01,8.920699829001578819e-09,8.920699818277241734e-09,1.072433708474589999e-17
1.735990473704507409e+01,7.441437008709276076e-09,7.441436999712467650e-09,8.996808425737079127e-18
1.736392788993894598e+01,6.201283575012918302e-09,6.201283567473158747e-09,7.539759555226972787e-18
1.736795104283281432e+01,5.162656985590214612e-09,5.162656979278010938e-09,6.312203673863578445e-18
1.737197419572668267e+01,4.293701493568741288e-09,4.293701488289676273e-09,5.279065014952197515e-18
1.737599734862055101e+01,3.567445304697082523e-09,3.567445300286596029e-09,4.410486494282728464e-18
1.738002050151441935e+01,2.961076968713260401e-09,2.961076965032230575e-09,3.681029826477328032e-18
1.738404365440829125e+01,2.455324895126671694e-09,2.455324892057599183e-09,3.069072510323860075e-18
1.738806680730215959e+01,2.033925943891544329e-09,2.033925941335325040e-09,2.556219289770064087e-18
1.739208996019602793e+01,1.683170855613657041e-09,1.683170853486776336e-09,2.126880705401459432e-18
1.739611311308989627e+01,1.391515880886869364e-09,1.391515879119029919e-09,1.767839445005214419e-18
1.740013626598376462e+01,1.149251368337261130e-09,1.149251366869360064e-09,1.467901066556495787e-18
1.740415941887763651e+01,9.482192979332222827e-10,9.482192967156233812e-10,1.217598901534940410e-18
1.740818257177150485e+01,7.815728197884630031e-10,7.815728187795193771e-10,1.008943625994204870e-18
1.741220572466537320e+01,6.435717967715598087e-10,6.435717959363691927e-10,8.351906160146849184e-19
1.741622887755924154e+01,5.294091676291938225e-10,5.294091669385449536e-10,6.906488689820157242e-19
1.742025203045311343e+01,4.350636602108415794e-10,4.350636596403024890e-10,5.705390904132307474e-19
1.742427518334698178e+01,3.571750044483764945e-10,3.571750039775418777e-10,4.708346167852101338e-19
1.742829833624085012e+01,2.929383332659382172e-10,2.929383328777826807e-10,3.881555364162739277e-19
1.743232148913471846e+01,2.400149266221502948e-10,2.400149263024821078e-10,3.196681870217568792e-19
1.743634464202858680e+01,1.964568583094195177e-10,1.964568580464236975e-10,2.629958202078527170e-19
1.744036779492245870e+01,1.606434548479504626e-10,1.606434546318019129e-10,2.161485496134885637e-19
1.744439094781632704e+01,1.312277777757878794e-10,1.312277775983225862e-10,1.774652931710813708e-19
1.744841410071019538e+01,1.070916009995764597e-10,1.070916008540206151e-10,1.455558446142650638e-19
1.745243725360406373e+01,8.730757904795083140e-11,8.730757892868900343e-11,1.192618279680386255e-19
1.745646040649793207e+01,7.110749481426566217e-11,7.110749471664786796e-11,9.761779421058196103e-20
1.746048355939180396e+01,5.785564086602508969e-11,5.785564078620478429e-11,7.982030539786172899e-20
1.746450671228567231e+01,4.702653028847088761e-11,4.702653022326998495e-11,6.520090265970704941e-20
1.746852986517954065e+01,3.818625451696504033e-11,3.818625446376035682e-11,5.320468351441408770e-20
1.747255301807340899e+01,3.097690948813072929e-11,3.097690944475936857e-11,4.337136072518829739e-20
1.747657617096727733e+01,2.510360013339336195e-11,2.510360009807389040e-11,3.531947155149775352e-20
1.748059932386114923e+01,2.032360886736303947e-11,2.032360883863010987e-11,2.873292960177063039e-20
1.748462247675501757e+01,1.643737812365730947e-11,1.643737810030638529e-11,2.335092418263410482e-20
1.748864562964888592e+01,1.328101175554985601e-11,1.328101173659223669e-11,1.895761931534865671e-20
1.749266878254275426e+01,1.072004662751965174e-11,1.072004661214444018e-11,1.537521155789373244e-20
1.749669193543662260e+01,8.644285167729851189e-12,8.644285155272822972e-12,1.245702821673175551e-20
1.750071508833049450e+01,6.963513059747761118e-12,6.963513049665295406e-12,1.008246571231764091e-20
1.750473824122436284e+01,5.603954510198819833e-12,5.603954502046624508e-12,8.152195324278968779e-21
1.750876139411823118e+01,4.505341399918400598e-12,4.505341393333623677e-12,6.584776920783345430e-21
1.751278454701209952e+01,3.618492764322434231e-12,3.618492759009130443e-12,5.313303787958091809e-21
1.751680769990596787e+01,2.903318015454054077e-12,2.903318011171080482e-12,4.282973594634435940e-21
1.752083085279983976e+01,2.327171594443006888e-12,2.327171590994084594e-12,3.448922293897746374e-21
1.752485400569370810e+01,1.863498739870205634e-12,1.863498737095741693e-12,2.774463940905156165e-21
1.752887715858757645e+01,1.490722125722792225e-12,1.490722123493154147e-12,2.229638078103801659e-21
1.753290031148144479e+01,1.191327561419183658e-12,1.191327559629215905e-12,1.789967752621642534e-21
1.753692346437531668e+01,9.511140103377796332e-13,9.511140089022387801e-13,1.435540853033452097e-21
1.754094661726918503e+01,7.585790888716260684e-13,7.585790877215057436e-13,1.150120324746825921e-21
1.754496977016305337e+01,6.044161388686072348e-13,6.044161379480956681e-13,9.205115666650670114e-22
1.754899292305692171e+01,4.811030780871754697e-13,4.811030773511833407e-13,7.359921289289217052e-22
1.755301607595079005e+01,3.825666576877832809e-13,3.825666570999218119e-13,5.878614689772029681e-22
1.755703922884466195e+01,3.039086041229610629e-13,3.039086036538927061e-13,4.690683567640364069e-22
1.756106238173853029e+01,2.411824889899746893e-13,2.411824886160744617e-13,3.739002276452714769e-22
1.756508553463239863e+01,1.912121336191238510e-13,1.912121333213869447e-13,2.977369063147587230e-22
1.756910868752626698e+01,1.514439819875793777e-13,1.514439817507317795e-13,2.368475981835565845e-22
1.757313184042013532e+01,1.198272219246951746e-13,1.198272217364760171e-13,1.882191575163084010e-22
1.757715499331400721e+01,9.471654747513445350e-14,9.471654732571167725e-14,1.494227762491473038e-22
1.758117814620787556e+01,7.479337405251941900e-14,7.479337393401649400e-14,1.185029249960155806e-22
1.758520129910174390e+01,5.900207557641331736e-14,5.900207548252757315e-14,9.388574420946316973e-23
1.758922445199561224e+01,4.649843665493993505e-14,4.649843658063293596e-14,7.430699909189563597e-23
1.759324760488948058e+01,3.660802601300013437e-14,3.660802595424861405e-14,5.875152032160216362e-23
1.759727075778335248e+01,2.879261891017989801e-14,2.879261886377464408e-14,4.640525393149260267e-23
1.760129391067722082e+01,2.262314216696252248e-14,2.262314213034627508e-14,3.661624740416885834e-23
1.760531706357108916e+01,1.775789885976725872e-14,1.775789883090434965e-14,2.886290906454241850e-23
1.760934021646495751e+01,1.392506174160890982e-14,1.392506171888068802e-14,2.272822179456448925e-23
1.761336336935882585e+01,1.090861410189427712e-14,1.090861408401501292e-14,1.787926420412645743e-23
1.761738652225269774e+01,8.537071635835659487e-15,8.537071621785078044e-15,1.405058144317783166e-23
1.762140967514656609e+01,6.674445183139083727e-15,6.674445172108530042e-15,1.103055368528402332e-23
1.762543282804043443e+01,5.213007063010587080e-15,5.213007054359696213e-15,8.650890866951518309e-24
1.762945598093430277e+01,4.067507421182349628e-15,4.067507414404635802e-15,6.777713826233448262e-24
1.763347913382817111e+01,3.170555008287304978e-15,3.170555002982556179e-15,5.304748799700248914e-24
1.763750228672204301e+01,2.468932001183147491e-15,2.468931997035458452e-15,4.147689039119592901e-24
1.764152543961591135e+01,1.920657219581007615e-15,1.920657216341290378e-15,3.239717236958355302e-24
1.764554859250977970e+01,1.492648315470116346e-15,1.492648312942161483e-15,2.527954863448213865e-24
1.764957174540364804e+01,1.158862808229337157e-15,1.158862806258774252e-15,1.970562905543735480e-24
1.765359489829751993e+01,8.988215013799074498e-16,8.988214998454016091e-16,1.534505840686527226e-24
1.765761805119138828e+01,6.964369079152014532e-16,6.964369067214569982e-16,1.193744455078988183e-24
1.766164120408525662e+01,5.390846951507039066e-16,5.390846942229956921e-16,9.277082145413489407e-25
1.766566435697912496e+01,4.168685422454795250e-16,4.168685415252509976e-16,7.202285273525864889e-25
1.766968750987299330e+01,3.220387578913020075e-16,3.220387573327163058e-16,5.585857016693040808e-25
1.767371066276686520e+01,2.485329987920856997e-16,2.485329983593063519e-16,4.327793477960149496e-25
1.767773381566073354e+01,1.916138403044347555e-16,1.916138399694674546e-16,3.349673008663038643e-25
1.768175696855460188e+01,1.475830862079581614e-16,1.475830859489595709e-16,2.589985905350330025e-25
1.768578012144847023e+01,1.135568138422049933e-16,1.135568136421506320e-16,2.000543613550466610e-25
1.768980327434233857e+01,8.728843504007729700e-17,8.728843488571055453e-17,1.543667424720731176e-25
1.769382642723621046e+01,6.702967500888933918e-17,6.702967488989810257e-17,1.189912366016650813e-25
1.769784958013007881e+01,5.142146174586502380e-17,5.142146165423786207e-17,9.162716172862458135e-26
1.770187273302394715e+01,3.940838344963614785e-17,3.940838337915361383e-17,7.048253402508058091e-26
1.770589588591781549e+01,3.017169579652866594e-17,3.017169574236893978e-17,5.415972616006268455e-26
1.770991903881168383e+01,2.307691329150740271e-17,2.307691324993540984e-17,4.157199287347952894e-26
1.771394219170555573e+01,1.763285410062647663e-17,1.763285406875188616e-17,3.187459047684376223e-26
1.771796534459942407e+01,1.345966986309210379e-17,1.345966983868123757e-17,2.441086622226875656e-26
1.772198849749329241e+01,1.026391623902504960e-17,1.026391622035305094e-17,1.867199866291113728e-26
1.772601165038716076e+01,7.819134589041168954e-18,7.819134574777576170e-18,1.426359278327137522e-26
1.773003480328102910e+01,5.950742745812363252e-18,5.950742734932241884e-18,1.088012136808781253e-26
1.773405795617490099e+01,4.524291314924859407e-18,4.524291306639282297e-18,8.285577110115348579e-27
1.773808110906876934e+01,3.436345669235263781e-18,3.436345662937678553e-18,6.297585228828200683e-27
1.774210426196263768e+01,2.607414190554120442e-18,2.607414185778789856e-18,4.775330585970518342e-27
1.774612741485650602e+01,1.976469439069536640e-18,1.976469435459173344e-18,3.610363296001878551e-27
1.775015056775037436e+01,1.496708000269669136e-18,1.496707997550558619e-18,2.719110517880513790e-27
1.775417372064424626e+01,1.132272486887407929e-18,1.132272484850118982e-18,2.037288947108655779e-27
1.775819687353811460e+01,8.557200873237821633e-19,8.557200858082871493e-19,1.515495013938872020e-27
1.776222002643198294e+01,6.460697348469280367e-19,6.460697337311235752e-19,1.115804461464255699e-27
1.776624317932585129e+01,4.872972550601681073e-19,4.872972542510324561e-19,8.091356512280623340e-28
1.777026633221972318e+01,3.671769676806957545e-19,3.671769671075183956e-19,5.731773589000463333e-28
1.777428948511359152e+01,2.763909347557942520e-19,2.763909343649231105e-19,3.908711414802838521e-28
1.777831263800745987e+01,2.078447486917894576e-19,2.078447484426408322e-19,2.491486254052596065e-28
1.778233579090132821e+01,1.561425313562380701e-19,1.561425312182100414e-19,1.380280287368305159e-28
1.778635894379519655e+01,1.171845274763656632e-19,1.171845274264836683e-19,4.988199481974259088e-29
1.779038209668906845e+01,8.785899443949740216e-20,8.785899446061453789e-20,-2.111713572766335318e-29
1.779440524958293679e+01,6.580654372437965339e-20,6.580654380379730057e-20,-7.941764718675205764e-29
1.779842840247680513e+01,4.924008936589897828e-20,4.924008949431283696e-20,-1.284138586768223491e-28
1.780245155537067347e+01,3.680742885495748293e-20,3.680742902565848586e-20,-1.707010029276535613e-28
1.780647470826454182e+01,2.748647377720849044e-20,2.748647398546962312e-20,-2.082611326859185893e-28
1.781049786115841371e+01,2.050545794074776508e-20,2.050545818335847222e-20,-2.426107071342347142e-28
1.781452101405228206e+01,1.528223294162277164e-20,1.528223321653623205e-20,-2.749134604137013088e-28
1.781854416694615040e+01,1.137813430127862285e-20,1.137813460734210427e-20,-3.060634814268758426e-28
1.782256731984001874e+01,8.462958164859063027e-21,8.462958501610295637e-21,-3.367512326097815991e-28
1.782659047273388708e+01,6.288401033211588516e-21,6.288401400723885540e-21,-3.675122970243594400e-28
1.783061362562775898e+01,4.667938921167658410e-21,4.667939319931963466e-21,-3.987643050558858922e-28
1.783463677852162732e+01,3.461600917202440123e-21,3.461601348038753996e-21,-4.308363138724216673e-28
1.783865993141549566e+01,2.564458810476519925e-21,2.564459274465693306e-21,-4.639891733816571723e-28
1.784268308430936401e+01,1.897935097326868756e-21,1.897935595759020803e-21,-4.984321520468523478e-28
1.784670623720323235e+01,1.403246231714376253e-21,1.403246766049416406e-21,-5.343350401528309261e-28
1.785072939009710424e+01,1.036461825917191062e-21,1.036462397754296630e-21,-5.718371055683009288e-28
1.785475254299097259e+01,7.647854854250385639e-22,7.647860964790098921e-22,-6.110539713282024569e-28
1.785877569588484093e+01,5.637581884225527461e-22,5.637588405051557672e-22,-6.520826030211393603e-28
1.786279884877870927e+01,4.151575972788867945e-22,4.151582922838583772e-22,-6.950049715827566256e-28
1.786682200167258117e+01,3.054217906685182429e-22,3.054225305592894696e-22,-7.398907712267585738e-28
1.787084515456644951e+01,2.244677496709647056e-22,2.244685364702476852e-22,-7.867992829796131054e-28
1.787486830746031785e+01,1.648066735343263815e-22,1.648075093150758027e-22,-8.357807494211949873e-28
1.787889146035418619e+01,1.208822530932074323e-22,1.208831399704607285e-22,-8.868772532962834315e-28
1.788291461324805454e+01,8.857623497043189792e-23,8.857717509373306894e-23,-9.401233011710171651e-28
1.788693776614192643e+01,6.483937391547824907e-23,6.484036946163585150e-23,-9.955461576024284823e-28
1.789096091903579477e+01,4.741626575767273544e-23,4.741731892366506929e-23,-1.053165992333845854e-27
1.789498407192966312e+01,3.464039548665936867e-23,3.464150848255911799e-23,-1.112995899749325436e-27
1.789900722482353146e+01,2.528164445074535895e-23,2.528281949257044682e-23,-1.175041825087870663e-27
1.790303037771739980e+01,1.843294893210427875e-23,1.843418823452215861e-23,-1.239302417879857858e-27
1.790705353061127170e+01,1.342614704217364226e-23,1.342745281102003458e-23,-1.305768846392314214e-27
1.791107668350514004e+01,9.769563006972722929e-24,9.770937431554290107e-24,-1.374424581567178646e-27
1.791509983639900838e+01,7.101762648769272747e-24,7.103207893938546426e-24,-1.445245169273679420e-27
1.791912298929287672e+01,5.157326353022762258e-24,5.158844551023185039e-24,-1.518198000422781433e-27
1.792314614218674507e+01,3.741543208189342955e-24,3.743136450277285068e-24,-1.593242087942112403e-27
1.792716929508061696e+01,2.711720718276245729e-24,2.713391046135021640e-24,-1.670327858775910910e-27
1.793119244797448530e+01,1.963395127144023556e-24,1.965144524111122530e-24,-1.749396967098974048e-27
1.793521560086835365e+01,1.420168101113303822e-24,1.421998483246758486e-24,-1.830382133454663620e-27
1.793923875376222199e+01,1.026223992456344265e-24,1.028137199471986178e-24,-1.913207015641912725e-27
1.794326190665609033e+01,7.408264643514870360e-25,7.428242504658498301e-25,-1.997786114362794149e-27
1.794728505954996223e+01,5.342751382188396669e-25,5.363591629364500088e-25,-2.084024717610341815e-27
1.795130821244383057e+01,3.849380430037597809e-25,3.871098618907008076e-25,-2.171818886941026725e-27
1.795533136533769891e+01,2.770759159790515906e-25,2.793369714669289936e-25,-2.261055487877403066e-27
1.795935451823156725e+01,1.992487327751713734e-25,2.016003450422614764e-25,-2.351612267090103009e-27
1.796337767112543560e+01,1.431498822802711510e-25,1.455932402582797196e-25,-2.443357978008568685e-27
1.796740082401930749e+01,1.027541117795489289e-25,1.052902643360054363e-25,-2.536152556456507466e-27
1.797142397691317584e+01,7.369544657279926160e-26,7.632529392025124024e-26,-2.629847347451978638e-27
1.797544712980704418e+01,5.281348828696077858e-26,5.553777367086728704e-26,-2.724285383906508465e-27
1.797947028270091252e+01,3.782286319436576783e-26,4.064216491200861506e-26,-2.819301717642847231e-27
1.798349343559478442e+01,2.707264550195216610e-26,2.998736930466800843e-26,-2.914723802715842326e-27
1.798751658848865276e+01,1.937144794217058923e-26,2.238181987281366796e-26,-3.010371930643078728e-27
1.799153974138252110e+01,1.386038826745923046e-26,1.696644798421980024e-26,-3.106059716760569789e-27
1.799556289427638944e+01,9.920923608588886418e-27,1.312251824508857922e-26,-3.201594636499692803e-27
1.799958604717025779e+01,7.108052143237220581e-27,1.040483075323374259e-26,-3.296778609996522008e-27
1.800360920006412968e+01,5.101950667195418395e-27,8.493359300229444602e-27,-3.391408633034026207e-27
1.800763235295799802e+01,3.672996459714159866e-27,7.158273911638370633e-27,-3.485277451924210767e-27
1.801165550585186637e+01,2.656495763660869297e-27,6.234670043215498282e-27,-3.578174279554628985e-27
1.801567865874573471e+01,1.934444309270047698e-27,5.604329858713104915e-27,-3.669885549443056858e-27
1.801970181163960305e+01,1.422376890180388397e-27,5.182572594469352183e-27,-3.760195704288963785e-27
1.802372496453347495e+01,1.059895975562248324e-27,4.908783990730991967e-27,-3.848888015168743463e-27
1.802774811742734329e+01,8.038572094802036114e-28,4.739602636682738585e-27,-3.935745427202535153e-27
1.803177127032121163e+01,6.234716109404280695e-28,4.644023038170665435e-27,-4.020551427230237366e-27
1.803579442321507997e+01,4.967890412575362872e-28,4.599879970026191823e-27,-4.103090928768655267e-27
1.803981757610894832e+01,4.081760312763134218e-28,4.591327200568779107e-27,-4.183151169292465864e-27
1.804384072900282021e+01,3.465086842295788323e-28,4.607031298913840833e-27,-4.260522614684262360e-27
1.804786388189668855e+01,3.038792708942533530e-28,4.638879136433912785e-27,-4.334999865539659746e-27
1.805188703479055690e+01,2.746714600340289026e-28,4.681054019929310364e-27,-4.406382559895281552e-27
1.805591018768442524e+01,2.548998101645778134e-28,4.729376077031653802e-27,-4.474476266867075809e-27
1.805993334057829358e+01,2.417385014186258655e-28,4.780831867072061597e-27,-4.539093365653435776e-27
1.806395649347216548e+01,2.331854415016134659e-28,4.833239345866704851e-27,-4.600053904365091295e-27
1.806797964636603382e+01,2.278231104249690278e-28,4.885009543622147298e-27,-4.657186433197178450e-27
1.807200279925990216e+01,2.246484622840881681e-28,4.934977268842326462e-27,-4.710328806558238249e-27
1.807602595215377050e+01,2.229520714761844198e-28,4.982281020388117274e-27,-4.759328948911932854e-27
1.808004910504763885e+01,2.222323579320432792e-28,5.026277937208061033e-27,-4.804045579276017799e-27
1.808407225794151074e+01,2.221347742224979413e-28,5.066483663774246874e-27,-4.844348889551748887e-27
1.808809541083537908e+01,2.224087363854662691e-28,5.102529908513580764e-27,-4.880121172128114226e-27
1.809211856372924743e+01,2.228771540678546263e-28,5.134134546584058478e-27,-4.911257392516203806e-27
1.809614171662311577e+01,2.234148974187585301e-28,5.161080600533877962e-27,-4.937665703115119746e-27
1.810016486951698766e+01,2.239335959227977208e-28,5.183201490516144201e-27,-4.959267894593346660e-27
1.810418802241085601e+01,2.243709185908724447e-28,5.200370700371788848e-27,-4.975999781780916044e-27
1.810821117530472435e+01,2.246830221544479165e-28,5.212494543562455611e-27,-4.987811521408007425e-27
1.811223432819859269e+01,2.248392361652810853e-28,5.219507095653589143e-27,-4.994667859488307744e-27
1.811625748109246103e+01,2.248183256018099720e-28,5.221366632230837349e-27,-4.996548306629027466e-27
1.812028063398633293e+01,2.246058644975452058e-28,5.218053104544956573e-27,-4.993447240047411143e-27
1.812430378688020127e+01,2.241923909372416448e-28,5.209566322520112386e-27,-4.985373931582870383e-27
1.812832693977406961e+01,2.235721107164739358e-28,5.195924612225861734e-27,-4.972352501509387933e-27
1.813235009266793796e+01,2.227419855818454856e-28,5.177163784052130628e-27,-4.954421798470285053e-27
1.813637324556180630e+01,2.217010904898806454e-28,5.153336296861594073e-27,-4.931635206371713114e-27
1.814039639845567820e+01,2.204501585958716465e-28,5.124510538174166359e-27,-4.904060379578295026e-27
1.814441955134954654e+01,2.189912568690860019e-28,5.090770165118426440e-27,-4.871778908249340439e-27
1.814844270424341488e+01,2.173275522804324528e-28,5.052213468412571144e-27,-4.834885916132138467e-27
1.815246585713728322e+01,2.154631405167706482e-28,5.008952734104341196e-27,-4.793489593587570817e-27
1.815648901003115157e+01,2.134029176254100383e-28,4.961113586681169089e-27,-4.747710669055758737e-27
1.816051216292502346e+01,2.111524809324378348e-28,4.908834303507345733e-27,-4.697681822574908078e-27
1.816453531581889180e+01,2.087180497508765524e-28,4.852265095090790331e-27,-4.643547045339913420e-27
1.816855846871276015e+01,2.061063993228684561e-28,4.791567348947658044e-27,-4.585460949624789857e-27
1.817258162160662849e+01,2.033248034935110492e-28,4.726912837188970723e-27,-4.523588033695459808e-27
1.817660477450049683e+01,2.003809830525058499e-28,4.658482889651519401e-27,-4.458101906599013192e-27
1.818062792739436873e+01,1.972830576867230275e-28,4.586467535622444099e-27,-4.389184477935721274e-27
1.818465108028823707e+01,1.940395001906686352e-28,4.511064618087132530e-27,-4.317025117896463873e-27
1.818867423318210541e+01,1.906590920729963346e-28,4.432478885052002921e-27,-4.241819792979006273e-27
1.819269738607597375e+01,1.871508800392421044e-28,4.350921062925230979e-27,-4.163770182885989099e-27
1.819672053896984565e+01,1.835241330679658684e-28,4.266606917215722346e-27,-4.083082784147756433e-27
1.820074369186371399e+01,1.797882999609445010e-28,4.179756305973839349e-27,-3.999968006012894871e-27
1.820476684475758233e+01,1.759529673594267925e-28,4.090592231461060125e-27,-3.914639264101633355e-27
1.820878999765145068e+01,1.720278182933317939e-28,3.999339895524826923e-27,-3.827312077231495017e-27
1.821281315054531902e+01,1.680225913788994149e-28,3.906225764071760873e-27,-3.738203172692861458e-27
1.821683630343919091e+01,1.639470408105560297e-28,3.811476645895769240e-27,-3.647529605085213188e-27
1.822085945633305926e+01,1.598108973096514476e-28,3.715318790929594023e-27,-3.555507893619942217e-27
1.822488260922692760e+01,1.556238301999383884e-28,3.617977012754912051e-27,-3.462353182554973528e-27
1.822890576212079594e+01,1.513954107800813496e-28,3.519673839939111599e-27,-3.368278429159030182e-27
1.823292891501466428e+01,1.471350771585271454e-28,3.420628700460849562e-27,-3.273493623302322103e-27
1.823695206790853618e+01,1.428521007075233778e-28,3.321057143156550505e-27,-3.178205042449027261e-27
1.824097522080240452e+01,1.385555542816627637e-28,3.221170099764478220e-27,-3.082614545482815636e-27
1.824499837369627286e+01,1.342542823327811322e-28,3.121173190765889727e-27,-2.986918908433108573e-27
1.824902152659014121e+01,1.299568730381952493e-28,3.021266077835211465e-27,-2.891309204797016327e-27
1.825304467948400955e+01,1.256716325430987835e-28,2.921641865306086765e-27,-2.795970232762987936e-27
1.825706783237788144e+01,1.214065614012689357e-28,2.822486552652663124e-27,-2.701079991251394076e-27
1.826109098527174979e+01,1.171693332810836477e-28,2.723978539573119872e-27,-2.606809206292036246e-27
1.826511413816561813e+01,1.129672759864595691e-28,2.626288184848717570e-27,-2.513320908862258091e-27
1.826913729105948647e+01,1.088073548251926581e-28,2.529577419747132689e-27,-2.420770064921939896e-27
1.827316044395335481e+01,1.046961583400383908e-28,2.433999416335865513e-27,-2.329303257995826987e-27
1.827718359684722671e+01,1.006398864013421587e-28,2.339698310684348725e-27,-2.239058424283006499e-27
1.828120674974109505e+01,9.664434064399566377e-29,2.246808980558567214e-27,-2.150164639914571562e-27
1.828522990263496339e+01,9.271491721608381068e-29,2.155456876852381527e-27,-2.062741959636297773e-27
1.828925305552883174e+01,8.885660179219031588e-29,2.065757907664070744e-27,-1.976901305871880417e-27
1.829327620842270008e+01,8.507396679059978086e-29,1.977818373606833576e-27,-1.892744406816233694e-27
1.829729936131657198e+01,8.137117072110619044e-29,1.891734952650243076e-27,-1.810363781929136729e-27
1.830132251421044032e+01,7.775195957861394381e-29,1.807594732521513670e-27,-1.729842772942899816e-27
1.830534566710430866e+01,7.421967018726907457e-29,1.725475288452284252e-27,-1.651255618265015323e-27
1.830936881999817700e+01,7.077723539076793639e-29,1.645444803845197178e-27,-1.574667568454429231e-27
1.831339197289204890e+01,6.742719097638465705e-29,1.567562231245965703e-27,-1.500135040269581113e-27
1.831741512578591724e+01,6.417168421358429035e-29,1.491877490851447702e-27,-1.427705806637863468e-27
1.832143827867978558e+01,6.101248388247826722e-29,1.418431703653725559e-27,-1.357419219771247303e-27
1.832546143157365393e+01,5.795099166318247500e-29,1.347257456222646270e-27,-1.289306464559463828e-27
1.832948458446752227e+01,5.498825475393953288e-29,1.278379094054861837e-27,-1.223390839300922293e-27
1.833350773736139416e+01,5.212497958400813838e-29,1.211813040374213416e-27,-1.159688060790205289e-27
1.833753089025526251e+01,4.936154648653362441e-29,1.147568137249928763e-27,-1.098206590763395088e-27
1.834155404314913085e+01,4.669802519686707028e-29,1.085646005905014650e-27,-1.038947980708147552e-27
1.834557719604299919e+01,4.413419104321877701e-29,1.026041423120176519e-27,-9.819072320769576688e-28
1.834960034893686753e+01,4.166954169873665299e-29,9.687427106898522889e-28,-9.270731689911156808e-28
1.835362350183073943e+01,3.930331436733976296e-29,9.137321349622838996e-28,-8.744288205949441310e-28
1.835764665472460777e+01,3.703450327963765274e-29,8.609863135885224752e-28,-8.239518103088849122e-28
1.836166980761847611e+01,3.486187737996936918e-29,8.104766267146213392e-28,-7.756147493346519364e-28
1.836569296051234446e+01,3.278399809106732443e-29,7.621696299784746393e-28,-7.293856318874073485e-28
1.836971611340621280e+01,3.079923704875016626e-29,7.160274668098731602e-28,-6.852282297611229827e-28
1.837373926630008469e+01,2.890579370554997774e-29,6.720082776835211503e-28,-6.431024839779711894e-28
1.837776241919395304e+01,2.710171270903771769e-29,6.300666041341882731e-28,-6.029648914251505218e-28
1.838178557208782138e+01,2.538490096776008122e-29,5.901537855093776111e-28,-5.647688845416174850e-28
1.838580872498168972e+01,2.375314432517806941e-29,5.522183466087339924e-28,-5.284652022835559118e-28
1.838983187787555806e+01,2.220412376951762023e-29,5.162063745342358201e-28,-4.940022507647181887e-28
1.839385503076942996e+01,2.073543111513849939e-29,4.820618832541196236e-28,-4.613264521389810962e-28
1.839787818366329830e+01,1.934458409869764898e-29,4.497271645618203238e-28,-4.303825804631226496e-28
1.840190133655716664e+01,1.802904084097591693e-29,4.191431242877189237e-28,-4.011140834467430152e-28
1.840592448945103499e+01,1.678621363278210200e-29,3.902496027968800673e-28,-3.734633891640979541e-28
1.840994764234490333e+01,1.561348201062637984e-29,3.629856789751980914e-28,-3.473721969645716892e-28
1.841397079523877522e+01,1.450820509497944191e-29,3.372899570719721087e-28,-3.227817519769926808e-28
1.841799394813264357e+01,1.346773317075503156e-29,3.131008359255223957e-28,-2.996331027547673585e-28
1.842201710102651191e+01,1.248941849614526727e-29,2.903567602493790882e-28,-2.778673417532338265e-28
1.842604025392038025e+01,1.157062533213434457e-29,2.689964538006351539e-28,-2.574258284685007995e-28
1.843006340681425215e+01,1.070873919076710320e-29,2.489591343857375578e-28,-2.382503951949704630e-28
1.843408655970812049e+01,9.901175305660524031e-30,2.301847107848061547e-28,-2.202835354791456265e-28
1.843810971260198883e+01,9.145386333190979266e-30,2.126139617905395392e-28,-2.034685754573485740e-28
1.844213286549585717e+01,8.438869297356065954e-30,1.961886976638963451e-28,-1.877498283665402694e-28
1.844615601838972552e+01,7.779171795383455281e-30,1.808519044034599168e-28,-1.730727326080764587e-28
1.845017917128359741e+01,7.163897484835324424e-30,1.665478713108542708e-28,-1.593839738260189450e-28
1.845420232417746575e+01,6.590710876178028203e-30,1.532223024094640929e-28,-1.466315915332860746e-28
1.845822547707133410e+01,6.057341457566345075e-30,1.408224123383283261e-28,-1.347650708807619880e-28
1.846224862996520244e+01,5.561587180977930476e-30,1.292970073985644673e-28,-1.237354202175865389e-28
1.846627178285907078e+01,5.101317340772421874e-30,1.185965524747471681e-28,-1.134952351339747504e-28
1.847029493575294268e+01,4.674474877324182964e-30,1.086732245902711996e-28,-1.039987497129470075e-28
1.847431808864681102e+01,4.279078139564223240e-30,9.948095388331418905e-29,-9.520187574374996371e-29
1.847834124154067936e+01,3.913222141091498898e-30,9.097545280919063077e-29,-8.706223066809913047e-29
1.848236439443454771e+01,3.575079345025869140e-30,8.311423438678724658e-29,-7.953915504176137324e-29
1.848638754732841605e+01,3.262900012950526807e-30,7.585662031085202088e-29,-7.259372029790149267e-29
1.849041070022228794e+01,2.975012153202478799e-30,6.916373974984122273e-29,-6.618872759663874078e-29
1.849443385311615629e+01,2.709821103411847042e-30,6.299851964070063080e-29,-6.028869853728878165e-29
1.849845700601002463e+01,2.465808781593454085e-30,5.732566727807694556e-29,-5.485985849648349673e-29
1.850248015890389297e+01,2.241532639301339213e-30,5.211164597702271611e-29,-4.987011333772137760e-29
1.850650331179776131e+01,2.035624349361916766e-30,4.732464456512728945e-29,-4.528902021576537443e-29
1.851052646469163321e+01,1.846788259561179994e-30,4.293454143349504624e-29,-4.108775317393386449e-29
1.851454961758550155e+01,1.673799642379704828e-30,3.891286384619798094e-29,-3.723906420381827506e-29
1.851857277047936989e+01,1.515502769472765660e-30,3.523274317536430587e-29,-3.371724040589154092e-29
1.852259592337323824e+01,1.370808838115429200e-30,3.186886669471606380e-29,-3.049805785660063460e-29
1.852661907626711013e+01,1.238693775274111734e-30,2.879742652813892951e-29,-2.755873275286481970e-29
1.853064222916097847e+01,1.118195943368558290e-30,2.599606631273053347e-29,-2.487787036936197448e-29
1.853466538205484682e+01,1.008413770151759394e-30,2.344382609772505228e-29,-2.243541232757329341e-29
1.853868853494871516e+01,9.085033234924144139e-31,2.112108596249975135e-29,-2.021258263900733746e-29
1.854271168784258350e+01,8.176758501944450186e-31,1.900950879850778797e-29,-1.819183294831334418e-29
1.854673484073645540e+01,7.351952963597018667e-31,1.709198266212252523e-29,-1.635678736576282257e-29
1.855075799363032374e+01,6.603758251963140403e-31,1.535256306809744023e-29,-1.469218724290112724e-29
1.855478114652419208e+01,5.925793466088123861e-31,1.377641555693186247e-29,-1.318383621032305061e-29
1.855880429941806042e+01,5.312130713917970086e-31,1.234975883422499850e-29,-1.181854576283320193e-29
1.856282745231192877e+01,4.757271013853907862e-31,1.105980874607737865e-29,-1.058408164469198734e-29
1.856685060520580066e+01,4.256120655540683171e-31,9.894723322129387126e-30,-9.469111256575318633e-30
1.857087375809966900e+01,3.803968106203148709e-31,8.843549086902456969e-30,-8.463152276282142361e-30
1.857489691099353735e+01,3.396461536263138983e-31,7.896168810856561263e-30,-7.556522657230247715e-30
1.857892006388740569e+01,3.029587026165669640e-31,7.043250845138343003e-30,-6.740292142521776214e-30
1.858294321678127403e+01,2.699647505287751794e-31,6.276200158291155592e-30,-6.006235407762380719e-30
1.858696636967514593e+01,2.403242463560098534e-31,5.587111169384960311e-30,-5.346786923028950282e-30
1.859098952256901427e+01,2.137248466970460742e-31,4.968722450028005574e-30,-4.754997603330959499e-30
1.859501267546288261e+01,1.898800499438480324e-31,4.414373347545340796e-30,-4.224493297601492435e-30
1.859903582835675095e+01,1.685274145662121696e-31,3.917962563266634181e-30,-3.749435148700422077e-30
1.860305898125061930e+01,1.494268622384558733e-31,3.473908703240518412e-30,-3.324481841002062868e-30
1.860708213414449119e+01,1.323590659127593265e-31,3.077112803807544578e-30,-2.944753737894785120e-30
1.861110528703835953e+01,1.171239223735527573e-31,2.722922821207210773e-30,-2.605798898833658103e-30
1.861512843993222788e+01,1.035391083044836076e-31,2.407100062703769940e-30,-2.303560954399286485e-30
1.861915159282609622e+01,9.143871846163444922e-32,2.125787526536380478e-30,-2.034348808074746116e-30
1.862317474571996456e+01,8.067198416835774302e-32,1.875480109203923509e-30,-1.794808125035565634e-30
1.862719789861383646e+01,7.110207002645626837e-32,1.652996631140717371e-30,-1.581894561114260960e-30
1.863122105150770480e+01,6.260494647042814945e-32,1.455453625608527438e-30,-1.392848679138099256e-30
1.863524420440157314e+01,5.506833557245220045e-32,1.280240830537972477e-30,-1.225172494965520232e-30
1.863926735729544149e+01,4.839072733236060762e-32,1.124998319020523994e-30,-1.076607591688163320e-30
1.864329051018931338e+01,4.248046355413548582e-32,9.875952010668819210e-31,-9.451147375127464297e-31
1.864731366308318172e+01,3.725488631574358298e-32,8.661098270456253500e-31,-8.288549407298818491e-31
1.865133681597705007e+01,3.263954797785172944e-32,7.588114217912576270e-31,-7.261718738134058866e-31
1.865535996887091841e+01,2.856747964625121909e-32,6.641430776570917775e-31,-6.355755980108405748e-31
1.865938312176478675e+01,2.497851499858086337e-32,5.807060346895005431e-31,-5.557275196909196798e-31
1.866340627465865865e+01,2.181866640553553319e-32,5.072451765559717090e-31,-4.854265101504361786e-31
1.866742942755252699e+01,1.903955031672269638e-32,4.426356717885405232e-31,-4.235961214718178241e-31
1.867145258044639533e+01,1.659785893888528299e-32,3.858706912424313174e-31,-3.692728323035460426e-31
1.867547573334026367e+01,1.445487530683743434e-32,3.360501343580231199e-31,-3.215952590511856993e-31
1.867949888623413202e+01,1.257602893233279309e-32,2.923702987875819060e-31,-2.797942698552491129e-31
1.868352203912800391e+01,1.093048931126255536e-32,2.541144301608145250e-31,-2.431839408495519792e-31
1.868754519202187225e+01,9.490794672747257653e-33,2.206440911617241373e-31,-2.111532964889768632e-31
1.869156834491574060e+01,8.232513462987458338e-33,1.913912916304005803e-31,-1.831587781674131274e-31
1.869559149780960894e+01,7.133936170567165573e-33,1.658513240495906642e-31,-1.587173878790235096e-31
1.869961465070347728e+01,6.175795216539206203e-33,1.435762514875257819e-31,-1.374004562709865703e-31
1.870363780359734918e+01,5.341010750897660443e-33,1.241689978181548929e-31,-1.188279870672572365e-31
1.870766095649121752e+01,4.614460315643942461e-33,1.072779927972210839e-31,-1.026635324815771421e-31
1.871168410938508586e+01,3.982770452568920136e-33,9.259232731394681886e-32,-8.860955686137789461e-32
1.871570726227895420e+01,3.434128450260513717e-33,7.983737684387448895e-32,-7.640324839361397044e-32
1.871973041517282255e+01,2.958112538849048808e-33,6.877085377880116586e-32,-6.581274123995211636e-32
1.872375356806669444e+01,2.545538952085254306e-33,5.917925189217612683e-32,-5.663371294009087115e-32
1.872777672096056278e+01,2.188324383920600819e-33,5.087464869930012010e-32,-4.868632431537952031e-32
1.873179987385443113e+01,1.879362470428842547e-33,4.369183388174758279e-32,-4.181247141131873751e-32
1.873582302674829947e+01,1.612413027366197759e-33,3.748573425770060984e-32,-3.587332123033441208e-32
1.873984617964216781e+01,1.382002868633170041e-33,3.212910798763636308e-32,-3.074710511900319219e-32
1.874386933253603971e+01,1.183337121252312216e-33,2.751048280533948725e-32,-2.632714568408717743e-32
1.874789248542990805e+01,1.012220038085517167e-33,2.353231505446127959e-32,-2.252009501637576260e-32
1.875191563832377639e+01,8.649843903470185720e-34,2.010934819006280867e-32,-1.924436379971579044e-32
1.875593879121764473e+01,7.384285980429247012e-34,1.716715117318541846e-32,-1.642872257514249487e-32
1.875996194411151663e+01,6.297608278155981322e-34,1.464081884518687975e-32,-1.401105801737128264e-32
1.876398509700538497e+01,5.365493544003577485e-34,1.247381791992202144e-32,-1.193726856552166352e-32
1.876800824989925331e+01,4.566785441131196708e-34,1.061696367813873734e-32,-1.016028513402561724e-32
1.877203140279312166e+01,3.883098766357793027e-34,9.027513793334683307e-33,-8.639203916698904261e-33
1.877605455568699000e+01,3.298474750000636301e-34,7.668366965206515874e-33,-7.338519490206451603e-33
1.878007770858086189e+01,2.799076632780346485e-34,6.507355190113995868e-33,-6.227447526835961690e-33
1.878410086147473024e+01,2.372921172484957049e-34,5.516619561841156862e-33,-5.279327444592661200e-33
1.878812401436859858e+01,2.009642154197861101e-34,4.672060474950154678e-33,-4.471096259530368354e-33
1.879214716726246692e+01,1.700282364528592154e-34,3.952854001877280193e-33,-3.782825765424420743e-33
1.879617032015633526e+01,1.437110844396764104e-34,3.341027038168004052e-33,-3.197315953728327449e-33
1.880019347305020716e+01,1.213462558567097938e-34,2.821084562670337184e-33,-2.699738306813627412e-33
1.880421662594407550e+01,1.023597915260608489e-34,2.379683045623347759e-33,-2.277323254097286782e-33
1.880823977883794385e+01,8.625798377194518681e-35,2.005344661915631915e-33,-1.919086678143686621e-33
1.881226293173181219e+01,7.261663334774543327e-35,1.688207533752104310e-33,-1.615590900404358737e-33
1.881628608462568053e+01,6.107167280772145929e-35,1.419807740728241980e-33,-1.358736067920520584e-33
1.882030923751955243e+01,5.131099298491399769e-35,1.192889299982663276e-33,-1.141578306997749300e-33
1.882433239041342077e+01,4.306732727758213531e-35,1.001238738516352192e-33,-9.581714112387699870e-34
1.882835554330728911e+01,3.611206469938894082e-35,8.395412576166035782e-34,-8.034291929172145946e-34
1.883237869620115745e+01,3.024987726349083677e-35,7.032558290954683473e-34,-6.730059518319774838e-34
1.883640184909502580e+01,2.531406038739676766e-35,5.885068679925727548e-34,-5.631928076051759711e-34
1.884042500198889769e+01,2.116249675702302500e-35,4.919903995950392945e-34,-4.708279028380162348e-34
1.884444815488276603e+01,1.767416459727238746e-35,4.108928829405565154e-34,-3.932187183432841092e-34
1.884847130777663438e+01,1.474612067764308550e-35,3.428210710652863399e-34,-3.280749503876432651e-34
1.885249446067050272e+01,1.229089674140367031e-35,2.857414826141802652e-34,-2.734505858727766110e-34
1.885651761356437106e+01,1.023425548366853919e-35,2.379282323235415515e-34,-2.276939768398730323e-34
1.886054076645824296e+01,8.513258808379553690e-36,1.979181214325916222e-34,-1.894048626242120766e-34
1.886456391935211130e+01,7.074606949743139774e-36,1.644720252117500763e-34,-1.573974182620069339e-34
1.886858707224597964e+01,5.873212226508146644e-36,1.365417352870017073e-34,-1.306685230604935627e-34
1.887261022513984798e+01,4.870975777431513815e-36,1.132415209157741609e-34,-1.083705451383426558e-34
1.887663337803371988e+01,4.035739666769877991e-36,9.382376730391874108e-35,-8.978802763714886042e-35
1.888065653092758822e+01,3.340390307641412000e-36,7.765813179396740136e-35,-7.431774148632598869e-35
1.888467968382145656e+01,2.762092280890849598e-36,6.421373151684048634e-35,-6.145163923594963240e-35
1.888870283671532491e+01,2.281634375191214158e-36,5.304393998767766551e-35,-5.076230561248644700e-35
1.889272598960919325e+01,1.882872083229827507e-36,4.377342613400266751e-35,-4.189055405077284134e-35
1.889674914250306514e+01,1.552252897582438395e-36,3.608711826934376456e-35,-3.453486537176132416e-35
1.890077229539693349e+01,1.278412592855754140e-36,2.972081837129604882e-35,-2.844240577844029250e-35
1.890479544829080183e+01,1.051832288938759115e-36,2.445322941223158635e-35,-2.340139712329282724e-35
1.890881860118467017e+01,8.645474915454560968e-37,2.009919106956026174e-35,-1.923464357801480647e-35
1.891284175407853851e+01,7.099015254243501228e-37,1.650394748651490231e-35,-1.579404596109055135e-35
1.891686490697241041e+01,5.823368347887829957e-37,1.353829537845328972e-35,-1.295595854366450639e-35
1.892088805986627875e+01,4.772185443170193079e-37,1.109448214000974976e-35,-1.061726359569273020e-35
1.892491121276014709e+01,3.906854699289919633e-37,9.082742110720535872e-36,-8.692056640791543742e-36
1.892893436565401544e+01,3.195244569254875070e-37,7.428375160323460038e-36,-7.108850703397972781e-36
1.893295751854788378e+01,2.610645176201335339e-37,6.069285577040691593e-36,-5.808221059420558310e-36
1.893698067144175567e+01,2.130877533741129351e-37,4.953911163363310517e-36,-4.740823409989197582e-36
1.894100382433562402e+01,1.737544875665513083e-37,4.039482710808216762e-36,-3.865728223241665663e-36
1.894502697722949236e+01,1.415404158393047010e-37,3.290562854924908343e-36,-3.149022439085603684e-36
1.894905013012336070e+01,1.151839061403524156e-37,2.677820895062219252e-36,-2.562636988921866941e-36
1.895307328301722904e+01,9.364186082966957544e-38,2.177006666855389905e-36,-2.083364806025720476e-36
1.895709643591110094e+01,7.605279269074640841e-38,1.768092125184776590e-36,-1.692039332494030067e-36
1.896111958880496928e+01,6.170597158916783191e-38,1.434554058879003385e-36,-1.372848087289835470e-36
1.896514274169883763e+01,5.001567351781608810e-38,1.162775426828954661e-36,-1.112759753311138573e-36
1.896916589459270597e+01,4.049971302608030150e-38,9.415462751598668527e-37,-9.010465621337865251e-37
1.897318904748657786e+01,3.276156715972783843e-38,7.616481506363297034e-37,-7.288865834766018284e-37
1.897721220038044621e+01,2.647550717474896228e-38,6.155084394612741542e-37,-5.890329322865252128e-37
1.898123535327431455e+01,2.137424614503208173e-38,4.969131961304403769e-37,-4.755389499854083135e-37
1.898525850616818289e+01,1.723868850760924478e-38,4.007688385958395937e-37,-3.835301500882303359e-37
1.898928165906205123e+01,1.388943360478738241e-38,3.229046207362594730e-37,-3.090151871314721036e-37
1.899330481195592313e+01,1.117974113611177668e-38,2.599090916305206900e-37,-2.487293504944088951e-37
1.899732796484979147e+01,8.989713626169180976e-39,2.089948482838356850e-37,-2.000051346576665184e-37
1.900135111774365981e+01,7.221490837295119008e-39,1.678868142728013773e-37,-1.606653234355062505e-37
1.900537427063752816e+01,5.795284616350485835e-39,1.347300569873580140e-37,-1.289347723710075353e-37
1.900939742353139650e+01,4.646110909714450672e-39,1.080138127933901974e-37,-1.033677018836757428e-37
1.901342057642526839e+01,3.721099421626799951e-39,8.650894137556488257e-38,-8.278784195393808066e-38
1.901744372931913674e+01,2.977281320242160885e-39,6.921649383895717254e-38,-6.623921251871501296e-38
1.902146688221300508e+01,2.379772103684584524e-39,5.532546757767322575e-38,-5.294569547398863960e-38
1.902549003510687342e+01,1.900280727740595963e-39,4.417814614610569860e-38,-4.227786541836510361e-38
1.902951318800074176e+01,1.515887794859647127e-39,3.524169432690964277e-38,-3.372580653204999728e-38
1.903353634089461366e+01,1.208045373740460426e-39,2.808490571579882122e-38,-2.687686034205836193e-38
1.903755949378848200e+01,9.617591674390898733e-40,2.235918958505341350e-38,-2.139743041761432298e-38
1.904158264668235034e+01,7.649205359832377263e-40,1.778304159769707807e-38,-1.701812106171384132e-38
1.904560579957621869e+01,6.077615269725156526e-40,1.412937423850259575e-38,-1.352161271153008002e-38
1.904962895247008703e+01,4.824107602785935498e-40,1.121519192339302225e-38,-1.073278116311442862e-38
1.905365210536395892e+01,3.825319073105047232e-40,8.893186285537588631e-39,-8.510654378227083908e-39
1.905767525825782727e+01,3.030297331134048474e-40,7.044902177126187066e-39,-6.741872444012781770e-39
1.906169841115169561e+01,2.398113415749726464e-40,5.575187045184851666e-39,-5.335375703609879102e-39
1.906572156404556395e+01,1.895924731768051278e-40,4.407687698909574856e-39,-4.218095225732769402e-39
1.906974471693943229e+01,1.497405289458912964e-40,3.481200895812883038e-39,-3.331460366866991721e-39
1.907376786983330419e+01,1.181474987552826481e-40,2.746719150786621859e-39,-2.628571652031339088e-39
1.907779102272717253e+01,9.312721139263113548e-41,2.165041982997096206e-39,-2.071914771604465214e-39
1.908181417562104087e+01,7.333234336170218172e-41,1.704846518168951340e-39,-1.631514174807249066e-39
1.908583732851490922e+01,5.768746113364719083e-41,1.341130840051491600e-39,-1.283443378917844471e-39
1.908986048140878111e+01,4.533505909182685387e-41,1.053959468639059784e-39,-1.008624409547232915e-39
1.909388363430264945e+01,3.559211896799636819e-41,8.274534443472196217e-40,-7.918613253792231924e-40
1.909790678719651780e+01,2.791517793818177422e-41,6.489782233888464446e-40,-6.210630454506646907e-40
1.910192994009038614e+01,2.187226980384584989e-41,5.084913601555298795e-40,-4.866190903516840424e-40
1.910595309298425448e+01,1.712041178739253078e-41,3.980191152660388380e-40,-3.808987034786462945e-40
1.910997624587812638e+01,1.338756079371474067e-41,3.112369707488069180e-40,-2.978494099550921952e-40
1.911399939877199472e+01,1.045816774740610823e-41,2.431337940822651393e-40,-2.326756263348590349e-40
1.911802255166586306e+01,8.161625235142120015e-42,1.897432664328988322e-40,-1.815816411977567109e-40
1.912204570455973140e+01,6.363039105350075576e-42,1.479293387657463688e-40,-1.415662996603962830e-40
1.912606885745359975e+01,4.955864611563508853e-42,1.152150352783669991e-40,-1.102591706668034986e-40
1.913009201034747164e+01,3.856036822555761355e-42,8.964599587899532711e-41,-8.578995905643956575e-41
1.913411516324133999e+01,2.997297209480525781e-42,6.968182765197271630e-41,-6.668453044249219434e-41
1.913813831613520833e+01,2.327476711189302961e-42,5.410969273916204875e-41,-5.178221602797274484e-41
1.914216146902907667e+01,1.805542754206242182e-42,4.197565680797603019e-41,-4.017011405376978833e-41
1.914618462192294501e+01,1.399255772445807700e-42,3.253020730408466617e-41,-3.113095153163885879e-41
1.915020777481681691e+01,1.083311455314653953e-42,2.518506402489069555e-41,-2.410175256957604367e-41
1.915423092771068525e+01,8.378696546827437905e-43,1.947897882382456521e-41,-1.864110916914182046e-41
1.915825408060455359e+01,6.473907440079383153e-43,1.505068303020833394e-41,-1.440329228620039563e-41
1.916227723349842194e+01,4.997161758056015269e-43,1.161751204620180329e-41,-1.111779587039620192e-41
1.916630038639229028e+01,3.853427812142682054e-43,8.958534102789385998e-42,-8.573191321575117315e-42
1.917032353928616217e+01,2.968506096930442023e-43,6.901248550671641446e-42,-6.604397940978597563e-42
1.917434669218003052e+01,2.284523136768125656e-43,5.311109855184904691e-42,-5.082657541508091887e-42
1.917836984507389886e+01,1.756386434574271983e-43,4.083285982986105586e-42,-3.907647339528678189e-42
1.918239299796776720e+01,1.348998558008847248e-43,3.136181648041831344e-42,-3.001281792240946381e-42
1.918641615086163554e+01,1.035070174442868620e-43,2.406354007013857199e-42,-2.302846989569570417e-42
1.919043930375550744e+01,7.934051251545586707e-44,1.844525761866396669e-42,-1.765185249350940912e-42
1.919446245664937578e+01,6.075571083281949712e-44,1.412462186826908429e-42,-1.351706475994088872e-42
1.919848560954324412e+01,4.647785846920607639e-44,1.080527520993637168e-42,-1.034049662524431092e-42
1.920250876243711247e+01,3.551992251510630953e-44,8.257750052432020508e-43,-7.902550827280957811e-43
1.920653191533098436e+01,2.711844657080944811e-44,6.304556365418777832e-43,-6.033371899710683301e-43
1.921055506822485270e+01,2.068352256617755251e-44,4.808551017598907184e-43,-4.601715791937131958e-43
1.921457822111872105e+01,1.575981440244127877e-44,3.663876466859070183e-43,-3.506278322834657246e-43
1.921860137401258939e+01,1.199622466718793700e-44,2.788908811160816340e-43,-2.668946564488936820e-43
1.922262452690645773e+01,9.122313234459638932e-45,2.120775532598973306e-43,-2.029552400254376892e-43
1.922664767980032963e+01,6.929984581902824988e-45,1.611098124438170644e-43,-1.541798278619142456e-43
1.923067083269419797e+01,5.259281950700344561e-45,1.222689486032203761e-43,-1.170096666525200285e-43
1.923469398558806631e+01,3.987379185832890497e-45,9.269947215300540247e-44,-8.871209296717251073e-44
1.923871713848193465e+01,3.020059635898866629e-45,7.021101356822973957e-44,-6.719095393233086983e-44
1.924274029137580300e+01,2.285127296465328910e-45,5.312514418920561213e-44,-5.084001689274028166e-44
1.924676344426967489e+01,1.727317508689218676e-45,4.015705901877759278e-44,-3.842974151008837193e-44
1.925078659716354323e+01,1.304370145716448864e-45,3.032428529226977527e-44,-2.901991514655332423e-44
1.925480975005741158e+01,9.840030011050896133e-46,2.287631914294192652e-44,-2.189231614183683799e-44
1.925883290295127992e+01,7.415815112859787394e-46,1.724045079498426194e-44,-1.649886928369828383e-44
1.926285605584514826e+01,5.583265268059362306e-46,1.298009843345780961e-44,-1.242177190665187455e-44
1.926687920873902016e+01,4.199373744994369420e-46,9.762796849486829720e-45,-9.342859474987393011e-45
1.927090236163288850e+01,3.155351115592230789e-46,7.335629977451432577e-45,-7.020094865892209654e-45
1.927492551452675684e+01,2.368523810887595033e-46,5.506396477901691186e-45,-5.269544096812931838e-45
1.927894866742062518e+01,1.776129857791986776e-46,4.129185929344172648e-45,-3.951572943564974204e-45
1.928297182031449353e+01,1.330572590877351453e-46,3.093344552547165186e-45,-2.960287293459429963e-45
1.928699497320836542e+01,9.957935953503124090e-47,2.315042948242756202e-45,-2.215463588707724923e-45
1.929101812610223377e+01,7.445039089175933811e-47,1.730839134058774886e-45,-1.656388743167015606e-45
1.929504127899610211e+01,5.560726482087550642e-47,1.292769976584704530e-45,-1.237162711763828985e-45
1.929906443188997045e+01,4.149186757161218693e-47,9.646121031442528008e-46,-9.231202355726406188e-46
1.930308758478384235e+01,3.092867608893611491e-47,7.190366940726465173e-46,-6.881080179837104316e-46
1.930711073767771069e+01,2.303173077832800734e-47,5.354467650016934908e-46,-5.124150342233654835e-46
1.931113389057157903e+01,1.713399825313361574e-47,3.983349764061246625e-46,-3.812009781529910394e-46
1.931515704346544737e+01,1.273379221907013959e-47,2.960380144904017893e-46,-2.833042222713316375e-46
1.931918019635931572e+01,9.454176322557198146e-48,2.197927796385868284e-46,-2.103386033160296485e-46
1.932320334925318761e+01,7.012236164817818475e-48,1.630220154101594066e-46,-1.560097792453415930e-46
1.932722650214705595e+01,5.195845977608002989e-48,1.207941750849055771e-46,-1.155983291072975754e-46
1.933124965504092430e+01,3.846120625833854082e-48,8.941546194333814255e-47,-8.556934131750428361e-47
1.933527280793479264e+01,2.844175761656148705e-48,6.612202640451100835e-47,-6.327785064285485539e-47
1.933929596082866098e+01,2.101149039217164704e-48,4.884797702161565429e-47,-4.674682798239849323e-47
1.934331911372253288e+01,1.550687138457583695e-48,3.605071715200641637e-47,-3.450003001354883146e-47
1.934734226661640122e+01,1.143295274694241032e-48,2.657958110763082982e-47,-2.543628583293658743e-47
1.935136541951026956e+01,8.420919778802294248e-49,1.957714032546864119e-47,-1.873504834758841283e-47
1.935538857240413790e+01,6.196230277166859828e-49,1.440513302718640860e-47,-1.378550999946972185e-47
1.935941172529800625e+01,4.554728210038188626e-49,1.058893275964956736e-47,-1.013345993864574842e-47
1.936343487819187814e+01,3.344754771873997115e-49,7.775959781487023092e-48,-7.441484304299622963e-48
1.936745803108574648e+01,2.453765155682195070e-49,5.704567439212689139e-48,-5.459190923644469670e-48
1.937148118397961483e+01,1.798326756206197842e-49,4.180789769042910688e-48,-4.000957093422290904e-48
1.937550433687348317e+01,1.316652338099322110e-49,3.060982441322453867e-48,-2.929317207512521409e-48
1.937952748976735151e+01,9.630315632590052320e-50,2.238877052258248874e-48,-2.142573895932348256e-48
1.938355064266122341e+01,7.036826218199017817e-50,1.635936904012407230e-48,-1.565568641830416938e-48
1.938757379555509175e+01,5.136650630298501488e-50,1.194179885725190037e-48,-1.142813379422205050e-48
1.939159694844896009e+01,3.745847809304587029e-50,8.708429735264417290e-49,-8.333844954333958825e-49
1.939562010134282843e+01,2.728896890461705672e-50,6.344199774031772675e-49,-6.071310084985602393e-49
1.939964325423669678e+01,1.986053861850293357e-50,4.617221891232165503e-49,-4.418616505047136239e-49
1.940366640713056867e+01,1.443982121872828927e-50,3.357001535417657353e-49,-3.212603323230374318e-49
1.940768956002443701e+01,1.048816492326420228e-50,2.438311750384892072e-49,-2.333430101152249895e-49
1.941171271291830536e+01,7.610340659878919628e-51,1.769268808334489495e-49,-1.693165401735700369e-49
1.941573586581217370e+01,5.516651949959406375e-51,1.282523431960017492e-49,-1.227356912460423404e-49
1.941975901870604559e+01,3.994974118725237088e-51,9.287604082712683017e-50,-8.888106670840158715e-50
1.942378217159991394e+01,2.890142478910521115e-51,6.719067080037362550e-50,-6.430052832146310142e-50
1.942780532449378228e+01,2.088773909873177255e-51,4.856027727999300325e-50,-4.647150337011982244e-50
1.943182847738765062e+01,1.508101295763549365e-51,3.506067207292070225e-50,-3.355257077715715229e-50
1.943585163028151896e+01,1.087768529103607621e-51,2.528868305945157625e-50,-2.420091453034796922e-50
1.943987478317539086e+01,7.838074090896937831e-52,1.822212779444618678e-50,-1.743832038535649255e-50
1.944389793606925920e+01,5.642208577983569305e-52,1.311713114198019827e-50,-1.255291028418184223e-50
1.944792108896312754e+01,4.057474575609006818e-52,9.432906525495791141e-51,-9.027159067934890237e-51
1.945194424185699589e+01,2.914938359199937889e-52,6.776713090251507408e-51,-6.485219254331513025e-51
1.945596739475086423e+01,2.092039313080179530e-52,4.863619209481545574e-51,-4.654415278173527399e-51
1.945999054764473613e+01,1.499951460969435664e-52,3.487120291307474081e-51,-3.337125145210530329e-51
1.946401370053860447e+01,1.074364048582690137e-52,2.497705273502313423e-51,-2.390268868644044428e-51
1.946803685343247281e+01,7.687632723781779267e-53,1.787237838072992760e-51,-1.710361510835175106e-51
1.947206000632634115e+01,5.495417397090260032e-53,1.277586776185720582e-51,-1.222632602214817982e-51
1.947608315922020950e+01,3.924421439511149737e-53,9.123581655416623660e-52,-8.731139511465508454e-52
1.948010631211408139e+01,2.799738651067060935e-53,6.508894263913958413e-52,-6.228920398807252459e-52
1.948412946500794973e+01,1.995382890315309212e-53,4.638910222611294438e-52,-4.439371933579763633e-52
1.948815261790181808e+01,1.420698405203181787e-53,3.302871036494456808e-52,-3.160801195974138815e-52
1.949217577079568642e+01,1.010518897967141772e-53,2.349276656959355381e-52,-2.248224767162641134e-52
1.949619892368955476e+01,7.180486738895116040e-54,1.669335419180575401e-52,-1.597530551791624148e-52
1.950022207658342666e+01,5.097183012241189615e-54,1.185004366665239931e-52,-1.134032536542828116e-52
1.950424522947729500e+01,3.614710057354543225e-54,8.403557792418690017e-53,-8.042086786683235752e-53
1.950826838237116334e+01,2.560846845494709988e-54,5.953513317020995944e-53,-5.697428632471525264e-53
1.951229153526503168e+01,1.812427494915376082e-54,4.213571477766461134e-53,-4.032328728274923439e-53
1.951631468815890003e+01,1.281458587880090609e-54,2.979163233273578529e-53,-2.851017374485569613e-53
1.952033784105277192e+01,9.051392707768164724e-55,2.104287771756251079e-53,-2.013773844678569316e-53
1.952436099394664026e+01,6.386944429645629579e-55,1.484850950135470454e-53,-1.420981505839014078e-53
1.952838414684050861e+01,4.502334577495213314e-55,1.046712688493981876e-53,-1.001689342719029779e-53
1.953240729973437695e+01,3.170657203043590126e-55,7.371213907283937325e-54,-7.054148186979578385e-54
1.953643045262824884e+01,2.230630899823645009e-55,5.185819991830280241e-54,-4.962756901847915595e-54
1.954045360552211719e+01,1.567736375404856395e-55,3.644708157736843277e-54,-3.487934520196357456e-54
1.954447675841598553e+01,1.100741281403424284e-55,2.559027647010755184e-54,-2.448953518870412864e-54
1.954849991130985387e+01,7.720836774656285273e-56,1.794957189140387143e-54,-1.717748821393824372e-54
1.955252306420372221e+01,5.410163448986435620e-56,1.257766749978580733e-54,-1.203665115488716332e-54
1.955654621709759411e+01,3.787244108285998733e-56,8.804668765308482074e-55,-8.425944354479881883e-55
1.956056936999146245e+01,2.648519099625284510e-56,6.157335710089199555e-55,-5.892483800126670968e-55
1.956459252288533079e+01,1.850332672733393547e-56,4.301694272459139037e-55,-4.116661005185799954e-55
1.956861567577919914e+01,1.291407855417625644e-56,3.002293510197661714e-55,-2.873152724655899285e-55
1.957263882867306748e+01,9.004175017202716571e-57,2.093310498724444433e-55,-2.003268748552417210e-55
1.957666198156693937e+01,6.271787423697985074e-57,1.458078994988567861e-55,-1.395361120751587931e-55
1.958068513446080772e+01,4.364209896310421356e-57,1.014601157475797440e-55,-9.709590585126933002e-56
1.958470828735467606e+01,3.033799165168189266e-57,7.053043317482259237e-56,-6.749663400965440311e-56
1.958873144024854440e+01,2.106856338281311507e-57,4.898066156852573211e-56,-4.687380523024442400e-56
1.959275459314241274e+01,1.461671962570754765e-57,3.398127267719836438e-56,-3.251960071462760876e-56
1.959677774603628464e+01,1.013052162202080707e-57,2.355166045563354348e-56,-2.253860829343146165e-56
1.960080089893015298e+01,7.014239601516483212e-58,1.630685917397881153e-56,-1.560543521382716222e-56
1.960482405182402132e+01,4.851726199031158678e-58,1.127940024477253997e-56,-1.079422762486942354e-56
1.960884720471788967e+01,3.352577831227489423e-58,7.794147002294961569e-57,-7.458889219172212132e-57
1.961287035761175801e+01,2.314346342206472913e-58,5.380443501519497158e-57,-5.149008867298849690e-57
1.961689351050562991e+01,1.596043531252987653e-58,3.710517258915541040e-57,-3.550912905790242204e-57
1.962091666339949825e+01,1.099582984739301776e-58,2.556334813298371047e-57,-2.446376514824440887e-57
1.962493981629336659e+01,7.567948833937390645e-59,1.759413462916171578e-57,-1.683733974576797813e-57
1.962896296918723493e+01,5.203496435668705628e-59,1.209720346164278081e-57,-1.157685381807591096e-57
1.963298612208110683e+01,3.574203152200728634e-59,8.309386444275526613e-58,-7.951966129055454103e-58
1.963700927497497517e+01,2.452619085347495864e-59,5.701903029264798627e-58,-5.456641120730048687e-58
1.964103242786884351e+01,1.681310291192637134e-59,3.908747305992306360e-58,-3.740616276873042735e-58
1.964505558076271186e+01,1.151416734038751249e-59,2.676839058691672252e-58,-2.561697385287797127e-58
1.964907873365658020e+01,7.877421798587877251e-60,1.831360421371284287e-58,-1.752586203385405525e-58
1.965310188655045209e+01,5.383969139917526209e-60,1.251677039115661587e-58,-1.197837347716486303e-58
1.965712503944432044e+01,3.676105115245566043e-60,8.546290378988074371e-59,-8.178679867463517490e-59
1.966114819233818878e+01,2.507495592559890321e-60,5.829481145454162262e-59,-5.578731586198173562e-59
1.966517134523205712e+01,1.708674481122419900e-60,3.972364179210752580e-59,-3.801496731098510673e-59
1.966919449812592546e+01,1.163175875372312928e-60,2.704176970216112599e-59,-2.587859382678881154e-59
1.967321765101979736e+01,7.910398036564006317e-61,1.839026810013083189e-59,-1.759922829647443195e-59
1.967724080391366570e+01,5.374253964972428607e-61,1.249418433776849342e-59,-1.195675894127125126e-59
1.968126395680753404e+01,3.647580892251397763e-61,8.479976635214200580e-60,-8.115218545989061288e-60
1.968528710970140239e+01,2.473196232948150365e-61,5.749741236509726991e-60,-5.502421613214912300e-60
1.968931026259527073e+01,1.675248040114241559e-61,3.894653650728254753e-60,-3.727128846716830424e-60
1.969333341548914262e+01,1.133617544251070186e-61,2.635459109053672147e-60,-2.522097354628565370e-60
1.969735656838301097e+01,7.663389445321105424e-62,1.781601707057522290e-60,-1.704967812604311279e-60
1.970137972127687931e+01,5.175378678521236646e-62,1.203183467851079645e-60,-1.151429681065867227e-60
1.970540287417074765e+01,3.491646478802031043e-62,8.117456866116617863e-61,-7.768292218236414111e-61
1.970942602706461599e+01,2.353343364123599206e-62,5.471104639428970508e-61,-5.235770303016610673e-61
1.971344917995848789e+01,1.584554666732925209e-62,3.683807692810927469e-61,-3.525352226137634862e-61
1.971747233285235623e+01,1.065849912982049480e-62,2.477911422846315248e-61,-2.371326431548110279e-61
1.972149548574622457e+01,7.162287982058980001e-63,1.665104531911951666e-61,-1.593481652091361758e-61
1.972551863864009292e+01,4.808110080348063943e-63,1.117800052827668082e-61,-1.069718952024187491e-61
1.972954179153396126e+01,3.224511446842558250e-63,7.496415442635290981e-62,-7.173964297951035210e-62
1.973356494442783315e+01,2.160331219070675582e-63,5.022385740851498275e-62,-4.806352618944430501e-62
1.973758809732170150e+01,1.445917980184841220e-63,3.361502061354779772e-62,-3.216910263336295758e-62
1.974161125021556984e+01,9.667938357581178820e-64,2.247623666307735866e-62,-2.150944282731924253e-62
1.974563440310943818e+01,6.457895082129371031e-64,1.501345714490657665e-62,-1.436766763669363914e-62
1.974965755600331008e+01,4.309382018325546201e-64,1.001854651249213932e-62,-9.587608310659584633e-63
1.975368070889717842e+01,2.872803380610099813e-64,6.678756760823560929e-63,-6.391476422762550576e-63
1.975770386179104676e+01,1.913214699988573465e-64,4.447883798344570105e-63,-4.256562328345712894e-63
1.976172701468491510e+01,1.272882784643562803e-64,2.959226016315351888e-63,-2.831937737850995355e-63
1.976575016757878345e+01,8.460188010173366516e-65,1.966843197554423702e-63,-1.882241317452690155e-63
1.976977332047265534e+01,5.617440925065305272e-65,1.305955075446760099e-63,-1.249780666196107164e-63
1.977379647336652368e+01,3.726180693337413171e-65,8.662707188923399058e-64,-8.290089119589657614e-64
1.977781962626039203e+01,2.469199648578691051e-65,5.740449888771730504e-64,-5.493529923913861526e-64
1.978184277915426037e+01,1.634614697649415538e-65,3.800188358482825147e-64,-3.636726888717883382e-64
1.978586593204812871e+01,1.081039319821004895e-65,2.513224091371547912e-64,-2.405120159389447486e-64
1.978988908494200061e+01,7.142240652096587237e-66,1.660443884333406414e-64,-1.589021477812440405e-64
1.979391223783586895e+01,4.714051968820647246e-66,1.095933215265425994e-64,-1.048792695577219448e-64
1.979793539072973729e+01,3.108287275314022722e-66,7.226214921115681743e-65,-6.915386193584279260e-65
1.980195854362360564e+01,2.047457204095244720e-66,4.759973737328354032e-65,-4.555228016918829455e-65
1.980598169651747398e+01,1.347334446202709030e-66,3.132312883751544342e-65,-2.997579439131273623e-65
1.981000484941134587e+01,8.857331339870879255e-67,2.059171956131885166e-65,-1.970598642733176426e-65
1.981402800230521422e+01,5.816975937490312325e-67,1.352343415905086063e-65,-1.294173656530182861e-65
1.981805115519908256e+01,3.816440897464269162e-67,8.872546105286289840e-66,-8.490902015539862529e-66
1.982207430809295090e+01,2.501420547008865052e-67,5.815357745163692973e-66,-5.565215690462806600e-66
1.982609746098681924e+01,1.637878878593942710e-67,3.807776998415227929e-66,-3.643989110555833559e-66
1.983012061388069114e+01,1.071380530396644797e-67,2.490769124328007307e-66,-2.383631071288342976e-66
1.983414376677455948e+01,7.001202113697073372e-68,1.627654933350969656e-66,-1.557642912213999021e-66
1.983816691966842782e+01,4.570549095967238353e-68,1.062571350370449852e-66,-1.016865859410777428e-66
1.984219007256229617e+01,2.980787658714971162e-68,6.929800995859230827e-67,-6.631722229987733464e-67
1.984621322545616451e+01,1.942050855481435415e-68,4.514922729556336462e-67,-4.320717644008192715e-67
1.985023637835003640e+01,1.264029050272633849e-68,2.938642659013187824e-67,-2.812239753985924418e-67
1.985425953124390475e+01,8.219027050045052484e-69,1.910777564773217419e-67,-1.828587294272766751e-67
1.985828268413777309e+01,5.338886180876739021e-69,1.241196053154820893e-67,-1.187807191346053482e-67
1.986230583703164143e+01,3.464557811848339714e-69,8.054480534520568620e-68,-7.708024753335733928e-68
1.986632898992551333e+01,2.246010906707352343e-69,5.221575771232146416e-68,-4.996974680561411053e-68
1.987035214281938167e+01,1.454597400045855874e-69,3.381680168287845769e-68,-3.236220428283260002e-68
1.987437529571325001e+01,9.411105694631890392e-70,2.187914641409915396e-68,-2.093803584463596621e-68
1.987839844860711835e+01,6.082825988375302785e-70,1.414148822990669632e-68,-1.353320563106916630e-68
1.988242160150098670e+01,3.927688457649274637e-70,9.131176890591215543e-69,-8.738408044826288015e-69
1.988644475439485859e+01,2.533585530061777232e-70,5.890135608225765094e-69,-5.636777055219587854e-69
1.989046790728872693e+01,1.632679746853409537e-70,3.795689942043418707e-69,-3.632421967358077593e-69
1.989449106018259528e+01,1.051074110020219264e-70,2.443560309626907024e-69,-2.338452898624885274e-69
1.989851421307646362e+01,6.759780124367018317e-71,1.571528615939074452e-69,-1.503930814695404148e-69
1.990253736597033196e+01,4.343088697114492889e-71,1.009690854361964103e-69,-9.662599673908191583e-70
1.990656051886420386e+01,2.787608151098753037e-71,6.480693009048981924e-70,-6.201932193939106741e-70
1.991058367175807220e+01,1.787440732508295398e-71,4.155481700209733027e-70,-3.976737626958903406e-70
1.991460682465194054e+01,1.144981509125344330e-71,2.661878305507856680e-70,-2.547380154595322307e-70
1.991862997754580888e+01,7.327101261146209097e-72,1.703420687045621967e-70,-1.630149674434159997e-70
1.992265313043967723e+01,4.684171764593690694e-72,1.088986599351174330e-70,-1.042144881705237493e-70
1.992667628333354912e+01,2.991577981609918794e-72,6.954886576767294225e-71,-6.655728778606301944e-71
1.993069943622741746e+01,1.908687116971657324e-72,4.437357973172445890e-71,-4.246489261475280485e-71
1.993472258912128581e+01,1.216567062375311112e-72,2.828301981044795639e-71,-2.706645274807264628e-71
1.993874574201515415e+01,7.746477501806606963e-73,1.800918201885458409e-71,-1.723453426867392352e-71
1.994276889490902249e+01,4.927644534058971468e-73,1.145589686632601757e-71,-1.096313241292012099e-71
1.994679204780289439e+01,3.131420404025245082e-73,7.279995329541814650e-72,-6.966853289139290456e-72
1.995081520069676273e+01,1.987972079010208055e-73,4.621681404336103041e-72,-4.422884196435081985e-72
1.995483835359063107e+01,1.260799656160627640e-73,2.931134892179800694e-72,-2.805054926563737835e-72
1.995886150648449942e+01,7.988197260980951454e-74,1.857113745458861828e-72,-1.777231772849052361e-72
1.996288465937837131e+01,5.056131700709138529e-74,1.175460666963585822e-72,-1.124899349956494437e-72
1.996690781227223965e+01,3.197090077698685599e-74,7.432665637535082729e-73,-7.112956629765214483e-73
1.997093096516610800e+01,2.019566998640590989e-74,4.695133971417027764e-73,-4.493177271552968743e-73
1.997495411805997634e+01,1.274466886272089560e-74,2.962908770644916014e-73,-2.835462082017707372e-73
1.997897727095384468e+01,8.034627453564309023e-75,1.867907939188945058e-73,-1.787561664653301840e-73
1.998300042384771658e+01,5.060225032043517102e-75,1.176412293669658339e-73,-1.125810043349223227e-73
1.998702357674158492e+01,3.183763612476103058e-75,7.401683976768367735e-74,-7.083307615520757675e-74
1.999104672963545326e+01,2.001145639395804724e-75,4.652307588490913448e-74,-4.452193024551333196e-74
1.999506988252932160e+01,1.256560711881365381e-75,2.921280100855381875e-74,-2.795624029667245238e-74
1.999909303542318995e+01,7.882339828799075172e-76,1.832503775767016981e-74,-1.753680377479026278e-74
2.000311618831706184e+01,4.939622158621999402e-76,1.148374271235796763e-74,-1.098978049649576701e-74
2.000713934121093018e+01,3.092425199959160195e-76,7.189338417620947471e-75,-6.880095897625031268e-75
2.001116249410479853e+01,1.934067267892238509e-76,4.496362308615525094e-75,-4.302955581826301151e-75
2.001518564699866687e+01,1.208400355100803222e-76,2.809315839520802818e-75,-2.688475804010722710e-75
2.001920879989253521e+01,7.542529393432613270e-77,1.753503895092485026e-75,-1.678078601158158955e-75
2.002323195278640711e+01,4.703163494642967863e-77,1.093401838683880367e-75,-1.046370203737450696e-75
2.002725510568027545e+01,2.929746466034442693e-77,6.811139303334284201e-76,-6.518164656730840238e-76
2.003127825857414379e+01,1.823210862857157338e-77,4.238640889315836805e-76,-4.056319803030120841e-76
2.003530141146801213e+01,1.133471639855533836e-77,2.635119907106427219e-76,-2.521772743120873816e-76
2.003932456436188048e+01,7.039654010768176288e-78,1.636594315254844497e-76,-1.566197775147162772e-76
2.004334771725575237e+01,4.367761028435547147e-78,1.015426732420227460e-76,-9.717491221358719215e-77
2.004737087014962071e+01,2.707280911194527920e-78,6.293946467076716122e-77,-6.023218375957263473e-77
2.005139402304348906e+01,1.676388492989489813e-78,3.897305000475430707e-77,-3.729666151176481390e-77
2.005541717593735740e+01,1.037009939371137198e-78,2.410863614938845591e-77,-2.307162621001731751e-77
2.005944032883122574e+01,6.408524731953797239e-79,1.489867986324225223e-77,-1.425782739004687178e-77
2.006346348172509764e+01,3.956399226558741234e-79,9.197924320041876886e-78,-8.802284397386001863e-78
2.006748663461896598e+01,2.440108005419657061e-79,5.672816993769889021e-78,-5.428806193227923585e-78
2.007150978751283432e+01,1.503435805414306519e-79,3.495220771804407384e-78,-3.344877191262976582e-78
2.007553294040670266e+01,9.253960177227923844e-80,2.151381104293832515e-78,-2.058841502521553306e-78
2.007955609330057456e+01,5.690327485538439163e-80,1.322899903950975259e-78,-1.265996629095590905e-78
2.008357924619444290e+01,3.495536120775666760e-80,8.126499591068647227e-79,-7.776945978991080251e-79
2.008760239908831124e+01,2.145147823240443845e-80,4.987087046453573917e-79,-4.772572264129529346e-79
2.009162555198217959e+01,1.315126574793246476e-80,3.057435312632861498e-79,-2.925922655153536813e-79
2.009564870487604793e+01,8.054614881625693925e-81,1.872554660572639634e-79,-1.792008511756382648e-79
2.009967185776991982e+01,4.928206583335902537e-81,1.145720353053082354e-79,-1.096438287219723338e-79
2.010369501066378817e+01,3.012311825898762849e-81,7.003089075733711774e-80,-6.701857893143835255e-80
2.010771816355765651e+01,1.839407050779495954e-81,4.276294144709695772e-80,-4.092353439631746480e-80
2.011174131645152485e+01,1.122077011442311010e-81,2.608629423219223830e-80,-2.496421722074992682e-80
2.011576446934539319e+01,6.838083200982024095e-82,1.589732688094081966e-80,-1.521351856084261737e-80
