ionization_energy_ev,intensity_common_scale
7.992059809870854181e+00,0.000000000000000000e+00
8.912177092857060501e+00,0.000000000000000000e+00
8.912177092857060501e+00,0.000000000000000000e+00
8.912401342995217135e+00,3.439988290186553007e-04
8.912570917445123087e+00,7.148720276072721225e-04
8.912698009201823979e+00,1.106631822558379330e-03
8.912794811260367212e+00,1.513290440656204919e-03
8.912873516615789526e+00,1.928860108697428351e-03
8.912946318263141876e+00,2.347353053466277352e-03
8.913025409197466331e+00,2.762781501754589444e-03
8.913122982413810291e+00,3.169157680348667731e-03
8.913251230907214051e+00,3.560493816040349088e-03
8.913422347672723234e+00,3.930802135621471252e-03
8.913648525705383463e+00,4.274094865877644742e-03
8.913941958000236809e+00,4.584384233598632133e-03
8.914314837552332449e+00,4.855682465576962453e-03
8.914779357356708900e+00,5.082001788598246653e-03
8.915347710408415338e+00,5.257354429453631184e-03
8.916032089702495611e+00,5.375752614932876455e-03
8.916844688233990013e+00,5.431208571825745478e-03
8.917797698997947720e+00,5.417734526919924798e-03
8.918903314989410802e+00,5.329342707007251288e-03
8.920173729203424884e+00,5.160045338875411496e-03
8.920173729203424884e+00,5.160045338875411496e-03
8.922671686546269854e+00,5.097242937342163181e-03
8.925170521193638962e+00,5.026502147356567453e-03
8.927670135250494354e+00,4.949009549092523060e-03
8.930170430821814165e+00,4.865951722712167325e-03
8.932671310012553434e+00,4.778515248390781574e-03
8.935172674927688519e+00,4.687886706291887438e-03
8.937674427672183342e+00,4.595252676583848166e-03
8.940176470351010707e+00,4.501799739435719157e-03
8.942678705069132761e+00,4.408714475014480216e-03
8.945181033931518755e+00,4.317183463491955364e-03
8.947683359043139717e+00,4.228393285033739228e-03
8.950185582508959570e+00,4.143530519807504635e-03
8.952687606433947565e+00,4.063781747982999140e-03
8.955189332923069401e+00,3.990333549728585991e-03
8.957690664081297882e+00,3.924372505210553704e-03
8.960191502013596931e+00,3.867085194599341122e-03
8.962691748824934024e+00,3.819658198061928484e-03
8.965191306620278411e+00,3.783278095766679471e-03
8.967690077504599344e+00,3.759131467883340769e-03
8.970187963582862523e+00,3.748404894578201332e-03
8.970187963582862523e+00,3.748404894578201332e-03
8.972779063672945199e+00,4.130809832609270635e-03
8.975379554934741932e+00,4.504932385356035830e-03
8.977988011326432982e+00,4.871977238087502396e-03
8.980603006806216371e+00,5.233149076062992150e-03
8.983223115332275910e+00,5.589652584553585733e-03
8.985846910862806070e+00,5.942692448819988406e-03
8.988472967355994214e+00,6.293473354126362732e-03
8.991099858770033038e+00,6.643199985738256451e-03
8.993726159063113457e+00,6.993077028921217304e-03
8.996350442193419283e+00,7.344309168940790430e-03
8.998971282119146764e+00,7.698101091059757553e-03
9.001587252798483263e+00,8.055657480542282103e-03
9.004196928189616145e+00,8.418183022656676104e-03
9.006798882250741656e+00,8.786882402664338704e-03
9.009391688940047160e+00,9.162960305829432467e-03
9.011973922215720023e+00,9.547621417418886841e-03
9.014544156035954714e+00,9.942070422697560014e-03
9.017100964358936821e+00,1.034751200692892066e-02
9.019642921142857261e+00,1.076515085537713308e-02
9.022168600345910505e+00,1.119619165330912845e-02
9.022168600345910505e+00,1.119619165330912845e-02
9.023974988048321322e+00,1.166176620508365021e-02
9.025776203067250592e+00,1.213080941479839983e-02
9.027572983928818573e+00,1.260277339438448628e-02
9.029366069159156183e+00,1.307711025576540655e-02
9.031156197284380127e+00,1.355327211087226785e-02
9.032944106830617770e+00,1.403071107162856719e-02
9.034730536323992922e+00,1.450887924996333705e-02
9.036516224290632948e+00,1.498722875780076486e-02
9.038301909256658107e+00,1.546521170706988482e-02
9.040088329748190432e+00,1.594228020969972598e-02
9.041876224291359065e+00,1.641788637761448094e-02
9.043666331412286041e+00,1.689148232274041012e-02
9.045459389637095171e+00,1.736252015700793377e-02
9.047256137491910266e+00,1.783045199234123759e-02
9.049057313502856914e+00,1.829472994066727934e-02
9.050863656196058926e+00,1.875480611391508803e-02
9.052675904097638337e+00,1.921013262400954671e-02
9.054494795733720736e+00,1.966016158287899745e-02
9.056321069630431708e+00,2.010434510245039455e-02
9.058155464313893290e+00,2.054213529465069576e-02
9.058155464313893290e+00,2.054213529465069576e-02
9.060687531011511808e+00,2.069843575680477624e-02
9.063228996007302030e+00,2.084682902698137968e-02
9.065778432884368243e+00,2.098853845262495244e-02
9.068334415225834277e+00,2.112478738117301233e-02
9.070895516614800869e+00,2.125679916007208042e-02
9.073460310634391845e+00,2.138579713675829719e-02
9.076027370867715049e+00,2.151300465867402728e-02
9.078595270897887204e+00,2.163964507325957104e-02
9.081162584308019703e+00,2.176694172795659576e-02
9.083727884681223941e+00,2.189611797020885389e-02
9.086289745600614864e+00,2.202839714745387020e-02
9.088846740649309197e+00,2.216500260713332240e-02
9.091397443410413004e+00,2.230715769669026557e-02
9.093940427467044785e+00,2.245608576356429922e-02
9.096474266402317710e+00,2.261301015519502980e-02
9.098997533799343174e+00,2.277915421902551238e-02
9.101508803241234347e+00,2.295574130249741773e-02
9.104006648311107952e+00,2.314399475304966189e-02
9.106489642592070055e+00,2.334513791812529646e-02
9.108956359667240932e+00,2.356039414516462177e-02
9.108956359667240932e+00,2.356039414516462177e-02
9.110258975470644671e+00,2.433796217204819631e-02
9.111515587360299762e+00,2.512902044557393383e-02
9.112731306882173143e+00,2.593209047571658904e-02
9.113911245582244192e+00,2.674569377243984913e-02
9.115060515006479847e+00,2.756835184571709493e-02
9.116184226700852378e+00,2.839858620551408835e-02
9.117287492211339384e+00,2.923491836179866604e-02
9.118375423083909581e+00,3.007586982454213409e-02
9.119453130864535240e+00,3.091996210371094483e-02
9.120525727099186852e+00,3.176571670927708785e-02
9.121598323333838465e+00,3.261165515120633546e-02
9.122676031114462347e+00,3.345629893946790168e-02
9.123763961987030768e+00,3.429816958403308913e-02
9.124867227497517774e+00,3.513578859486697625e-02
9.125990939191893858e+00,3.596767748193947095e-02
9.127140208616129513e+00,3.679235775522049501e-02
9.128320147316198785e+00,3.760835092467857549e-02
9.129535866838073943e+00,3.841417850028155251e-02
9.130792478727727257e+00,3.920836199199866090e-02
9.132095094531130997e+00,3.998942290979910774e-02
9.132095094531130997e+00,3.998942290979910774e-02
9.133583122087717499e+00,4.055806299793748154e-02
9.135094992898334709e+00,4.111845189726434646e-02
9.136627019583432485e+00,4.167183106032409934e-02
9.138175514763471341e+00,4.221944193964728698e-02
9.139736791058897580e+00,4.276252598777692537e-02
9.141307161090169942e+00,4.330232465724772467e-02
9.142882937477740057e+00,4.384007940059714975e-02
9.144460432842066666e+00,4.437703167036338714e-02
9.146035959803597848e+00,4.491442291908320089e-02
9.147605830982790565e+00,4.545349459929615143e-02
9.149166359000098225e+00,4.599548816353832281e-02
9.150713856475976016e+00,4.654164506434650683e-02
9.152244636030873792e+00,4.709320675426025005e-02
9.153755010285252069e+00,4.765141468581426260e-02
9.155241291859558928e+00,4.821751031154878492e-02
9.156699793374253105e+00,4.879273508399990800e-02
9.158126827449784457e+00,4.937833045570649143e-02
9.159518706706608171e+00,4.997553787920393925e-02
9.160871743765179431e+00,5.058559880703179107e-02
9.162182251245951647e+00,5.120975469172684563e-02
9.162182251245951647e+00,5.120975469172684563e-02
9.163593260729879120e+00,5.282289018989893420e-02
9.165014146734838718e+00,5.443487364685188623e-02
9.166444958770949114e+00,5.604565046876471696e-02
9.167885746348353848e+00,5.765516606180052378e-02
9.169336558977173368e+00,5.926336583213623332e-02
9.170797446167544109e+00,6.087019518593839856e-02
9.172268457429597177e+00,6.247559952937912359e-02
9.173749642273465454e+00,6.407952426862841000e-02
9.175241050209278271e+00,6.568191480985628716e-02
9.176742730747164956e+00,6.728271655923689920e-02
9.178254733397260168e+00,6.888187492293751379e-02
9.179777107669691461e+00,7.047933530712953420e-02
9.181309903074591716e+00,7.207504311798433594e-02
9.182853169122093817e+00,7.366894376167056058e-02
9.184406955322330646e+00,7.526098264436167917e-02
9.185971311185426202e+00,7.685110517222702720e-02
9.187546286221518699e+00,7.843925675143730014e-02
9.189131929940735688e+00,8.002538278816252737e-02
9.190728291853210052e+00,8.160942868857408439e-02
9.192335421469071122e+00,8.319133985884338833e-02
9.192335421469071122e+00,8.319133985884338833e-02
9.193456456178155989e+00,8.563664705497905927e-02
9.194446876034612970e+00,8.808735458357835890e-02
9.195316659955414806e+00,9.054302457985044517e-02
9.196075786857550227e+00,9.300321917899613544e-02
9.196734235657986645e+00,9.546750051622736322e-02
9.197301985273711011e+00,9.793543072674429362e-02
9.197789014621701398e+00,1.004065719457546690e-01
9.198205302618937651e+00,1.028804863084614163e-01
9.198560828182397842e+00,1.053567359500723194e-01
9.198865570229060040e+00,1.078348830057951208e-01
9.199129507675904094e+00,1.103144896108313594e-01
9.199362619439908073e+00,1.127951179003881393e-01
9.199574884438053601e+00,1.152763300096711074e-01
9.199776281587316973e+00,1.177576880738852999e-01
9.199976789804679811e+00,1.202387542282363775e-01
9.200186388007120186e+00,1.227190906079300425e-01
9.200415055111617946e+00,1.251982593481726636e-01
9.200672770035151160e+00,1.276758225841671812e-01
9.200969511694699676e+00,1.301513424511220596e-01
9.201315259007241565e+00,1.326243810842408777e-01
9.201315259007241565e+00,1.326243810842408777e-01
9.201569944998464479e+00,1.349280735583154867e-01
9.201822763857620657e+00,1.372317660323873201e-01
9.202073813854813267e+00,1.395354585064612352e-01
9.202323193260156131e+00,1.418391509805330963e-01
9.202571000343752416e+00,1.441428434546083992e-01
9.202817333375717723e+00,1.464465359286823143e-01
9.203062290626155217e+00,1.487502284027562294e-01
9.203305970365178723e+00,1.510539208768294506e-01
9.203548470862894959e+00,1.533576133509012840e-01
9.203789890389410644e+00,1.556613058249758930e-01
9.204030327214837826e+00,1.579649982990491142e-01
9.204269879609284999e+00,1.602686907731223354e-01
9.204508645842860659e+00,1.625723832471969443e-01
9.204746724185671525e+00,1.648760757212701933e-01
9.204984212907831420e+00,1.671797681953434145e-01
9.205221210279447064e+00,1.694834606694166357e-01
9.205457814570623398e+00,1.717871531434905508e-01
9.205694124051476024e+00,1.740908456175630781e-01
9.205930236992109883e+00,1.763945380916376870e-01
9.206166251662633471e+00,1.786982305657109082e-01
9.206166251662633471e+00,1.786982305657109082e-01
9.206480575732557625e+00,1.760732700719604693e-01
9.206775484329508430e+00,1.734483092996681186e-01
9.207052206204920708e+00,1.708233479702982172e-01
9.207311970110238164e+00,1.681983858053060776e-01
9.207556004796890292e+00,1.655734225261567549e-01
9.207785539016326126e+00,1.629484578543076434e-01
9.208001801519976937e+00,1.603234915112182468e-01
9.208206021059286428e+00,1.576985232183466534e-01
9.208399426385687647e+00,1.550735526971565303e-01
9.208583246250624299e+00,1.524485796691094075e-01
9.208758709405534759e+00,1.498236038556613192e-01
9.208927044601852074e+00,1.471986249782738787e-01
9.209089480591019949e+00,1.445736427584072281e-01
9.209247246124476760e+00,1.419486569175215374e-01
9.209401569953659106e+00,1.393236671770756441e-01
9.209553680830005362e+00,1.366986732585310782e-01
9.209704807504957458e+00,1.340736748833480374e-01
9.209856178729950216e+00,1.314486717729846377e-01
9.210009023256423788e+00,1.288236636489031306e-01
9.210164569835816550e+00,1.261986502325622983e-01
9.210164569835816550e+00,1.261986502325622983e-01
9.210667016401121288e+00,1.256924462195080083e-01
9.211096750587342896e+00,1.253341224060491310e-01
9.211459721111756593e+00,1.251116492090217081e-01
9.211761876691655360e+00,1.250129970452459327e-01
9.212009166044309083e+00,1.250261363315620655e-01
9.212207537887005415e+00,1.251390374847916598e-01
9.212362940937028455e+00,1.253396709217673433e-01
9.212481323911658748e+00,1.256160070593162204e-01
9.212568635528176841e+00,1.259560163142688649e-01
9.212630824503865057e+00,1.263476691034579047e-01
9.212673839556005717e+00,1.267789358437083624e-01
9.212703629401882921e+00,1.272377869518514781e-01
9.212726142758775438e+00,1.277121928447177979e-01
9.212747328343965592e+00,1.281901239391351754e-01
9.212773134874741032e+00,1.286595506519320198e-01
9.212809511068376978e+00,1.291084433999396264e-01
9.212862405642157526e+00,1.295247725999885691e-01
9.212937767313366777e+00,1.298965086689058968e-01
9.213041544799283500e+00,1.302116220235222110e-01
9.213179686817193570e+00,1.304580830806666425e-01
9.213179686817193570e+00,1.304580830806666425e-01
9.213721566139097874e+00,1.334554514352606358e-01
9.214246437605696727e+00,1.364528197898546014e-01
9.214754989482825565e+00,1.394501881444492886e-01
9.215247910036334034e+00,1.424475564990404786e-01
9.215725887532048688e+00,1.454449248536365535e-01
9.216189610235815621e+00,1.484422932082305191e-01
9.216639766413473822e+00,1.514396615628251785e-01
9.217077044330864055e+00,1.544370299174184780e-01
9.217502132253823532e+00,1.574343982720117496e-01
9.217915718448189466e+00,1.604317666266064368e-01
9.218318491179804397e+00,1.634291349812004024e-01
9.218711138714509090e+00,1.664265033357943957e-01
9.219094349318137205e+00,1.694238716903883613e-01
9.219468811256534835e+00,1.724212400449823546e-01
9.219835212795537416e+00,1.754186083995763201e-01
9.220194242200985713e+00,1.784159767541703134e-01
9.220546587738718713e+00,1.814133451087642790e-01
9.220892937674575407e+00,1.844107134633582445e-01
9.221233980274394781e+00,1.874080818179522379e-01
9.221570403804017602e+00,1.904054501725462034e-01
9.221570403804017602e+00,1.904054501725462034e-01
9.221792383540082128e+00,1.918470385354445751e-01
9.222042684946593738e+00,1.932876756844276178e-01
9.222317178053433651e+00,1.947275078529697445e-01
9.222611732890495517e+00,1.961666812745372079e-01
9.222922219487658779e+00,1.976053421826093059e-01
9.223244507874817089e+00,1.990436368106515141e-01
9.223574468081853439e+00,2.004817113921355809e-01
9.223907970138657930e+00,2.019197121605345868e-01
9.224240884075115332e+00,2.033577853493174770e-01
9.224569079921112191e+00,2.047960771919608292e-01
9.224888427706536831e+00,2.062347339219314790e-01
9.225194797461275797e+00,2.076739017727018688e-01
9.225484059215213861e+00,2.091137269777458008e-01
9.225752082998241121e+00,2.105543557705314983e-01
9.225994738840245901e+00,2.119959343845307098e-01
9.226207896771111194e+00,2.134386090532165159e-01
9.226387426820725324e+00,2.148825260100606094e-01
9.226529199018976612e+00,2.163278314885319908e-01
9.226629083395749831e+00,2.177746717221044348e-01
9.226682949980933302e+00,2.192231929442489402e-01
9.226682949980933302e+00,2.192231929442489402e-01
9.226963633166944234e+00,2.220856440697735745e-01
9.227237284414020024e+00,2.249484077171154950e-01
9.227506706295638850e+00,2.278114287353692202e-01
9.227774701385298428e+00,2.306746519736209700e-01
9.228044072256476937e+00,2.335380222809673167e-01
9.228317621482672095e+00,2.364014845064945636e-01
9.228598151637370961e+00,2.392649834992937041e-01
9.228888465294060595e+00,2.421284641084565648e-01
9.229191365026231608e+00,2.449918711830727791e-01
9.229509653407371061e+00,2.478551495722369213e-01
9.229846133010967790e+00,2.507182441250358496e-01
9.230203606410512407e+00,2.535810996905607517e-01
9.230584876179490195e+00,2.564436611179039538e-01
9.230992744891391766e+00,2.593058732561551727e-01
9.231430015119707733e+00,2.621676809544041253e-01
9.231899489437925155e+00,2.650290290617439704e-01
9.232403970419531092e+00,2.678898624272643136e-01
9.232946260638017932e+00,2.707501259000549831e-01
9.233529162666870960e+00,2.736097643292089709e-01
9.234155479079580786e+00,2.764687225638153834e-01
9.234155479079580786e+00,2.764687225638153834e-01
9.234542029429119836e+00,2.833360634580859294e-01
9.234897906001908297e+00,2.902033809549978693e-01
9.235226844562383519e+00,2.970706572280008562e-01
9.235532580875005948e+00,3.039378744505325525e-01
9.235818850704207605e+00,3.108050147960418896e-01
9.236089389814445383e+00,3.176720604379687507e-01
9.236347933970161961e+00,3.245389935497578482e-01
9.236598218935808902e+00,3.314057963048524513e-01
9.236843980475830662e+00,3.382724508766944971e-01
9.237088954354669923e+00,3.451389394387308629e-01
9.237336876336781799e+00,3.520052441644027086e-01
9.237591482186605418e+00,3.588713472271527483e-01
9.237856507668592343e+00,3.657372308004276928e-01
9.238135688547190583e+00,3.726028770576681470e-01
9.238432760586844594e+00,3.794682681723174356e-01
9.238751459552000611e+00,3.863333863178202709e-01
9.239095521207108419e+00,3.931982136676213102e-01
9.239468681316612475e+00,4.000627323951611580e-01
9.239874675644960789e+00,4.069269246738852486e-01
9.240317239956601369e+00,4.137907726772368511e-01
9.240317239956601369e+00,4.137907726772368511e-01
9.240934538961584011e+00,4.151897669437721317e-01
9.241527009010836125e+00,4.165901845494258127e-01
9.242093420977838036e+00,4.179919892840118223e-01
9.242632545736080729e+00,4.193951449373302665e-01
9.243143154159040975e+00,4.207996152991964611e-01
9.243624017120207981e+00,4.222053641594111784e-01
9.244073905493063847e+00,4.236123553077835169e-01
9.244491590151097782e+00,4.250205525341197998e-01
9.244875841967791885e+00,4.264299196282263504e-01
9.245225431816630035e+00,4.278404203799136551e-01
9.245539130571096109e+00,4.292520185789859277e-01
9.245815709104677538e+00,4.306646780152509346e-01
9.246053938290856422e+00,4.320783624785156651e-01
9.246252589003118416e+00,4.334930357585871086e-01
9.246410432114950950e+00,4.349086616452723097e-01
9.246526238499834349e+00,4.363252039283789796e-01
9.246544514239586121e+00,4.419998128211565791e-01
9.246544514239586121e+00,4.419998128211565791e-01
9.246598779031252491e+00,4.377426263977134968e-01
9.246609146027646275e+00,4.405799670542952517e-01
9.246626824582698134e+00,4.391608928430834613e-01
9.246663435199302228e+00,4.449137569764975986e-01
9.246766282619901745e+00,4.478286838207659604e-01
9.246855661784501024e+00,4.507444841663043600e-01
9.246934177976218194e+00,4.536610488254514961e-01
9.247004436478167833e+00,4.565782686105536170e-01
9.247069042573469844e+00,4.594960343339479780e-01
9.247130601545240580e+00,4.624142368079773857e-01
9.247191718676599947e+00,4.653327668449818155e-01
9.247254999250660745e+00,4.682515152573034634e-01
9.247323048550542879e+00,4.711703728572850247e-01
9.247398471859364477e+00,4.740892304572652538e-01
9.247483874460241893e+00,4.770079788695882894e-01
9.247581861636289702e+00,4.799265089065934409e-01
9.247695038670633139e+00,4.828447113806227931e-01
9.247826010846383227e+00,4.857624771040164879e-01
9.247977383446658095e+00,4.886796968891172210e-01
9.248151761754574096e+00,4.915962615482664111e-01
9.248351751053251135e+00,4.945120618938041446e-01
9.248579956625805565e+00,4.974269887380724509e-01
9.248838983755353738e+00,5.003409328934135258e-01
9.248838983755353738e+00,5.003409328934135258e-01
9.249223612836743769e+00,5.030062395268984909e-01
9.249554713214596546e+00,5.056718951709334720e-01
9.249836758054241770e+00,5.083378811633459948e-01
9.250074220521032231e+00,5.110041788419562581e-01
9.250271573780295853e+00,5.136707695445908994e-01
9.250433290997381874e+00,5.163376346090711166e-01
9.250563845337627100e+00,5.190047553732215491e-01
9.250667709966378993e+00,5.216721131748638385e-01
9.250749358048972582e+00,5.243396893518260660e-01
9.250813262750748223e+00,5.270074652419286521e-01
9.250863897237049827e+00,5.296754221829961251e-01
9.250905734673215974e+00,5.323435415128503490e-01
9.250943248224588800e+00,5.350118045693179614e-01
9.250980911056508660e+00,5.376801926902207152e-01
9.251023196334317689e+00,5.403486872133823615e-01
9.251074577223354467e+00,5.430172694766269847e-01
9.251139526888961129e+00,5.456859208177784470e-01
9.251222518496478031e+00,5.483546225746597225e-01
9.251328025211247308e+00,5.510233560850948953e-01
9.251460520198607540e+00,5.536921026869077167e-01
9.251460520198607540e+00,5.536921026869077167e-01
9.251499823678752676e+00,5.548351933921418233e-01
9.251539084775226129e+00,5.559789408945655653e-01
9.251578253602815494e+00,5.571232722167177576e-01
9.251617280276320798e+00,5.582681143811276669e-01
9.251656114910524309e+00,5.594133944103346634e-01
9.251694707620224278e+00,5.605590393268696792e-01
9.251733008520211854e+00,5.617049761532670882e-01
9.251770967725278183e+00,5.628511319120613754e-01
9.251808535350217966e+00,5.639974336257861376e-01
9.251845661509818797e+00,5.651438083169799675e-01
9.251882296318873600e+00,5.662901830081716881e-01
9.251918389892177075e+00,5.674364847218971164e-01
9.251953892344522146e+00,5.685826404806935130e-01
9.251988753790694631e+00,5.697285773070909221e-01
9.252022924345494559e+00,5.708742222236252717e-01
9.252056354123707749e+00,5.720195022528308249e-01
9.252088993240127124e+00,5.731643444172428437e-01
9.252120791809547384e+00,5.743086757393935926e-01
9.252151699946759678e+00,5.754524232418187779e-01
9.252181667766553375e+00,5.765955139470521074e-01
9.252181667766553375e+00,5.765955139470521074e-01
9.252584800259286979e+00,5.716737530323728889e-01
9.252987932752020583e+00,5.667513403342178124e-01
9.253391065244752411e+00,5.618283482729785616e-01
9.253794197737489569e+00,5.569048492690353847e-01
9.254197330230219620e+00,5.519809157427806312e-01
9.254600462722955001e+00,5.470566201145953267e-01
9.255003595215686829e+00,5.421320348048674909e-01
9.255406727708420433e+00,5.372072322339797035e-01
9.255809860201154038e+00,5.322822848223199843e-01
9.256212992693885866e+00,5.273572649902771303e-01
9.256616125186619470e+00,5.224322451582328330e-01
9.257019257679353075e+00,5.175072977465744462e-01
9.257422390172084903e+00,5.125824951756887682e-01
9.257825522664818507e+00,5.076579098659596001e-01
9.258228655157552112e+00,5.027336142377736294e-01
9.258631787650287492e+00,4.978096807115173772e-01
9.259034920143019320e+00,4.928861817075763097e-01
9.259438052635752925e+00,4.879631896463356155e-01
9.259841185128486529e+00,4.830407769481827041e-01
9.260244317621218357e+00,4.781190160335020423e-01
9.260244317621218357e+00,4.781190160335020423e-01
9.260450280392243272e+00,4.873157471258395823e-01
9.260655316723690689e+00,4.965128091236313823e-01
9.260859475375539773e+00,5.057101652596062147e-01
9.261062805107769691e+00,5.149077787664900763e-01
9.261265354680350725e+00,5.241056128770130718e-01
9.261467172853269147e+00,5.333036308238985335e-01
9.261668308386498794e+00,5.425017958398758999e-01
9.261868810040020605e+00,5.517000711576717231e-01
9.262068726573806643e+00,5.608984200100114448e-01
9.262268106747837848e+00,5.700968056296265019e-01
9.262466999322093386e+00,5.792951912492402267e-01
9.262665453056548870e+00,5.884935401015813916e-01
9.262863516711181688e+00,5.976918154193778809e-01
9.263061239045971007e+00,6.068899804353545813e-01
9.263258668820895991e+00,6.160879983822400430e-01
9.263455854795930478e+00,6.252858324927617062e-01
9.263652845731053631e+00,6.344834459996469000e-01
9.263849690386244617e+00,6.436808021356210663e-01
9.264046437521479049e+00,6.528778641334141986e-01
9.264243135896736092e+00,6.620745952257510725e-01
9.264243135896736092e+00,6.620745952257510725e-01
9.264332532564916178e+00,6.612604729162614436e-01
9.264423704846441510e+00,6.604463272094146520e-01
9.264516455450934274e+00,6.596321402786595733e-01
9.264610587088030869e+00,6.588178942974318719e-01
9.264705902467351706e+00,6.580035714391824220e-01
9.264802204298529631e+00,6.571891538773505514e-01
9.264899295291195713e+00,6.563746237853809173e-01
9.264996978154975693e+00,6.555599633367146239e-01
9.265095055599498863e+00,6.547451547047994369e-01
9.265193330334390964e+00,6.539301800630763495e-01
9.265291605069284842e+00,6.531150215849894636e-01
9.265389682513808012e+00,6.522996614439799945e-01
9.265487365377584439e+00,6.514840818134969291e-01
9.265584456370250521e+00,6.506682648669772639e-01
9.265680758201430223e+00,6.498521927778677654e-01
9.265776073580752836e+00,6.490358477196117581e-01
9.265870205217847655e+00,6.482192118656526780e-01
9.265962955822342195e+00,6.474022673894338498e-01
9.266054128103865750e+00,6.465849964643998193e-01
9.266143524772045836e+00,6.457673812639920241e-01
9.266143524772045836e+00,6.457673812639920241e-01
9.266242344868533820e+00,6.491515722930002452e-01
9.266342049396007141e+00,6.525354143114555638e-01
9.266442540084348423e+00,6.559189259815377815e-01
9.266543718663456275e+00,6.593021259654179289e-01
9.266645486863213321e+00,6.626850329252784721e-01
9.266747746413516396e+00,6.660676655232914412e-01
9.266850399044255226e+00,6.694500424216335288e-01
9.266953346485321319e+00,6.728321822824830933e-01
9.267056490466607954e+00,6.762141037680133859e-01
9.267159732717999532e+00,6.795958255404046522e-01
9.267262974969394662e+00,6.829773662618303653e-01
9.267366118950677745e+00,6.863587445944678844e-01
9.267469066391742061e+00,6.897399792004942354e-01
9.267571719022482668e+00,6.931210887420840017e-01
9.267673978572785742e+00,6.965020918814147644e-01
9.267775746772544565e+00,6.998830072806626612e-01
9.267876925351650641e+00,7.032638536020037190e-01
9.267977416039993699e+00,7.066446495076149636e-01
9.268077120567463467e+00,7.100254136596729770e-01
9.268175940663955004e+00,7.134061647203533418e-01
9.268175940663955004e+00,7.134061647203533418e-01
9.268274222650330074e+00,7.097370107074471024e-01
9.268372560898223256e+00,7.060678385894437747e-01
9.268471004167601279e+00,7.023986302612481580e-01
9.268569601218452192e+00,6.987293676177609436e-01
9.268668400810746277e+00,6.950600325538919266e-01
9.268767451704462701e+00,6.913906069645390229e-01
9.268866802659582405e+00,6.877210727446072536e-01
9.268966502436082777e+00,6.840514117889993084e-01
9.269066599793939432e+00,6.803816059926194315e-01
9.269167143493127980e+00,6.767116372503725330e-01
9.269268182293631142e+00,6.730414874571606365e-01
9.269369764955422752e+00,6.693711385078867648e-01
9.269471940238481977e+00,6.657005722974577155e-01
9.269574756902787982e+00,6.620297707207721816e-01
9.269678263708318156e+00,6.583587156727370715e-01
9.269782509415046334e+00,6.546873890482547420e-01
9.269887542782955236e+00,6.510157727422297702e-01
9.269993412572020475e+00,6.473438486495631805e-01
9.270100167542217662e+00,6.436715986651624366e-01
9.270207856453527739e+00,6.399990046839276747e-01
9.270207856453527739e+00,6.399990046839276747e-01
9.270297261373395159e+00,6.465052179816485056e-01
9.270388491416740706e+00,6.530121064601945857e-01
9.270481398803315898e+00,6.595196155257428972e-01
9.270575835752888239e+00,6.660276905844574324e-01
9.270671654485209245e+00,6.725362770425148407e-01
9.270768707220046423e+00,6.790453203060818899e-01
9.270866846177154841e+00,6.855547657813312323e-01
9.270965923576298451e+00,6.920645588744309684e-01
9.271065791637234099e+00,6.985746449915543055e-01
9.271166302579720409e+00,7.050849695388715643e-01
9.271267308623519554e+00,7.115954779225532878e-01
9.271368661988390159e+00,7.181061155487680203e-01
9.271470214894092621e+00,7.246168278236900795e-01
9.271571819560389116e+00,7.311275601534866775e-01
9.271673328207036491e+00,7.376382579443306886e-01
9.271774593053795144e+00,7.441488666023918785e-01
9.271875466320421921e+00,7.506593315338417893e-01
9.271975800226684328e+00,7.571695981448491874e-01
9.272075446992333880e+00,7.636796118415866141e-01
9.272174258837136307e+00,7.701893180302249453e-01
9.272174258837136307e+00,7.701893180302249453e-01
9.272662033087556210e+00,7.690460340646938509e-01
9.273122663408532418e+00,7.679016579440323120e-01
9.273556544005728597e+00,7.667561893897086867e-01
9.273964069084817297e+00,7.656096281231742351e-01
9.274345632851453303e+00,7.644619738658967600e-01
9.274701629511312717e+00,7.633132263393321848e-01
9.275032453270057431e+00,7.621633852649400964e-01
9.275338498333354664e+00,7.610124503641814142e-01
9.275620158906871637e+00,7.598604213585153921e-01
9.275877829196270241e+00,7.587072979694066133e-01
9.276111903407219472e+00,7.575530799183096686e-01
9.276322775745386551e+00,7.563977669266860326e-01
9.276510840416433368e+00,7.552413587159980679e-01
9.276676491626030696e+00,7.540838550077024749e-01
9.276820123579842203e+00,7.529252555232613942e-01
9.276942130483533333e+00,7.517655599841345238e-01
9.277042906542769529e+00,7.506047681117817838e-01
9.277122845963221565e+00,7.494428796276622062e-01
9.277182342950549554e+00,7.482798942532380426e-01
9.277221791710424270e+00,7.471158117099678808e-01
9.277221791710424270e+00,7.471158117099678808e-01
9.277649363516657033e+00,7.424979826744441125e-01
9.278123290683558011e+00,7.378811410630259360e-01
9.278639788311622283e+00,7.332651768524388602e-01
9.279195071501353809e+00,7.286499800193997345e-01
9.279785355353242338e+00,7.240354405406348448e-01
9.280406854967795383e+00,7.194214483928620396e-01
9.281055785445504469e+00,7.148078935528039413e-01
9.281728361886875334e+00,7.101946659971802855e-01
9.282420799392399502e+00,7.055816557027139169e-01
9.283129313062579158e+00,7.009687526461294560e-01
9.283850117997912932e+00,6.963558468041440852e-01
9.284579429298897679e+00,6.917428281534804269e-01
9.285313462066033807e+00,6.871295866708609923e-01
9.286048431399818170e+00,6.825160123330059614e-01
9.286780552400751176e+00,6.779019951166376234e-01
9.287506040169331456e+00,6.732874249984776016e-01
9.288221109806052311e+00,6.686721919552469640e-01
9.288921976411419479e+00,6.640561859636662234e-01
9.289604855085926260e+00,6.594392970004588905e-01
9.290265960930074840e+00,6.548214150423454782e-01
9.290265960930074840e+00,6.548214150423454782e-01
9.291376324518036967e+00,6.498164670587527336e-01
9.292504144928175336e+00,6.448122254524603081e-01
9.293648192658897855e+00,6.398086723969147460e-01
9.294807238208619538e+00,6.348057900655561525e-01
9.295980052075735856e+00,6.298035606318326263e-01
9.297165404758667151e+00,6.248019662691832732e-01
9.298362066755812450e+00,6.198009891510556368e-01
9.299568808565584987e+00,6.148006114508888231e-01
9.300784400686390896e+00,6.098008153421276001e-01
9.302007613616636306e+00,6.048015829982188452e-01
9.303237217854732677e+00,5.998028965926015532e-01
9.304471983899084364e+00,5.948047382987226017e-01
9.305710682248099275e+00,5.898070902900233170e-01
9.306952083400190645e+00,5.848099347399482451e-01
9.308194957853762830e+00,5.798132538219394894e-01
9.309438076107221960e+00,5.748170297094422621e-01
9.310680208658977719e+00,5.698212445758993328e-01
9.311920126007438014e+00,5.648258805947526939e-01
9.313156598651012530e+00,5.598309199394483349e-01
9.314388397088103844e+00,5.548363447834295803e-01
9.314388397088103844e+00,5.548363447834295803e-01
9.314617531538234019e+00,5.542075858868643623e-01
9.314833448658712101e+00,5.536631828128215638e-01
9.315036688935130371e+00,5.532005980624024044e-01
9.315227792853102429e+00,5.528172941366957804e-01
9.315407300898211673e+00,5.525107335368036887e-01
9.315575753556066374e+00,5.522783787638183561e-01
9.315733691312264142e+00,5.521176923188348962e-01
9.315881654652404364e+00,5.520261367029490884e-01
9.316020184062086429e+00,5.520011744172559354e-01
9.316149820026906170e+00,5.520402679628554354e-01
9.316271103032466527e+00,5.521408798408383722e-01
9.316384573564365112e+00,5.523004725523019687e-01
9.316490772108201313e+00,5.525165085983426705e-01
9.316590239149576291e+00,5.527864504800549250e-01
9.316683515174087660e+00,5.531077606985336237e-01
9.316771140667334805e+00,5.534779017548753233e-01
9.316853656114913562e+00,5.538943361501778018e-01
9.316931602002430424e+00,5.543545263855313987e-01
9.317005518815477672e+00,5.548559349620373338e-01
9.317075947039658246e+00,5.553960243807871677e-01
9.317075947039658246e+00,5.553960243807871677e-01
9.317434944063480273e+00,5.575396444976102872e-01
9.317747783017008345e+00,5.596842835135544814e-01
9.318018446090110984e+00,5.618298684511545682e-01
9.318250915472667373e+00,5.639763263329418130e-01
9.318449173354544257e+00,5.661235841814564740e-01
9.318617201925619042e+00,5.682715690192277069e-01
9.318758983375762028e+00,5.704202078687918842e-01
9.318878499894848844e+00,5.725694277526806042e-01
9.318979733672749788e+00,5.747191556934296841e-01
9.319066666899336937e+00,5.768693187135762734e-01
9.319143281764485920e+00,5.790198438356513044e-01
9.319213560458067036e+00,5.811706580821891510e-01
9.319281485169955914e+00,5.833216884757256304e-01
9.319351038090024630e+00,5.854728620387937843e-01
9.319426201408143484e+00,5.876241057939279866e-01
9.319510957314188104e+00,5.897753467636626112e-01
9.319609287998028790e+00,5.919265119705333644e-01
9.319725175649544724e+00,5.940775284370714004e-01
9.319862602458599099e+00,5.962283231858129806e-01
9.320025550615072873e+00,5.983788232392932560e-01
9.320025550615072873e+00,5.983788232392932560e-01
9.320151456879186114e+00,6.013837203893476202e-01
9.320273720397890926e+00,6.043889565225136762e-01
9.320392636731659408e+00,6.073945140907794915e-01
9.320508501440979643e+00,6.104003755461226977e-01
9.320621610086323727e+00,6.134065233405332496e-01
9.320732258228179745e+00,6.164129399259909992e-01
9.320840741427023346e+00,6.194196077544790180e-01
9.320947355243339061e+00,6.224265092779803776e-01
9.321052395237604316e+00,6.254336269484790378e-01
9.321156156970296536e+00,6.284409432179608457e-01
9.321258936001903805e+00,6.314484405384068744e-01
9.321361027892896445e+00,6.344561013618003065e-01
9.321462728203764314e+00,6.374639081401262120e-01
9.321564332494983063e+00,6.404718433253658860e-01
9.321666136327031893e+00,6.434798893695043986e-01
9.321768435260395336e+00,6.464880287245242663e-01
9.321871524855550817e+00,6.494962438424106699e-01
9.321975700672979315e+00,6.525045171751446826e-01
9.322081258273160032e+00,6.555128311747109304e-01
9.322188493216575722e+00,6.585211682930923738e-01
9.322188493216575722e+00,6.585211682930923738e-01
9.322295703592462957e+00,6.564148044259631165e-01
9.322401089219953363e+00,6.543087845556644355e-01
9.322504798254364289e+00,6.522030905771054599e-01
9.322606978851013082e+00,6.500977043851832171e-01
9.322707779165211761e+00,6.479926078748070584e-01
9.322807347352283003e+00,6.458877829408768978e-01
9.322905831567542378e+00,6.437832114782982007e-01
9.323003379966307236e+00,6.416788753819712143e-01
9.323100140703894922e+00,6.395747565468020701e-01
9.323196261935615681e+00,6.374708368676957893e-01
9.323291891816793964e+00,6.353670982395536182e-01
9.323387178502745343e+00,6.332635225572785798e-01
9.323482270148785389e+00,6.311600917157768054e-01
9.323577314910231451e+00,6.290567876099492084e-01
9.323672460942400875e+00,6.269535921347004770e-01
9.323767856400611009e+00,6.248504871849341891e-01
9.323863649440175649e+00,6.227474546555538115e-01
9.323959988216415695e+00,6.206444764414623672e-01
9.324057020884646718e+00,6.185415344375644331e-01
9.324154895600184290e+00,6.164386105387631432e-01
9.324154895600184290e+00,6.164386105387631432e-01
9.324262584511492591e+00,6.169605281043096801e-01
9.324369339481693331e+00,6.174821147643991814e-01
9.324475209270755016e+00,6.180034072863084260e-01
9.324580242638665695e+00,6.185244424373038674e-01
9.324684488345393873e+00,6.190452569846677244e-01
9.324787995150922271e+00,6.195658876956648964e-01
9.324890811815226499e+00,6.200863713375710518e-01
9.324992987098287500e+00,6.206067446776585284e-01
9.325094569760082663e+00,6.211270444832002191e-01
9.325195608560582272e+00,6.216473075214699051e-01
9.325296152259772597e+00,6.221675705597388140e-01
9.325396249617629252e+00,6.226878703652811708e-01
9.325495949394126072e+00,6.232082437053694246e-01
9.325595300349245775e+00,6.237287273472748028e-01
9.325694351242965752e+00,6.242493580582720858e-01
9.325793150835259837e+00,6.247701726056338334e-01
9.325891747886108973e+00,6.252912077566319393e-01
9.325990191155488773e+00,6.258125002785391855e-01
9.326088529403380178e+00,6.263340869386306853e-01
9.326186811389757025e+00,6.268560045041766671e-01
9.326186811389757025e+00,6.268560045041766671e-01
9.326501206786776521e+00,6.210293524466208304e-01
9.326796179584366797e+00,6.152030496781557556e-01
9.327072958909031541e+00,6.093770778151482714e-01
9.327332773887301087e+00,6.035514184739559918e-01
9.327576853645677346e+00,5.977260532709502971e-01
9.327806427310683546e+00,5.919009638224892456e-01
9.328022724008832256e+00,5.860761317449377783e-01
9.328226972866639599e+00,5.802515386546598375e-01
9.328420403010621698e+00,5.744271661680175889e-01
9.328604243567291121e+00,5.686029959013775281e-01
9.328779723663167545e+00,5.627790094711012658e-01
9.328948072424761762e+00,5.569551884935517450e-01
9.329110518978589894e+00,5.511315145850949060e-01
9.329268292451171618e+00,5.453079693620921375e-01
9.329422621969019502e+00,5.394845344409071597e-01
9.329574736658646117e+00,5.336611914379045807e-01
9.329725865646569360e+00,5.278379219694484537e-01
9.329877238059307132e+00,5.220147076519007223e-01
9.330030083023370224e+00,5.161915301016262170e-01
9.330185629665274760e+00,5.103683709349879916e-01
9.330185629665274760e+00,5.103683709349879916e-01
9.330691256943946854e+00,5.175788787523049050e-01
9.331204513658828859e+00,5.247893862910798513e-01
9.331724169933242052e+00,5.319998932727779684e-01
9.332248995890530807e+00,5.392103994188531813e-01
9.332777761654016402e+00,5.464209044507711832e-01
9.333309237347032550e+00,5.536314080899887857e-01
9.333842193092909412e+00,5.608419100579666861e-01
9.334375399014984254e+00,5.680524100761638051e-01
9.334907625236581907e+00,5.752629078660423945e-01
9.335437641881032533e+00,5.824734031490612640e-01
9.335964219071673398e+00,5.896838956466804449e-01
9.336486126931831109e+00,5.968943850803596352e-01
9.337002135584835827e+00,6.041048711715617525e-01
9.337511015154023042e+00,6.113153536417427203e-01
9.338011535762722914e+00,6.185258322123647901e-01
9.338502467534263829e+00,6.257363066048875488e-01
9.338982580591977722e+00,6.329467765407719160e-01
9.339450645059198308e+00,6.401572417414758132e-01
9.339905431059255747e+00,6.473677019284616030e-01
9.340345708715478423e+00,6.545781568231887615e-01
9.340345708715478423e+00,6.545781568231887615e-01
9.340443567052663099e+00,6.585319093040522542e-01
9.340540485072434507e+00,6.624853306009174103e-01
9.340636512659994395e+00,6.664384572025234821e-01
9.340731699700556945e+00,6.703913255975968433e-01
9.340826096079323904e+00,6.743439722748766352e-01
9.340919751681507677e+00,6.782964337230921181e-01
9.341012716392311788e+00,6.822487464309754390e-01
9.341105040096950418e+00,6.862009468872594109e-01
9.341196772680628868e+00,6.901530715806802885e-01
9.341287964028554214e+00,6.941051569999687754e-01
9.341378664025933531e+00,6.980572396338570185e-01
9.341468922557979226e+00,7.020093559710792741e-01
9.341558789509891270e+00,7.059615425003681333e-01
9.341648314766883843e+00,7.099138357104551877e-01
9.341737548214165798e+00,7.138662720900745828e-01
9.341826539736942436e+00,7.178188881279591316e-01
9.341915339220420833e+00,7.217717203128408698e-01
9.342003996549811617e+00,7.257248051334540540e-01
9.342092561610321866e+00,7.296781790785301647e-01
9.342181084287156878e+00,7.336318786368032363e-01
9.342181084287156878e+00,7.336318786368032363e-01
9.342887579231746287e+00,7.288346377977964474e-01
9.343591420883395671e+00,7.240373785751527125e-01
9.344292904052426962e+00,7.192400825852370838e-01
9.344992323549174529e+00,7.144427314444097288e-01
9.345689974183956750e+00,7.096453067690405847e-01
9.346386150767107992e+00,7.048477901754885977e-01
9.347081148108950188e+00,7.000501632801172658e-01
9.347775261019812376e+00,6.952524076992889768e-01
9.348468784310021817e+00,6.904545050493716696e-01
9.349162012789902221e+00,6.856564369467268438e-01
9.349855241269784401e+00,6.808581850077175535e-01
9.350548764559993842e+00,6.760597308487074075e-01
9.351242877470854253e+00,6.712610560860615694e-01
9.351937874812698226e+00,6.664621423361409835e-01
9.352634051395847692e+00,6.616629712153105913e-01
9.353331702030631689e+00,6.568635243399342238e-01
9.354031121527377479e+00,6.520637833263762673e-01
9.354732604696410547e+00,6.472637297909982212e-01
9.355436446348058155e+00,6.424633453501658042e-01
9.356142941292647564e+00,6.376626116202408490e-01
9.356142941292647564e+00,6.376626116202408490e-01
9.356524290452870929e+00,6.422877383559166820e-01
9.356900725357496285e+00,6.469118773889444007e-01
9.357271262555276081e+00,6.515351384640641896e-01
9.357634918594971651e+00,6.561576313260123472e-01
9.357990710025331893e+00,6.607794657195318333e-01
9.358337653395123468e+00,6.654007513893573922e-01
9.358674765253097050e+00,6.700215980802294302e-01
9.359001062148013972e+00,6.746421155368840239e-01
9.359315560628630237e+00,6.792624135040606914e-01
9.359617277243698297e+00,6.838826017265019486e-01
9.359905228541981259e+00,6.885027899489418735e-01
9.360178431072231575e+00,6.931230879161199843e-01
9.360435901383208801e+00,6.977436053727760212e-01
9.360676656023670716e+00,7.023644520636472821e-01
9.360899711542373325e+00,7.069857377334721749e-01
9.361104084488072630e+00,7.116075721269902177e-01
9.361288791409528187e+00,7.162300649889404847e-01
9.361452848855494224e+00,7.208533260640596074e-01
9.361595273374726744e+00,7.254774650970873262e-01
9.361715081515987080e+00,7.301025918327631592e-01
9.361715081515987080e+00,7.301025918327631592e-01
9.361883317754555733e+00,7.332244802630316638e-01
9.362036561800284318e+00,7.363470020931341953e-01
9.362178500282560378e+00,7.394700665190525601e-01
9.362312819830782118e+00,7.425935827367616815e-01
9.362443207074335305e+00,7.457174599422419226e-01
9.362573348642616367e+00,7.488416073314685395e-01
9.362706931165019952e+00,7.519659341004210074e-01
9.362847641270935384e+00,7.550903494450738052e-01
9.362999165589757311e+00,7.582147625614074071e-01
9.363165190750873279e+00,7.613390826454015103e-01
9.363349403383681491e+00,7.644632188930304828e-01
9.363555490117574820e+00,7.675870805002726893e-01
9.363787137581939035e+00,7.707105766631066057e-01
9.364048032406170563e+00,7.738336165775091535e-01
9.364341861219667607e+00,7.769561094394588086e-01
9.364672310651814158e+00,7.800779644449326033e-01
9.365043067332006643e+00,7.831990907899095689e-01
9.365457817889636161e+00,7.863193976703661825e-01
9.365920248954097360e+00,7.894387942822801429e-01
9.366434047154779563e+00,7.925571898216304811e-01
9.366434047154779563e+00,7.925571898216304811e-01
9.366546632318005550e+00,7.927895533222024671e-01
9.366685665643302627e+00,7.930792954944863027e-01
9.366848099256984028e+00,7.934177086227061082e-01
9.367030885285370090e+00,7.937960849910778993e-01
9.367230975854768715e+00,7.942057168838287939e-01
9.367445323091500242e+00,7.946378965851753629e-01
9.367670879121879679e+00,7.950839163793383957e-01
9.367904596072225587e+00,7.955350685505382380e-01
9.368143426068847646e+00,7.959826453829954573e-01
9.368384321238066192e+00,7.964179391609337300e-01
9.368624233706194460e+00,7.968322421685710699e-01
9.368860115599549232e+00,7.972168466901277117e-01
9.369088919044443742e+00,7.975630450098272206e-01
9.369307596167198326e+00,7.978621294118874996e-01
9.369513099094126218e+00,7.981053921805295603e-01
9.369702379951542426e+00,7.982841255999754138e-01
9.369872390865761957e+00,7.983896219544440731e-01
9.370020083963101598e+00,7.984131735281581044e-01
9.370142411369878133e+00,7.983460726053365208e-01
9.370236325212404793e+00,7.981796114702006673e-01
9.370236325212404793e+00,7.981796114702006673e-01
9.370334199927940588e+00,7.955549568597332089e-01
9.370431232596173388e+00,7.929310008274496058e-01
9.370527571372411657e+00,7.903077066060760769e-01
9.370623364411979850e+00,7.876850374283390632e-01
9.370718759870186432e+00,7.850629565269708898e-01
9.370813905902355856e+00,7.824414271346926686e-01
9.370908950663801917e+00,7.798204124842352813e-01
9.371004042309841964e+00,7.771998758083227266e-01
9.371099328995795119e+00,7.745797803396843317e-01
9.371194958876971626e+00,7.719600893110482032e-01
9.371291080108695937e+00,7.693407659551388944e-01
9.371387840846280071e+00,7.667217735046860660e-01
9.371485389245044928e+00,7.641030751924161590e-01
9.371583873460304304e+00,7.614846342510546151e-01
9.371683441647375545e+00,7.588664139133302067e-01
9.371784241961576001e+00,7.562483774119703739e-01
9.371886422558224794e+00,7.536304879797015577e-01
9.371990131592633944e+00,7.510127088492513092e-01
9.372095517220124350e+00,7.483950032533464025e-01
9.372202727596013361e+00,7.457773344247147218e-01
9.372202727596013361e+00,7.457773344247147218e-01
9.372394321614269330e+00,7.496583500983434734e-01
9.372559314064066172e+00,7.535396652024125563e-01
9.372702572316406133e+00,7.574212059238395467e-01
9.372828963742300346e+00,7.613028984495340268e-01
9.372943355712751057e+00,7.651846689664162371e-01
9.373050615598769397e+00,7.690664436613965371e-01
9.373155610771361168e+00,7.729481487213910595e-01
9.373263208601533947e+00,7.768297103333120512e-01
9.373378276460293534e+00,7.807110546840758669e-01
9.373505681718645732e+00,7.845921079605974180e-01
9.373650291747599894e+00,7.884727963497895065e-01
9.373816973918163598e+00,7.923530460385678209e-01
9.374010595601337315e+00,7.962327832138467176e-01
9.374236024168133952e+00,8.001119340625388876e-01
9.374498126989561086e+00,8.039904247715601304e-01
9.374801771436620967e+00,8.078681815278245804e-01
9.375151824880322948e+00,8.117451305182478150e-01
9.375553154691676383e+00,8.156211979297428583e-01
9.376010628241685296e+00,8.194963099492238445e-01
9.376529112901353713e+00,8.233703927636064623e-01
9.376529112901353713e+00,8.233703927636064623e-01
9.377132955465253161e+00,8.247726531895428481e-01
9.377727955219659961e+00,8.261753330966357112e-01
9.378318044469226678e+00,8.275781221913900421e-01
9.378907155518632521e+00,8.289807101802992850e-01
9.379499220672526505e+00,8.303827867698725385e-01
9.380098172235586063e+00,8.317840416666046899e-01
9.380707942512470865e+00,8.331841645769985094e-01
9.381332463807847688e+00,8.345828452075537696e-01
9.381975668426379755e+00,8.359797732647691326e-01
9.382641488672733843e+00,8.373746384551505884e-01
9.383333856851571397e+00,8.387671304851940235e-01
9.384056705267560972e+00,8.401569390614018751e-01
9.384813966225365789e+00,8.415437538902749148e-01
9.385609572029650849e+00,8.429272646783123601e-01
9.386447454985082928e+00,8.443071611320160930e-01
9.387331547396323472e+00,8.456831329578859968e-01
9.388265781568039259e+00,8.470548698624240647e-01
9.389254089804895287e+00,8.484220615521287367e-01
9.390300404411554780e+00,8.497843977335014509e-01
9.391408657692684514e+00,8.511415681130440891e-01
9.391408657692684514e+00,8.511415681130440891e-01
9.392296964528819458e+00,8.524803988654885423e-01
9.393209711741175028e+00,8.538172725962750453e-01
9.394143801570852048e+00,8.551524271785171383e-01
9.395096136258967334e+00,8.564861004853260296e-01
9.396063618046618160e+00,8.578185303898222536e-01
9.397043149174919563e+00,8.591499547651129109e-01
9.398031631884975923e+00,8.604806114843142062e-01
9.399025968417900501e+00,8.618107384205376809e-01
9.400023061014795900e+00,8.631405734468979851e-01
9.401019811916766500e+00,8.644703544365099912e-01
9.402013123364925562e+00,8.658003192624864619e-01
9.402999897600381018e+00,8.671307057979381616e-01
9.403977036864233696e+00,8.684617519159832932e-01
9.404941443397602185e+00,8.697936954897332873e-01
9.405890019441585537e+00,8.711267743923001294e-01
9.406819667237295235e+00,8.724612264967993580e-01
9.407727289025835660e+00,8.737972896763438468e-01
9.408609787048318296e+00,8.751352018040475800e-01
9.409464063545847523e+00,8.764752007530233202e-01
9.410287020759533050e+00,8.778175243963853847e-01
9.410287020759533050e+00,8.778175243963853847e-01
9.410412516814707473e+00,8.793139802076948008e-01
9.410553498288653174e+00,8.808097115366048113e-01
9.410710702582260723e+00,8.823047181045768905e-01
9.410884867096434903e+00,8.837989996330691822e-01
9.411076729232052074e+00,8.852925558435452702e-01
9.411287026390018795e+00,8.867853864574625211e-01
9.411516495971227414e+00,8.882774911962819653e-01
9.411765875376566726e+00,8.897688697814616354e-01
9.412035902006939736e+00,8.912595219344624509e-01
9.412327313263228135e+00,8.927494473767478844e-01
9.412640846546336704e+00,8.942386458297741925e-01
9.412977239257150686e+00,8.957271170150020723e-01
9.413337228796569534e+00,8.972148606538932203e-01
9.413721552565487372e+00,8.987018764679050031e-01
9.414130947964794771e+00,9.001881641785002275e-01
9.414566152395387633e+00,9.016737235071365930e-01
9.415027903258158304e+00,9.031585541752774615e-01
9.415516937954002685e+00,9.046426559043784232e-01
9.416033993883813125e+00,9.061260284159021738e-01
9.416579808448483746e+00,9.076086714313090775e-01
9.416579808448483746e+00,9.076086714313090775e-01
9.417275262008681480e+00,9.095779995409671859e-01
9.417931340011486796e+00,9.115500718261667634e-01
9.418555859056402468e+00,9.135243401202998159e-01
9.419156635742936601e+00,9.155002562567484681e-01
9.419741486670590191e+00,9.174772720689056138e-01
9.420318228438873120e+00,9.194548393901533778e-01
9.420894677647288162e+00,9.214324100538809903e-01
9.421478650895346973e+00,9.234094358934743507e-01
9.422077964782550552e+00,9.253853687423204688e-01
9.422700435908399896e+00,9.273596604338092408e-01
9.423353880872406663e+00,9.293317628013244569e-01
9.424046116274075402e+00,9.313011276782537928e-01
9.424784958712910665e+00,9.332672068979865898e-01
9.425578224788418780e+00,9.352294522939064159e-01
9.426433731100106073e+00,9.371873156994026122e-01
9.427359294247475319e+00,9.391402489478616333e-01
9.428362730830034621e+00,9.410877038726711552e-01
9.429451857447288532e+00,9.430291323072163001e-01
9.430634490698743377e+00,9.449639860848862982e-01
9.431918447183901932e+00,9.468917170390683813e-01
9.431918447183901932e+00,9.468917170390683813e-01
9.433271494932160550e+00,9.491071837030374825e-01
9.434542691181201590e+00,9.513283818834634697e-01
9.435738672539068617e+00,9.535548372268264350e-01
9.436866075613810523e+00,9.557860753795928144e-01
9.437931537013465544e+00,9.580216219882403683e-01
9.438941693346082573e+00,9.602610026992379755e-01
9.439903181219703399e+00,9.625037431590597325e-01
9.440822637242378690e+00,9.647493690141766276e-01
9.441706698022146682e+00,9.669974059110620912e-01
9.442562000167052716e+00,9.692473794961917744e-01
9.443395180285143908e+00,9.714988154160345557e-01
9.444212874984467376e+00,9.737512393170653091e-01
9.445021720873059579e+00,9.760041768457541345e-01
9.445828354558974738e+00,9.782571536485766828e-01
9.446639412650251089e+00,9.805096953720030539e-01
9.447461531754935748e+00,9.827613276625076777e-01
9.448301348481072282e+00,9.850115761665626524e-01
9.449165499436707805e+00,9.872599665306400762e-01
9.450060621229882329e+00,9.895060244012129358e-01
9.450993350468644749e+00,9.917492754247548836e-01
9.450993350468644749e+00,9.917492754247548836e-01
9.451150665847483978e+00,9.921583531622836238e-01
9.451308030361381896e+00,9.925677932802786652e-01
9.451465493145384755e+00,9.929775960572865268e-01
9.451623103334554798e+00,9.933877617718395170e-01
9.451780910063940055e+00,9.937982907024851542e-01
9.451938962468597438e+00,9.942091831277583003e-01
9.452097309683580306e+00,9.946204393262015886e-01
9.452256000843949124e+00,9.950320595763519904e-01
9.452415085084751922e+00,9.954440441567509179e-01
9.452574611541043836e+00,9.958563933459406714e-01
9.452734629347881778e+00,9.962691074224577781e-01
9.452895187640317332e+00,9.966821866648440942e-01
9.453056335553407408e+00,9.970956313516394776e-01
9.453218122222205366e+00,9.975094417613830089e-01
9.453380596781766343e+00,9.979236181726145460e-01
9.453543808367143697e+00,9.983381608638745019e-01
9.453707806113392564e+00,9.987530701137042888e-01
9.453872639155569857e+00,9.991683462006406558e-01
9.454038356628725381e+00,9.995839894032257922e-01
9.454205007667916050e+00,1.000000000000000000e+00
9.454205007667916050e+00,1.000000000000000000e+00
9.454668818452207191e+00,9.976664636884186033e-01
9.455229284264953904e+00,9.953386588932968682e-01
9.455878833806840689e+00,9.930161112611100016e-01
9.456609895778569808e+00,9.906983464383272153e-01
9.457414898880815102e+00,9.883848900714250485e-01
9.458286271814277058e+00,9.860752678068728239e-01
9.459216443279643727e+00,9.837690052911455263e-01
9.460197841977604938e+00,9.814656281707132557e-01
9.461222896608852295e+00,9.791646620920502198e-01
9.462284035874072075e+00,9.768656327016295160e-01
9.463373688473957657e+00,9.745680656459231317e-01
9.464484283109197094e+00,9.722714865714026100e-01
9.465608248480480214e+00,9.699754211245443791e-01
9.466738013288500397e+00,9.676793949518165405e-01
9.467866006233945697e+00,9.653829336996938570e-01
9.468984656017504165e+00,9.630855630146486490e-01
9.470086391339869181e+00,9.607868085431544580e-01
9.471163640901728797e+00,9.584861959316820501e-01
9.472208833403774619e+00,9.561832508267065212e-01
9.473214397546694698e+00,9.538774988746986372e-01
9.473214397546694698e+00,9.538774988746986372e-01
9.474073826848638191e+00,9.520512128186311429e-01
9.474924019885573756e+00,9.502235011951212229e-01
9.475768515506649337e+00,9.483947656587735642e-01
9.476610852561019982e+00,9.465654078641840830e-01
9.477454569897835412e+00,9.447358294659609079e-01
9.478303206366250677e+00,9.429064321187012876e-01
9.479160300815415496e+00,9.410776174770079106e-01
9.480029392094484919e+00,9.392497871954814670e-01
9.480914019052612218e+00,9.374233429287238684e-01
9.481817720538941785e+00,9.355986863313392465e-01
9.482744035402635774e+00,9.337762190579255162e-01
9.483696502492840352e+00,9.319563427630866981e-01
9.484678660658710569e+00,9.301394591014234825e-01
9.485694048749399698e+00,9.283259697275365596e-01
9.486746205614057459e+00,9.265162762960278409e-01
9.487838670101837124e+00,9.247107804615000148e-01
9.488974981061891967e+00,9.229098838785538828e-01
9.490158677343373483e+00,9.211139882017905789e-01
9.491393297795433170e+00,9.193234950858122367e-01
9.492682381267224301e+00,9.175388061852208788e-01
9.492682381267224301e+00,9.175388061852208788e-01
9.493459165157492663e+00,9.169475321732214468e-01
9.494235948672688608e+00,9.163565890666756086e-01
9.495012731437725506e+00,9.157659400983135800e-01
9.495789513077536270e+00,9.151755485008591373e-01
9.496566293217037824e+00,9.145853775070451608e-01
9.497343071481154197e+00,9.139953903495944276e-01
9.498119847494812973e+00,9.134055502612340449e-01
9.498896620882934627e+00,9.128158204746908977e-01
9.499673391270441414e+00,9.122261642226944245e-01
9.500450158282255586e+00,9.116365447379719544e-01
9.501226921543304726e+00,9.110469252532480411e-01
9.502003680678507536e+00,9.104572690012514569e-01
9.502780435312791596e+00,9.098675392147110852e-01
9.503557185071075608e+00,9.092776991263500364e-01
9.504333929578287155e+00,9.086877119688986371e-01
9.505110668459346712e+00,9.080975409750826621e-01
9.505887401339178311e+00,9.075071493776302178e-01
9.506664127842705980e+00,9.069165004092681892e-01
9.507440847594850197e+00,9.063255573027230172e-01
9.508217560220536768e+00,9.057342832907229191e-01
9.508217560220536768e+00,9.057342832907229191e-01
9.508754369817525642e+00,9.079733602539099557e-01
9.509227654915541450e+00,9.102144438188639608e-01
9.509642725101075555e+00,9.124573512633838979e-01
9.510004889960633534e+00,9.147018998652598487e-01
9.510319459080699644e+00,9.169479069022941076e-01
9.510591742047781239e+00,9.191951896522787546e-01
9.510827048448371457e+00,9.214435653930092007e-01
9.511030687868972322e+00,9.236928514022816339e-01
9.511207969896076975e+00,9.259428649578914650e-01
9.511364204116178556e+00,9.281934233376364363e-01
9.511504700115780864e+00,9.304443438193105154e-01
9.511634767481380592e+00,9.326954436807085580e-01
9.511759715799470882e+00,9.349465401996280844e-01
9.511884854656551980e+00,9.371974506538631733e-01
9.512015493639120578e+00,9.394479923212107897e-01
9.512156942333671594e+00,9.416979824794655674e-01
9.512314510326705275e+00,9.439472384064244714e-01
9.512493507204718313e+00,9.461955773798822467e-01
9.512699242554205625e+00,9.484428166776351921e-01
9.512937025961663906e+00,9.506887735774779413e-01
9.512937025961663906e+00,9.506887735774779413e-01
9.512987202291713018e+00,9.515868977780685967e-01
9.513039245378758224e+00,9.524850219786578087e-01
9.513093056577604401e+00,9.533831461792497963e-01
9.513148537243079517e+00,9.542812703798376761e-01
9.513205588729984896e+00,9.551793945804296637e-01
9.513264112393143179e+00,9.560775187810203191e-01
9.513324009587364571e+00,9.569756429816109744e-01
9.513385181667469936e+00,9.578737671822016297e-01
9.513447529988264151e+00,9.587718913827901757e-01
9.513510955904566302e+00,9.596700155833814971e-01
9.513575360771191924e+00,9.605681397839721525e-01
9.513640645942953000e+00,9.614662639845613645e-01
9.513706712774663288e+00,9.623643881851526860e-01
9.513773462621140098e+00,9.632625123857440075e-01
9.513840796837197189e+00,9.641606365863332195e-01
9.513908616777646543e+00,9.650587607869238749e-01
9.513976823797301918e+00,9.659568849875145302e-01
9.514045319250982402e+00,9.668550091881045194e-01
9.514114004493496424e+00,9.677531333886943976e-01
9.514182780879663071e+00,9.686512575892850530e-01
9.514182780879663071e+00,9.686512575892850530e-01
9.514807141892239528e+00,9.687533243742514344e-01
9.515329246480154879e+00,9.687653586926004978e-01
9.515757943454129730e+00,9.686951735898077231e-01
9.516102081624897124e+00,9.685505821113462588e-01
9.516370509803174116e+00,9.683393973026934720e-01
9.516572076799693747e+00,9.680694322093198467e-01
9.516715631425181954e+00,9.677484998766999746e-01
9.516810022490362897e+00,9.673844133503084475e-01
9.516837480359047419e+00,9.642837860597813782e-01
9.516839467515676887e+00,9.647311866693022431e-01
9.516854232787085976e+00,9.651901244033675997e-01
9.516857120127919956e+00,9.638557356202822612e-01
9.516864098805964289e+00,9.669849856756179696e-01
9.516872927362545198e+00,9.656527862165062981e-01
9.516886702431326839e+00,9.661113590632443016e-01
9.516886709182708515e+00,9.665580298981063523e-01
9.516907235633022211e+00,9.634548483962782628e-01
9.516996675685081897e+00,9.630889374332433084e-01
9.517134289094821398e+00,9.627658157766512126e-01
9.517328924672970203e+00,9.624932964719759010e-01
9.517328924672970203e+00,9.624932964719759010e-01
9.517673086848644104e+00,9.604303660349138294e-01
9.518017199514194004e+00,9.583671097061141619e-01
9.518361213159474588e+00,9.563035636957719632e-01
9.518705078274365405e+00,9.542397642140775238e-01
9.519048745348728247e+00,9.521757474712286839e-01
9.519392164872437334e+00,9.501115496774128477e-01
9.519735287335356233e+00,9.480472070428270781e-01
9.520078063227359166e+00,9.459827557776611107e-01
9.520420443038313252e+00,9.439182320921083447e-01
9.520762377258083831e+00,9.418536721963655101e-01
9.521103816376543350e+00,9.397891123006204550e-01
9.521444710883558926e+00,9.377245886150697984e-01
9.521785011268999455e+00,9.356601373499044971e-01
9.522124668022733829e+00,9.335957947153180614e-01
9.522463631634632719e+00,9.315315969215022252e-01
9.522801852594561467e+00,9.294675801786512759e-01
9.523139281392392519e+00,9.274037806969596121e-01
9.523475868517991216e+00,9.253402346866168582e-01
9.523811564461228230e+00,9.232769783578178568e-01
9.524146319711972453e+00,9.212140479207550081e-01
9.524146319711972453e+00,9.212140479207550081e-01
9.525294962758032113e+00,9.225520533129173417e-01
9.526474530132119867e+00,9.238868039658140185e-01
9.527677598315158036e+00,9.252190672569986507e-01
9.528896743788084933e+00,9.265496105640165236e-01
9.530124543031824658e+00,9.278792012644228038e-01
9.531353572527310192e+00,9.292086067357647750e-01
9.532576408755470965e+00,9.305385943555926076e-01
9.533785628197241735e+00,9.318699315014565832e-01
9.534973807333546603e+00,9.332033855509068720e-01
9.536133522645316773e+00,9.345397238814949770e-01
9.537257350613485229e+00,9.358797138707690699e-01
9.538337867718981400e+00,9.372241228962806536e-01
9.539367650442731161e+00,9.385737183355792324e-01
9.540339275265671048e+00,9.399292675662141994e-01
9.541245318668728714e+00,9.412915379657373904e-01
9.542078357132835364e+00,9.426612969116973106e-01
9.542830967138918652e+00,9.440393117816456847e-01
9.543495725167911559e+00,9.454263499531306847e-01
9.544065207700743514e+00,9.468231788037043684e-01
9.544531991218342171e+00,9.482305657109156849e-01
9.544531991218342171e+00,9.482305657109156849e-01
9.544920237164850718e+00,9.490362946833786895e-01
9.545284052112062767e+00,9.498462585771735300e-01
9.545631449199694529e+00,9.506592162183039596e-01
9.545970441567479980e+00,9.514739264327708446e-01
9.546309042355131780e+00,9.522891480465808245e-01
9.546655264702378574e+00,9.531036398857318792e-01
9.547017121748943680e+00,9.539161607762279838e-01
9.547402626634552192e+00,9.547254695440698935e-01
9.547819792498927427e+00,9.555303250152629158e-01
9.548276632481787374e+00,9.563294860158091382e-01
9.548781159722860679e+00,9.571217113717090941e-01
9.549341387361868883e+00,9.579057599089656483e-01
9.549965328538533527e+00,9.586803904535832199e-01
9.550660996392585034e+00,9.594443618315607880e-01
9.551436404063739616e+00,9.601964328689019945e-01
9.552299564691724143e+00,9.609353623916105924e-01
9.553258491416260156e+00,9.616599092256890025e-01
9.554321197377070973e+00,9.623688321971380910e-01
9.555495695713885240e+00,9.630608901319609449e-01
9.556789999566417393e+00,9.637348418561605401e-01
9.556789999566417393e+00,9.637348418561605401e-01
9.557252589100805551e+00,9.640451354019822228e-01
9.557716168087665665e+00,9.643554292263416539e-01
9.558180735776840464e+00,9.646657236077827990e-01
9.558646291418185115e+00,9.649760188248420745e-01
9.559112834261533465e+00,9.652863151560641120e-01
9.559580363556740679e+00,9.655966128799837733e-01
9.560048878553651264e+00,9.659069122751444691e-01
9.560518378502115056e+00,9.662172136200831707e-01
9.560988862651973008e+00,9.665275171933410681e-01
9.561460330253073181e+00,9.668378232734609057e-01
9.561932780555263633e+00,9.671481321389787666e-01
9.562406212808388872e+00,9.674584440684368403e-01
9.562880626262298733e+00,9.677687593403726529e-01
9.563356020166835947e+00,9.680790782333296152e-01
9.563832393771850349e+00,9.683894010258440321e-01
9.564309746327184669e+00,9.686997279964585372e-01
9.564788077082686968e+00,9.690100594237121001e-01
9.565267385288207080e+00,9.693203955861446897e-01
9.565747670193585961e+00,9.696307367622961637e-01
9.566228931048675221e+00,9.699410832307068242e-01
9.566228931048675221e+00,9.699410832307068242e-01
9.567624661781122697e+00,9.686300859537135821e-01
9.569019613104083888e+00,9.673184268658090446e-01
9.570413980807616738e+00,9.660061795015398856e-01
9.571807960681791627e+00,9.646934173954497815e-01
9.573201748516664722e+00,9.633802140820882931e-01
9.574595540102306401e+00,9.620666430959972093e-01
9.575989531228781715e+00,9.607527779717244254e-01
9.577383917686153936e+00,9.594386922438138399e-01
9.578778895264486337e+00,9.581244594468120157e-01
9.580174659753842192e+00,9.568101531152650718e-01
9.581571406944288327e+00,9.554958467837180169e-01
9.582969332625889791e+00,9.541816139867163038e-01
9.584368632588706305e+00,9.528675282588063844e-01
9.585769502622808247e+00,9.515536631345336005e-01
9.587172138518257114e+00,9.502400921484417395e-01
9.588576736065117956e+00,9.489268888350789188e-01
9.589983491053452269e+00,9.476141267289901471e-01
9.591392599273328656e+00,9.463018793647209881e-01
9.592804256514808614e+00,9.449902202768164505e-01
9.594218658567957192e+00,9.436792229998232084e-01
9.594218658567957192e+00,9.436792229998232084e-01
9.594612447148650247e+00,9.444534021240346133e-01
9.595007168920306029e+00,9.452279021262620651e-01
9.595402774372782773e+00,9.460026873533955438e-01
9.595799213995963584e+00,9.467777221523175912e-01
9.596196438279701368e+00,9.475529708699210740e-01
9.596594397713873903e+00,9.483283978530893110e-01
9.596993042788350081e+00,9.491039674487087296e-01
9.597392323992997021e+00,9.498796440036662014e-01
9.597792191817685392e+00,9.506553918648497081e-01
9.598192596752278760e+00,9.514311753791485637e-01
9.598593489286649572e+00,9.522069588934460871e-01
9.598994819910668497e+00,9.529827067546302599e-01
9.599396539114200877e+00,9.537583833095897301e-01
9.599798597387115606e+00,9.545339529052092598e-01
9.600200945219286908e+00,9.553093798883760535e-01
9.600603533100576570e+00,9.560846286059775379e-01
9.601006311520855263e+00,9.568596634049015837e-01
9.601409230969995434e+00,9.576344486320343963e-01
9.601812241937860648e+00,9.584089486342625142e-01
9.602215294914321575e+00,9.591831277584739190e-01
9.602215294914321575e+00,9.591831277584739190e-01
9.602862255738983777e+00,9.592538581496338201e-01
9.603412407378648652e+00,9.592443010727123021e-01
9.603874157178699633e+00,9.591614300537925075e-01
9.604255912484536140e+00,9.590122186189463660e-01
9.604566080641538051e+00,9.588036402942570202e-01
9.604813068995099457e+00,9.585426686058000634e-01
9.605005284890609119e+00,9.582362770796544194e-01
9.605151135673457574e+00,9.578914392418956814e-01
9.605259028689035361e+00,9.575151286186047717e-01
9.605337371282727688e+00,9.571143187358595039e-01
9.605394570799926868e+00,9.566959831197364705e-01
9.605439034586021663e+00,9.562670952963141513e-01
9.605479169986400834e+00,9.558346287916715811e-01
9.605523384346456695e+00,9.554055571318861295e-01
9.605580085011576230e+00,9.549868538430341669e-01
9.605657679327149978e+00,9.545854924511953943e-01
9.605764574638564923e+00,9.542084464824494017e-01
9.605909178291213379e+00,9.538626894628702280e-01
9.606099897630485884e+00,9.535551949185397946e-01
9.606345140001769423e+00,9.532929363755342500e-01
9.606345140001769423e+00,9.532929363755342500e-01
9.606892923844410959e+00,9.518100179305445385e-01
9.607417853510419548e+00,9.503258538549180789e-01
9.607923615254106764e+00,9.488406636381332415e-01
9.608413895329794840e+00,9.473546667696630674e-01
9.608892379991790023e+00,9.458680827389910339e-01
9.609362755494414543e+00,9.443811310355892941e-01
9.609828708091983529e+00,9.428940311489369952e-01
9.610293924038813884e+00,9.414070025685095100e-01
9.610762089589218959e+00,9.399202647837857638e-01
9.611236890997513882e+00,9.384340372842429057e-01
9.611722014518015555e+00,9.369485395593568633e-01
9.612221146405042660e+00,9.354639910986061180e-01
9.612737972912904993e+00,9.339806113914669305e-01
9.613276180295923012e+00,9.324986199274166720e-01
9.613839454808411844e+00,9.310182361959317143e-01
9.614431482704686616e+00,9.295396796864897615e-01
9.615055950239060678e+00,9.280631698885695169e-01
9.615716543665852711e+00,9.265889262916452429e-01
9.616416949239377843e+00,9.251171683851960870e-01
9.617160853213952976e+00,9.236481156586986430e-01
9.617160853213952976e+00,9.236481156586986430e-01
9.618069104068718289e+00,9.225043864470643395e-01
9.618967767961713378e+00,9.213590884984531604e-01
9.619861023247946008e+00,9.202128423998707785e-01
9.620753048282438158e+00,9.190662687383085450e-01
9.621648021420192265e+00,9.179199881007735762e-01
9.622550121016230307e+00,9.167746210742583335e-01
9.623463525425563603e+00,9.156307882457631608e-01
9.624392413003210578e+00,9.144891102022868479e-01
9.625340962104182552e+00,9.133502075308275181e-01
9.626313351083490844e+00,9.122147008183875139e-01
9.627313758296150326e+00,9.110832106519614060e-01
9.628346362097177646e+00,9.099563576185502045e-01
9.629415340841585902e+00,9.088347623051526991e-01
9.630524872884388188e+00,9.077190452987663472e-01
9.631679136580599376e+00,9.066098271863900493e-01
9.632882310285232563e+00,9.055077285550238164e-01
9.634138572353300844e+00,9.044133699916666602e-01
9.635452101139822645e+00,9.033273720833151499e-01
9.636827074999807508e+00,9.022503554169704065e-01
9.638267672288268528e+00,9.011829405796304426e-01
9.638267672288268528e+00,9.011829405796304426e-01
9.639056974115074894e+00,9.005237999849222685e-01
9.639834920493226988e+00,8.998613840389915186e-01
9.640605886693023763e+00,8.991968071801658136e-01
9.641374247984785484e+00,8.985311838467612278e-01
9.642144379638809326e+00,8.978656284771069362e-01
9.642920656925413780e+00,8.972012555095203457e-01
9.643707455114899574e+00,8.965391793823248578e-01
9.644509149477585197e+00,8.958805145338428755e-01
9.645330115283773154e+00,8.952263754023959130e-01
9.646174727803767723e+00,8.945778764263102589e-01
9.647047362307885621e+00,8.939361320439039860e-01
9.647952394066429349e+00,8.933022566934999409e-01
9.648894198349710294e+00,8.926773648134233019e-01
9.649877150428039840e+00,8.920625708419933630e-01
9.650905625571724045e+00,8.914589892175329711e-01
9.651983999051068963e+00,8.908677343783653058e-01
9.653116646136387757e+00,8.902899207628129918e-01
9.654307942097986484e+00,8.897266628091976548e-01
9.655562262206172974e+00,8.891790749558422524e-01
9.656883981731258615e+00,8.886482716410681881e-01
9.656883981731258615e+00,8.886482716410681881e-01
9.658037664621119234e+00,8.880608940779437521e-01
9.659230876474767413e+00,8.874804357256066423e-01
9.660453981195368911e+00,8.869050529281617967e-01
9.661697342686103696e+00,8.863329020297009420e-01
9.662951324850137524e+00,8.857621393743324578e-01
9.664206291590643261e+00,8.851909213061520676e-01
9.665452606810795544e+00,8.846174041692611567e-01
9.666680634413767237e+00,8.840397443077577799e-01
9.667880738302727650e+00,8.834560980657432117e-01
9.669043282380844317e+00,8.828646217873202806e-01
9.670158630551297207e+00,8.822634718165854872e-01
9.671217146717253854e+00,8.816508044976396619e-01
9.672209194781888897e+00,8.810247761745847450e-01
9.673125138648371646e+00,8.803835431915186804e-01
9.673955342219874964e+00,8.797252618925415213e-01
9.674690169399571715e+00,8.790480886217546530e-01
9.675319984090631209e+00,8.783501797232573516e-01
9.675835150196228085e+00,8.776296915411504473e-01
9.676226031619533430e+00,8.768847804195329942e-01
9.676482992263718330e+00,8.761136027025059336e-01
9.676482992263718330e+00,8.761136027025059336e-01
9.676756018507894908e+00,8.758414627228134908e-01
9.677007517596988961e+00,8.755326504524227893e-01
9.677241520105763328e+00,8.751928428139664762e-01
9.677462056609003938e+00,8.748277167300729795e-01
9.677673157681475402e+00,8.744429491233790541e-01
9.677878853897954770e+00,8.740442169165110187e-01
9.678083175833215535e+00,8.736371970321021863e-01
9.678290154062031192e+00,8.732275663927808740e-01
9.678503819159180566e+00,8.728210019211817272e-01
9.678728201699428269e+00,8.724231805399367268e-01
9.678967332257554901e+00,8.720397791716735236e-01
9.679225241408333957e+00,8.716764747390260970e-01
9.679505959726533604e+00,8.713389441646256506e-01
9.679813517786936217e+00,8.710328643711019447e-01
9.680151946164309962e+00,8.707639122810861831e-01
9.680525275433428334e+00,8.705377648172109017e-01
9.680937536169068380e+00,8.703600989021074152e-01
9.681392758946001820e+00,8.702365914584054840e-01
9.681894974339002147e+00,8.701729194087375330e-01
9.682448212922844633e+00,8.701747596757349879e-01
9.682448212922844633e+00,8.701747596757349879e-01
9.683244619140916498e+00,8.716507860675816177e-01
9.684023176206533634e+00,8.731287095949947785e-01
9.684786686693174218e+00,8.746082380695772152e-01
9.685537953174334191e+00,8.760890793029202372e-01
9.686279778223498838e+00,8.775709411066280330e-01
9.687014964414156992e+00,8.790535312922921340e-01
9.687746314319801044e+00,8.805365576715108444e-01
9.688476630513918053e+00,8.820197280558806918e-01
9.689208715569996855e+00,8.835027502569987590e-01
9.689945372061520956e+00,8.849853320864647932e-01
9.690689402561986299e+00,8.864671813558731017e-01
9.691443609644879942e+00,8.879480058768208783e-01
9.692210795883687169e+00,8.894275134609072042e-01
9.692993763851902145e+00,8.909054119197270527e-01
9.693795316123008377e+00,8.923814090648782837e-01
9.694618255270498253e+00,8.938552127079578691e-01
9.695465383867857057e+00,8.953265306605630025e-01
9.696339504488577177e+00,8.967950707342906558e-01
9.697243419706145673e+00,8.982605407407379117e-01
9.698179932094051381e+00,8.997226484915019640e-01
9.698179932094051381e+00,8.997226484915019640e-01
9.699387608595088750e+00,8.984978242316393748e-01
9.700626202672768983e+00,8.972761719846735762e-01
9.701888291558177002e+00,8.960568527882960543e-01
9.703166452482395954e+00,8.948390276801847509e-01
9.704453262676505432e+00,8.936218576980270445e-01
9.705741299371595687e+00,8.924045038795048734e-01
9.707023139798748090e+00,8.911861272623021746e-01
9.708291361189045787e+00,8.899658888841023296e-01
9.709538540773575477e+00,8.887429497825892755e-01
9.710757255783413200e+00,8.875164709954497244e-01
9.711940083449650984e+00,8.862856135603643937e-01
9.713079601003366648e+00,8.850495385150172201e-01
9.714168385675648665e+00,8.838074068970949160e-01
9.715199014697576629e+00,8.825583797442787537e-01
9.716164065300240793e+00,8.813016180942520039e-01
9.717056114714717197e+00,8.800362829847007129e-01
9.717867740172092539e+00,8.787615354533075962e-01
9.718591518903451743e+00,8.774765365377551474e-01
9.719220028139879730e+00,8.761804472757309670e-01
9.719745845112454319e+00,8.748724287049155501e-01
9.719745845112454319e+00,8.748724287049155501e-01
9.720216108404619249e+00,8.737824272026575301e-01
9.720849602473588646e+00,8.727160099561310780e-01
9.721630593974857959e+00,8.716708402937375366e-01
9.722543349563927961e+00,8.706445815438677016e-01
9.723572135896286994e+00,8.696348970349236929e-01
9.724701219627437609e+00,8.686394500952981934e-01
9.725914867412875253e+00,8.676559040533873279e-01
9.727197345908095372e+00,8.666819222375891085e-01
9.728532921768593411e+00,8.657151679762991048e-01
9.729905861649864818e+00,8.647533045979145516e-01
9.731300432207410367e+00,8.637939954308303525e-01
9.732700900096720176e+00,8.628349038034438534e-01
9.734091531973293243e+00,8.618736930441518451e-01
9.735456594492626792e+00,8.609080264813496752e-01
9.736780354310216268e+00,8.599355674434341346e-01
9.738047078081557117e+00,8.589539792588012368e-01
9.739241032462144787e+00,8.579609252558478838e-01
9.740346484107478275e+00,8.569540687629707554e-01
9.741347699673053029e+00,8.559310731085653101e-01
9.742228945814362717e+00,8.548896016210282278e-01
9.742228945814362717e+00,8.548896016210282278e-01
9.742845098709818075e+00,8.543244248057280110e-01
9.743437407601092559e+00,8.537538401373823138e-01
9.744009559117575492e+00,8.531786512037388137e-01
9.744565239888665076e+00,8.525996615925340860e-01
9.745108136543741750e+00,8.520176748915180287e-01
9.745641935712209047e+00,8.514334946884295485e-01
9.746170324023458065e+00,8.508479245710114380e-01
9.746696988106879900e+00,8.502617681270085992e-01
9.747225614591865650e+00,8.496758289441617151e-01
9.747759890107806413e+00,8.490909106102179082e-01
9.748303501284098616e+00,8.485078167129161963e-01
9.748860134750135131e+00,8.479273508400019255e-01
9.749433477135303505e+00,8.473503165792183323e-01
9.750027215069001940e+00,8.467775175183062109e-01
9.750645035180619757e+00,8.462097572450096861e-01
9.751290624099549831e+00,8.456478393470724386e-01
9.751967668455183258e+00,8.450925674122384823e-01
9.752679854876918242e+00,8.445447450282467239e-01
9.753430869994140551e+00,8.440051757828459511e-01
9.754224400436244835e+00,8.434746632637750707e-01
9.754224400436244835e+00,8.434746632637750707e-01
9.755783557923100702e+00,8.429932633721465285e-01
9.757334994455025168e+00,8.425061297357355761e-01
9.758879840888420532e+00,8.420141021524822911e-01
9.760419228079697973e+00,8.415180204203189795e-01
9.761954286885256238e+00,8.410187243371863852e-01
9.763486148161508282e+00,8.405170537010165921e-01
9.765015942764856405e+00,8.400138483097456810e-01
9.766544801551711785e+00,8.395099479613106208e-01
9.768073855378478498e+00,8.390061924536461602e-01
9.769604235101558842e+00,8.385034215846917105e-01
9.771137071577365774e+00,8.380024751523802440e-01
9.772673495662301590e+00,8.375041929546477304e-01
9.774214638212773920e+00,8.370094147894316938e-01
9.775761630085188614e+00,8.365189804546669938e-01
9.777315602135955075e+00,8.360337297482890451e-01
9.778877685221475602e+00,8.355545024682353716e-01
9.780449010198157822e+00,8.350821384124413882e-01
9.782030707922409363e+00,8.346174773788426204e-01
9.783623909250634298e+00,8.341613591653751492e-01
9.785229745039242033e+00,8.337146235699759433e-01
9.785229745039242033e+00,8.337146235699759433e-01
9.787883983736834992e+00,8.334475830996076473e-01
9.790537295619779812e+00,8.331795368214947040e-01
9.793189729072965477e+00,8.329105763752816527e-01
9.795841332481307617e+00,8.326407934006068157e-01
9.798492154229691664e+00,8.323702795371186181e-01
9.801142242703029694e+00,8.320991264244533836e-01
9.803791646286217798e+00,8.318274257022556517e-01
9.806440413364160946e+00,8.315552690101657429e-01
9.809088592321757005e+00,8.312827479878260872e-01
9.811736231543903841e+00,8.310099542748825563e-01
9.814383379415508202e+00,8.307369795109733612e-01
9.817030084321467953e+00,8.304639153357403769e-01
9.819676394646684514e+00,8.301908533888285868e-01
9.822322358776061080e+00,8.299178853098778674e-01
9.824968025094497293e+00,8.296451027385304267e-01
9.827613441986891019e+00,8.293725973144289165e-01
9.830258657838147229e+00,8.291004606772163221e-01
9.832903721033167344e+00,8.288287844665322979e-01
9.835548679956847451e+00,8.285576603220220493e-01
9.838193582994092523e+00,8.282871798833252308e-01
9.838193582994092523e+00,8.282871798833252308e-01
9.838514696015735694e+00,8.278113328712051189e-01
9.838811923024602279e+00,8.273332990419705046e-01
9.839088901139946941e+00,8.268534430044143235e-01
9.839349267481040329e+00,8.263721293673186308e-01
9.839596659167135329e+00,8.258897227394812468e-01
9.839834713317495485e+00,8.254065877296841158e-01
9.840067067051386118e+00,8.249230889467182859e-01
9.840297357488065444e+00,8.244395909993719185e-01
9.840529221746795230e+00,8.239564584964331750e-01
9.840766296946833691e+00,8.234740560466936588e-01
9.841012220207446148e+00,8.229927482589396437e-01
9.841270628647894370e+00,8.225128997419599575e-01
9.841545159387434794e+00,8.220348751045456481e-01
9.841839449545334517e+00,8.215590389554833228e-01
9.842157136240851756e+00,8.210857559035612541e-01
9.842501856593248277e+00,8.206153905575706009e-01
9.842877247721784073e+00,8.201483075262985256e-01
9.843286946745720911e+00,8.196848714185328566e-01
9.843734590784322336e+00,8.192254468430650860e-01
9.844223816956848339e+00,8.187703984086827091e-01
9.844223816956848339e+00,8.187703984086827091e-01
9.845726873901387677e+00,8.195059403749969107e-01
9.847245260232773134e+00,8.202379819298136754e-01
9.848776616718227572e+00,8.209670336368557475e-01
9.850318584124993393e+00,8.216936060598398761e-01
9.851868803220289905e+00,8.224182097624908039e-01
9.853424914771359511e+00,8.231413553085261681e-01
9.854984559545430400e+00,8.238635532616671586e-01
9.856545378309732541e+00,8.245853141856311908e-01
9.858105011831503006e+00,8.253071486441412308e-01
9.859661100877964657e+00,8.260295672009186907e-01
9.861211286216358118e+00,8.267530804196815408e-01
9.862753208613909806e+00,8.274781988641513042e-01
9.864284508837853238e+00,8.282054330980487267e-01
9.865802827655420160e+00,8.289352936850918896e-01
9.867305805833844090e+00,8.296682911890016499e-01
9.868791084140353220e+00,8.304049361734999746e-01
9.870256303342181070e+00,8.311457392023063884e-01
9.871699104206562936e+00,8.318912108391403049e-01
9.873117127500723456e+00,8.326418616477232471e-01
9.874508013991897926e+00,8.333982021917750727e-01
9.874508013991897926e+00,8.333982021917750727e-01
9.875220115208692917e+00,8.347608123636087729e-01
9.875923907725290718e+00,8.361247383581439374e-01
9.876623865457171192e+00,8.374894687760437995e-01
9.877324462319844400e+00,8.388544922179633767e-01
9.878030172228790207e+00,8.402192972845697883e-01
9.878745469099511567e+00,8.415833725765173856e-01
9.879474826847499003e+00,8.429462066944674037e-01
9.880222719388253694e+00,8.443072882390781908e-01
9.880993620637264385e+00,8.456661058110107598e-01
9.881792004510021599e+00,8.470221480109276779e-01
9.882622344922028290e+00,8.483749034394852950e-01
9.883489115788771429e+00,8.497238606973447350e-01
9.884396791025750417e+00,8.510685083851665667e-01
9.885349844548457554e+00,8.524083351036095824e-01
9.886352750272386913e+00,8.537428294533337958e-01
9.887409982113034346e+00,8.550714800349995537e-01
9.888526013985892149e+00,8.563937754492665366e-01
9.889705319806456174e+00,8.577092042967939811e-01
9.890952373490218719e+00,8.590172551782435661e-01
9.892271648952677410e+00,8.603174166942730849e-01
9.892271648952677410e+00,8.603174166942730849e-01
9.893102842664292851e+00,8.612357166572833789e-01
9.893906752542836358e+00,8.621577278865276694e-01
9.894685590790986751e+00,8.630831395314297882e-01
9.895441569611429955e+00,8.640116407414050181e-01
9.896176901206843013e+00,8.649429206658812985e-01
9.896893797779910074e+00,8.658766684542740233e-01
9.897594471533313509e+00,8.668125732560070240e-01
9.898281134669733916e+00,8.677503242204962497e-01
9.898955999391853666e+00,8.686896104971668642e-01
9.899621277902349803e+00,8.696301212354398125e-01
9.900279182403910028e+00,8.705715455847339301e-01
9.900931925099213160e+00,8.715135726944688299e-01
9.901581718190938020e+00,8.724558917140688985e-01
9.902230773881772308e+00,8.733981917929517502e-01
9.902881304374393068e+00,8.743401620805374419e-01
9.903535521871484448e+00,8.752814917262490280e-01
9.904195638575725269e+00,8.762218698795075644e-01
9.904863866689799679e+00,8.771609856897318869e-01
9.905542418416386496e+00,8.780985283063437175e-01
9.906233505958168095e+00,8.790341868787631130e-01
9.906233505958168095e+00,8.790341868787631130e-01
9.906984921594849780e+00,8.789827772252372107e-01
9.907688353662686964e+00,8.788893275377214209e-01
9.908347931756710025e+00,8.787574337669152857e-01
9.908967785471963552e+00,8.785906918635124629e-01
9.909552044403477922e+00,8.783926977782168244e-01
9.910104838146294171e+00,8.781670474617214728e-01
9.910630296295442676e+00,8.779173368647251730e-01
9.911132548445968027e+00,8.776471619379240252e-01
9.911615724192900601e+00,8.773601186320187928e-01
9.912083953131272551e+00,8.770598028977067973e-01
9.912541364856130244e+00,8.767498106856841389e-01
9.912992088962504056e+00,8.764337379466481392e-01
9.913440255045429694e+00,8.761151806312982293e-01
9.913889992699946418e+00,8.757977346903305094e-01
9.914345431521088159e+00,8.754849960744437443e-01
9.914810701103892399e+00,8.751805607343351445e-01
9.915289931043396621e+00,8.748880246207030309e-01
9.915787250934634756e+00,8.746109836842439478e-01
9.916306790372644286e+00,8.743530338756565490e-01
9.916852678952459144e+00,8.741177711456384891e-01
9.916852678952459144e+00,8.741177711456384891e-01
9.918222196070832553e+00,8.733079688978591104e-01
9.919596780476124920e+00,8.724994072669950418e-01
9.920975595747174580e+00,8.716918673206548451e-01
9.922357805462828750e+00,8.708851301264335376e-01
9.923742573201925765e+00,8.700789767519420126e-01
9.925129062543316394e+00,8.692731882647777297e-01
9.926516437065838971e+00,8.684675457325452541e-01
9.927903860348340714e+00,8.676618302228465973e-01
9.929290495969665287e+00,8.668558228032841040e-01
9.930675507508651023e+00,8.660493045414637825e-01
9.932058058544146917e+00,8.652420565049839807e-01
9.933437312654998408e+00,8.644338597614507069e-01
9.934812433420043831e+00,8.636244953784656397e-01
9.936182584418128627e+00,8.628137444236306797e-01
9.937546929228096459e+00,8.620013879645489485e-01
9.938904631428792769e+00,8.611872070688243452e-01
9.940254854599059442e+00,8.603709828040587704e-01
9.941596762317743696e+00,8.595524962378532363e-01
9.942929518163682090e+00,8.587315284378144176e-01
9.944252285715725392e+00,8.579078604715421053e-01
9.944252285715725392e+00,8.579078604715421053e-01
9.944406739509000559e+00,8.572305367427615064e-01
9.944538191720482700e+00,8.565497256938610082e-01
9.944650181199310879e+00,8.558659565507397149e-01
9.944746246794652578e+00,8.551797585392902912e-01
9.944829927355648636e+00,8.544916608854153939e-01
9.944904761731457654e+00,8.538021928150075768e-01
9.944974288771227577e+00,8.531118835539630574e-01
9.945042047324115231e+00,8.524212623281774981e-01
9.945111576239273887e+00,8.517308583635505581e-01
9.945186414365847938e+00,8.510412008859798982e-01
9.945270100552997761e+00,8.503528191213587384e-01
9.945366173649869523e+00,8.496662422955849614e-01
9.945478172505620051e+00,8.489819996345560060e-01
9.945609635969400841e+00,8.483006203641674237e-01
9.945764102890365166e+00,8.476226337103154318e-01
9.945945112117662745e+00,8.469485688988978023e-01
9.946156202500446852e+00,8.462789551558119738e-01
9.946400912887870760e+00,8.456143217069520546e-01
9.946682782129085965e+00,8.449551977782164824e-01
9.947005349073243963e+00,8.443021125955020301e-01
9.947005349073243963e+00,8.443021125955020301e-01
9.948344979263374910e+00,8.436409903283512701e-01
9.949706880385797092e+00,8.429858494279893755e-01
9.951087758141389017e+00,8.423357411873677592e-01
9.952484318231052285e+00,8.416897168994258438e-01
9.953893266355665403e+00,8.410468278571141543e-01
9.955311308216126420e+00,8.404061253533745557e-01
9.956735149513320948e+00,8.397666606811534651e-01
9.958161495948141706e+00,8.391274851333945239e-01
9.959587053221477859e+00,8.384876500030448154e-01
9.961008527034215021e+00,8.378462065830502015e-01
9.962422623087245910e+00,8.372022061663544346e-01
9.963826047081463244e+00,8.365547000459031546e-01
9.965215504717752637e+00,8.359027395146430006e-01
9.966587701697006807e+00,8.352453758655168370e-01
9.967939343720113143e+00,8.345816603914711918e-01
9.969267136487960812e+00,8.339106443854511497e-01
9.970567785701442531e+00,8.332313791404031278e-01
9.971837997061447467e+00,8.325429159492715447e-01
9.973074476268863009e+00,8.318443061050009302e-01
9.974273929024580099e+00,8.311346009005382562e-01
9.974273929024580099e+00,8.311346009005382562e-01
9.974869482579807212e+00,8.303002920584180435e-01
9.975439466027641089e+00,8.294624958961773764e-01
9.975987812797974641e+00,8.286217416397173574e-01
9.976518456320706107e+00,8.277785585149277647e-01
9.977035330025726623e+00,8.269334757477125875e-01
9.977542367342934426e+00,8.260870225639639353e-01
9.978043501702224205e+00,8.252397281895800241e-01
9.978542666533490646e+00,8.243921218504564052e-01
9.979043795266631989e+00,8.235447327724885191e-01
9.979550821331535815e+00,8.226980901815783565e-01
9.980067678158102140e+00,8.218527233036170276e-01
9.980598299176229204e+00,8.210091613645037478e-01
9.981146617815806366e+00,8.201679335901346235e-01
9.981716567506730087e+00,8.193295692064065383e-01
9.982312081678898608e+00,8.184945974392151546e-01
9.982937093762204839e+00,8.176635475144580223e-01
9.983595537186543467e+00,8.168369486580319139e-01
9.984291345381810956e+00,8.160153300958318257e-01
9.985028451777901992e+00,8.151992210537567507e-01
9.985810789804711263e+00,8.143891507577029065e-01
9.985810789804711263e+00,8.143891507577029065e-01
9.986876554703970399e+00,8.135920105180406425e-01
9.987965375196083073e+00,8.127989383542808532e-01
9.989070810838139636e+00,8.120088939197346312e-01
9.990186421187244648e+00,8.112208368676947501e-01
9.991305765800484906e+00,8.104337268514736348e-01
9.992422404234963196e+00,8.096465235243697212e-01
9.993529896047773420e+00,8.088581865396872184e-01
9.994621800796014810e+00,8.080676755507294473e-01
9.995691678036783046e+00,8.072739502107982856e-01
9.996733087327172029e+00,8.064759701731998298e-01
9.997739588224279217e+00,8.056726950912348473e-01
9.998704740285202064e+00,8.048630846182071030e-01
9.999622103067034473e+00,8.040460984074202511e-01
1.000048523612687745e+01,8.032206961121760580e-01
1.000128769902182668e+01,8.023858373857800652e-01
1.000202305130897429e+01,8.015404818815334842e-01
1.000268485254541950e+01,8.006835892527409682e-01
1.000326666228825978e+01,7.998141191527032845e-01
1.000376204009459080e+01,7.989310312347265297e-01
1.000416454552150824e+01,7.980332851521124704e-01
1.000416454552150824e+01,7.980332851521124704e-01
1.000538008738202578e+01,7.961303059074248401e-01
1.000664227753815894e+01,7.942323855052264570e-01
1.000794369322098021e+01,7.923387390199552183e-01
1.000927691166158340e+01,7.904485815260406945e-01
1.001063451009104455e+01,7.885611280979212268e-01
1.001200906574044858e+01,7.866755938100258305e-01
1.001339315584088396e+01,7.847911937367886281e-01
1.001477935762343208e+01,7.829071429526420767e-01
1.001616024831917429e+01,7.810226565320205205e-01
1.001752840515919551e+01,7.791369495493595254e-01
1.001887640537458068e+01,7.772492370790894389e-01
1.002019682619641472e+01,7.753587341956430512e-01
1.002148224485577543e+01,7.734646559734570381e-01
1.002272523858375486e+01,7.715662174869614143e-01
1.002391838461143081e+01,7.696626338105898579e-01
1.002505426016988821e+01,7.677531200187768246e-01
1.002612544249021198e+01,7.658368911859564365e-01
1.002712450880348705e+01,7.639131623865598186e-01
1.002804403634079478e+01,7.619811486950212043e-01
1.002887660233321832e+01,7.600400651857750489e-01
1.002887660233321832e+01,7.600400651857750489e-01
1.002923959636244255e+01,7.592760419993677123e-01
1.002960351908170900e+01,7.585104634459024497e-01
1.002997225478584831e+01,7.577439690530988203e-01
1.003034968776971070e+01,7.569771983486647260e-01
1.003073970232812684e+01,7.562107908603244999e-01
1.003114618275594694e+01,7.554453861157868211e-01
1.003157301334800522e+01,7.546816236427676960e-01
1.003202407839914656e+01,7.539201429689834644e-01
1.003250326220421051e+01,7.531615836221474680e-01
1.003301444905803486e+01,7.524065851299779339e-01
1.003356152325546269e+01,7.516557870201860947e-01
1.003414836909133534e+01,7.509098288204909544e-01
1.003477887086049058e+01,7.501693500586050778e-01
1.003545691285777153e+01,7.494349902622442494e-01
1.003618637937802127e+01,7.487073889591222553e-01
1.003697115471607582e+01,7.479871856769559901e-01
1.003781512316677649e+01,7.472750199434603502e-01
1.003872216902496639e+01,7.465715312863493436e-01
1.003969617658548508e+01,7.458773592333384217e-01
1.004074103014317032e+01,7.451931433121444792e-01
1.004074103014317032e+01,7.451931433121444792e-01
1.004164403736243649e+01,7.445405746353359611e-01
1.004250997162048620e+01,7.438768883151375411e-01
1.004334699421236010e+01,7.432044758955250741e-01
1.004416326643310420e+01,7.425257289204666433e-01
1.004496694957774849e+01,7.418430389339422115e-01
1.004576620494133898e+01,7.411587974799193068e-01
1.004656919381891811e+01,7.404753961023724518e-01
1.004738407750552476e+01,7.397952263452731714e-01
1.004821901729619782e+01,7.391206797525959882e-01
1.004908217448597796e+01,7.384541478683152027e-01
1.004998171036990584e+01,7.377980222364004526e-01
1.005092578624302213e+01,7.371546944008262603e-01
1.005192256340036749e+01,7.365265559055668154e-01
1.005298020313698082e+01,7.359159982945926437e-01
1.005410686674790455e+01,7.353254131118779346e-01
1.005531071552817757e+01,7.347571919013945463e-01
1.005659991077284232e+01,7.342137262071181114e-01
1.005798261377693592e+01,7.336974075730177125e-01
1.005946698583550081e+01,7.332106275430688713e-01
1.006106118824357587e+01,7.327557776612448892e-01
1.006106118824357587e+01,7.327557776612448892e-01
1.006231188854854430e+01,7.322874417108746758e-01
1.006358391946838537e+01,7.318238699077317388e-01
1.006487403658919000e+01,7.313643503037196014e-01
1.006617899549706507e+01,7.309081709507333491e-01
1.006749555177809619e+01,7.304546199006763940e-01
1.006882046101839201e+01,7.300029852054438217e-01
1.007015047880404346e+01,7.295525549169362689e-01
1.007148236072115211e+01,7.291026170870515966e-01
1.007281286235581774e+01,7.286524597676891091e-01
1.007413873929412951e+01,7.282013710107508864e-01
1.007545674712219252e+01,7.277486388681319029e-01
1.007676364142610304e+01,7.272935513917335726e-01
1.007805617779195728e+01,7.268353966334551997e-01
1.007933111180585328e+01,7.263734626451938681e-01
1.008058519905389261e+01,7.259070374788495483e-01
1.008181519512216795e+01,7.254354091863215448e-01
1.008301785559677910e+01,7.249578658195097169e-01
1.008418993606382408e+01,7.244736954303107046e-01
1.008532819210940090e+01,7.239821860706256995e-01
1.008642937931960404e+01,7.234826257923533399e-01
1.008642937931960404e+01,7.234826257923533399e-01
1.008695455841165156e+01,7.225271181848705870e-01
1.008743332775690504e+01,7.215668280465199480e-01
1.008787237347353383e+01,7.206024489417716117e-01
1.008827838167972679e+01,7.196346744350821112e-01
1.008865803849364440e+01,7.186641980909242999e-01
1.008901803003347375e+01,7.176917134737571535e-01
1.008936504241738596e+01,7.167179141480470861e-01
1.008970576176355927e+01,7.157434936782571810e-01
1.009004687419017010e+01,7.147691456288526313e-01
1.009039506581538781e+01,7.137955635643011831e-01
1.009075702275739417e+01,7.128234410490623674e-01
1.009113943113436918e+01,7.118534716476043744e-01
1.009154897706447684e+01,7.108863489243906209e-01
1.009199234666590428e+01,7.099227664438850782e-01
1.009247622605682082e+01,7.089634177705513851e-01
1.009300730135540469e+01,7.080089964688560666e-01
1.009359225867983234e+01,7.070601961032635385e-01
1.009423778414827844e+01,7.061177102382368842e-01
1.009495056387891943e+01,7.051822324382418516e-01
1.009573728398993175e+01,7.042544562677429676e-01
1.009573728398993175e+01,7.042544562677429676e-01
1.009757529097507422e+01,7.028356073025004980e-01
1.009939346915266434e+01,7.014124136711851198e-01
1.010119363914524904e+01,6.999852770284024084e-01
1.010297762157538770e+01,6.985545990287481688e-01
1.010474723706562372e+01,6.971207813268306408e-01
1.010650430623851648e+01,6.956842255772461847e-01
1.010825064971661824e+01,6.942453334345984883e-01
1.010998808812248129e+01,6.928045065534879088e-01
1.011171844207865966e+01,6.913621465885165795e-01
1.011344353220770031e+01,6.899186551942871892e-01
1.011516517913216262e+01,6.884744340254004280e-01
1.011688520347459708e+01,6.870298847364568751e-01
1.011860542585755596e+01,6.855854089820592190e-01
1.012032766690359331e+01,6.841414084168088161e-01
1.012205374723526141e+01,6.826982846953070228e-01
1.012378548747511076e+01,6.812564394721550842e-01
1.012552470824569895e+01,6.798162744019565773e-01
1.012727323016957470e+01,6.783781911393105268e-01
1.012903287386929208e+01,6.769425913388191773e-01
1.013080545996740334e+01,6.755098766550843292e-01
1.013080545996740334e+01,6.755098766550843292e-01
1.013255910131386095e+01,6.743956077778754388e-01
1.013433541229919577e+01,6.732863219802928123e-01
1.013612854172607314e+01,6.721807964719757056e-01
1.013793263839717618e+01,6.710778084625614870e-01
1.013974185111516668e+01,6.699761351616942973e-01
1.014155032868272421e+01,6.688745537790072859e-01
1.014335221990252300e+01,6.677718415241418182e-01
1.014514167357723551e+01,6.666667756067339301e-01
1.014691283850953774e+01,6.655581332364255420e-01
1.014865986350209504e+01,6.644446916228554656e-01
1.015037689735758875e+01,6.633252279756608472e-01
1.015205808887868955e+01,6.621985195044810535e-01
1.015369758686806811e+01,6.610633434189561175e-01
1.015528954012840224e+01,6.599184769287220753e-01
1.015682809746236437e+01,6.587626972434201811e-01
1.015830740767262697e+01,6.575947815726883583e-01
1.015972161956186248e+01,6.564135071261660848e-01
1.016106488193274693e+01,6.552176511134906178e-01
1.016233134358795098e+01,6.540059907443033227e-01
1.016351515333014888e+01,6.527773032282407906e-01
1.016351515333014888e+01,6.527773032282407906e-01
1.016496935315208994e+01,6.515458236741880071e-01
1.016640172200677306e+01,6.503120453299611192e-01
1.016781206335398124e+01,6.490758587293679049e-01
1.016920018065350284e+01,6.478371544062030418e-01
1.017056587736510842e+01,6.465958228942751962e-01
1.017190895694858810e+01,6.453517547273801558e-01
1.017322922286371956e+01,6.441048404393211468e-01
1.017452647857029113e+01,6.428549705638990641e-01
1.017580052752808228e+01,6.416020356349145803e-01
1.017705117319687069e+01,6.403459261861715879e-01
1.017827821903644292e+01,6.390865327514696492e-01
1.017948146850658020e+01,6.378237458646101032e-01
1.018066072506706199e+01,6.365574560593953990e-01
1.018181579217767663e+01,6.352875538696257651e-01
1.018294647329820002e+01,6.340139298291027625e-01
1.018405257188841695e+01,6.327364744716279521e-01
1.018513389140811043e+01,6.314550783310036719e-01
1.018619023531705992e+01,6.301696319410301506e-01
1.018722140707505019e+01,6.288800258355089490e-01
1.018822721014186072e+01,6.275861505482408509e-01
1.018822721014186072e+01,6.275861505482408509e-01
1.018920108104941491e+01,6.264990992946632975e-01
1.019019500581057613e+01,6.254139482405924877e-01
1.019120839405453616e+01,6.243307703634992656e-01
1.019224065541049207e+01,6.232496386408425959e-01
1.019329119950762852e+01,6.221706260500955432e-01
1.019435943597514260e+01,6.210938055687189596e-01
1.019544477444222963e+01,6.200192501741804696e-01
1.019654662453808136e+01,6.189470328439450331e-01
1.019766439589189133e+01,6.178772265554774989e-01
1.019879749813284420e+01,6.168099042862469350e-01
1.019994534089014415e+01,6.157451390137161917e-01
1.020110733379297763e+01,6.146830037153516724e-01
1.020228288647053638e+01,6.136235713686194471e-01
1.020347140855201751e+01,6.125669149509845868e-01
1.020467230966661276e+01,6.115131074399133837e-01
1.020588499944351213e+01,6.104622218128713529e-01
1.020710888751191270e+01,6.094143310473255637e-01
1.020834338350100445e+01,6.083695081207388666e-01
1.020958789703998093e+01,6.073278260105802184e-01
1.021084183775803211e+01,6.062893576943131357e-01
1.021084183775803211e+01,6.062893576943131357e-01
1.021225020795188598e+01,6.055115465949050257e-01
1.021368055464277802e+01,6.047400895487349270e-01
1.021512928909634077e+01,6.039740372916710953e-01
1.021659282257822454e+01,6.032124405595734595e-01
1.021806756635405833e+01,6.024543500883157154e-01
1.021954993168948711e+01,6.016988166137564598e-01
1.022103632985015231e+01,6.009448908717645033e-01
1.022252317210169004e+01,6.001916235982018843e-01
1.022400686970974526e+01,5.994380655289354154e-01
1.022548383393995053e+01,5.986832673998333521e-01
1.022695047605794905e+01,5.979262799467582878e-01
1.022840320732938046e+01,5.971661539055758139e-01
1.022983843901988443e+01,5.964019400121519654e-01
1.023125258239510060e+01,5.956326890023515563e-01
1.023264204872066863e+01,5.948574516120406219e-01
1.023400324926222815e+01,5.940752785770840871e-01
1.023533259528541706e+01,5.932852206333478762e-01
1.023662649805587854e+01,5.924863285166969140e-01
1.023788136883925048e+01,5.916776529629959036e-01
1.023909361890117253e+01,5.908582447081124345e-01
1.023909361890117253e+01,5.908582447081124345e-01
1.024044504481755702e+01,5.894870127964974005e-01
1.024182071194440624e+01,5.881183423382199127e-01
1.024321437525379785e+01,5.867515024444676097e-01
1.024461978971782727e+01,5.853857622264160288e-01
1.024603071030856327e+01,5.840203907952575824e-01
1.024744089199810304e+01,5.826546572621671416e-01
1.024884408975852423e+01,5.812878307383315679e-01
1.025023405856191516e+01,5.799191803349315055e-01
1.025160455338035703e+01,5.785479751631493750e-01
1.025294932918593105e+01,5.771734843341707055e-01
1.025426214095072730e+01,5.757949769591752531e-01
1.025553674364682877e+01,5.744117221493477699e-01
1.025676689224631488e+01,5.730229890158702322e-01
1.025794634172127573e+01,5.716280466699259488e-01
1.025906884704379252e+01,5.702261642226952310e-01
1.026012816318594822e+01,5.688166107853638298e-01
1.026111804511982584e+01,5.673986554691133888e-01
1.026203224781751722e+01,5.659715673851266615e-01
1.026286452625109646e+01,5.645346156445856245e-01
1.026360863539265544e+01,5.630870693586748077e-01
1.026360863539265544e+01,5.630870693586748077e-01
1.026405840905453637e+01,5.622591361102166063e-01
1.026452379566129203e+01,5.614329676908517142e-01
1.026500666534559159e+01,5.606088749511628500e-01
1.026550888824013086e+01,5.597871687417267372e-01
1.026603233447758257e+01,5.589681599131252066e-01
1.026657887419063897e+01,5.581521593159354255e-01
1.026715037751198345e+01,5.573394778007384476e-01
1.026774871457429938e+01,5.565304262181111072e-01
1.026837575551026660e+01,5.557253154186333477e-01
1.026903337045257381e+01,5.549244562528875546e-01
1.026972342953390438e+01,5.541281595714493413e-01
1.027044780288693815e+01,5.533367362248997612e-01
1.027120836064436560e+01,5.525504970638180913e-01
1.027200697293886655e+01,5.517697529387831645e-01
1.027284550990312795e+01,5.509948147003727037e-01
1.027372584166982961e+01,5.502259931991685393e-01
1.027464983837165846e+01,5.494635992857490603e-01
1.027561937014129967e+01,5.487079438106933216e-01
1.027663630711143483e+01,5.479593376245817105e-01
1.027770251941474555e+01,5.472180915779919497e-01
1.027770251941474555e+01,5.472180915779919497e-01
1.027934084878999244e+01,5.459871809882005378e-01
1.028087859233243151e+01,5.447413414929439535e-01
1.028232332134136584e+01,5.434817048000244455e-01
1.028368260711610915e+01,5.422094026172341596e-01
1.028496402095596629e+01,5.409255666523806738e-01
1.028617513416025275e+01,5.396313286132576881e-01
1.028732351802827694e+01,5.383278202076653418e-01
1.028841674385935079e+01,5.370161731434012209e-01
1.028946238295278448e+01,5.356975191282654647e-01
1.029046800660788108e+01,5.343729898700592118e-01
1.029144118612395431e+01,5.330437170765784938e-01
1.029238949280031967e+01,5.317108324556231169e-01
1.029332049793627846e+01,5.303754677149923324e-01
1.029424177283114616e+01,5.290387545624840593e-01
1.029516088878423119e+01,5.277018247058989919e-01
1.029608541709484371e+01,5.263658098530348273e-01
1.029702292906229033e+01,5.250318417116915937e-01
1.029798099598588834e+01,5.237010519896664329e-01
1.029896718916493903e+01,5.223745723947600395e-01
1.029998907989876145e+01,5.210535346347709984e-01
1.029998907989876145e+01,5.210535346347709984e-01
1.030067816628104715e+01,5.200420976917586868e-01
1.030137061560149192e+01,5.190307003014164033e-01
1.030206878559254946e+01,5.180197441183511664e-01
1.030277503398669126e+01,5.170096307971580041e-01
1.030349171851636569e+01,5.160007619924444899e-01
1.030422119691404426e+01,5.149935393588092047e-01
1.030496582691218066e+01,5.139883645508532828e-01
1.030572796624324639e+01,5.129856392231776363e-01
1.030650997263969515e+01,5.119857650303855090e-01
1.030731420383398778e+01,5.109891436270803666e-01
1.030814301755858686e+01,5.099961766678600128e-01
1.030899877154595501e+01,5.090072658073278022e-01
1.030988382352855126e+01,5.080228127000853133e-01
1.031080053123883999e+01,5.070432190007329032e-01
1.031175125240928026e+01,5.060688863638727053e-01
1.031273834477233109e+01,5.051002164441067421e-01
1.031376416606045865e+01,5.041376108960370361e-01
1.031483107400612020e+01,5.031814713742642775e-01
1.031594142634177835e+01,5.022321995333896005e-01
1.031709758079989392e+01,5.012901970280159158e-01
1.031709758079989392e+01,5.012901970280159158e-01
1.031826800205241490e+01,5.000799793100531021e-01
1.031949580554702628e+01,4.988804424848430341e-01
1.032077740104905850e+01,4.976909475817540840e-01
1.032210919832384732e+01,4.965108556301442433e-01
1.032348760713672320e+01,4.953395276593879903e-01
1.032490903725302189e+01,4.941763246988432612e-01
1.032636989843807029e+01,4.930206077778757079e-01
1.032786660045720772e+01,4.918717379258500944e-01
1.032939555307576462e+01,4.907290761721326833e-01
1.033095316605906788e+01,4.895919835460883496e-01
1.033253584917245860e+01,4.884598210770798588e-01
1.033414001218126899e+01,4.873319497944748613e-01
1.033576206485082238e+01,4.862077307276361782e-01
1.033739841694646167e+01,4.850865249059279072e-01
1.033904547823351372e+01,4.839676933587163665e-01
1.034069965847731432e+01,4.828505971153656540e-01
1.034235736744319567e+01,4.817345972052413661e-01
1.034401501489648822e+01,4.806190546577077116e-01
1.034566901060252775e+01,4.795033305021294545e-01
1.034731576432664468e+01,4.783867857678714697e-01
1.034731576432664468e+01,4.783867857678714697e-01
1.034854000196657609e+01,4.774559472363651413e-01
1.034977310417045970e+01,4.765252936553791008e-01
1.035101310328565205e+01,4.755946423027164194e-01
1.035225803165951675e+01,4.746638104561650140e-01
1.035350592163940853e+01,4.737326153935286777e-01
1.035475480557269634e+01,4.728008743925972701e-01
1.035600271580673137e+01,4.718684047311691998e-01
1.035724768468888612e+01,4.709350236870363249e-01
1.035848774456651356e+01,4.700005485379983305e-01
1.035972092778697196e+01,4.690647965618514603e-01
1.036094526669762850e+01,4.681275850363890711e-01
1.036215879364583792e+01,4.671887312394066294e-01
1.036335954097896384e+01,4.662480524487002675e-01
1.036454554104436454e+01,4.653053659420662846e-01
1.036571482618940720e+01,4.643604889973007577e-01
1.036686542876144479e+01,4.634132388921984869e-01
1.036799538110783914e+01,4.624634329045549941e-01
1.036910271557595387e+01,4.615108883121671335e-01
1.037018546451314727e+01,4.605554223928283175e-01
1.037124166026677941e+01,4.595968524243373987e-01
1.037124166026677941e+01,4.595968524243373987e-01
1.037204911249518879e+01,4.586071374189824579e-01
1.037280520621414404e+01,4.576101168679329589e-01
1.037351755998262171e+01,4.566068859902587262e-01
1.037419379235960371e+01,4.555985400050193701e-01
1.037484152190406661e+01,4.545861741312895998e-01
1.037546836717499410e+01,4.535708835881289702e-01
1.037608194673136985e+01,4.525537635946074166e-01
1.037668987913217400e+01,4.515359093697864368e-01
1.037729978293638311e+01,4.505184161327354109e-01
1.037791927670297909e+01,4.495023791025219984e-01
1.037855597899094384e+01,4.484888934982086406e-01
1.037921750835925927e+01,4.474790545388637741e-01
1.037991148336690017e+01,4.464739574435532266e-01
1.038064552257285378e+01,4.454746974313427144e-01
1.038142724453609844e+01,4.444823697212966218e-01
1.038226426781561429e+01,4.434980695324834965e-01
1.038316421097038145e+01,4.425228920839697766e-01
1.038413469255938182e+01,4.415579325948184031e-01
1.038518333114159553e+01,4.406042862840986452e-01
1.038631774527600449e+01,4.396630483708755532e-01
1.038631774527600449e+01,4.396630483708755532e-01
1.038824636592836193e+01,4.382992883861475120e-01
1.039015872925399542e+01,4.369316812076890488e-01
1.039205527634316084e+01,4.355603906169921991e-01
1.039393644828612473e+01,4.341855803955393389e-01
1.039580268617313585e+01,4.328074143248266115e-01
1.039765443109446430e+01,4.314260561863356713e-01
1.039949212414036595e+01,4.300416697615551120e-01
1.040131620640110555e+01,4.286544188319734716e-01
1.040312711896693898e+01,4.272644671790807869e-01
1.040492530292812212e+01,4.258719785843634309e-01
1.040671119937491973e+01,4.244771168293093866e-01
1.040848524939759479e+01,4.230800456954058042e-01
1.041024789408640139e+01,4.216809289641439973e-01
1.041199957453160430e+01,4.202799304170083960e-01
1.041374073182345938e+01,4.188772138354876495e-01
1.041547180705222964e+01,4.174729430010709064e-01
1.041719324130817270e+01,4.160672816952460940e-01
1.041890547568155334e+01,4.146603936995004180e-01
1.042060895126262388e+01,4.132524427953224166e-01
1.042230410914165084e+01,4.118435927642006833e-01
1.042230410914165084e+01,4.118435927642006833e-01
1.042370729339930868e+01,4.114933532941260630e-01
1.042514217689356570e+01,4.111642850882334388e-01
1.042660605682133479e+01,4.108545631528058850e-01
1.042809623037955902e+01,4.105623624941112104e-01
1.042960999476515482e+01,4.102858581184366527e-01
1.043114464717505641e+01,4.100232250320507421e-01
1.043269748480618375e+01,4.097726382412323898e-01
1.043426580485547284e+01,4.095322727522569539e-01
1.043584690451984365e+01,4.093003035714013471e-01
1.043743808099622328e+01,4.090749057049437587e-01
1.043903663148154237e+01,4.088542541591582147e-01
1.044063985317272980e+01,4.086365239403222938e-01
1.044224504326670733e+01,4.084198900547134636e-01
1.044384949896040560e+01,4.082025275086058058e-01
1.044545051745075170e+01,4.079826113082761219e-01
1.044704539593467274e+01,4.077583164600026566e-01
1.044863143160909402e+01,4.075278179700608239e-01
1.045020592167094797e+01,4.072892908447260929e-01
1.045176616331715636e+01,4.070409100902766530e-01
1.045330945374464626e+01,4.067808507129879736e-01
1.045330945374464626e+01,4.067808507129879736e-01
1.045474539470528619e+01,4.065350459423798246e-01
1.045620013226226419e+01,4.063003228835035396e-01
1.045767081358180128e+01,4.060749838353986951e-01
1.045915458583013091e+01,4.058573310970896020e-01
1.046064859617346876e+01,4.056456669676136162e-01
1.046214999177805183e+01,4.054382937459985459e-01
1.046365591981009757e+01,4.052335137312769731e-01
1.046516352743584299e+01,4.050296292224800920e-01
1.046666996182150910e+01,4.048249425186391526e-01
1.046817237013331869e+01,4.046177559187881245e-01
1.046966789953750343e+01,4.044063717219561482e-01
1.047115369720028966e+01,4.041890922271751396e-01
1.047262691028789838e+01,4.039642197334783469e-01
1.047408468596656483e+01,4.037300565398956320e-01
1.047552417140251180e+01,4.034849049454581893e-01
1.047694251376196206e+01,4.032270672491986008e-01
1.047833686021114552e+01,4.029548457501495040e-01
1.047970435791629207e+01,4.026665427473399839e-01
1.048104215404362094e+01,4.023604605398033995e-01
1.048234739575936203e+01,4.020349014265701681e-01
1.048234739575936203e+01,4.020349014265701681e-01
1.048411622446359992e+01,4.011620693029676610e-01
1.048588449355332841e+01,4.002893524949004966e-01
1.048765461402189736e+01,3.994175905217697276e-01
1.048942899686267793e+01,3.985476229029634165e-01
1.049121005306901999e+01,3.976802891578883337e-01
1.049300019363428937e+01,3.968164288059324307e-01
1.049480182955184482e+01,3.959568813664948728e-01
1.049661737181505039e+01,3.951024863589705505e-01
1.049844923141725950e+01,3.942540833027551317e-01
1.050029981935183443e+01,3.934125117172470598e-01
1.050217154661213570e+01,3.925786111218397822e-01
1.050406682419152204e+01,3.917532210359304101e-01
1.050598806308335753e+01,3.909371809789166652e-01
1.050793767428099557e+01,3.901313304701906626e-01
1.050991806877780199e+01,3.893365090291509012e-01
1.051193165756713377e+01,3.885535561751928824e-01
1.051398085164235141e+01,3.877833114277144388e-01
1.051606806199681543e+01,3.870266143061076858e-01
1.051819569962388279e+01,3.862843043297731205e-01
1.052036617551691933e+01,3.855572210181043569e-01
1.052036617551691933e+01,3.855572210181043569e-01
1.052116168480145397e+01,3.852147448277001840e-01
1.052199132006916393e+01,3.848801891991847079e-01
1.052284986925351262e+01,3.845523497258434009e-01
1.052373212028795813e+01,3.842300220009406964e-01
1.052463286110594609e+01,3.839120016177600125e-01
1.052554687964095059e+01,3.835970841695720557e-01
1.052646896382642083e+01,3.832840652496545819e-01
1.052739390159582200e+01,3.829717404512797962e-01
1.052831648088260863e+01,3.826589053677240670e-01
1.052923148962023348e+01,3.823443555922650394e-01
1.053013371574216350e+01,3.820268867181756955e-01
1.053101794718185324e+01,3.817052943387309605e-01
1.053187897187276079e+01,3.813783740472079242e-01
1.053271157774834599e+01,3.810449214368807347e-01
1.053351055274206693e+01,3.807037321010230957e-01
1.053427068478738171e+01,3.803536016329119862e-01
1.053498676181774663e+01,3.799933256258237746e-01
1.053565357176662154e+01,3.796216996730306104e-01
1.053626590256746454e+01,3.792375193678109713e-01
1.053681854215373548e+01,3.788395803034377285e-01
1.053681854215373548e+01,3.788395803034377285e-01
1.053728095015097388e+01,3.780902542308360315e-01
1.053772516467529741e+01,3.773392471696622730e-01
1.053815266127864447e+01,3.765867053533895059e-01
1.053856491551295349e+01,3.758327750154846769e-01
1.053896340293016642e+01,3.750776023894270561e-01
1.053934959908222702e+01,3.743213337086814807e-01
1.053972497952107368e+01,3.735641152067223913e-01
1.054009101979865370e+01,3.728060931170173453e-01
1.054044919546690373e+01,3.720474136730422265e-01
1.054080098207776217e+01,3.712882231082680895e-01
1.054114785518317454e+01,3.705286676561645454e-01
1.054149129033508103e+01,3.697688935502026486e-01
1.054183276308542005e+01,3.690090470238561737e-01
1.054217374898613890e+01,3.682492743105947319e-01
1.054251572358917421e+01,3.674897216438907654e-01
1.054286016244646795e+01,3.667305352572146071e-01
1.054320854110996031e+01,3.659718613840393098e-01
1.054356233513159680e+01,3.652138462578339295e-01
1.054392302006331406e+01,3.644566361120721298e-01
1.054429207145705405e+01,3.637003771802250207e-01
1.054429207145705405e+01,3.637003771802250207e-01
1.054504340757746483e+01,3.637957426654875870e-01
1.054574671812043185e+01,3.639263874631764040e-01
1.054640608317085970e+01,3.640892637892138017e-01
1.054702558281366365e+01,3.642813238595076775e-01
1.054760929713373230e+01,3.644995198899804167e-01
1.054816130621598447e+01,3.647408040965433584e-01
1.054868569014531587e+01,3.650021286951113386e-01
1.054918652900664000e+01,3.652804459015997485e-01
1.054966790288485612e+01,3.655727079319247563e-01
1.055013389186487061e+01,3.658758670020040293e-01
1.055058857603158806e+01,3.661868753277487398e-01
1.055103603546991309e+01,3.665026851250752227e-01
1.055148035026475384e+01,3.668202486099002013e-01
1.055192560050101314e+01,3.671365179981371796e-01
1.055237586626359558e+01,3.674484455057022703e-01
1.055283522763740756e+01,3.677529833485109756e-01
1.055330776470735366e+01,3.680470837424780761e-01
1.055379755755833671e+01,3.683276989035176863e-01
1.055430868627526664e+01,3.685917810475480283e-01
1.055484523094304450e+01,3.688362823904818288e-01
1.055484523094304450e+01,3.688362823904818288e-01
1.055696767525740754e+01,3.700244538110218362e-01
1.055905039144223423e+01,3.712226518339805104e-01
1.056109692022205415e+01,3.724299453003246385e-01
1.056311080232140753e+01,3.736454030510126811e-01
1.056509557846482394e+01,3.748680939270121470e-01
1.056705478937684717e+01,3.760970867692779995e-01
1.056899197578200855e+01,3.773314504187763596e-01
1.057091067840484833e+01,3.785702537164657433e-01
1.057281443796989961e+01,3.798125655033093850e-01
1.057470679520169732e+01,3.810574546202720736e-01
1.057659129082477989e+01,3.823039899083115478e-01
1.057847146556368401e+01,3.835512402083918748e-01
1.058035086014294279e+01,3.847982743614756229e-01
1.058223301528709648e+01,3.860441612085219742e-01
1.058412147172067819e+01,3.872879695904942743e-01
1.058601977016822282e+01,3.885287683483544807e-01
1.058793145135426883e+01,3.897656263230652174e-01
1.058986005600335290e+01,3.909976123555862770e-01
1.059180912484000991e+01,3.922237952868810607e-01
1.059378219858877657e+01,3.934432439579115259e-01
1.059378219858877657e+01,3.934432439579115259e-01
1.059609331876175453e+01,3.942613178671869889e-01
1.059842356634876737e+01,3.950732095823677459e-01
1.060077043433679833e+01,3.958796669832118087e-01
1.060313141571284667e+01,3.966814379494689735e-01
1.060550400346389210e+01,3.974792703608986399e-01
1.060788569057693742e+01,3.982739120972498825e-01
1.061027397003897121e+01,3.990661110382779930e-01
1.061266633483698740e+01,3.998566150637369310e-01
1.061506027795797280e+01,4.006461720533804893e-01
1.061745329238891955e+01,4.014355298869647926e-01
1.061984287111682335e+01,4.022254364442401364e-01
1.062222650712866923e+01,4.030166396049633115e-01
1.062460169341145466e+01,4.038098872488875002e-01
1.062696592295217002e+01,4.046059272557651632e-01
1.062931668873780566e+01,4.054055075053517032e-01
1.063165148375535374e+01,4.062093758774002472e-01
1.063396780099180639e+01,4.070182802516667531e-01
1.063626313343415219e+01,4.078329685079017941e-01
1.063853497406938686e+01,4.086541885258626050e-01
1.064078081588450075e+01,4.094826881853010914e-01
1.064078081588450075e+01,4.094826881853010914e-01
1.064213885190350517e+01,4.106964610478603395e-01
1.064348268376592443e+01,4.119130067755754077e-01
1.064481678613740101e+01,4.131314493603248095e-01
1.064614563368359335e+01,4.143509127939690728e-01
1.064747370107013325e+01,4.155705210683900974e-01
1.064880546296268093e+01,4.167893981754518529e-01
1.065014539402688065e+01,4.180066681070279677e-01
1.065149796892838374e+01,4.192214548549886288e-01
1.065286766233283089e+01,4.204328824112040230e-01
1.065425894890587522e+01,4.216400747675491112e-01
1.065567630331316273e+01,4.228421559158914156e-01
1.065712420022034301e+01,4.240382498481030660e-01
1.065860711429305852e+01,4.252274805560556925e-01
1.066012952019696414e+01,4.264089720316187049e-01
1.066169589259770589e+01,4.275818482666645104e-01
1.066331070616092980e+01,4.287452332530637955e-01
1.066497843555228187e+01,4.298982509826889675e-01
1.066670355543741344e+01,4.310400254474087145e-01
1.066849054048197232e+01,4.321696806390967205e-01
1.067034386535160451e+01,4.332863405496224507e-01
1.067034386535160451e+01,4.332863405496224507e-01
1.067102428045949480e+01,4.338760026509579371e-01
1.067163409637072036e+01,4.344760849316565698e-01
1.067217940958279598e+01,4.350856932784969433e-01
1.067266631659325604e+01,4.357039335782492695e-01
1.067310091389961002e+01,4.363299117176926978e-01
1.067348929799939050e+01,4.369627335835989390e-01
1.067383756539011230e+01,4.376015050627423131e-01
1.067415181256930623e+01,4.382453320418985832e-01
1.067443813603448710e+01,4.388933204078407369e-01
1.067470263228317506e+01,4.395445760473473129e-01
1.067495139781289915e+01,4.401982048471892450e-01
1.067519052912118127e+01,4.408533126941416302e-01
1.067542612270553803e+01,4.415090054749822301e-01
1.067566427506349491e+01,4.421643890764805906e-01
1.067591108269257738e+01,4.428185693854145843e-01
1.067617264209030381e+01,4.434706522885585867e-01
1.067645504975419257e+01,4.441197436726869729e-01
1.067676440218177625e+01,4.447649494245733970e-01
1.067710679587056788e+01,4.454053754309943436e-01
1.067748832731809472e+01,4.460401275787228004e-01
1.067748832731809472e+01,4.460401275787228004e-01
1.067831143387483905e+01,4.478971871457913534e-01
1.067907688738408112e+01,4.497585938857868726e-01
1.067979486367809194e+01,4.516235809782472299e-01
1.068047553858914789e+01,4.534913816026948652e-01
1.068112908794951466e+01,4.553612289386662626e-01
1.068176568759147393e+01,4.572323561656859159e-01
1.068239551334729853e+01,4.591039964632868120e-01
1.068302874104926126e+01,4.609753830109949435e-01
1.068367554652963847e+01,4.628457489883418541e-01
1.068434610562069587e+01,4.647143275748604196e-01
1.068505059415471337e+01,4.665803519500772989e-01
1.068579918796396733e+01,4.684430552935206493e-01
1.068660206288072700e+01,4.703016707847254008e-01
1.068746939473726343e+01,4.721554316032168797e-01
1.068841135936586006e+01,4.740035709285259080e-01
1.068943813259878084e+01,4.758453219401826417e-01
1.069055989026830389e+01,4.776799178177172367e-01
1.069178680820670735e+01,4.795065917406591827e-01
1.069312906224625515e+01,4.813245768885378584e-01
1.069459682821922719e+01,4.831331064408834197e-01
1.069459682821922719e+01,4.831331064408834197e-01
1.069556242943455970e+01,4.845121578972391707e-01
1.069647542163454546e+01,4.858963021779587610e-01
1.069733924727361085e+01,4.872851560120805003e-01
1.069815734880618407e+01,4.886783361286359817e-01
1.069893316868668620e+01,4.900754592566622936e-01
1.069967014936955252e+01,4.914761421251930273e-01
1.070037173330920588e+01,4.928800014632637727e-01
1.070104136296007624e+01,4.942866539999075659e-01
1.070168248077658646e+01,4.956957164641613289e-01
1.070229852921316649e+01,4.971068055850601519e-01
1.070289295072424451e+01,4.985195380916382923e-01
1.070346918776424516e+01,4.999335307129279538e-01
1.070403068278759662e+01,5.013484001779682231e-01
1.070458087824872706e+01,5.027637632157921921e-01
1.070512321660206467e+01,5.041792365554339517e-01
1.070566114030203408e+01,5.055944369259285365e-01
1.070619809180305992e+01,5.070089810563129795e-01
1.070673751355957393e+01,5.084224856756182076e-01
1.070728284802600427e+01,5.098345675128832521e-01
1.070783753765677204e+01,5.112448432971404833e-01
1.070783753765677204e+01,5.112448432971404833e-01
1.070836531815614379e+01,5.130328456625020683e-01
1.070892510020397026e+01,5.148191358428160225e-01
1.070951545850859610e+01,5.166038233042868910e-01
1.071013496777836771e+01,5.183870175131050084e-01
1.071078220272162085e+01,5.201688279354768074e-01
1.071145573804670725e+01,5.219493640375959531e-01
1.071215414846196090e+01,5.237287352856629941e-01
1.071287600867573886e+01,5.255070511458762583e-01
1.071361989339637333e+01,5.272844210844328527e-01
1.071438437733221072e+01,5.290609545675352132e-01
1.071516803519159566e+01,5.308367610613783372e-01
1.071596944168287280e+01,5.326119500321619959e-01
1.071678717151437965e+01,5.343866309460852948e-01
1.071761979939446974e+01,5.361609132693460067e-01
1.071846590003147881e+01,5.379349064681432369e-01
1.071932404813375328e+01,5.397087200086752024e-01
1.072019281840963600e+01,5.414824633571418966e-01
1.072107078556747162e+01,5.432562459797403154e-01
1.072195652431559942e+01,5.450301773426694529e-01
1.072284860936236761e+01,5.468043669121284145e-01
1.072284860936236761e+01,5.468043669121284145e-01
1.072335900030332567e+01,5.481341519869936674e-01
1.072385061640239989e+01,5.494655085842298226e-01
1.072432729244430050e+01,5.507981810041702175e-01
1.072479286321373948e+01,5.521319135471419726e-01
1.072525116349541818e+01,5.534664505134790913e-01
1.072570602807405393e+01,5.548015362035080278e-01
1.072616129173435340e+01,5.561369149175607873e-01
1.072662078926102680e+01,5.574723309559643791e-01
1.072708835543878259e+01,5.588075286190500313e-01
1.072756782505232920e+01,5.601422522071505261e-01
1.072806303288637686e+01,5.614762460205922068e-01
1.072857781372563757e+01,5.628092543597070785e-01
1.072911600235481622e+01,5.641410215248249260e-01
1.072968143355862836e+01,5.654712918162744240e-01
1.073027794212177710e+01,5.667998095343852460e-01
1.073090936282897623e+01,5.681263189794887314e-01
1.073157953046493063e+01,5.694505644519154419e-01
1.073229227981435763e+01,5.707722902519932751e-01
1.073305144566195857e+01,5.720912406800533478e-01
1.073386086279244545e+01,5.734071600364255561e-01
1.073386086279244545e+01,5.734071600364255561e-01
1.073502449740622211e+01,5.756255179450300297e-01
1.073613965109938029e+01,5.778481478207773137e-01
1.073721192901889410e+01,5.800745753101452795e-01
1.073824693631174831e+01,5.823043260596011406e-01
1.073925027812491351e+01,5.845369257156248777e-01
1.074022755960536912e+01,5.867718999246822609e-01
1.074118438590009461e+01,5.890087743332503845e-01
1.074212636215607120e+01,5.912470745877981271e-01
1.074305909352026767e+01,5.934863263347996964e-01
1.074398818513966702e+01,5.957260552207298554e-01
1.074491924216124517e+01,5.979657868920583708e-01
1.074585786973197976e+01,6.002050469952592282e-01
1.074680967299884493e+01,6.024433611768055252e-01
1.074778025710882545e+01,6.046802550831685830e-01
1.074877522720889367e+01,6.069152543608213879e-01
1.074980018844602725e+01,6.091478846562368155e-01
1.075086074596720742e+01,6.113776716158885183e-01
1.075196250491940830e+01,6.136041408862471513e-01
1.075311107044960579e+01,6.158268181137863673e-01
1.075431204770478111e+01,6.180452289449798187e-01
1.075431204770478111e+01,6.180452289449798187e-01
1.075493956598842615e+01,6.190558180588225934e-01
1.075557995615604234e+01,6.200652581953877140e-01
1.075622840147197223e+01,6.210738599267185966e-01
1.075688008520058503e+01,6.220819338248494423e-01
1.075753019060621796e+01,6.230897904618266647e-01
1.075817390095323667e+01,6.240977404096837988e-01
1.075880639950599260e+01,6.251060942404628173e-01
1.075942286952884430e+01,6.261151625262016962e-01
1.076001849428614143e+01,6.271252558389396325e-01
1.076058845704223899e+01,6.281366847507179330e-01
1.076112794106149373e+01,6.291497598335743513e-01
1.076163212960826066e+01,6.301647916595475296e-01
1.076209620594689120e+01,6.311820908006801067e-01
1.076251535334174392e+01,6.322019678290078382e-01
1.076288475505717024e+01,6.332247333165713643e-01
1.076319959435752693e+01,6.342506978354099934e-01
1.076345505450716722e+01,6.352801719575635886e-01
1.076364631877044609e+01,6.363134662550706810e-01
1.076376857041171853e+01,6.373508912999719112e-01
1.076381699269533776e+01,6.383927576643051438e-01
1.076381699269533776e+01,6.383927576643051438e-01
1.076412383961021746e+01,6.404580789954145148e-01
1.076447091950794643e+01,6.425214483185833769e-01
1.076485321611204249e+01,6.445831029498497733e-01
1.076526571314604119e+01,6.466432802052417550e-01
1.076570339433344614e+01,6.487022174007989195e-01
1.076616124339779645e+01,6.507601518525507611e-01
1.076663424406260461e+01,6.528173208765325475e-01
1.076711738005140262e+01,6.548739617887761044e-01
1.076760563508770474e+01,6.569303119053163664e-01
1.076809399289503766e+01,6.589866085421888231e-01
1.076857743719692451e+01,6.610430890154235239e-01
1.076905095171688309e+01,6.630999906410572908e-01
1.076950952017844010e+01,6.651575507351225047e-01
1.076994812630511866e+01,6.672160066136529899e-01
1.077036175382044370e+01,6.692755955926810163e-01
1.077074538644793122e+01,6.713365549882419625e-01
1.077109400791110971e+01,6.733991221163687646e-01
1.077140260193349874e+01,6.754635342930948028e-01
1.077166615223862145e+01,6.775300288344550115e-01
1.077187964255000097e+01,6.795988430564819938e-01
1.077187964255000097e+01,6.795988430564819938e-01
1.077204449528370667e+01,6.805744523811828595e-01
1.077229819019713020e+01,6.815446744647937205e-01
1.077263320475093522e+01,6.825099658342904663e-01
1.077304201640579251e+01,6.834707830166379949e-01
1.077351710262236573e+01,6.844275825388136392e-01
1.077405094086132564e+01,6.853808209277837404e-01
1.077463600858334480e+01,6.863309547105200803e-01
1.077526478324908688e+01,6.872784404139924419e-01
1.077592974231921907e+01,6.882237345651726068e-01
1.077662336325440684e+01,6.891672936910331337e-01
1.077733812351532272e+01,6.901095743185430287e-01
1.077806650056263393e+01,6.910510329746727409e-01
1.077880097185700237e+01,6.919921261863948292e-01
1.077953401485910412e+01,6.929333104806790766e-01
1.078025810702960285e+01,6.938750423844950443e-01
1.078096572582916579e+01,6.948177784248154021e-01
1.078164934871846015e+01,6.957619751286120424e-01
1.078230145315815847e+01,6.967080890228517509e-01
1.078291451660892442e+01,6.976565766345098618e-01
1.078348101653142521e+01,6.986078944905541599e-01
1.078348101653142521e+01,6.986078944905541599e-01
1.078422850511451436e+01,7.006974058089324719e-01
1.078493981004337066e+01,7.027892418216955539e-01
1.078561906091302092e+01,7.048831646557320862e-01
1.078627038731851329e+01,7.069789364379259755e-01
1.078689791885486926e+01,7.090763192951676785e-01
1.078750578511713876e+01,7.111750753543404358e-01
1.078809811570034860e+01,7.132749667423308182e-01
1.078867904019954338e+01,7.153757555860259520e-01
1.078925268820975525e+01,7.174772040123110761e-01
1.078982318932601636e+01,7.195790741480763142e-01
1.079039467314336953e+01,7.216811281202045736e-01
1.079097126925684869e+01,7.237831280555825364e-01
1.079155710726148776e+01,7.258848360810994382e-01
1.079215631675232423e+01,7.279860143236382974e-01
1.079277302732439914e+01,7.300864249100873504e-01
1.079341136857274464e+01,7.321858299673328352e-01
1.079407547009239465e+01,7.342839916222607677e-01
1.079476946147838845e+01,7.363806720017590512e-01
1.079549747232576351e+01,7.384756332327121475e-01
1.079626363222955376e+01,7.405686374420079598e-01
1.079626363222955376e+01,7.405686374420079598e-01
1.079670085582332639e+01,7.421699362923444010e-01
1.079718377351745318e+01,7.437685533600828514e-01
1.079770790914597711e+01,7.453647259612605769e-01
1.079826878654294831e+01,7.469586914119060728e-01
1.079886192954240087e+01,7.485506870280604907e-01
1.079948286197839025e+01,7.501409501257515489e-01
1.080012710768495943e+01,7.517297180210151808e-01
1.080079019049615496e+01,7.533172280298837675e-01
1.080146763424601808e+01,7.549037174683896900e-01
1.080215496276859533e+01,7.564894236525723237e-01
1.080284769989793148e+01,7.580745838984592755e-01
1.080354136946807309e+01,7.596594355220877004e-01
1.080423149531306493e+01,7.612442158394902014e-01
1.080491360126695000e+01,7.628291621666991595e-01
1.080558321116377840e+01,7.644145118197497313e-01
1.080623584883758959e+01,7.660005021146750748e-01
1.080686703812243366e+01,7.675873703675095694e-01
1.080747230285235183e+01,7.691753538942850410e-01
1.080804716686139066e+01,7.707646900110374233e-01
1.080858715398359493e+01,7.723556160337990972e-01
1.080858715398359493e+01,7.723556160337990972e-01
1.080896118989731391e+01,7.746414420272959012e-01
1.080929870458772157e+01,7.769279198042635670e-01
1.080960249987814770e+01,7.792149769443209584e-01
1.080987537759193451e+01,7.815025410270760586e-01
1.081012013955241002e+01,7.837905396321489526e-01
1.081033958758291291e+01,7.860789003391503993e-01
1.081053652350678007e+01,7.883675507276957095e-01
1.081071374914734662e+01,7.906564183773974186e-01
1.081087406632794412e+01,7.929454308678697272e-01
1.081102027687190947e+01,7.952345157787308327e-01
1.081115518260257957e+01,7.975236006895904950e-01
1.081128158534328776e+01,7.998126131800649130e-01
1.081140228691736915e+01,8.021014808297673992e-01
1.081152008914816065e+01,8.043901312183112662e-01
1.081163779385899915e+01,8.066784919253127129e-01
1.081175820287321621e+01,8.089664905303849407e-01
1.081188411801414517e+01,8.112540546131413732e-01
1.081201834110512827e+01,8.135411117531967662e-01
1.081216367396949707e+01,8.158275895301657643e-01
1.081232291843058313e+01,8.181134155236625682e-01
1.081232291843058313e+01,8.181134155236625682e-01
1.081248219577339853e+01,8.168971227566400595e-01
1.081262775880986737e+01,8.156798840679601037e-01
1.081276260665369193e+01,8.144618454125588380e-01
1.081288973841858336e+01,8.132431527453625186e-01
1.081301215321823861e+01,8.120239520213087259e-01
1.081313285016637593e+01,8.108043891953242710e-01
1.081325482837669405e+01,8.095846102223419605e-01
1.081338108696290412e+01,8.083647610572928244e-01
1.081351462503871375e+01,8.071449876551090030e-01
1.081365844171782342e+01,8.059254359707228588e-01
1.081381553611394430e+01,8.047062519590649776e-01
1.081398890734078222e+01,8.034875815750652794e-01
1.081418155451204477e+01,8.022695707736589021e-01
1.081439647674143778e+01,8.010523655097731011e-01
1.081463667314266708e+01,7.998361117383417929e-01
1.081490514282943849e+01,7.986209554142968958e-01
1.081520488491546317e+01,7.974070424925681078e-01
1.081553889851444339e+01,7.961945189280895674e-01
1.081591018274008675e+01,7.949835306757896403e-01
1.081632173670610086e+01,7.937742236906022431e-01
1.081632173670610086e+01,7.937742236906022431e-01
1.081700888519183579e+01,7.956989155882852049e-01
1.081767558674353324e+01,7.976249077104313745e-01
1.081832400405373207e+01,7.995520351613972787e-01
1.081895629981499596e+01,8.014801330455314510e-01
1.081957463671986197e+01,8.034090364671924167e-01
1.082018117746088848e+01,8.053385805307268219e-01
1.082077808473062497e+01,8.072686003404879740e-01
1.082136752122162271e+01,8.091989310008276259e-01
1.082195164962643119e+01,8.111294076160983080e-01
1.082253263263759457e+01,8.130598652906545487e-01
1.082311263294767301e+01,8.149901391288456587e-01
1.082369381324921065e+01,8.169200642350250563e-01
1.082427833623475877e+01,8.188494757135456048e-01
1.082486836459687041e+01,8.207782086687576140e-01
1.082546606102809150e+01,8.227060982050142801e-01
1.082607358822097510e+01,8.246329794266680224e-01
1.082669310886807246e+01,8.265586874380715932e-01
1.082732678566193307e+01,8.284830573435750800e-01
1.082797678129510466e+01,8.304059242475333447e-01
1.082864525846014203e+01,8.323271232542973630e-01
1.082864525846014203e+01,8.323271232542973630e-01
1.082943511008695303e+01,8.332495967205828524e-01
1.083024875658289332e+01,8.341698599723980090e-01
1.083108246218351489e+01,8.350882597919798700e-01
1.083193249112437151e+01,8.360051429615535934e-01
1.083279510764101339e+01,8.369208562633606574e-01
1.083366657596899429e+01,8.378357464796261089e-01
1.083454316034387332e+01,8.387501603925857641e-01
1.083542112500119536e+01,8.396644447844696657e-01
1.083629673417651951e+01,8.405789464375101883e-01
1.083716625210539064e+01,8.414940121339428147e-01
1.083802594302337141e+01,8.424099886559963668e-01
1.083887207116600848e+01,8.433272227859045511e-01
1.083970090076885562e+01,8.442460613059001862e-01
1.084050869606747014e+01,8.451668509982133148e-01
1.084129172129740226e+01,8.460899386450777548e-01
1.084204624069420220e+01,8.470156710287255475e-01
1.084276851849342549e+01,8.479443949313902884e-01
1.084345481893062946e+01,8.488764571353015764e-01
1.084410140624135721e+01,8.498122044226943395e-01
1.084470454466117140e+01,8.507519835757992865e-01
1.084470454466117140e+01,8.507519835757992865e-01
1.084533349498785704e+01,8.530162659900507593e-01
1.084592539748346951e+01,8.552818386013280039e-01
1.084648447776269542e+01,8.575485376281479777e-01
1.084701496144021782e+01,8.598161992890165362e-01
1.084752107413071798e+01,8.620846598024520802e-01
1.084800704144888606e+01,8.643537553869624634e-01
1.084847708900940511e+01,8.666233222610613129e-01
1.084893544242695995e+01,8.688931966432585918e-01
1.084938632731623542e+01,8.711632147520699254e-01
1.084983396929191457e+01,8.734332128060039446e-01
1.085028259396868222e+01,8.757030270235742764e-01
1.085073642696122498e+01,8.779724936232921051e-01
1.085119969388422589e+01,8.802414488236705026e-01
1.085167662035237157e+01,8.825097288432206533e-01
1.085217143198034506e+01,8.847771699004535195e-01
1.085268835438283119e+01,8.870436082138825062e-01
1.085323161317451657e+01,8.893088800020203522e-01
1.085380543397008246e+01,8.915728214833772425e-01
1.085441404238421725e+01,8.938352688764659160e-01
1.085506166403160222e+01,8.960960583997991113e-01
1.085506166403160222e+01,8.960960583997991113e-01
1.085562152572072492e+01,8.969131848554492414e-01
1.085614497270833922e+01,8.977356358806984904e-01
1.085663785394129377e+01,8.985625357459603446e-01
1.085710601836647093e+01,8.993930087216412961e-01
1.085755531493072468e+01,9.002261790781590500e-01
1.085799159258092850e+01,9.010611710859193213e-01
1.085842070026394701e+01,9.018971090153357073e-01
1.085884848692664839e+01,9.027331171368166984e-01
1.085928080151589725e+01,9.035683197207757811e-01
1.085972349297855288e+01,9.044018410376244432e-01
1.086018241026149056e+01,9.052328053577718414e-01
1.086066340231157312e+01,9.060603369516293526e-01
1.086117231807566696e+01,9.068835600896091309e-01
1.086171500650063493e+01,9.077015990421205549e-01
1.086229731653335051e+01,9.085135780795747795e-01
1.086292509712067478e+01,9.093186214723840699e-01
1.086360419720947057e+01,9.101158534909603581e-01
1.086434046574661316e+01,9.109043984057116905e-01
1.086513975167895829e+01,9.116833804870506652e-01
1.086600790395338123e+01,9.124519240053895475e-01
1.086600790395338123e+01,9.124519240053895475e-01
1.086735735296523231e+01,9.133441577824811253e-01
1.086872902377431593e+01,9.142322789172735442e-01
1.087011957294646436e+01,9.151169266589468387e-01
1.087152565704752050e+01,9.159987402566710513e-01
1.087294393264330772e+01,9.168783589596273265e-01
1.087437105629966894e+01,9.177564220169858178e-01
1.087580368458243996e+01,9.186335686779241172e-01
1.087723847405745659e+01,9.195104381916153757e-01
1.087867208129054752e+01,9.203876698072342988e-01
1.088010116284755213e+01,9.212659027739606987e-01
1.088152237529430799e+01,9.221457763409656172e-01
1.088293237519664913e+01,9.230279297574244257e-01
1.088432781912040781e+01,9.239130022725150493e-01
1.088570536363141983e+01,9.248016331354096398e-01
1.088706166529552810e+01,9.256944615952836797e-01
1.088839338067856133e+01,9.265921269013129846e-01
1.088969716634634999e+01,9.274952683026745914e-01
1.089096967886474054e+01,9.284045250485398748e-01
1.089220757479955992e+01,9.293205363880866487e-01
1.089340751071664570e+01,9.302439415704899517e-01
1.089340751071664570e+01,9.302439415704899517e-01
1.089408995473971231e+01,9.315633039127066972e-01
1.089474253890257494e+01,9.328853533297772893e-01
1.089536786998865558e+01,9.342098522271308214e-01
1.089596855478138693e+01,9.355365630101908359e-01
1.089654720006418387e+01,9.368652480843879804e-01
1.089710641262047730e+01,9.381956698551442431e-01
1.089764879923368568e+01,9.395275907278890504e-01
1.089817696668724167e+01,9.408607731080450565e-01
1.089869352176456552e+01,9.421949794010415768e-01
1.089920107124907567e+01,9.435299720123062617e-01
1.089970222192420302e+01,9.448655133472627643e-01
1.090019958057337313e+01,9.462013658113381798e-01
1.090069575398000445e+01,9.475372918099601582e-01
1.090119334892752789e+01,9.488730537485537964e-01
1.090169497219936545e+01,9.502084140325453010e-01
1.090220323057893914e+01,9.515431350673619892e-01
1.090272073084967275e+01,9.528769792584307341e-01
1.090325007979499539e+01,9.542097090111758551e-01
1.090379388419832729e+01,9.555410867310258904e-01
1.090435475084309580e+01,9.568708748234057149e-01
1.090435475084309580e+01,9.568708748234057149e-01
1.090516932302845632e+01,9.560630447312874480e-01
1.090594687063750712e+01,9.552471302957864507e-01
1.090669560335018318e+01,9.544249019168011827e-01
1.090742373084642836e+01,9.535981299942202227e-01
1.090813946280618119e+01,9.527685849279435848e-01
1.090885100890938553e+01,9.519380371178622902e-01
1.090956657883598169e+01,9.511082569638703577e-01
1.091029438226591530e+01,9.502810148658623612e-01
1.091104262887912135e+01,9.494580812237327638e-01
1.091181952835554192e+01,9.486412264373775827e-01
1.091263329037512086e+01,9.478322209066878390e-01
1.091349212461780027e+01,9.470328350315603272e-01
1.091440424076351690e+01,9.462448392118875118e-01
1.091537784849221815e+01,9.454700038475659651e-01
1.091642115748384256e+01,9.447100993384861534e-01
1.091754237741832867e+01,9.439668960845455370e-01
1.091874971797562210e+01,9.432421644856370246e-01
1.092005138883566318e+01,9.425376749416547462e-01
1.092145559967839219e+01,9.418551978524938306e-01
1.092297056018374946e+01,9.411965036180481858e-01
1.092297056018374946e+01,9.411965036180481858e-01
1.092414064961836928e+01,9.405977541974116507e-01
1.092531073905299088e+01,9.399990050553128640e-01
1.092648082848761248e+01,9.394002564702971236e-01
1.092765091792223586e+01,9.388015087208981813e-01
1.092882100735685569e+01,9.382027620856625560e-01
1.092999109679147551e+01,9.376040168431253319e-01
1.093116118622609534e+01,9.370052732718278099e-01
1.093233127566071872e+01,9.364065316503081826e-01
1.093350136509534032e+01,9.358077922571086393e-01
1.093467145452996014e+01,9.352090553707700371e-01
1.093584154396457997e+01,9.346103212698297913e-01
1.093701163339920157e+01,9.340115902328295361e-01
1.093818172283382140e+01,9.334128625383092404e-01
1.093935181226844122e+01,9.328141384648072076e-01
1.094052190170306460e+01,9.322154182908640729e-01
1.094169199113768620e+01,9.316167022950202492e-01
1.094286208057230603e+01,9.310179907558162604e-01
1.094403217000692763e+01,9.304192839517906322e-01
1.094520225944154745e+01,9.298205821614851097e-01
1.094637234887616906e+01,9.292218856634375523e-01
1.094637234887616906e+01,9.292218856634375523e-01
1.094703522977104271e+01,9.294503999276551021e-01
1.094761316478350111e+01,9.297037605120970216e-01
1.094811362694274059e+01,9.299797953622730429e-01
1.094854408927796108e+01,9.302763324236816844e-01
1.094891202481836423e+01,9.305911996418347876e-01
1.094922490659315173e+01,9.309222249622300938e-01
1.094949020763152703e+01,9.312672363303737821e-01
1.094971540096269003e+01,9.316240616917701445e-01
1.094990795961583885e+01,9.319905289919223623e-01
1.095007535662017517e+01,9.323644661763372810e-01
1.095022506500490245e+01,9.327437011905178599e-01
1.095036455779922058e+01,9.331260619799659484e-01
1.095050130803232769e+01,9.335093764901890578e-01
1.095064278873342900e+01,9.338914726666901478e-01
1.095079647293172442e+01,9.342701784549723998e-01
1.095096983365641385e+01,9.346433218005413268e-01
1.095117034393669897e+01,9.350087306489017758e-01
1.095140547680177967e+01,9.353642329455563731e-01
1.095168270528086119e+01,9.357076566360094105e-01
1.095200950240313631e+01,9.360368296657669562e-01
1.095200950240313631e+01,9.360368296657669562e-01
1.095235017824040469e+01,9.364504285708460385e-01
1.095264918230041040e+01,9.368725315790017438e-01
1.095291300266079126e+01,9.373017880500420507e-01
1.095314812739921173e+01,9.377368473437673879e-01
1.095336104459331494e+01,9.381763588199859560e-01
1.095355824232075470e+01,9.386189718384975178e-01
1.095374620865917770e+01,9.390633357591072761e-01
1.095393143168624484e+01,9.395080999416179912e-01
1.095412039947960103e+01,9.399519137458342000e-01
1.095431960011689299e+01,9.403934265315612162e-01
1.095453552167577627e+01,9.408312876586001350e-01
1.095477465223390467e+01,9.412641464867570473e-01
1.095504347986892313e+01,9.416906523758346026e-01
1.095534849265848720e+01,9.421094546856365604e-01
1.095569617868024537e+01,9.425192027759662361e-01
1.095609302601185142e+01,9.429185460066282776e-01
1.095654552273095206e+01,9.433061337374266664e-01
1.095706015691520463e+01,9.436806153281638299e-01
1.095764341664225228e+01,9.440406401386453039e-01
1.095830178998975057e+01,9.443848575286747371e-01
1.095830178998975057e+01,9.443848575286747371e-01
1.096041430127152694e+01,9.438481694540475919e-01
1.096252416601174140e+01,9.433114863931372218e-01
1.096463167827056751e+01,9.427748077888686851e-01
1.096673713210818768e+01,9.422381330841562708e-01
1.096884082158475948e+01,9.417014617219264805e-01
1.097094304076047067e+01,9.411647931450949356e-01
1.097304408369548234e+01,9.406281267965832527e-01
1.097514424444997871e+01,9.400914621193098286e-01
1.097724381708412800e+01,9.395547985561970572e-01
1.097934309565810196e+01,9.390181355501646676e-01
1.098144237423207770e+01,9.384814725441322780e-01
1.098354194686622698e+01,9.379448089810195066e-01
1.098564210762071980e+01,9.374081443037467487e-01
1.098774315055573503e+01,9.368714779552350658e-01
1.098984536973144444e+01,9.363348093784028547e-01
1.099194905920801979e+01,9.357981380161717322e-01
1.099405451304563464e+01,9.352614633114613163e-01
1.099616202530446429e+01,9.347247847071907811e-01
1.099827189004467876e+01,9.341881016462824094e-01
1.100038440132645334e+01,9.336514135716545981e-01
1.100038440132645334e+01,9.336514135716545981e-01
1.100110570492632789e+01,9.339930741970993155e-01
1.100175914063844296e+01,9.343525491233041214e-01
1.100235061067055931e+01,9.347283052664103753e-01
1.100288601723045190e+01,9.351188095425545521e-01
1.100337126252587083e+01,9.355225288678800100e-01
1.100381224876458752e+01,9.359379301585224464e-01
1.100421487815437338e+01,9.363634803306241094e-01
1.100458505290298561e+01,9.367976463003205856e-01
1.100492867521819207e+01,9.372388949837546779e-01
1.100525164730775529e+01,9.376856932970661918e-01
1.100555987137944136e+01,9.381365081563923791e-01
1.100585924964101459e+01,9.385898064778731564e-01
1.100615568430023927e+01,9.390440551776498834e-01
1.100645507756488684e+01,9.394977211718595900e-01
1.100676333164271270e+01,9.399492713766409713e-01
1.100708634874148650e+01,9.403971727081359422e-01
1.100743003106897078e+01,9.408398920824837530e-01
1.100780028083293338e+01,9.412758964158223218e-01
1.100820300024113685e+01,9.417036526242922312e-01
1.100864409150134904e+01,9.421216276240319543e-01
1.100864409150134904e+01,9.421216276240319543e-01
1.100892915708412545e+01,9.424333016602468582e-01
1.100921423616967232e+01,9.427781715300979082e-01
1.100949932725767155e+01,9.431470727122955866e-01
1.100978442884782105e+01,9.435308406855477115e-01
1.101006953943980982e+01,9.439203109285704274e-01
1.101035465753333398e+01,9.443063189200666674e-01
1.101063978162808787e+01,9.446797001387504666e-01
1.101092491022376230e+01,9.450312900633288660e-01
1.101121004182005336e+01,9.453519241725125699e-01
1.101149517491664653e+01,9.456324379450139483e-01
1.101178030801324326e+01,9.458636668595397090e-01
1.101206543960953077e+01,9.460364463948015556e-01
1.101235056820520342e+01,9.461416120295095267e-01
1.101263569229995554e+01,9.461699992423721062e-01
1.101292081039348325e+01,9.461124435120989995e-01
1.101320592098547380e+01,9.459597803174016883e-01
1.101349102257562151e+01,9.457028451369897670e-01
1.101377611366362252e+01,9.453324734495720527e-01
1.101406119274916406e+01,9.448395007338601381e-01
1.101434625833194403e+01,9.442147624685621743e-01
1.101434625833194403e+01,9.442147624685621743e-01
1.101496341261981371e+01,9.428046434558718936e-01
1.101555838036766843e+01,9.413929348157107357e-01
1.101613455526995367e+01,9.399798741426552695e-01
1.101669533102112553e+01,9.385656990312739589e-01
1.101724410131562237e+01,9.371506470761475915e-01
1.101778425984790211e+01,9.357349558718449645e-01
1.101831920031241197e+01,9.343188630129408700e-01
1.101885231640360452e+01,9.329026060940077691e-01
1.101938700181592523e+01,9.314864227096213423e-01
1.101992665024382134e+01,9.300705504543543833e-01
1.102047465538174720e+01,9.286552269227799083e-01
1.102103441092415181e+01,9.272406897094715994e-01
1.102160931056548065e+01,9.258271764090038047e-01
1.102220274800018807e+01,9.244149246159493183e-01
1.102281811692272129e+01,9.230041719248818222e-01
1.102345881102752934e+01,9.215951559303751095e-01
1.102412822400906123e+01,9.201881142270038616e-01
1.102482974956176776e+01,9.187832844093393181e-01
1.102556678138009616e+01,9.173809040719569374e-01
1.102634271315849901e+01,9.159812108094296246e-01
1.102634271315849901e+01,9.159812108094296246e-01
1.102774817138147512e+01,9.152798875218568497e-01
1.102915270316488261e+01,9.145779258207263895e-01
1.103055635726868111e+01,9.138754170671459232e-01
1.103195918245286755e+01,9.131724526222109173e-01
1.103336122747740511e+01,9.124691238470302723e-01
1.103476254110227828e+01,9.117655221027018975e-01
1.103616317208746089e+01,9.110617387503289200e-01
1.103756316919293745e+01,9.103578651510132458e-01
1.103896258117868179e+01,9.096539926658568920e-01
1.104036145680466419e+01,9.089502126559637629e-01
1.104175984483087447e+01,9.082466164824337662e-01
1.104315779401728648e+01,9.075432955063709173e-01
1.104455535312387227e+01,9.068403410888763450e-01
1.104595257091061633e+01,9.061378445910519552e-01
1.104734949613749606e+01,9.054358973739996541e-01
1.104874617756448529e+01,9.047345907988229019e-01
1.105014266395156142e+01,9.040340162266233826e-01
1.105153900405871070e+01,9.033342650185024469e-01
1.105293524664589810e+01,9.026354285355634444e-01
1.105433144047310989e+01,9.019375981389075037e-01
1.105433144047310989e+01,9.019375981389075037e-01
1.105610469833368192e+01,9.018867334023621396e-01
1.105788428748982710e+01,9.018570399300002149e-01
1.105966966783101491e+01,9.018466927281019174e-01
1.106146029924673257e+01,9.018538668029393301e-01
1.106325564162644248e+01,9.018767371607940841e-01
1.106505515485963542e+01,9.019134788079381515e-01
1.106685829883578265e+01,9.019622667506503877e-01
1.106866453344436962e+01,9.020212759952049852e-01
1.107047331857486583e+01,9.020886815478793563e-01
1.107228411411674962e+01,9.021626584149516903e-01
1.107409637995949936e+01,9.022413816026968458e-01
1.107590957599259696e+01,9.023230261173909028e-01
1.107772316210551189e+01,9.024057669653113845e-01
1.107953659818772962e+01,9.024877791527343707e-01
1.108134934412872319e+01,9.025672376859347201e-01
1.108316085981796917e+01,9.026423175711905111e-01
1.108497060514494947e+01,9.027111938147793779e-01
1.108677803999914069e+01,9.027720414229746249e-01
1.108858262427001762e+01,9.028230354020558845e-01
1.109038381784705685e+01,9.028623507582971275e-01
1.109038381784705685e+01,9.028623507582971275e-01
1.109138627898000884e+01,9.028877319680672642e-01
1.109240191880971338e+01,9.029077691104392400e-01
1.109342228160587140e+01,9.029258754139106724e-01
1.109443891163819806e+01,9.029454641069696308e-01
1.109544335317639963e+01,9.029699484181159530e-01
1.109642715049018591e+01,9.030027415758382636e-01
1.109738184784927029e+01,9.030472568086316265e-01
1.109829898952335903e+01,9.031069073449866647e-01
1.109917011978216550e+01,9.031851064133998852e-01
1.109998678289539242e+01,9.032852672423653528e-01
1.110074052313275317e+01,9.034108030603740236e-01
1.110142288476396111e+01,9.035651270959194070e-01
1.110202541205871896e+01,9.037516525774976772e-01
1.110253964928674009e+01,9.039737927335984580e-01
1.110295714071773432e+01,9.042349607927172572e-01
1.110326943062140792e+01,9.045385699833469184e-01
1.110329746035711551e+01,9.062456826308432634e-01
1.110329746035711551e+01,9.062456826308432634e-01
1.110346806326747426e+01,9.048880335339818393e-01
1.110349053386561735e+01,9.057381766292357250e-01
1.110354458292564139e+01,9.052867646731126428e-01
1.110367976883864216e+01,9.073367112491519393e-01
1.110400839783577709e+01,9.084332365747457283e-01
1.110429455614215932e+01,9.095341817721971367e-01
1.110454945255144565e+01,9.106384700060740078e-01
1.110478429585727156e+01,9.117450244409517346e-01
1.110501029485329383e+01,9.128527682413960509e-01
1.110523865833316037e+01,9.139606245719781308e-01
1.110548059509051910e+01,9.150675165972663727e-01
1.110574731391901793e+01,9.161723674818349483e-01
1.110605002361229765e+01,9.172741003902530332e-01
1.110639993296401506e+01,9.183716384870896920e-01
1.110680825076781630e+01,9.194639049369155437e-01
1.110728618581734395e+01,9.205498229043024283e-01
1.110784494690625479e+01,9.216283155538195215e-01
1.110849574282819141e+01,9.226983060500362210e-01
1.110924978237680172e+01,9.237587175575241449e-01
1.111011827434573362e+01,9.248084732408533570e-01
1.111111242752863859e+01,9.258464962645935881e-01
1.111224345071915920e+01,9.268717097933155680e-01
1.111352255271094691e+01,9.278830369915903598e-01
1.111352255271094691e+01,9.278830369915903598e-01
1.111422827737291286e+01,9.285687647811877721e-01
1.111494552589299900e+01,9.292535207449116319e-01
1.111566913871540763e+01,9.299377981770117207e-01
1.111639395628434812e+01,9.306220903717263848e-01
1.111711481904401211e+01,9.313068906233055166e-01
1.111782656743861075e+01,9.319926922259873514e-01
1.111852404191234456e+01,9.326799884740177848e-01
1.111920208290942469e+01,9.333692726616383828e-01
1.111985553087404632e+01,9.340610380830943749e-01
1.112047922625041529e+01,9.347557780326315457e-01
1.112106800948273566e+01,9.354539858044907952e-01
1.112161672101520971e+01,9.361561546929153543e-01
1.112212020129204326e+01,9.368627779921508969e-01
1.112257329075743861e+01,9.375743489964390998e-01
1.112297082985559982e+01,9.382913610000253035e-01
1.112330765903072916e+01,9.390143072971522953e-01
1.112357861872703069e+01,9.397436811820639724e-01
1.112377854938871025e+01,9.404799759490033439e-01
1.112390229145996656e+01,9.412236848922163057e-01
1.112394468538500725e+01,9.419753013059438684e-01
1.112394468538500725e+01,9.419753013059438684e-01
1.112408636212622426e+01,9.425247226020693203e-01
1.112425410070046183e+01,9.430190673591281048e-01
1.112444544210451980e+01,9.434580255621681788e-01
1.112465792733523529e+01,9.438412871962230666e-01
1.112488909738940634e+01,9.441685422463392818e-01
1.112513649326385767e+01,9.444394806975537904e-01
1.112539765595540509e+01,9.446537925349071108e-01
1.112567012646086440e+01,9.448111677434403166e-01
1.112595144577704964e+01,9.449112963081930383e-01
1.112623915490077486e+01,9.449538682142097912e-01
1.112653079482885943e+01,9.449385734465269859e-01
1.112682390655811737e+01,9.448651019901863624e-01
1.112711603108536451e+01,9.447331438302296602e-01
1.112740470940741488e+01,9.445423889516945115e-01
1.112768748252108963e+01,9.442925273396240993e-01
1.112796189142320102e+01,9.439832489790581649e-01
1.112822547711056309e+01,9.436142438550377820e-01
1.112847578057999698e+01,9.431852019526020259e-01
1.112871034282831317e+01,9.426958132567925253e-01
1.112892670485232927e+01,9.421457677526505758e-01
1.112892670485232927e+01,9.421457677526505758e-01
1.113040164116756259e+01,9.401489197106758233e-01
1.113187651446990500e+01,9.381523791767987230e-01
1.113335127674952574e+01,9.361560915571950359e-01
1.113482587999660822e+01,9.341600022580290874e-01
1.113630027620131813e+01,9.321640566854786369e-01
1.113777441735383888e+01,9.301682002457101195e-01
1.113924825544434682e+01,9.281723783448936338e-01
1.114072174246301294e+01,9.261765363892011660e-01
1.114219483040001890e+01,9.241806197848029258e-01
1.114366747124552859e+01,9.221845739378714546e-01
1.114513961698973077e+01,9.201883442545748526e-01
1.114661121962279822e+01,9.181918761410858831e-01
1.114808223113490193e+01,9.161951150035730906e-01
1.114955260351622179e+01,9.141980062482080172e-01
1.115102228875693413e+01,9.122004952811619827e-01
1.115249123884721172e+01,9.102025275086048639e-01
1.115395940577723088e+01,9.082040483367076478e-01
1.115542674153716973e+01,9.062050031716408771e-01
1.115689319811720281e+01,9.042053374195758719e-01
1.115835872750750468e+01,9.022049964866828420e-01
1.115835872750750468e+01,9.022049964866828420e-01
1.115846594957328186e+01,9.028659854260479012e-01
1.115857140202694886e+01,9.035273236545029452e-01
1.115867528065856362e+01,9.041889927884150246e-01
1.115877778125819653e+01,9.048509744441436409e-01
1.115887909961590196e+01,9.055132502380588422e-01
1.115897943152175209e+01,9.061758017865185755e-01
1.115907897276581018e+01,9.068386107058874490e-01
1.115917791913813950e+01,9.075016586125296270e-01
1.115927646642880866e+01,9.081649271228076081e-01
1.115937481042787383e+01,9.088283978530883322e-01
1.115947314692540715e+01,9.094920524197322997e-01
1.115957167171146835e+01,9.101558724391036748e-01
1.115967058057612071e+01,9.108198395275669546e-01
1.115977006930943460e+01,9.114839353014850820e-01
1.115987033370147152e+01,9.121481413772203339e-01
1.115997156954229652e+01,9.128124393711385398e-01
1.116007397262196754e+01,9.134768108996027536e-01
1.116017773873055852e+01,9.141412375789751410e-01
1.116028306365812739e+01,9.148057010256215316e-01
1.116039014319474276e+01,9.154701828559035359e-01
1.116039014319474276e+01,9.154701828559035359e-01
1.116316633978599882e+01,9.157336842905697827e-01
1.116594876865256403e+01,9.159915639535129994e-01
1.116873679066364744e+01,9.162444059430021603e-01
1.117152976668847586e+01,9.164927943572996893e-01
1.117432705759624412e+01,9.167373132946744496e-01
1.117712802425618435e+01,9.169785468533910855e-01
1.117993202753750559e+01,9.172170791317127980e-01
1.118273842830942577e+01,9.174534942279097827e-01
1.118554658744115926e+01,9.176883762402446854e-01
1.118835586580191510e+01,9.179223092669868134e-01
1.119116562426091654e+01,9.181558774063997008e-01
1.119397522368737441e+01,9.183896647567491023e-01
1.119678402495049951e+01,9.186242554163018825e-01
1.119959138891952044e+01,9.188602334833246843e-01
1.120239667646364090e+01,9.190981830560808197e-01
1.120519924845207882e+01,9.193386882328384857e-01
1.120799846575404857e+01,9.195823331118635480e-01
1.121079368923876629e+01,9.198297017914199847e-01
1.121358427977544636e+01,9.200813783697765480e-01
1.121636959823330670e+01,9.203379469451966610e-01
1.121636959823330670e+01,9.203379469451966610e-01
1.121807064631764206e+01,9.210900044269281217e-01
1.121977169440197741e+01,9.218420485387414098e-01
1.122147274248631454e+01,9.225940603399225282e-01
1.122317379057065168e+01,9.233460208897522614e-01
1.122487483865498348e+01,9.240979112475172785e-01
1.122657588673931883e+01,9.248497124724989193e-01
1.122827693482365419e+01,9.256014056239812993e-01
1.122997798290799309e+01,9.263529717612490888e-01
1.123167903099232845e+01,9.271043919435836278e-01
1.123338007907666203e+01,9.278556472302730285e-01
1.123508112716099561e+01,9.286067186805972984e-01
1.123678217524533274e+01,9.293575873538411081e-01
1.123848322332966809e+01,9.301082343092879068e-01
1.124018427141400167e+01,9.308586406062223650e-01
1.124188531949833880e+01,9.316087873039264888e-01
1.124358636758267416e+01,9.323586554616849487e-01
1.124528741566701129e+01,9.331082261387833032e-01
1.124698846375134664e+01,9.338574803945013381e-01
1.124868951183568200e+01,9.346063992881259441e-01
1.125039055992001735e+01,9.353549638789399046e-01
1.125039055992001735e+01,9.353549638789399046e-01
1.125167780245259763e+01,9.351568856281562425e-01
1.125294514566319393e+01,9.349363172265441335e-01
1.125419430965378709e+01,9.346952299013006060e-01
1.125542701452636685e+01,9.344355948796178035e-01
1.125664498038290517e+01,9.341593833886946419e-01
1.125784992732539358e+01,9.338685666557227094e-01
1.125904357545581647e+01,9.335651159079002559e-01
1.126022764487615113e+01,9.332510023724173154e-01
1.126140385568838909e+01,9.329281972764729147e-01
1.126257392799450230e+01,9.325986718472620840e-01
1.126373958189648405e+01,9.322643973119775218e-01
1.126490253749631520e+01,9.319273448978168117e-01
1.126606451489597305e+01,9.315894858319728744e-01
1.126722723419744732e+01,9.312527913416427383e-01
1.126839241550272241e+01,9.309192326540177698e-01
1.126956177891377919e+01,9.305907809962962185e-01
1.127073704453259850e+01,9.302694075956731146e-01
1.127191993246116652e+01,9.299570836793419337e-01
1.127311216280146589e+01,9.296557804744981501e-01
1.127431545565548099e+01,9.293674692083374600e-01
1.127431545565548099e+01,9.293674692083374600e-01
1.127502296368237467e+01,9.291743480865425342e-01
1.127572953101678088e+01,9.289818837619379099e-01
1.127643520716882009e+01,9.287900032570602926e-01
1.127714004164863226e+01,9.285986335944418357e-01
1.127784408396633964e+01,9.284077017966197998e-01
1.127854738363208043e+01,9.282171348861250060e-01
1.127924999015598573e+01,9.280268598854948259e-01
1.127995195304818488e+01,9.278368038172599697e-01
1.128065332181881075e+01,9.276468937039563656e-01
1.128135414597798913e+01,9.274570565681204970e-01
1.128205447503585646e+01,9.272672194322838513e-01
1.128275435850254560e+01,9.270773093189809133e-01
1.128345384588818234e+01,9.268872532507475004e-01
1.128415298670289957e+01,9.266969782501165431e-01
1.128485183045683193e+01,9.265064113396211942e-01
1.128555042666010877e+01,9.263154795417977150e-01
1.128624882482285763e+01,9.261241098791807014e-01
1.128694707445521495e+01,9.259322293743023069e-01
1.128764522506731005e+01,9.257397650496991259e-01
1.128834332616927227e+01,9.255466439279034230e-01
1.128834332616927227e+01,9.255466439279034230e-01
1.128970056427499813e+01,9.265025250110306976e-01
1.129105996507328058e+01,9.274568393069618777e-01
1.129242369125665668e+01,9.284091119050951191e-01
1.129379390551769369e+01,9.293588678948165871e-01
1.129517277054892332e+01,9.303056323655246596e-01
1.129656244904290574e+01,9.312489304066096096e-01
1.129796510369218865e+01,9.321882871074640420e-01
1.129938289718932865e+01,9.331232275574797841e-01
1.130081799222687167e+01,9.340532768460502178e-01
1.130227255149736365e+01,9.349779600625711673e-01
1.130374873769336297e+01,9.358968022964312405e-01
1.130524871350741378e+01,9.368093286370257067e-01
1.130677464163206736e+01,9.377150641737470593e-01
1.130832868475987496e+01,9.386135339959865709e-01
1.130991300558338963e+01,9.395042631931374011e-01
1.131152976679516087e+01,9.403867768545928207e-01
1.131318113108773460e+01,9.412606000697467667e-01
1.131486926115366387e+01,9.421252579279890682e-01
1.131659631968549995e+01,9.429802755187149943e-01
1.131836446937579232e+01,9.438251779313172607e-01
1.131836446937579232e+01,9.438251779313172607e-01
1.131897322869580513e+01,9.441322061997801107e-01
1.131958015614096524e+01,9.444399096490684320e-01
1.132018540024165887e+01,9.447482336853582074e-01
1.132078910952829354e+01,9.450571237148162052e-01
1.132139143253124480e+01,9.453665251436151884e-01
1.132199251778091842e+01,9.456763833779250339e-01
1.132259251380770415e+01,9.459866438239152853e-01
1.132319156914199887e+01,9.462972518877577066e-01
1.132378983231419411e+01,9.466081529756226187e-01
1.132438745185468143e+01,9.469192924936826739e-01
1.132498457629385769e+01,9.472306158481065275e-01
1.132558135416211442e+01,9.475420684450635012e-01
1.132617793398984496e+01,9.478535956907278015e-01
1.132677446430744617e+01,9.481651429912665296e-01
1.132737109364531136e+01,9.484766557528526709e-01
1.132796797053383209e+01,9.487880793816559910e-01
1.132856524350339988e+01,9.490993592838481430e-01
1.132916306108441518e+01,9.494104408655976712e-01
1.132976157180726418e+01,9.497212695330780052e-01
1.133036092420234553e+01,9.500317906924576894e-01
1.133036092420234553e+01,9.500317906924576894e-01
1.133191907317032943e+01,9.493101031637686260e-01
1.133346783096660815e+01,9.485839823933036596e-01
1.133500862363298012e+01,9.478541035618944788e-01
1.133654287721127218e+01,9.471211418503655555e-01
1.133807201774327567e+01,9.463857724395493554e-01
1.133959747127081208e+01,9.456486705102697954e-01
1.134112066383569228e+01,9.449105112433577869e-01
1.134264302147972359e+01,9.441719698196400223e-01
1.134416597024471685e+01,9.434337214199438604e-01
1.134569093617247582e+01,9.426964412251004344e-01
1.134721934530481846e+01,9.419608044159347715e-01
1.134875262368355031e+01,9.412274861732773390e-01
1.135029219735048223e+01,9.404971616779547183e-01
1.135183949234742506e+01,9.397705061107950453e-01
1.135339593471618969e+01,9.390481946526272328e-01
1.135496295049858517e+01,9.383309024842793056e-01
1.135654196573641883e+01,9.376193047865795105e-01
1.135813440647150685e+01,9.369140767403544290e-01
1.135974169874565476e+01,9.362158935264343063e-01
1.136136526860066986e+01,9.355254303256466120e-01
1.136136526860066986e+01,9.355254303256466120e-01
1.136362448790320911e+01,9.351097820629186153e-01
1.136589761205108928e+01,9.347019340328266424e-01
1.136818282267221392e+01,9.343009180305223982e-01
1.137047830139449900e+01,9.339057658511503712e-01
1.137278222984583920e+01,9.335155092898642648e-01
1.137509278965415049e+01,9.331291801418108989e-01
1.137740816244734177e+01,9.327458102021389807e-01
1.137972652985332012e+01,9.323644312659973288e-01
1.138204607349999264e+01,9.319840751285360936e-01
1.138436497501526112e+01,9.316037735849056478e-01
1.138668141602704154e+01,9.312225584302532555e-01
1.138899357816323921e+01,9.308394614597271799e-01
1.139129964305175591e+01,9.304535144684794590e-01
1.139359779232050940e+01,9.300637492516556915e-01
1.139588620759740323e+01,9.296691976044079153e-01
1.139816307051034272e+01,9.292688913218837277e-01
1.140042656268723675e+01,9.288618621992326130e-01
1.140267486575599598e+01,9.284471420316039447e-01
1.140490616134452395e+01,9.280237626141459861e-01
1.140711863108073310e+01,9.275907557420081107e-01
1.140711863108073310e+01,9.275907557420081107e-01
1.140853766683207127e+01,9.268109993660433865e-01
1.140994401223659693e+01,9.260272289509210442e-01
1.141133874976580387e+01,9.252398091054346851e-01
1.141272296189121249e+01,9.244491044383656986e-01
1.141409773108431303e+01,9.236554795585104616e-01
1.141546413981662056e+01,9.228592990746539160e-01
1.141682327055963775e+01,9.220609275955847783e-01
1.141817620578487436e+01,9.212607297300912101e-01
1.141952402796382771e+01,9.204590700869623721e-01
1.142086781956800579e+01,9.196563132749909775e-01
1.142220866306891836e+01,9.188528239029613021e-01
1.142354764093806629e+01,9.180489665796635057e-01
1.142488583564695759e+01,9.172451059138864160e-01
1.142622432966709667e+01,9.164416065144184165e-01
1.142756420546998974e+01,9.156388329900483347e-01
1.142890654552714125e+01,9.148371499495656645e-01
1.143025243231005561e+01,9.140369220017593443e-01
1.143160294829024082e+01,9.132385137554162036e-01
1.143295917593919953e+01,9.124422898193278453e-01
1.143432219772843972e+01,9.116486148022812097e-01
1.143432219772843972e+01,9.116486148022812097e-01
1.143512582167347169e+01,9.118190363576337276e-01
1.143586889022709485e+01,9.120217108889050461e-01
1.143655671147549668e+01,9.122538454760661386e-01
1.143719459350487533e+01,9.125126471990747667e-01
1.143778784440140761e+01,9.127953231379047905e-01
1.143834177225129523e+01,9.130990803725153038e-01
1.143886168514072210e+01,9.134211259828760587e-01
1.143935289115588283e+01,9.137586670489477036e-01
1.143982069838296312e+01,9.141089106506982143e-01
1.144027041490815577e+01,9.144690638680953443e-01
1.144070734881765006e+01,9.148363337811024065e-01
1.144113680819763701e+01,9.152079274696834910e-01
1.144156410113430411e+01,9.155810520138073505e-01
1.144199453571384595e+01,9.159529144934362987e-01
1.144243342002245001e+01,9.163207219885375343e-01
1.144288606214630732e+01,9.166816815790760353e-01
1.144335777017160360e+01,9.170330003450177792e-01
1.144385385218453699e+01,9.173718853663277439e-01
1.144437961627129141e+01,9.176955437229719070e-01
1.144494037051805790e+01,9.180011824949156907e-01
1.144494037051805790e+01,9.180011824949156907e-01
1.144551078086574591e+01,9.184212286248453205e-01
1.144608121296788994e+01,9.188416006465091046e-01
1.144665171858507335e+01,9.192622623497179735e-01
1.144722234947789552e+01,9.196831775242757523e-01
1.144779315740693804e+01,9.201043099599942598e-01
1.144836419413280204e+01,9.205256234466762111e-01
1.144893551141607446e+01,9.209470817741287618e-01
1.144950716101735466e+01,9.213686487321601781e-01
1.145007919469722779e+01,9.217902881105776158e-01
1.145065166421628078e+01,9.222119636991887859e-01
1.145122462133511476e+01,9.226336392877991788e-01
1.145179811781431667e+01,9.230552786662172826e-01
1.145237220541447698e+01,9.234768456242494761e-01
1.145294693589619328e+01,9.238983039517020268e-01
1.145352236102005428e+01,9.243196174383832009e-01
1.145409853254664867e+01,9.247407498740995990e-01
1.145467550223657227e+01,9.251616650486594873e-01
1.145525332185041378e+01,9.255823267518676900e-01
1.145583204314876724e+01,9.260026987735328063e-01
1.145641171789222490e+01,9.264227449034617701e-01
1.145641171789222490e+01,9.264227449034617701e-01
1.145765155809989722e+01,9.251793561883411288e-01
1.145891091130050654e+01,9.239388344848785684e-01
1.146018668086037806e+01,9.227007600333809734e-01
1.146147577014586361e+01,9.214647130741444592e-01
1.146277508252328659e+01,9.202302738474760213e-01
1.146408152135899527e+01,9.189970225936749948e-01
1.146539199001932197e+01,9.177645395530449335e-01
1.146670339187060961e+01,9.165324049658847283e-01
1.146801263027919227e+01,9.153001990724977111e-01
1.146931660861140934e+01,9.140675021131897671e-01
1.147061223023359844e+01,9.128338943282580109e-01
1.147189639851209719e+01,9.115989559580061075e-01
1.147316601681324144e+01,9.103622672427369444e-01
1.147441798850337591e+01,9.091234084227513002e-01
1.147564921694883111e+01,9.078819597383507300e-01
1.147685660551594822e+01,9.066375014298380108e-01
1.147803705757106485e+01,9.053896137375160302e-01
1.147918747648052218e+01,9.041378769016842343e-01
1.148030476561065072e+01,9.028818711626481752e-01
1.148138582832779342e+01,9.016211767607067440e-01
1.148138582832779342e+01,9.016211767607067440e-01
1.148177223577308936e+01,9.008353116323490895e-01
1.148212712701925398e+01,9.000477755428549775e-01
1.148245340290986860e+01,8.992587136115421931e-01
1.148275396428854478e+01,8.984682709577157533e-01
1.148303171199887274e+01,8.976765927006935541e-01
1.148328954688445336e+01,8.968838239597832773e-01
1.148353036978888220e+01,8.960901098542985999e-01
1.148375708155576014e+01,8.952955955035478697e-01
1.148397258302868451e+01,8.945004260268455409e-01
1.148417977505124909e+01,8.937047465435049576e-01
1.148438155846705655e+01,8.929087021728342455e-01
1.148458083411970065e+01,8.921124380341465265e-01
1.148478050285277696e+01,8.913160992467543675e-01
1.148498346550988991e+01,8.905198309299666715e-01
1.148519262293463683e+01,8.897237782030980036e-01
1.148541087597060795e+01,8.889280861854585991e-01
1.148564112546140947e+01,8.881328999963603588e-01
1.148588627225063341e+01,8.873383647551142950e-01
1.148614921718187887e+01,8.865446255810341958e-01
1.148643286109874495e+01,8.857518275934297414e-01
1.148643286109874495e+01,8.857518275934297414e-01
1.148773091209305264e+01,8.865365812081362762e-01
1.148902893533168523e+01,8.873210273147402738e-01
1.149032693306509501e+01,8.881052205070771866e-01
1.149162490754374844e+01,8.888892153789693662e-01
1.149292286101810134e+01,8.896730665242522651e-01
1.149422079573861843e+01,8.904568285367518987e-01
1.149551871395575731e+01,8.912405560102988344e-01
1.149681661791997911e+01,8.920243035387195318e-01
1.149811450988174855e+01,8.928081257158468897e-01
1.149941239209151789e+01,8.935920771355100323e-01
1.150071026679975361e+01,8.943762123915363071e-01
1.150200813625691687e+01,8.951605860777563928e-01
1.150330600271346349e+01,8.959452527879988581e-01
1.150460386841985816e+01,8.967302671160937155e-01
1.150590173562656027e+01,8.975156836558702000e-01
1.150719960658402741e+01,8.983015570011576578e-01
1.150849748354272606e+01,8.990879417457846579e-01
1.150979536875311027e+01,8.998748924835804353e-01
1.151109326446564651e+01,9.006624638083764456e-01
1.151239117293079062e+01,9.014507103139999256e-01
1.151239117293079062e+01,9.014507103139999256e-01
1.151291674672860310e+01,8.989161437852913883e-01
1.151341637271674045e+01,8.963800970953104130e-01
1.151389653972299065e+01,8.938429173048324516e-01
1.151436373657517542e+01,8.913049514746268498e-01
1.151482445210108452e+01,8.887665466654682822e-01
1.151528517512852900e+01,8.862280499381268717e-01
1.151575239448531462e+01,8.836898083533766268e-01
1.151623259899924534e+01,8.811521689719867823e-01
1.151673227749812511e+01,8.786154788547321237e-01
1.151725791880975436e+01,8.760800850623855496e-01
1.151781601176194236e+01,8.735463346557168496e-01
1.151841304518249487e+01,8.710145746955001433e-01
1.151905550789921051e+01,8.684851522425068859e-01
1.151974988873989858e+01,8.659584143575089765e-01
1.152050267653236304e+01,8.634347081012786473e-01
1.152132036010440785e+01,8.609143805345883527e-01
1.152220942828383698e+01,8.583977787182109909e-01
1.152317636989845440e+01,8.558852497129179060e-01
1.152422767377606760e+01,8.533771405794817744e-01
1.152536982874447702e+01,8.508737983786747172e-01
1.152536982874447702e+01,8.508737983786747172e-01
1.152571495724289008e+01,8.500156645758838447e-01
1.152606190336324410e+01,8.491572046028171838e-01
1.152641051932529592e+01,8.482984543911268327e-01
1.152676065734880773e+01,8.474394498724648894e-01
1.152711216965353458e+01,8.465802269784877820e-01
1.152746490845924043e+01,8.457208216408452772e-01
1.152781872598568569e+01,8.448612697911926928e-01
1.152817347445262897e+01,8.440016073611789071e-01
1.152852900607983067e+01,8.431418702824600153e-01
1.152888517308704586e+01,8.422820944866917792e-01
1.152924182769404027e+01,8.414223159055225221e-01
1.152959882212057252e+01,8.405625704706055634e-01
1.152995600858639946e+01,8.397028941135967761e-01
1.153031323931128505e+01,8.388433227661464819e-01
1.153067036651498611e+01,8.379838923599092215e-01
1.153102724241726484e+01,8.371246388265369820e-01
1.153138371923787808e+01,8.362655980976840819e-01
1.153173964919658978e+01,8.354068061050009542e-01
1.153209488451315323e+01,8.345482987801429164e-01
1.153244927740733594e+01,8.336901120547631772e-01
1.153244927740733594e+01,8.336901120547631772e-01
1.153330650832192639e+01,8.358152724473491002e-01
1.153414918925916766e+01,8.379410397784744502e-01
1.153497948366175407e+01,8.400672856412290113e-01
1.153579955497240483e+01,8.421938816286922425e-01
1.153661156663380538e+01,8.443206993339552602e-01
1.153741768208867313e+01,8.464476103500989668e-01
1.153822006477970774e+01,8.485744862702097047e-01
1.153902087814961419e+01,8.507011986873709297e-01
1.153982228564109747e+01,8.528276191946689844e-01
1.154062645069685544e+01,8.549536193851917654e-01
1.154143553675959843e+01,8.570790708520206191e-01
1.154225170727202610e+01,8.592038451882405559e-01
1.154307712567684518e+01,8.613278139869393613e-01
1.154391395541675180e+01,8.634508488412004912e-01
1.154476435993446515e+01,8.655728213441075125e-01
1.154563050267267599e+01,8.676936030887482110e-01
1.154651454707409108e+01,8.698130656682062645e-01
1.154741865658141720e+01,8.719310806755663501e-01
1.154834499463735753e+01,8.740475197039158095e-01
1.154929572468461174e+01,8.761622543463373214e-01
1.154929572468461174e+01,8.761622543463373214e-01
1.154954386996241311e+01,8.765977507156630377e-01
1.154979654316676552e+01,8.769036764301718634e-01
1.155005335121722254e+01,8.770906555604749411e-01
1.155031390103336086e+01,8.771693121771703128e-01
1.155057779953473407e+01,8.771502703508712306e-01
1.155084465364091173e+01,8.770441541521764028e-01
1.155111407027145631e+01,8.768615876516929752e-01
1.155138565634593562e+01,8.766131949200258733e-01
1.155165901878390855e+01,8.763096000277792452e-01
1.155193376450494114e+01,8.759614270455602369e-01
1.155220950042859940e+01,8.755793000439724416e-01
1.155248583347444757e+01,8.751738430936200075e-01
1.155276237056204636e+01,8.747556802651114127e-01
1.155303871861096177e+01,8.743354356290482521e-01
1.155331448454076160e+01,8.739237332560354510e-01
1.155358927527100654e+01,8.735311972166799332e-01
1.155386269772125907e+01,8.731684515815874015e-01
1.155413435881108875e+01,8.728461204213600055e-01
1.155440386546005449e+01,8.725748278066050023e-01
1.155467082458772055e+01,8.723651978079277614e-01
1.155467082458772055e+01,8.723651978079277614e-01
1.155556464223903035e+01,8.712878425298564711e-01
1.155645662801548745e+01,8.702098304545913265e-01
1.155734693044747807e+01,8.691312345596020617e-01
1.155823569806540796e+01,8.680521278223515269e-01
1.155912307939965622e+01,8.669725832203080129e-01
1.156000922298062683e+01,8.658926737309343702e-01
1.156089427733870778e+01,8.648124723316991114e-01
1.156177839100429949e+01,8.637320520000648649e-01
1.156266171250778996e+01,8.626514857135001435e-01
1.156354439037957427e+01,8.615708464494699070e-01
1.156442657315004752e+01,8.604902071854395595e-01
1.156530840934959947e+01,8.594096408988741720e-01
1.156619004750862878e+01,8.583292205672413688e-01
1.156707163615752521e+01,8.572490191680046667e-01
1.156795332382668562e+01,8.561691096786318012e-01
1.156883525904650512e+01,8.550895650765868439e-01
1.156971759034736635e+01,8.540104583393376414e-01
1.157060046625967686e+01,8.529318624443477104e-01
1.157148403531382286e+01,8.518538503690832320e-01
1.157236844604020121e+01,8.507764950910120527e-01
1.157236844604020121e+01,8.507764950910120527e-01
1.157247613145079157e+01,8.514444259421711791e-01
1.157258287691904997e+01,8.521120306230529629e-01
1.157268873270524701e+01,8.527793450653119445e-01
1.157279374906967817e+01,8.534464052005992230e-01
1.157289797627261940e+01,8.541132469605721145e-01
1.157300146457436085e+01,8.547799062768796086e-01
1.157310426423518734e+01,8.554464190811755797e-01
1.157320642551538192e+01,8.561128213051116820e-01
1.157330799867523297e+01,8.567791488803426780e-01
1.157340903397501641e+01,8.574454377385229975e-01
1.157350958167502597e+01,8.581117238113024071e-01
1.157360969203554291e+01,8.587780430303361134e-01
1.157370941531684849e+01,8.594444313272765479e-01
1.157380880177923643e+01,8.601109246337761416e-01
1.157390790168298267e+01,8.607775588814875478e-01
1.157400676528837735e+01,8.614443700020645300e-01
1.157410544285569998e+01,8.621113939271608517e-01
1.157420398464524247e+01,8.627786665884277228e-01
1.157430244091728255e+01,8.634462239175190179e-01
1.157440086193211037e+01,8.641141018460885004e-01
1.157440086193211037e+01,8.641141018460885004e-01
1.157489853714605665e+01,8.625178539462804439e-01
1.157537147754853635e+01,8.609199877293862713e-01
1.157582346916427696e+01,8.593207232419665109e-01
1.157625829801802020e+01,8.577202805305756961e-01
1.157667975013448469e+01,8.561188796417753544e-01
1.157709161153840860e+01,8.545167406221175765e-01
1.157749766825452120e+01,8.529140835181604485e-01
1.157790170630756066e+01,8.513111283764607240e-01
1.157830751172225270e+01,8.497080952435765999e-01
1.157871887052332838e+01,8.481052041660662733e-01
1.157913956873552408e+01,8.465026751904836111e-01
1.157957339238356731e+01,8.449007283633883647e-01
1.158002412749219090e+01,8.432995837313363996e-01
1.158049556008612946e+01,8.416994613408840253e-01
1.158099147619011227e+01,8.401005812385891058e-01
1.158151566182887038e+01,8.385031634710087278e-01
1.158207190302713485e+01,8.369074280847000891e-01
1.158266398580964029e+01,8.353135951262194991e-01
1.158329569620111776e+01,8.337218846421242668e-01
1.158397082022629476e+01,8.321325166789719230e-01
1.158397082022629476e+01,8.321325166789719230e-01
1.158628694729883435e+01,8.297410641135831710e-01
1.158868906071670324e+01,8.273633962115592988e-01
1.159117170311315981e+01,8.249986910015252306e-01
1.159372941712147309e+01,8.226461265120985633e-01
1.159635674537490146e+01,8.203048807719047764e-01
1.159904823050670863e+01,8.179741318095593572e-01
1.160179841515016008e+01,8.156530576536844546e-01
1.160460184193851596e+01,8.133408363328991086e-01
1.160745305350503820e+01,8.110366458758244690e-01
1.161034659248298873e+01,8.087396643110853489e-01
1.161327700150563480e+01,8.064490696672965697e-01
1.161623882320623480e+01,8.041640399730815014e-01
1.161922660021805065e+01,8.018837532570614046e-01
1.162223487517434961e+01,7.996073875478534321e-01
1.162525819070839361e+01,7.973341208740806207e-01
1.162829108945344103e+01,7.950631312643636761e-01
1.163132811404275557e+01,7.927935967473224155e-01
1.163436380710960805e+01,7.905246953515766561e-01
1.163739271128724795e+01,7.882556051057483248e-01
1.164040936920894787e+01,7.859855040384577940e-01
1.164040936920894787e+01,7.859855040384577940e-01
1.164180776398653983e+01,7.855496570801885348e-01
1.164324686884460824e+01,7.851316216372792312e-01
1.164472215960737067e+01,7.847294997385443338e-01
1.164622911209905887e+01,7.843413934127890785e-01
1.164776320214387972e+01,7.839654046888300254e-01
1.164931990556606323e+01,7.835996355954737425e-01
1.165089469818982515e+01,7.832421881615326820e-01
1.165248305583939370e+01,7.828911644158167427e-01
1.165408045433898643e+01,7.825446663871351571e-01
1.165568236951281733e+01,7.822007961043031532e-01
1.165728427718511639e+01,7.818576555961271879e-01
1.165888165318010294e+01,7.815133468914206016e-01
1.166046997332199275e+01,7.811659720189918499e-01
1.166204471343501226e+01,7.808136330076519416e-01
1.166360134934338255e+01,7.804544318862131069e-01
1.166513535687131942e+01,7.800864706834842455e-01
1.166664221184304751e+01,7.797078514282788086e-01
1.166811739008278792e+01,7.793166761494044747e-01
1.166955636741475999e+01,7.789110468756725858e-01
1.167095461966318481e+01,7.784890656358955940e-01
1.167095461966318481e+01,7.784890656358955940e-01
1.167173922171577871e+01,7.777078992443030581e-01
1.167253688544117907e+01,7.769268264421304027e-01
1.167334397409519120e+01,7.761455731460751295e-01
1.167415685093363820e+01,7.753638652728260805e-01
1.167497187921232893e+01,7.745814287390830888e-01
1.167578542218708471e+01,7.737979894615341081e-01
1.167659384311371973e+01,7.730132733568748638e-01
1.167739350524804998e+01,7.722270063417974173e-01
1.167818077184589143e+01,7.714389143329968279e-01
1.167895200616305296e+01,7.706487232471667115e-01
1.167970357145535765e+01,7.698561590009997957e-01
1.168043183097861792e+01,7.690609475111896964e-01
1.168113314798864799e+01,7.682628146944308067e-01
1.168180388574127093e+01,7.674614864674157433e-01
1.168244040749229207e+01,7.666566887468376779e-01
1.168303907649753270e+01,7.658481474493913366e-01
1.168359625601280349e+01,7.650355884917696692e-01
1.168410830929392574e+01,7.642187377906649592e-01
1.168457159959671188e+01,7.633973212627733762e-01
1.168498249017697610e+01,7.625710648247872037e-01
1.168498249017697610e+01,7.625710648247872037e-01
1.168529109695197654e+01,7.618118425528820348e-01
1.168557112962987787e+01,7.610462896250917986e-01
1.168582745595676009e+01,7.602753731321112429e-01
1.168606494367871740e+01,7.595000601646267890e-01
1.168628846054182091e+01,7.587213178133351832e-01
1.168650287429216306e+01,7.579401131689234017e-01
1.168671305267582738e+01,7.571574133220828617e-01
1.168692386343889567e+01,7.563741853635053136e-01
1.168714017432744789e+01,7.555913963838812863e-01
1.168736685308756940e+01,7.548100134739056388e-01
1.168760876746534727e+01,7.540310037242639041e-01
1.168787078520686329e+01,7.532553342256508300e-01
1.168815777405819745e+01,7.524839720687569455e-01
1.168847460176544217e+01,7.517178843442726688e-01
1.168882613607467391e+01,7.509580381428887508e-01
1.168921724473197798e+01,7.502054005552969418e-01
1.168965279548343617e+01,7.494609386721893252e-01
1.169013765607513911e+01,7.487256195842547646e-01
1.169067669425316147e+01,7.480004103821862316e-01
1.169127477776359036e+01,7.472862781566745882e-01
1.169127477776359036e+01,7.472862781566745882e-01
1.169252458401060757e+01,7.468954729645428392e-01
1.169377619362665222e+01,7.465043184833164425e-01
1.169502945958162776e+01,7.461128330966363409e-01
1.169628423484545721e+01,7.457210351881355948e-01
1.169754037238804223e+01,7.453289431414552579e-01
1.169879772517930405e+01,7.449365753402273915e-01
1.170005614618915679e+01,7.445439501680906069e-01
1.170131548838751101e+01,7.441510860086790746e-01
1.170257560474428615e+01,7.437580012456296297e-01
1.170383634822938035e+01,7.433647142625822157e-01
1.170509757181272192e+01,7.429712434431695600e-01
1.170635912846421789e+01,7.425776071710294968e-01
1.170762087115378236e+01,7.421838238297983059e-01
1.170888265285133123e+01,7.417899118031121564e-01
1.171014432652677328e+01,7.413958894746067729e-01
1.171140574515002797e+01,7.410017752279198788e-01
1.171266676169100052e+01,7.406075874466877540e-01
1.171392722911960860e+01,7.402133445145453461e-01
1.171518700040576988e+01,7.398190648151309334e-01
1.171644592851938782e+01,7.394247667320802408e-01
1.171644592851938782e+01,7.394247667320802408e-01
1.171675030405354967e+01,7.406731748762910295e-01
1.171705373889522050e+01,7.419212571287649993e-01
1.171735628255452788e+01,7.431690496996972151e-01
1.171765798454160645e+01,7.444165887992749697e-01
1.171795889436658200e+01,7.456639106377005444e-01
1.171825906153959096e+01,7.469110514251603439e-01
1.171855853557076088e+01,7.481580473718462132e-01
1.171885736597022643e+01,7.494049346879545492e-01
1.171915560224811870e+01,7.506517495836747544e-01
1.171945329391456525e+01,7.518985282692047800e-01
1.171975049047969897e+01,7.531453069547334733e-01
1.172004724145365628e+01,7.543921218504550108e-01
1.172034359634655765e+01,7.556390091665640130e-01
1.172063960466854304e+01,7.568860051132505484e-01
1.172093531592974180e+01,7.581331459007090157e-01
1.172123077964028504e+01,7.593804677391324809e-01
1.172152604531030207e+01,7.606280068387123450e-01
1.172182116244992400e+01,7.618757994096431174e-01
1.172211618056928550e+01,7.631238816621178644e-01
1.172241114917851590e+01,7.643722898063293192e-01
1.172241114917851590e+01,7.643722898063293192e-01
1.172284699749086379e+01,7.625790187186274327e-01
1.172327080808994637e+01,7.607844702467334574e-01
1.172368430107773918e+01,7.589888265557765967e-01
1.172408919655623372e+01,7.571922698108731753e-01
1.172448721462740551e+01,7.553949821771573925e-01
1.172488007539324073e+01,7.535971458197475714e-01
1.172526949895572379e+01,7.517989429037681415e-01
1.172565720541684087e+01,7.500005555943438651e-01
1.172604491487857103e+01,7.482021660566010590e-01
1.172643434744289337e+01,7.464039564556645967e-01
1.172682722321180293e+01,7.446061089566559099e-01
1.172722526228727169e+01,7.428088057247012044e-01
1.172763018477128938e+01,7.410122289249246874e-01
1.172804371076583685e+01,7.392165607224506774e-01
1.172846756037290028e+01,7.374219832824038257e-01
1.172890345369446052e+01,7.356286787699077845e-01
1.172935311083250021e+01,7.338368293500882045e-01
1.172981825188900729e+01,7.320466171880676276e-01
1.173030059696595728e+01,7.302582244489732588e-01
1.173080186616533993e+01,7.284718332979278621e-01
1.173080186616533993e+01,7.284718332979278621e-01
1.173122257650501510e+01,7.280250546216842089e-01
1.173158330006964079e+01,7.277209850509458455e-01
1.173188895336526727e+01,7.275479055745874835e-01
1.173214445289796970e+01,7.274940971814711776e-01
1.173235471517379658e+01,7.275478408604730829e-01
1.173252465669881595e+01,7.276974176004572525e-01
1.173265919397908874e+01,7.279311083902922919e-01
1.173276324352067945e+01,7.282371942188479164e-01
1.173284172182964546e+01,7.286039560749932864e-01
1.173289954541204594e+01,7.290196749475973403e-01
1.173294163077394359e+01,7.294726318255279063e-01
1.173297289442140467e+01,7.299511076976549218e-01
1.173299825286048303e+01,7.304433835528485464e-01
1.173302262259724671e+01,7.309377403799739437e-01
1.173305092013775308e+01,7.314224591679009402e-01
1.173308806198806664e+01,7.318858209054998065e-01
1.173313896465424477e+01,7.323161065816384818e-01
1.173320854464235197e+01,7.327015971851866816e-01
1.173330171845844916e+01,7.330305737050113457e-01
1.173342340260859373e+01,7.332913171299838551e-01
1.173342340260859373e+01,7.332913171299838551e-01
1.173357135325863609e+01,7.342405256030217764e-01
1.173372014633106275e+01,7.351897343545960029e-01
1.173386963404563588e+01,7.361389436632541639e-01
1.173401966862211054e+01,7.370881538075282347e-01
1.173417010228024893e+01,7.380373650659657336e-01
1.173432078723981142e+01,7.389865777171008565e-01
1.173447157572055666e+01,7.399357920394771249e-01
1.173462231994224858e+01,7.408850083116312879e-01
1.173477287212464226e+01,7.418342268121054239e-01
1.173492308448749633e+01,7.427834478194407231e-01
1.173507280925057472e+01,7.437326716121749337e-01
1.173522189863363607e+01,7.446818984688470255e-01
1.173537020485643900e+01,7.456311286679998540e-01
1.173551758013874391e+01,7.465803624881716116e-01
1.173566387670031297e+01,7.475296002079022673e-01
1.173580894676090480e+01,7.484788421057321228e-01
1.173595264254027448e+01,7.494280884602020354e-01
1.173609481625818773e+01,7.503773395498494203e-01
1.173623532013440318e+01,7.513265956532170220e-01
1.173637400638867767e+01,7.522758570488432550e-01
1.173637400638867767e+01,7.522758570488432550e-01
1.173656115518481258e+01,7.500086502901283092e-01
1.173674935719646406e+01,7.477414254263140547e-01
1.173693866043345935e+01,7.454741643523096206e-01
1.173712911290562388e+01,7.432068489630121455e-01
1.173732076262277602e+01,7.409394611533336450e-01
1.173751365759474297e+01,7.386719828181712577e-01
1.173770784583135196e+01,7.364043958524292277e-01
1.173790337534242667e+01,7.341366821510117990e-01
1.173810029413779077e+01,7.318688236088224386e-01
1.173829865022726437e+01,7.296008021207660565e-01
1.173849849162067471e+01,7.273325995817440104e-01
1.173869986632784546e+01,7.250641978866612103e-01
1.173890282235860383e+01,7.227955789304220113e-01
1.173910740772276995e+01,7.205267246079276600e-01
1.173931367043017104e+01,7.182576168140824002e-01
1.173952165849063078e+01,7.159882374437904762e-01
1.173973141991396929e+01,7.137185683919561319e-01
1.173994300271001734e+01,7.114485915534799476e-01
1.174015645488859150e+01,7.091782888232690540e-01
1.174037182445952432e+01,7.069076420962248086e-01
1.174037182445952432e+01,7.069076420962248086e-01
1.174197541635146003e+01,7.060426879179035886e-01
1.174356273741391732e+01,7.051716927652399436e-01
1.174513619563962052e+01,7.042955513085438213e-01
1.174669819902133483e+01,7.034151582181157325e-01
1.174825115555179345e+01,7.025314081642657360e-01
1.174979747322374735e+01,7.016451958172956749e-01
1.175133956002994040e+01,7.007574158475121662e-01
1.175287982396312358e+01,6.998689629252190514e-01
1.175442067301603899e+01,6.989807317207230586e-01
1.175596451518143226e+01,6.980936169043293615e-01
1.175751375845204905e+01,6.972085131463432450e-01
1.175907081082063854e+01,6.963263151170685505e-01
1.176063808027994106e+01,6.954479174868126723e-01
1.176221797482270937e+01,6.945742149258787856e-01
1.176381290244168554e+01,6.937061021045735076e-01
1.176542527112961523e+01,6.928444736932022341e-01
1.176705748887924408e+01,6.919902243620692506e-01
1.176871196368331951e+01,6.911442487814807301e-01
1.177039110353458895e+01,6.903074416217411802e-01
1.177209731642579627e+01,6.894806975531565518e-01
1.177209731642579627e+01,6.894806975531565518e-01
1.177380027265059148e+01,6.892190596435732175e-01
1.177550681610944316e+01,6.889597962870250836e-01
1.177721660323204134e+01,6.887027250398507494e-01
1.177892929044809023e+01,6.884476634583800436e-01
1.178064453418726742e+01,6.881944290989566726e-01
1.178236199087928426e+01,6.879428395179103539e-01
1.178408131695383432e+01,6.876927122715796870e-01
1.178580216884060938e+01,6.874438649162967208e-01
1.178752420296930659e+01,6.871961150084001657e-01
1.178924707576961595e+01,6.869492801042259567e-01
1.179097044367124170e+01,6.867031777601086961e-01
1.179269396310387386e+01,6.864576255323823206e-01
1.179441729049720777e+01,6.862124409773856515e-01
1.179614008228094590e+01,6.859674416514525142e-01
1.179786199488477294e+01,6.857224451109182883e-01
1.179958268473838956e+01,6.854772689121189089e-01
1.180130180827148934e+01,6.852317306113910877e-01
1.180301902191377650e+01,6.849856477650694275e-01
1.180473398209493396e+01,6.847388379294899741e-01
1.180644634524466241e+01,6.844911186609878850e-01
1.180644634524466241e+01,6.844911186609878850e-01
1.180664290096572699e+01,6.850317889283721318e-01
1.180683951969969314e+01,6.855731393903018445e-01
1.180703624945637031e+01,6.861151148958716250e-01
1.180723313824559284e+01,6.866576602941663054e-01
1.180743023407717907e+01,6.872007204342845954e-01
1.180762758496095799e+01,6.877442401653121040e-01
1.180782523890675328e+01,6.882881643363404356e-01
1.180802324392438862e+01,6.888324377964593070e-01
1.180822164802368945e+01,6.893770053947612109e-01
1.180842049921447412e+01,6.899218119803373073e-01
1.180861984550657162e+01,6.904668024022772022e-01
1.180881973490980918e+01,6.910119215096718337e-01
1.180902021543400338e+01,6.915571141516124731e-01
1.180922133508898320e+01,6.921023251771887264e-01
1.180942314188457587e+01,6.926474994354924197e-01
1.180962568383059974e+01,6.931925817756137143e-01
1.180982900893687670e+01,6.937375170466446583e-01
1.181003316521324287e+01,6.942822500976747468e-01
1.181023820066951302e+01,6.948267257777952510e-01
1.181044416331550906e+01,6.953708889360962209e-01
1.181044416331550906e+01,6.953708889360962209e-01
1.181109053145639365e+01,6.941566633068558811e-01
1.181167623243299403e+01,6.929384189032802288e-01
1.181220647756169839e+01,6.917165211697797744e-01
1.181268647815890382e+01,6.904913355507571460e-01
1.181312144554098609e+01,6.892632274906299594e-01
1.181351659102434404e+01,6.880325624338013979e-01
1.181387712592535877e+01,6.867997058246800846e-01
1.181420826156042381e+01,6.855650231076735324e-01
1.181451520924592735e+01,6.843288797271935842e-01
1.181480318029824872e+01,6.830916411276485301e-01
1.181507738603378499e+01,6.818536727534446618e-01
1.181534303776892258e+01,6.806153400489939331e-01
1.181560534682004970e+01,6.793770084587023028e-01
1.181586952450355277e+01,6.781390434269777279e-01
1.181614078213582175e+01,6.769018103982303858e-01
1.181642433103324308e+01,6.756656748168695659e-01
1.181672538251220672e+01,6.744310021273026701e-01
1.181704914788910088e+01,6.731981577739380995e-01
1.181740083848031020e+01,6.719675072011858097e-01
1.181778566560222821e+01,6.707394158534538686e-01
1.181778566560222821e+01,6.707394158534538686e-01
1.181806147366564730e+01,6.698324175094675370e-01
1.181832021798732768e+01,6.689225343272623414e-01
1.181856450385038215e+01,6.680101682399849361e-01
1.181879693653792707e+01,6.670957211807703180e-01
1.181902012133308233e+01,6.661795950827672508e-01
1.181923666351896429e+01,6.652621918791126188e-01
1.181944916837869286e+01,6.643439135029483023e-01
1.181966024119538261e+01,6.634251618874167367e-01
1.181987248725215345e+01,6.625063389656579149e-01
1.182008851183211817e+01,6.615878466708162708e-01
1.182031092021839669e+01,6.606700869360316863e-01
1.182054231769410713e+01,6.597534616944430441e-01
1.182078530954236761e+01,6.588383728791978866e-01
1.182104250104629450e+01,6.579252224234317659e-01
1.182131649748900415e+01,6.570144122602885606e-01
1.182160990415361468e+01,6.561063443229101511e-01
1.182192532632324244e+01,6.552014205444383066e-01
1.182226536928100558e+01,6.543000428580129091e-01
1.182263263831002220e+01,6.534026131967771711e-01
1.182302973869340867e+01,6.525095334938714187e-01
1.182302973869340867e+01,6.525095334938714187e-01
1.182444671914917400e+01,6.516123889182706685e-01
1.182589998002898213e+01,6.507234618281427796e-01
1.182738155770323196e+01,6.498411093948934791e-01
1.182888348854234195e+01,6.489636887899168372e-01
1.183039780891670745e+01,6.480895571846222447e-01
1.183191655519674512e+01,6.472170717504044379e-01
1.183343176375285921e+01,6.463445896586664796e-01
1.183493547095546461e+01,6.454704680808081019e-01
1.183641971317496200e+01,6.445930641882295919e-01
1.183787652678175739e+01,6.437107351523353449e-01
1.183929794814626391e+01,6.428218381445223173e-01
1.184067601363888755e+01,6.419247303361935719e-01
1.184200275963003435e+01,6.410177688987501732e-01
1.184327022249011563e+01,6.400993110035909650e-01
1.184447043858953563e+01,6.391677138221176779e-01
1.184559544429870215e+01,6.382213345257313764e-01
1.184663727598802652e+01,6.372585302858344569e-01
1.184758797002791475e+01,6.362776582738244313e-01
1.184843956278877286e+01,6.352770756611051395e-01
1.184918409064101219e+01,6.342551396190762025e-01
1.184918409064101219e+01,6.342551396190762025e-01
1.185048564610243815e+01,6.329486851893261212e-01
1.185173681600350193e+01,6.316363037080711118e-01
1.185293932044618259e+01,6.303182684230043131e-01
1.185409487953247165e+01,6.289948525818044311e-01
1.185520521336434108e+01,6.276663294321647157e-01
1.185627204204378238e+01,6.263329722217679807e-01
1.185729708567277285e+01,6.249950541983025909e-01
1.185828206435330756e+01,6.236528486094548018e-01
1.185922869818735848e+01,6.223066287029094257e-01
1.186013870727691000e+01,6.209566677263563816e-01
1.186101381172395008e+01,6.196032389274804819e-01
1.186185573163045959e+01,6.182466155539679820e-01
1.186266618709842113e+01,6.168870708535066916e-01
1.186344689822981913e+01,6.155248780737813119e-01
1.186419958512663797e+01,6.141603104624803189e-01
1.186492596789085852e+01,6.127936412672899680e-01
1.186562776662446517e+01,6.114251437358965147e-01
1.186630670142944410e+01,6.100550911159869916e-01
1.186696449240777085e+01,6.086837566552469880e-01
1.186760285966143691e+01,6.073114136013655351e-01
1.186760285966143691e+01,6.073114136013655351e-01
1.186796112722348795e+01,6.063351226429958274e-01
1.186829352499182555e+01,6.053563298388324743e-01
1.186860762501590116e+01,6.043758201144460163e-01
1.186891099934519289e+01,6.033943783954005546e-01
1.186921122002914686e+01,6.024127896072660748e-01
1.186951585911723939e+01,6.014318386756053458e-01
1.186983248865893081e+01,6.004523105259882421e-01
1.187016868070368680e+01,5.994749900839776435e-01
1.187053200730096947e+01,5.985006622751433136e-01
1.187093004050023382e+01,5.975301120250522402e-01
1.187137035235095439e+01,5.965641242592695237e-01
1.187186051490258976e+01,5.956034839033613748e-01
1.187240810020460557e+01,5.946489758828976679e-01
1.187302068030646218e+01,5.937013851234419493e-01
1.187370582725762702e+01,5.927614965505613176e-01
1.187447111310756220e+01,5.918300950898234269e-01
1.187532410990572629e+01,5.909079656667947100e-01
1.187627238970159027e+01,5.899958932070420436e-01
1.187732352454461271e+01,5.890946626361319716e-01
1.187848508648425749e+01,5.882050588796305934e-01
1.187848508648425749e+01,5.882050588796305934e-01
1.188012971764903369e+01,5.865710201655496281e-01
1.188180072196053416e+01,5.849404303330735244e-01
1.188349986753055809e+01,5.833138191651828786e-01
1.188522892247092244e+01,5.816917164448487387e-01
1.188698965489342108e+01,5.800746519550532554e-01
1.188878383290987273e+01,5.784631554787695862e-01
1.189061322463208015e+01,5.768577567989755517e-01
1.189247959817185318e+01,5.752589856986448646e-01
1.189438472164099991e+01,5.736673719607570110e-01
1.189633036315132486e+01,5.720834453682892562e-01
1.189831829081463610e+01,5.705077357042165342e-01
1.190035027274274526e+01,5.689407727515142232e-01
1.190242807704745331e+01,5.673830862931609209e-01
1.190455347184057189e+01,5.658352061121324494e-01
1.190672822523391083e+01,5.642976619914046310e-01
1.190895410533927468e+01,5.627709837139547311e-01
1.191123288026846794e+01,5.612557010627601262e-01
1.191356631813330225e+01,5.597523438207957502e-01
1.191595618704558390e+01,5.582614417710383137e-01
1.191840425511712098e+01,5.567835246964657481e-01
1.191840425511712098e+01,5.567835246964657481e-01
1.192012126796831595e+01,5.556816626847841389e-01
1.192177536694548756e+01,5.545672956222432726e-01
1.192337146705438755e+01,5.534414276453502035e-01
1.192491448330078008e+01,5.523050628906038817e-01
1.192640933069040088e+01,5.511592054945161356e-01
1.192786092422901945e+01,5.500048595935843609e-01
1.192927417892238218e+01,5.488430293243145019e-01
1.193065400977625146e+01,5.476747188232087282e-01
1.193200533179637901e+01,5.465009322267734282e-01
1.193333305998850946e+01,5.453226736715129919e-01
1.193464210935841052e+01,5.441409472939290337e-01
1.193593739491183037e+01,5.429567572305251666e-01
1.193722383165452072e+01,5.417711076178078899e-01
1.193850633459224397e+01,5.405850025922780411e-01
1.193978981873074652e+01,5.393994462904421194e-01
1.194107919907578719e+01,5.382154428488024056e-01
1.194237939063311771e+01,5.370339964038637337e-01
1.194369530840849691e+01,5.358561110921287174e-01
1.194503186740767298e+01,5.346827910501028569e-01
1.194639398263640473e+01,5.335150404142892100e-01
1.194639398263640473e+01,5.335150404142892100e-01
1.194735765320666943e+01,5.325720298264295938e-01
1.194835570106154066e+01,5.316335279646670076e-01
1.194938020983108373e+01,5.306985674597752833e-01
1.195042326314539061e+01,5.297661809425179280e-01
1.195147694463452837e+01,5.288354010436706609e-01
1.195253333792858541e+01,5.279052603939962118e-01
1.195358452665763416e+01,5.269747916242678576e-01
1.195462259445175413e+01,5.260430273652495492e-01
1.195563962494102483e+01,5.251090002477136753e-01
1.195662770175552581e+01,5.241717429024308483e-01
1.195757890852533301e+01,5.232302879601662404e-01
1.195848532888052418e+01,5.222836680516910191e-01
1.195933904645118062e+01,5.213309158077734651e-01
1.196013214486738363e+01,5.203710638591818594e-01
1.196085670775920384e+01,5.194031448366864812e-01
1.196150481875672433e+01,5.184261913710549452e-01
1.196206856149002462e+01,5.174392360930575308e-01
1.196254001958918067e+01,5.164413116334625187e-01
1.196291127668427379e+01,5.154314506230381898e-01
1.196317441640537993e+01,5.144086856925542683e-01
1.196317441640537993e+01,5.144086856925542683e-01
1.196361178565395633e+01,5.133286263022679430e-01
1.196405956553285677e+01,5.122497682547650921e-01
1.196451932986412103e+01,5.111722210162471525e-01
1.196499265246981558e+01,5.100960940529107868e-01
1.196548110717197311e+01,5.090214968309582089e-01
1.196598626779265295e+01,5.079485388165840831e-01
1.196650970815390558e+01,5.068773294759891801e-01
1.196705300207778144e+01,5.058079782753694964e-01
1.196761772338632568e+01,5.047405946809258026e-01
1.196820544590159230e+01,5.036752881588584252e-01
1.196881774344562999e+01,5.026121681753622505e-01
1.196945618984048920e+01,5.015513441966379382e-01
1.197012235890821863e+01,5.004929256888859257e-01
1.197081782447087406e+01,4.994370221183003222e-01
1.197154416035050417e+01,4.983837429510824535e-01
1.197230294036915232e+01,4.973331976534306476e-01
1.197309573834887431e+01,4.962854956915440097e-01
1.197392412811171880e+01,4.952407465316203128e-01
1.197478968347973804e+01,4.941990596398585511e-01
1.197569397827497895e+01,4.931605444824579410e-01
1.197569397827497895e+01,4.931605444824579410e-01
1.197628507835639411e+01,4.923282469772858883e-01
1.197688043405863567e+01,4.914964970816436129e-01
1.197748334080603883e+01,4.906658424050698297e-01
1.197809709402295297e+01,4.898368305570929837e-01
1.197872498913370976e+01,4.890100091472517896e-01
1.197937032156265502e+01,4.881859257850746925e-01
1.198003638673412574e+01,4.873651280800955221e-01
1.198072648007246777e+01,4.865481636418461653e-01
1.198144389700201629e+01,4.857355800798619505e-01
1.198219193294711005e+01,4.849279250036767075e-01
1.198297388333209668e+01,4.841257460228203247e-01
1.198379304358131314e+01,4.833295907468293517e-01
1.198465270911909819e+01,4.825400067852336772e-01
1.198555617536979412e+01,4.817575417475671307e-01
1.198650673775774322e+01,4.809827432433637084e-01
1.198750769170728248e+01,4.802161588821558524e-01
1.198856233264275239e+01,4.794583362734775589e-01
1.198967395598849883e+01,4.787098230268598820e-01
1.199084585716885520e+01,4.779711667518382612e-01
1.199208133160816558e+01,4.772429150579437507e-01
1.199208133160816558e+01,4.772429150579437507e-01
1.199295077489676409e+01,4.766482848252929783e-01
1.199382583158403470e+01,4.760541258822285626e-01
1.199470227305466707e+01,4.754598176417551003e-01
1.199557587069337039e+01,4.748647395168689722e-01
1.199644239588484140e+01,4.742682709205782166e-01
1.199729762001378397e+01,4.736697912658792142e-01
1.199813731446489662e+01,4.730686799657737862e-01
1.199895725062288854e+01,4.724643164332624212e-01
1.199975319987245470e+01,4.718560800813476619e-01
1.200052093359829541e+01,4.712433503230320508e-01
1.200125622318511098e+01,4.706255065713140784e-01
1.200195484001761059e+01,4.700019282391968978e-01
1.200261255548048567e+01,4.693719947396803316e-01
1.200322514095844362e+01,4.687350854857669225e-01
1.200378836783618475e+01,4.680905798904558268e-01
1.200429800749840936e+01,4.674378573667501979e-01
1.200474983132981777e+01,4.667762973276505800e-01
1.200513961071511559e+01,4.661052791861581279e-01
1.200546311703899782e+01,4.654241823552739965e-01
1.200571612168617008e+01,4.647323862480000622e-01
1.200571612168617008e+01,4.647323862480000622e-01
1.200689115538253304e+01,4.627301483652313530e-01
1.200811040762730642e+01,4.607316323332132368e-01
1.200936596130041778e+01,4.587361813547601863e-01
1.201064989928179472e+01,4.567431386326719633e-01
1.201195430445135059e+01,4.547518473697658714e-01
1.201327125968902010e+01,4.527616507688437819e-01
1.201459284787473081e+01,4.507718920327181134e-01
1.201591115188840320e+01,4.487819143641935682e-01
1.201721825460996484e+01,4.467910609660796784e-01
1.201850623891933267e+01,4.447986750411867529e-01
1.201976718769644137e+01,4.428040997923209376e-01
1.202099318382121140e+01,4.408066784222909873e-01
1.202217631017356680e+01,4.388057541339052126e-01
1.202330864963343515e+01,4.368006701299703698e-01
1.202438228508074047e+01,4.347907696132974342e-01
1.202538929939541035e+01,4.327753957866931622e-01
1.202632177545736347e+01,4.307538918529671967e-01
1.202717179614653276e+01,4.287256010149249064e-01
1.202793144434283512e+01,4.266898664753772108e-01
1.202859280292620170e+01,4.246460314371324207e-01
1.202859280292620170e+01,4.246460314371324207e-01
1.202880202111337660e+01,4.238822016502944434e-01
1.202907344427952019e+01,4.231239599318419864e-01
1.202940338391984909e+01,4.223710505821112737e-01
1.202978815152959058e+01,4.216232179014265391e-01
1.203022405860396304e+01,4.208802061901231739e-01
1.203070741663819376e+01,4.201417597485277433e-01
1.203123453712750646e+01,4.194076228769693104e-01
1.203180173156712840e+01,4.186775398757784372e-01
1.203240531145227976e+01,4.179512550452857966e-01
1.203304158827818071e+01,4.172285126858232829e-01
1.203370687354006030e+01,4.165090570977172946e-01
1.203439747873314047e+01,4.157926325813005031e-01
1.203510971535264673e+01,4.150789834369014164e-01
1.203583989489379746e+01,4.143678539648499304e-01
1.203658432885182350e+01,4.136589884654751637e-01
1.203733932872194501e+01,4.129521312391091215e-01
1.203810120599938216e+01,4.122470265860809779e-01
1.203886627217936578e+01,4.115434188067191856e-01
1.203963083875711604e+01,4.108410522013571931e-01
1.204039121722785310e+01,4.101396710703212878e-01
1.204039121722785310e+01,4.101396710703212878e-01
1.204210119501446741e+01,4.095873835517337969e-01
1.204382739337028951e+01,4.090398735502911443e-01
1.204556735404227830e+01,4.084964480586140700e-01
1.204731861877741750e+01,4.079564140693116570e-01
1.204907872932266244e+01,4.074190785750044785e-01
1.205084522742498976e+01,4.068837485683051147e-01
1.205261565483137076e+01,4.063497310418294206e-01
1.205438755328877320e+01,4.058163329881918635e-01
1.205615846454416129e+01,4.052828614000069662e-01
1.205792593034450988e+01,4.047486232698955244e-01
1.205968749243678317e+01,4.042129255904672314e-01
1.206144069256796136e+01,4.036750753543392189e-01
1.206318307248499977e+01,4.031343795541282304e-01
1.206491217393487680e+01,4.025901451824473454e-01
1.206662553866456022e+01,4.020416792319130850e-01
1.206832070842101778e+01,4.014882886951407492e-01
1.206999522495121724e+01,4.009292805647455271e-01
1.207164663000213345e+01,4.003639618333418859e-01
1.207327246532073062e+01,3.997916394935471240e-01
1.207487027265398005e+01,3.992116205379757643e-01
1.207487027265398005e+01,3.992116205379757643e-01
1.207584743035910790e+01,3.980327082958863283e-01
1.207677797502584482e+01,3.968478280569193162e-01
1.207766937968338539e+01,3.956579474688524667e-01
1.207852911736093660e+01,3.944640341794496963e-01
1.207936466108768769e+01,3.932670558364888547e-01
1.208018348389285279e+01,3.920679800877366894e-01
1.208099305880562646e+01,3.908677745809652770e-01
1.208180085885521393e+01,3.896674069639443072e-01
1.208261435707081333e+01,3.884678448844458565e-01
1.208344102648162099e+01,3.872700559902429451e-01
1.208428834011684749e+01,3.860750079291036529e-01
1.208516377100568384e+01,3.848836683487995014e-01
1.208607479217733882e+01,3.836970048971041769e-01
1.208702887666101056e+01,3.825159852217850931e-01
1.208803349748590250e+01,3.813415769706143821e-01
1.208909612768120923e+01,3.801747477913637319e-01
1.209022424027613951e+01,3.790164653318039423e-01
1.209142530829988615e+01,3.778676972397065903e-01
1.209270680478165971e+01,3.767294111628411435e-01
1.209407620275065121e+01,3.756025747489797895e-01
1.209407620275065121e+01,3.756025747489797895e-01
1.209562964187986367e+01,3.742757464684852153e-01
1.209705427215100926e+01,3.729324202670116217e-01
1.209836385888086774e+01,3.715743481608200227e-01
1.209957216738623309e+01,3.702032821661624951e-01
1.210069296298388686e+01,3.688209742993049378e-01
1.210174001099062124e+01,3.674291765764985951e-01
1.210272707672322312e+01,3.660296410140045920e-01
1.210366792549848469e+01,3.646241196280783359e-01
1.210457632263318395e+01,3.632143644349795641e-01
1.210546603344411309e+01,3.618021274509658491e-01
1.210635082324806078e+01,3.603891606922939861e-01
1.210724445736181387e+01,3.589772161752229351e-01
1.210816070110215747e+01,3.575680459160110458e-01
1.210911331978588379e+01,3.561634019309137256e-01
1.211011607872977969e+01,3.547650362361899901e-01
1.211118274325063027e+01,3.533747008480980778e-01
1.211232707866522063e+01,3.519941477828962273e-01
1.211356285029034652e+01,3.506251290568413448e-01
1.211490382344278771e+01,3.492693966861917243e-01
1.211636376343933819e+01,3.479287026872048272e-01
1.211636376343933819e+01,3.479287026872048272e-01
1.211678337280372020e+01,3.474490192051439275e-01
1.211719964248471015e+01,3.469673268929940324e-01
1.211761709440761692e+01,3.464849036920287784e-01
1.211804025049776889e+01,3.460030275435143632e-01
1.211847363268047317e+01,3.455229763887258665e-01
1.211892176288105638e+01,3.450460281689315400e-01
1.211938916302483449e+01,3.445734608253995801e-01
1.211988035503712879e+01,3.441065522994036785e-01
1.212039986084325882e+01,3.436465805322113654e-01
1.212095220236853521e+01,3.431948234650963325e-01
1.212154190153828459e+01,3.427525590393261656e-01
1.212217348027782116e+01,3.423210651961732243e-01
1.212285146051246443e+01,3.419016198769077031e-01
1.212358036416753215e+01,3.414955010227992416e-01
1.212436471316834563e+01,3.411039865751173683e-01
1.212520902944022083e+01,3.407283544751338322e-01
1.212611783490847905e+01,3.403698826641195496e-01
1.212709565149843627e+01,3.400298490833434384e-01
1.212814700113541200e+01,3.397095316740771365e-01
1.212927640574472399e+01,3.394102083775902279e-01
1.212927640574472399e+01,3.394102083775902279e-01
1.213046525551825994e+01,3.389342045939046089e-01
1.213168802123199441e+01,3.384689335113995057e-01
1.213293929577946884e+01,3.380127160912904105e-01
1.213421367205423884e+01,3.375638732947764953e-01
1.213550574294984230e+01,3.371207260830747510e-01
1.213681010135983307e+01,3.366815954173862369e-01
1.213812134017775790e+01,3.362448022589225038e-01
1.213943405229716532e+01,3.358086675688881084e-01
1.214074283061160209e+01,3.353715123084931582e-01
1.214204226801460962e+01,3.349316574389477608e-01
1.214332695739974177e+01,3.344874239214558065e-01
1.214459149166054353e+01,3.340371327172274030e-01
1.214583046369056518e+01,3.335791047874712145e-01
1.214703846638334994e+01,3.331116610933919087e-01
1.214821009263244989e+01,3.326331225962002591e-01
1.214933993533140821e+01,3.321418102571035980e-01
1.215042258737377168e+01,3.316360450373099233e-01
1.215145264165309413e+01,3.311141478980259012e-01
1.215242469106291701e+01,3.305744398004616946e-01
1.215333332849678882e+01,3.300152417058231924e-01
1.215333332849678882e+01,3.300152417058231924e-01
1.215450174946498940e+01,3.290717832257309405e-01
1.215563270401646889e+01,3.281192162108755861e-01
1.215673395999074380e+01,3.271593843171612948e-01
1.215781328522735016e+01,3.261941312004830729e-01
1.215887844756580627e+01,3.252253005167473066e-01
1.215993721484564993e+01,3.242547359218483916e-01
1.216099735490639944e+01,3.232842810716883286e-01
1.216206663558759615e+01,3.223157796221665095e-01
1.216315282472875481e+01,3.213510752291822148e-01
1.216426369016940967e+01,3.203920115486375564e-01
1.216540699974908613e+01,3.194404322364303161e-01
1.216659052130731666e+01,3.184981809484619952e-01
1.216782202268361956e+01,3.175671013406318743e-01
1.216910927171753087e+01,3.166490370688392342e-01
1.217046003624857775e+01,3.157458317889840771e-01
1.217188208411628558e+01,3.148593291569670716e-01
1.217338318316018153e+01,3.139913728286882200e-01
1.217497110121979631e+01,3.131438064600461924e-01
1.217665360613465353e+01,3.123184737069429340e-01
1.217843846574428568e+01,3.115172182252771704e-01
1.217843846574428568e+01,3.115172182252771704e-01
1.217943116813031246e+01,3.109894485354741112e-01
1.218044096951529909e+01,3.104645221814348877e-01
1.218146531487640516e+01,3.099420012983679085e-01
1.218250164919080980e+01,3.094214480214733665e-01
1.218354741743566549e+01,3.089024244859638335e-01
1.218460006458814959e+01,3.083844928270394470e-01
1.218565703562542879e+01,3.078672151799080048e-01
1.218671577552466800e+01,3.073501536797730860e-01
1.218777372926303748e+01,3.068328704618404346e-01
1.218882834181770036e+01,3.063149276613191807e-01
1.218987705816582690e+01,3.057958874134115712e-01
1.219091732328458733e+01,3.052753118533225174e-01
1.219194658215113947e+01,3.047527631162612605e-01
1.219296227974266067e+01,3.042278033374286039e-01
1.219396186103631585e+01,3.036999946520330673e-01
1.219494277100926993e+01,3.031688991952795065e-01
1.219590245463869138e+01,3.026340791023737764e-01
1.219683835690174689e+01,3.020950965085200668e-01
1.219774792277560493e+01,3.015515135489255094e-01
1.219862859723743398e+01,3.010028923587951266e-01
1.219862859723743398e+01,3.010028923587951266e-01
1.219912939521538675e+01,2.998477899433709681e-01
1.219959403879509807e+01,2.986901748190975425e-01
1.220002862222361273e+01,2.975304478049565771e-01
1.220043923974800748e+01,2.963690097199286888e-01
1.220083198561532711e+01,2.952062613829991022e-01
1.220121295407265016e+01,2.940426036131463250e-01
1.220158823936702852e+01,2.928784372293521399e-01
1.220196393574553007e+01,2.917141630505998284e-01
1.220234613745521202e+01,2.905501818958685645e-01
1.220274093874313337e+01,2.893868945841435725e-01
1.220315443385636556e+01,2.882247019344047478e-01
1.220359271704196047e+01,2.870640047656324856e-01
1.220406188254698243e+01,2.859052038968115106e-01
1.220456802461849932e+01,2.847487001469208856e-01
1.220511723750356481e+01,2.835948943349431706e-01
1.220571561544924677e+01,2.824441872798602593e-01
1.220636925270260065e+01,2.812969798006539901e-01
1.220708424351069432e+01,2.801536727163062568e-01
1.220786668212058323e+01,2.790146668457989532e-01
1.220872266277933704e+01,2.778803630081125853e-01
1.220872266277933704e+01,2.778803630081125853e-01
1.220910777708501627e+01,2.770834510783589666e-01
1.220962681179474885e+01,2.763122325088046560e-01
1.221026914773552186e+01,2.755646636518737647e-01
1.221102416573435434e+01,2.748387008599811332e-01
1.221188124661824048e+01,2.741323004855508172e-01
1.221282977121419400e+01,2.734434188809971578e-01
1.221385912034922328e+01,2.727700123987419900e-01
1.221495867485032960e+01,2.721100373912024306e-01
1.221611781554451781e+01,2.714614502107982608e-01
1.221732592325879274e+01,2.708222072099507605e-01
1.221857237882016101e+01,2.701902647410769909e-01
1.221984656305563277e+01,2.695635791565954009e-01
1.222113785679221110e+01,2.689401068089285474e-01
1.222243564085689727e+01,2.683178040504907713e-01
1.222372929607670322e+01,2.676946272337046850e-01
1.222500820327863202e+01,2.670685327109880158e-01
1.222626174328968851e+01,2.664374768347612665e-01
1.222747929693687929e+01,2.657994159574422754e-01
1.222865024504721276e+01,2.651523064314501577e-01
1.222976396844768843e+01,2.644941046092047499e-01
1.222976396844768843e+01,2.644941046092047499e-01
1.223195703433829706e+01,2.634419922458198227e-01
1.223402120660349368e+01,2.623610334500471319e-01
1.223596818538746156e+01,2.612537843829711992e-01
1.223780967083440530e+01,2.601228012056675531e-01
1.223955736308850462e+01,2.589706400792242125e-01
1.224122296229395701e+01,2.577998571647165948e-01
1.224281816859495819e+01,2.566130086232252250e-01
1.224435468213570211e+01,2.554126506158331256e-01
1.224584420306037913e+01,2.542013393036193225e-01
1.224729843151317610e+01,2.529816308476676157e-01
1.224872906763829228e+01,2.517560814090556986e-01
1.225014781157991983e+01,2.505272471488652064e-01
1.225156636348224737e+01,2.492976842281779959e-01
1.225299642348947415e+01,2.480699488080730097e-01
1.225444969174578880e+01,2.468465970496306061e-01
1.225593786839538524e+01,2.456301851139339743e-01
1.225747265358245386e+01,2.444232691620620568e-01
1.225906574745119038e+01,2.432284053550966274e-01
1.226072885014578517e+01,2.420481498541194321e-01
1.226247366181043397e+01,2.408850588202087750e-01
1.226247366181043397e+01,2.408850588202087750e-01
1.226385888451763329e+01,2.399399088134506475e-01
1.226522555892930733e+01,2.389892052772540909e-01
1.226657875158221422e+01,2.380343358976338697e-01
1.226792352901312810e+01,2.370766883605943121e-01
1.226926495775879644e+01,2.361176503521487668e-01
1.227060810435598981e+01,2.351586095583022562e-01
1.227195803534146634e+01,2.342009536650660750e-01
1.227331981725199128e+01,2.332460703584473272e-01
1.227469851662432632e+01,2.322953473244558920e-01
1.227609919999522958e+01,2.313501722491023704e-01
1.227752693390146632e+01,2.304119328183938109e-01
1.227898678487980000e+01,2.294820167183387882e-01
1.228048381946698875e+01,2.285618116349485418e-01
1.228202310419979781e+01,2.276527052542287877e-01
1.228360970561498711e+01,2.267560852621915146e-01
1.228524869024932187e+01,2.258733393448437987e-01
1.228694512463955668e+01,2.250058551881969626e-01
1.228870407532246389e+01,2.241550204782566669e-01
1.229053060883479986e+01,2.233222229010342619e-01
1.229242979171332451e+01,2.225088501425381837e-01
1.229242979171332451e+01,2.225088501425381837e-01
1.229306789541305989e+01,2.223071374096980968e-01
1.229370463758418808e+01,2.220576737383617716e-01
1.229434060709720278e+01,2.217681989180032842e-01
1.229497639282261545e+01,2.214464527380827774e-01
1.229561258363091270e+01,2.211001749880784906e-01
1.229624976839260597e+01,2.207371054574519542e-01
1.229688853597819076e+01,2.203649839356731088e-01
1.229752947525816964e+01,2.199915502122110900e-01
1.229817317510304164e+01,2.196245440765309809e-01
1.229882022438330225e+01,2.192717053181074682e-01
1.229947121196945936e+01,2.189407737264035536e-01
1.230012672673200669e+01,2.186394890908898159e-01
1.230078735754144859e+01,2.183755912010347244e-01
1.230145369326828408e+01,2.181568198463061103e-01
1.230212632278301399e+01,2.179909148161710553e-01
1.230280583495613556e+01,2.178856159000994996e-01
1.230349281865815314e+01,2.178486628875606068e-01
1.230418786275956577e+01,2.178877955680214862e-01
1.230489155613087071e+01,2.180107537309492471e-01
1.230560448764256876e+01,2.182252771658151902e-01
1.230560448764256876e+01,2.182252771658151902e-01
1.230680683067722292e+01,2.189616819096113220e-01
1.230799634308635682e+01,2.197028379877969118e-01
1.230917494226231668e+01,2.204480150686404794e-01
1.231034454559747005e+01,2.211964828203980549e-01
1.231150707048416137e+01,2.219475109113381306e-01
1.231266443431475111e+01,2.227003690097201782e-01
1.231381855448159079e+01,2.234543267838071667e-01
1.231497134837703911e+01,2.242086539018613156e-01
1.231612473339344405e+01,2.249626200321463154e-01
1.231728062692316783e+01,2.257154948429257457e-01
1.231844094635856024e+01,2.264665480024605493e-01
1.231960760909197639e+01,2.272150491790122240e-01
1.232078253251577316e+01,2.279602680408472359e-01
1.232196763402230388e+01,2.287014742562243352e-01
1.232316483100392546e+01,2.294379374934078786e-01
1.232437604085298943e+01,2.301689274206608349e-01
1.232560318096185092e+01,2.308937137062453959e-01
1.232684816872286859e+01,2.316115660184231984e-01
1.232811292152839044e+01,2.323217540254585434e-01
1.232939935677077692e+01,2.330235473956143721e-01
1.232939935677077692e+01,2.330235473956143721e-01
1.232987589078361346e+01,2.329398946543371207e-01
1.233030547418898237e+01,2.328086352582545426e-01
1.233069228684219532e+01,2.326340044072445212e-01
1.233104050859858347e+01,2.324202373011766409e-01
1.233135431931345849e+01,2.321715691399280634e-01
1.233163789884214978e+01,2.318922351233670132e-01
1.233189542703996899e+01,2.315864704513685424e-01
1.233213108376224909e+01,2.312585103238050388e-01
1.233234904886430527e+01,2.309125899405474469e-01
1.233255350220145274e+01,2.305529445014729284e-01
1.233274862362902091e+01,2.301838092064510677e-01
1.233293859300232675e+01,2.298094192553548909e-01
1.233312759017669258e+01,2.294340098480588119e-01
1.233331979500743891e+01,2.290618161844344969e-01
1.233351938734988806e+01,2.286970734643535841e-01
1.233373054705935878e+01,2.283440168876911536e-01
1.233395745399116983e+01,2.280068816543195653e-01
1.233420428800065238e+01,2.276899029641104855e-01
1.233447522894311632e+01,2.273973160169383001e-01
1.233477445667388572e+01,2.271333560126746753e-01
1.233477445667388572e+01,2.271333560126746753e-01
1.233563195326784090e+01,2.259661601355861527e-01
1.233645927043620460e+01,2.247945285098627011e-01
1.233726358639784237e+01,2.236195014822044413e-01
1.233805207937163750e+01,2.224421193993025014e-01
1.233883192757645197e+01,2.212634226078618038e-01
1.233961030923117086e+01,2.200844514545734765e-01
1.234039440255466502e+01,2.189062462861341707e-01
1.234119138576580710e+01,2.177298474492425917e-01
1.234200843708347684e+01,2.165562952905940308e-01
1.234285273472653799e+01,2.153866301568885533e-01
1.234373145691387563e+01,2.142218923948193687e-01
1.234465178186435708e+01,2.130631223510852379e-01
1.234562088779685496e+01,2.119113603723827288e-01
1.234664595293024902e+01,2.107676468054071883e-01
1.234773415548341369e+01,2.096330219968565722e-01
1.234889267367521981e+01,2.085085262934275874e-01
1.235012868572454003e+01,2.073952000418182451e-01
1.235144936985025410e+01,2.062940835887230873e-01
1.235286190427123110e+01,2.052062172808409024e-01
1.235437346720634544e+01,2.041326414648675647e-01
1.235437346720634544e+01,2.041326414648675647e-01
1.235526759879689607e+01,2.034213324738218531e-01
1.235614452861746315e+01,2.027049337223476300e-01
1.235700966452464478e+01,2.019849234219420198e-01
1.235786841437505679e+01,2.012627797840891020e-01
1.235872618602529549e+01,2.005399810202881106e-01
1.235958838733197496e+01,1.998180053420244850e-01
1.236046042615169327e+01,1.990983309607926577e-01
1.236134771034106805e+01,1.983824360880814819e-01
1.236225564775669739e+01,1.976717989353826144e-01
1.236318964625518646e+01,1.969678977141897935e-01
1.236415511369314402e+01,1.962722106359919005e-01
1.236515745792717702e+01,1.955862159122812582e-01
1.236620208681388888e+01,1.949113917545495234e-01
1.236729440820989012e+01,1.942492163742869649e-01
1.236843982997178060e+01,1.936011679829845455e-01
1.236964375995617083e+01,1.929687247921346160e-01
1.237091160601966600e+01,1.923533650132288053e-01
1.237224877601887130e+01,1.917565668577573823e-01
1.237366067781039369e+01,1.911798085372120037e-01
1.237515271925083837e+01,1.906245682630843263e-01
1.237515271925083837e+01,1.906245682630843263e-01
1.237698529349928478e+01,1.898452514231541988e-01
1.237880514064339366e+01,1.890623740070974668e-01
1.238061132599189662e+01,1.882756622101516286e-01
1.238240291485353417e+01,1.874848422275452731e-01
1.238417897253703082e+01,1.866896402545186739e-01
1.238593856435113238e+01,1.858897824862989767e-01
1.238768075560456339e+01,1.850849951181237907e-01
1.238940461160607143e+01,1.842750043452229813e-01
1.239110919766438101e+01,1.834595363628313269e-01
1.239279357908822732e+01,1.826383173661856874e-01
1.239445682118634906e+01,1.818110735505146236e-01
1.239609798926747963e+01,1.809775311110549401e-01
1.239771614864035243e+01,1.801374162430386672e-01
1.239931036461370439e+01,1.792904551416991954e-01
1.240087970249626892e+01,1.784363740022699152e-01
1.240242322759678117e+01,1.775748990199841892e-01
1.240394000522397633e+01,1.767057563900781836e-01
1.240542910068658955e+01,1.758286723077811531e-01
1.240688957929335068e+01,1.749433729683299299e-01
1.240832050635300021e+01,1.740495845669557951e-01
1.240832050635300021e+01,1.740495845669557951e-01
1.241014556106272870e+01,1.730115510979671478e-01
1.241196429197842477e+01,1.719714533694413905e-01
1.241377822191169855e+01,1.709297841185433708e-01
1.241558887367416375e+01,1.698870360824343839e-01
1.241739777007742518e+01,1.688437019982827192e-01
1.241920643393310364e+01,1.678002746032476455e-01
1.242101638805280750e+01,1.667572466344946491e-01
1.242282915524815223e+01,1.657151108291871899e-01
1.242464625833074621e+01,1.646743599244893386e-01
1.242646922011219957e+01,1.636354866575652212e-01
1.242829956340412778e+01,1.625989837655775760e-01
1.243013881101814100e+01,1.615653439856912232e-01
1.243198848576584936e+01,1.605350600550702334e-01
1.243385011045886834e+01,1.595086247108759847e-01
1.243572520790880986e+01,1.584865306902739912e-01
1.243761530092728584e+01,1.574692707304276296e-01
1.243952191232590465e+01,1.564573375685024137e-01
1.244144656491628176e+01,1.554512239416590280e-01
1.244339078151002731e+01,1.544514225870636248e-01
1.244535608491875323e+01,1.534584262418796363e-01
1.244535608491875323e+01,1.534584262418796363e-01
1.244631030155446538e+01,1.531594541378420715e-01
1.244726539661993314e+01,1.528611151550972325e-01
1.244822127334534834e+01,1.525633182110906483e-01
1.244917783496092056e+01,1.522659722232519164e-01
1.245013498469682744e+01,1.519689861090272320e-01
1.245109262578328568e+01,1.516722687858482743e-01
1.245205066145048534e+01,1.513757291711557151e-01
1.245300899492862357e+01,1.510792761823840091e-01
1.245396752944790641e+01,1.507828187369724404e-01
1.245492616823852217e+01,1.504862657523624025e-01
1.245588481453067686e+01,1.501895261459869069e-01
1.245684337155455879e+01,1.498925088352873469e-01
1.245780174254037398e+01,1.495951227376988435e-01
1.245875983071831783e+01,1.492972767706607085e-01
1.245971753931859283e+01,1.489988798516087842e-01
1.246067477157139081e+01,1.486998408979829933e-01
1.246163143070691071e+01,1.484000688272205937e-01
1.246258741995535502e+01,1.480994725567588155e-01
1.246354264254691557e+01,1.477979610040361935e-01
1.246449700171179487e+01,1.474954430864899857e-01
1.246449700171179487e+01,1.474954430864899857e-01
1.246620622971997960e+01,1.481675727416355282e-01
1.246791277667955100e+01,1.488403360751562043e-01
1.246961688714053729e+01,1.495136425615723186e-01
1.247131880565299156e+01,1.501874016753979579e-01
1.247301877676694382e+01,1.508615228911555084e-01
1.247471704503244894e+01,1.515359156833583354e-01
1.247641385499953870e+01,1.522104895265274926e-01
1.247810945121826443e+01,1.528851538951770117e-01
1.247980407823866322e+01,1.535598182638258369e-01
1.248149798061077398e+01,1.542343921069949941e-01
1.248319140288464268e+01,1.549087848991985150e-01
1.248488458961031711e+01,1.555829061149539838e-01
1.248657778533782903e+01,1.562566652287823987e-01
1.248827123461722444e+01,1.569299717151971252e-01
1.248996518199854933e+01,1.576027350487184953e-01
1.249165987203184258e+01,1.582748647038640377e-01
1.249335554926714309e+01,1.589462701551506152e-01
1.249505245825449862e+01,1.596168608770957287e-01
1.249675084354394627e+01,1.602865463442183780e-01
1.249845094968553383e+01,1.609552360310360364e-01
1.249845094968553383e+01,1.609552360310360364e-01
1.250054132881341928e+01,1.604444252458216147e-01
1.250260594091862032e+01,1.599137595762035458e-01
1.250464753981464128e+01,1.593652829483052369e-01
1.250666887931499716e+01,1.588010392882432120e-01
1.250867271323319407e+01,1.582230725221457912e-01
1.251066179538274881e+01,1.576334265761280828e-01
1.251263887957716747e+01,1.570341453763121342e-01
1.251460671962996862e+01,1.564272728488179665e-01
1.251656806935465660e+01,1.558148529197655452e-01
1.251852568256473930e+01,1.551989295152810810e-01
1.252048231307373527e+01,1.545815465614803763e-01
1.252244071469515418e+01,1.539647479844848676e-01
1.252440364124250394e+01,1.533505777104172407e-01
1.252637384652929953e+01,1.527410796653961012e-01
1.252835408436904885e+01,1.521382977755428578e-01
1.253034710857526335e+01,1.515442759669788364e-01
1.253235567296145447e+01,1.509610581658254180e-01
1.253438253134113367e+01,1.503906882982019022e-01
1.253643043752781061e+01,1.498352102902310301e-01
1.253850214533499852e+01,1.492966680680320735e-01
1.253850214533499852e+01,1.492966680680320735e-01
1.253951285790643766e+01,1.498380763270021065e-01
1.254050224061316499e+01,1.503880800501512793e-01
1.254147353861922554e+01,1.509454199583902811e-01
1.254242999708868922e+01,1.515088367726187546e-01
1.254337486118559397e+01,1.520770712137508029e-01
1.254431137607401148e+01,1.526488640026860966e-01
1.254524278691799033e+01,1.532229558603325492e-01
1.254617233888158978e+01,1.537980875075946330e-01
1.254710327712886375e+01,1.543729996653795955e-01
1.254803884682386617e+01,1.549464330545953228e-01
1.254898229313065627e+01,1.555171283961449269e-01
1.254993686121328622e+01,1.560838264109342399e-01
1.255090579623580993e+01,1.566452678198719251e-01
1.255189234336229376e+01,1.572001933438610388e-01
1.255289974775678274e+01,1.577473437038088011e-01
1.255393125458333792e+01,1.582854596206203779e-01
1.255499010900601142e+01,1.588132818152044046e-01
1.255607955618886429e+01,1.593295510084625777e-01
1.255720284129594511e+01,1.598330079213041988e-01
1.255836320949131668e+01,1.603223932746344338e-01
1.255836320949131668e+01,1.603223932746344338e-01
1.255947371560844061e+01,1.598513357568790427e-01
1.256058334479612526e+01,1.593732698955507843e-01
1.256169219532446668e+01,1.588888527663847583e-01
1.256280036546358581e+01,1.583987414451084041e-01
1.256390795348358225e+01,1.579035930074589311e-01
1.256501505765456983e+01,1.574040645291631124e-01
1.256612177624665705e+01,1.569008130859560202e-01
1.256722820752995418e+01,1.563944957535651492e-01
1.256833444977456793e+01,1.558857696077255994e-01
1.256944060125060680e+01,1.553752917241696951e-01
1.257054676022818107e+01,1.548637191786269574e-01
1.257165302497740100e+01,1.543517090468283504e-01
1.257275949376836977e+01,1.538399184045089463e-01
1.257386626487120296e+01,1.533290043273969339e-01
1.257497343655600730e+01,1.528196238912253313e-01
1.257608110709288951e+01,1.523124341717257413e-01
1.257718937475196164e+01,1.518080922446311820e-01
1.257829833780333217e+01,1.513072551856705361e-01
1.257940809451710962e+01,1.508105800705782096e-01
1.258051874316340246e+01,1.503187239750844173e-01
1.258051874316340246e+01,1.503187239750844173e-01
1.258167944742753974e+01,1.506400920834496115e-01
1.258280397478882406e+01,1.509823052857215131e-01
1.258389547139104536e+01,1.513435745198343230e-01
1.258495708337800245e+01,1.517221107237117506e-01
1.258599195689347816e+01,1.521161248352900508e-01
1.258700323808127308e+01,1.525238277924936547e-01
1.258799407308517893e+01,1.529434305332518784e-01
1.258896760804898918e+01,1.533731439954960918e-01
1.258992698911650265e+01,1.538111791171528353e-01
1.259087536243149685e+01,1.542557468361576145e-01
1.259181587413778303e+01,1.547050580904335004e-01
1.259275167037914223e+01,1.551573238179139724e-01
1.259368589729937327e+01,1.556107549565262371e-01
1.259462170104227141e+01,1.560635624442003044e-01
1.259556222775162304e+01,1.565139572188640749e-01
1.259651062357122875e+01,1.569601502184488906e-01
1.259747003464487491e+01,1.574003523808847893e-01
1.259844360711636213e+01,1.578327746440996993e-01
1.259943448712947855e+01,1.582556279460242410e-01
1.260044582082801945e+01,1.586671232245863983e-01
1.260044582082801945e+01,1.586671232245863983e-01
1.260121647315108717e+01,1.589342137392993071e-01
1.260195825731688934e+01,1.592221304072023447e-01
1.260267574701132709e+01,1.595276056761981420e-01
1.260337351592031752e+01,1.598473719941810589e-01
1.260405613772975997e+01,1.601781618090538095e-01
1.260472818612557333e+01,1.605167075687107536e-01
1.260539423479366761e+01,1.608597417210503866e-01
1.260605885741995458e+01,1.612039967139719809e-01
1.260672662769034247e+01,1.615462049953705348e-01
1.260740211929073595e+01,1.618830990131515379e-01
1.260808990590705214e+01,1.622114112152065746e-01
1.260879456122520281e+01,1.625278740494355556e-01
1.260952065893108909e+01,1.628292199637383919e-01
1.261027277271062985e+01,1.631121814060108310e-01
1.261105547624973511e+01,1.633734908241514239e-01
1.261187334323431131e+01,1.636098806660593319e-01
1.261273094735026845e+01,1.638180833796324398e-01
1.261363286228352010e+01,1.639948314127685491e-01
1.261458366171997625e+01,1.641368572133668768e-01
1.261558791934554336e+01,1.642408932293252799e-01
1.261558791934554336e+01,1.642408932293252799e-01
1.261797904176432894e+01,1.643071025457817080e-01
1.262037360363692962e+01,1.643675650260786603e-01
1.262277111361279758e+01,1.644231018059789384e-01
1.262517108034139213e+01,1.644745340212390716e-01
1.262757301247216013e+01,1.645226828076232217e-01
1.262997641865456799e+01,1.645683693008873072e-01
1.263238080753805548e+01,1.646124146367919927e-01
1.263478568777209965e+01,1.646556399510959445e-01
1.263719056800614027e+01,1.646988663795584673e-01
1.263959495688963131e+01,1.647429150579437229e-01
1.264199836307203739e+01,1.647886071220062421e-01
1.264440029520280717e+01,1.648367637075074110e-01
1.264680026193139817e+01,1.648882059502079223e-01
1.264919777190726791e+01,1.649437549858650265e-01
1.265159233377986681e+01,1.650042319502401378e-01
1.265398345619865239e+01,1.650704579790918947e-01
1.265637064781308041e+01,1.651432542081817112e-01
1.265875341727260839e+01,1.652234417732668104e-01
1.266113127322668674e+01,1.653118418101086340e-01
1.266350372432477300e+01,1.654092754544657651e-01
1.266350372432477300e+01,1.654092754544657651e-01
1.266626526116621321e+01,1.660754831646761576e-01
1.266902413796333704e+01,1.667450531305657013e-01
1.267178065027661127e+01,1.674176931637390287e-01
1.267453509366653108e+01,1.680931110757863667e-01
1.267728776369355970e+01,1.687710146783123477e-01
1.268003895591818875e+01,1.694511117829085589e-01
1.268278896590089744e+01,1.701331102011734431e-01
1.268553808920216852e+01,1.708167177447033891e-01
1.268828662138247765e+01,1.715016422250947581e-01
1.269103485800230402e+01,1.721875914539487962e-01
1.269378309462213039e+01,1.728742732428584505e-01
1.269653162680243952e+01,1.735613954034221640e-01
1.269928075010370705e+01,1.742486657472376854e-01
1.270203076008641574e+01,1.749357920859000437e-01
1.270478195231104657e+01,1.756224822310084033e-01
1.270753462233808051e+01,1.763084439941591253e-01
1.271028906572799144e+01,1.769933851869485986e-01
1.271304557804127100e+01,1.776770136209745721e-01
1.271580445483838950e+01,1.783590371078341841e-01
1.271856599167983326e+01,1.790391634591244618e-01
1.271856599167983326e+01,1.790391634591244618e-01
1.271938595009237538e+01,1.800324286417810393e-01
1.272021182346529500e+01,1.810262570322048459e-01
1.272104065994454736e+01,1.820208497362414968e-01
1.272186950767611435e+01,1.830164078597270316e-01
1.272269541480593347e+01,1.840131325085084535e-01
1.272351542947999015e+01,1.850112247884211081e-01
1.272432659984423964e+01,1.860108858053078629e-01
1.272512597404465140e+01,1.870123166650067836e-01
1.272591060022718601e+01,1.880157184733628473e-01
1.272667752653780404e+01,1.890212923362147857e-01
1.272742380112247318e+01,1.900292393594028018e-01
1.272814647212716110e+01,1.910397606487676536e-01
1.272884258769782484e+01,1.920530573101515981e-01
1.272950919598043384e+01,1.930693304493926732e-01
1.273014334512095047e+01,1.940887811723337741e-01
1.273074208326533885e+01,1.951116105848150761e-01
1.273130245855955778e+01,1.961380197926780311e-01
1.273182151914958382e+01,1.971682099017607881e-01
1.273229631318137045e+01,1.982023820179068530e-01
1.273272388880088357e+01,1.992407372469557347e-01
1.273272388880088357e+01,1.992407372469557347e-01
1.273325271426408634e+01,2.016210926880667997e-01
1.273377576204500627e+01,2.040014896316287851e-01
1.273429121527185437e+01,2.063819640092962315e-01
1.273479725707285404e+01,2.087625517527209040e-01
1.273529207057620738e+01,2.111432887935580649e-01
1.273577383891014136e+01,2.135242110634581192e-01
1.273624074520286342e+01,2.159053544940763014e-01
1.273669097258259342e+01,2.182867550170616289e-01
1.273712270417754233e+01,2.206684485640700022e-01
1.273753412311592470e+01,2.230504710667559898e-01
1.273792341252595683e+01,2.254328584567693305e-01
1.273828875553585327e+01,2.278156466657645096e-01
1.273862833527382676e+01,2.301988716253961231e-01
1.273894033486809718e+01,2.325825692673138823e-01
1.273922293744687551e+01,2.349667755231722999e-01
1.273947432613837449e+01,2.373515263246245566e-01
1.273969268407081223e+01,2.397368576033238052e-01
1.273987619437240326e+01,2.421228052909211725e-01
1.274002304017136034e+01,2.445094053190732530e-01
1.274013140459590154e+01,2.468966936194297579e-01
1.274013140459590154e+01,2.468966936194297579e-01
1.274022326851895315e+01,2.479919714110327689e-01
1.274032146448773162e+01,2.490872673077288435e-01
1.274042545314186015e+01,2.501825994146213428e-01
1.274053469512097791e+01,2.512779858367998331e-01
1.274064865106470279e+01,2.523734446793671204e-01
1.274076678161267751e+01,2.534689940474154080e-01
1.274088854740452703e+01,2.545646520460440598e-01
1.274101340907989055e+01,2.556604367803453903e-01
1.274114082727839481e+01,2.567563663554193742e-01
1.274127026263966300e+01,2.578524588763624337e-01
1.274140117580333609e+01,2.589487324482690478e-01
1.274153302740904259e+01,2.600452051762377481e-01
1.274166527809641281e+01,2.611418951653643461e-01
1.274179738850507704e+01,2.622388205207439316e-01
1.274192881927466914e+01,2.633359993474737593e-01
1.274205903104481763e+01,2.644334497506509174e-01
1.274218748445515281e+01,2.655311898353719946e-01
1.274231364014530854e+01,2.666292377067326913e-01
1.274243695875491333e+01,2.677276114698288745e-01
1.274255690092359927e+01,2.688263292297590756e-01
1.274255690092359927e+01,2.688263292297590756e-01
1.274264637710804671e+01,2.679247589793852247e-01
1.274273767091444221e+01,2.670235143422076685e-01
1.274283063456252840e+01,2.661225588294937050e-01
1.274292512027208168e+01,2.652218559525090780e-01
1.274302098026284469e+01,2.643213692225244715e-01
1.274311806675458669e+01,2.634210621508035755e-01
1.274321623196706810e+01,2.625208982486157416e-01
1.274331532812004930e+01,2.616208410272253260e-01
1.274341520743328893e+01,2.607208539979016804e-01
1.274351572212654204e+01,2.598209006719126024e-01
1.274361672441957438e+01,2.589209445605233362e-01
1.274371806653214279e+01,2.580209491750016237e-01
1.274381960068400588e+01,2.571208780266162064e-01
1.274392117909492939e+01,2.562206946266299967e-01
1.274402265398466838e+01,2.553203624863144006e-01
1.274412387757298504e+01,2.544198451169345510e-01
1.274422470207963620e+01,2.535191060297583010e-01
1.274432497972438405e+01,2.526181087360522270e-01
1.274442456272698720e+01,2.517168167470841267e-01
1.274452330330720784e+01,2.508151935741205762e-01
1.274452330330720784e+01,2.508151935741205762e-01
1.274510828851233946e+01,2.533573162416282165e-01
1.274560982964236899e+01,2.559014221135449407e-01
1.274603594133731832e+01,2.584473106411172560e-01
1.274639463823722885e+01,2.609947812755777363e-01
1.274669393498211889e+01,2.635436334681714454e-01
1.274694184621202986e+01,2.660936666701329556e-01
1.274714638656698540e+01,2.686446803327038890e-01
1.274731557068701981e+01,2.711964739071209829e-01
1.274745741321216030e+01,2.737488468446244161e-01
1.274757992878243940e+01,2.763015985964558108e-01
1.274769113203788606e+01,2.788545286138517931e-01
1.274779903761853639e+01,2.814074363480513208e-01
1.274791166016441224e+01,2.839601212502958494e-01
1.274803701431554614e+01,2.865123827718214500e-01
1.274818311471197418e+01,2.890640203638697447e-01
1.274835797599372356e+01,2.916148334776794693e-01
1.274856961280082146e+01,2.941646215644881379e-01
1.274882603977330220e+01,2.967131840755372063e-01
1.274913527155119475e+01,2.992603204620642443e-01
1.274950532277452808e+01,3.018058301753093198e-01
1.274950532277452808e+01,3.018058301753093198e-01
1.274955453371953062e+01,3.022402967824563413e-01
1.274960377992175076e+01,3.026747633895999212e-01
1.274965311164146442e+01,3.031092299967469428e-01
1.274970257913897065e+01,3.035436966038911888e-01
1.274975223267453828e+01,3.039781632110382104e-01
1.274980212250846101e+01,3.044126298181838441e-01
1.274985229890102012e+01,3.048470964253308657e-01
1.274990281211250931e+01,3.052815630324751117e-01
1.274995371240320097e+01,3.057160296396200794e-01
1.275000505003338525e+01,3.061504962467671009e-01
1.275005687526334519e+01,3.065849628539127347e-01
1.275010923835337096e+01,3.070194294610583685e-01
1.275016218956374203e+01,3.074538960682046684e-01
1.275021577915474325e+01,3.078883626753510239e-01
1.275027005738666297e+01,3.083228292824959360e-01
1.275032507451978248e+01,3.087572958896409037e-01
1.275038088081438659e+01,3.091917624967879252e-01
1.275043752653076368e+01,3.096262291039335590e-01
1.275049506192919324e+01,3.100606957110785267e-01
1.275055353726996188e+01,3.104951623182248266e-01
1.275055353726996188e+01,3.104951623182248266e-01
1.275071101762006087e+01,3.085346280396146779e-01
1.275086908684066422e+01,3.065740756559052205e-01
1.275102833380226031e+01,3.046134870620055835e-01
1.275118934737536236e+01,3.026528441528136826e-01
1.275135271643046053e+01,3.006921288232393130e-01
1.275151902983806274e+01,2.987313229681810567e-01
1.275168887646866622e+01,2.967704084825445454e-01
1.275186284519277180e+01,2.948093672612312477e-01
1.275204152488087672e+01,2.928481811991466843e-01
1.275222550440348179e+01,2.908868321911957655e-01
1.275241537263108960e+01,2.889253021322785719e-01
1.275261171843420271e+01,2.869635729173006244e-01
1.275281513068331307e+01,2.850016264411661671e-01
1.275302619824892858e+01,2.830394445987766683e-01
1.275324551000154827e+01,2.810770092850362611e-01
1.275347365481166761e+01,2.791143023948491342e-01
1.275371122154978920e+01,2.771513058231195870e-01
1.275395879908641916e+01,2.751880014647489214e-01
1.275421697629204765e+01,2.732243712146421588e-01
1.275448634203717901e+01,2.712603969677027105e-01
1.275448634203717901e+01,2.712603969677027105e-01
1.275465386856802219e+01,2.759884472772168862e-01
1.275482371907441959e+01,2.807167872682735377e-01
1.275499820252885108e+01,2.854453445204888085e-01
1.275517962790380722e+01,2.901740466134731800e-01
1.275537030417176254e+01,2.949028211268463484e-01
1.275557254030520760e+01,2.996315956402181291e-01
1.275578864527662226e+01,3.043602977332052761e-01
1.275602092805849530e+01,3.090888549854191591e-01
1.275627169762330659e+01,3.138171949764758106e-01
1.275654326294353424e+01,3.185452452859899863e-01
1.275683793299166879e+01,3.232729334935742771e-01
1.275715801674019367e+01,3.280001871788428280e-01
1.275750582316158699e+01,3.327269339214123933e-01
1.275788366122833928e+01,3.374531013008927882e-01
1.275829383991293220e+01,3.421786168969015995e-01
1.275873866818784563e+01,3.469034082890521398e-01
1.275922045502556479e+01,3.516274030569569997e-01
1.275974150939857310e+01,3.563505287802323784e-01
1.276030414027935400e+01,3.610727130384915329e-01
1.276091065664039448e+01,3.657938834113492743e-01
1.276091065664039448e+01,3.657938834113492743e-01
1.276098987860152967e+01,3.665242230870999207e-01
1.276106991522937584e+01,3.672548889331238020e-01
1.276115062099414033e+01,3.679858450177753149e-01
1.276123185036605534e+01,3.687170554093937569e-01
1.276131345781533000e+01,3.694484841763313598e-01
1.276139529781219295e+01,3.701800953869337496e-01
1.276147722482686220e+01,3.709118531095462190e-01
1.276155909332956284e+01,3.716437214125171140e-01
1.276164075779050933e+01,3.723756643641925046e-01
1.276172207267991787e+01,3.731076460329226796e-01
1.276180289246801713e+01,3.738396304870517661e-01
1.276188307162502511e+01,3.745715817949258342e-01
1.276196246462115802e+01,3.753034640248952281e-01
1.276204092592664452e+01,3.760352412453040194e-01
1.276211831001169905e+01,3.767668775245003876e-01
1.276219447134654317e+01,3.774983369308311798e-01
1.276226926440139664e+01,3.782295835326446309e-01
1.276234254364647924e+01,3.789605813982848126e-01
1.276241416355201075e+01,3.796912945961020136e-01
1.276248397858821626e+01,3.804216871944416933e-01
1.276248397858821626e+01,3.804216871944416933e-01
1.276313871581665715e+01,3.802967864939327258e-01
1.276369307200419811e+01,3.801221627921132495e-01
1.276415579844159609e+01,3.799021242663266351e-01
1.276453564641963823e+01,3.796409790939039852e-01
1.276484136722908147e+01,3.793430354521928893e-01
1.276508171216070409e+01,3.790126015185257269e-01
1.276526543250527368e+01,3.786539854702425933e-01
1.276540127955356851e+01,3.782714954846820299e-01
1.276549800459635087e+01,3.778694397391813564e-01
1.276556435892439012e+01,3.774521264110833885e-01
1.276560909382846276e+01,3.770238636777231700e-01
1.276564096059934172e+01,3.765889597164387426e-01
1.276566871052778751e+01,3.761517227045714784e-01
1.276570109490458194e+01,3.757164608194573097e-01
1.276574686502049083e+01,3.752874822384361098e-01
1.276581477216628535e+01,3.748690951388466419e-01
1.276591356763273311e+01,3.744656076980275028e-01
1.276605200271061236e+01,3.740813280933159568e-01
1.276623882869068893e+01,3.737205645020519884e-01
1.276648279686373399e+01,3.733876251015742498e-01
1.276648279686373399e+01,3.733876251015742498e-01
1.276654080898471477e+01,3.736422366553370789e-01
1.276659705224373553e+01,3.739226635697971424e-01
1.276665172318101327e+01,3.742266053835462403e-01
1.276670501833676852e+01,3.745517616351692336e-01
1.276675713425121117e+01,3.748958318632614195e-01
1.276680826746456532e+01,3.752565156064077145e-01
1.276685861451704795e+01,3.756315124031985309e-01
1.276690837194887962e+01,3.760185217922230039e-01
1.276695773630027730e+01,3.764152433120687147e-01
1.276700690411145089e+01,3.768193765013302943e-01
1.276705607192262804e+01,3.772286208985919931e-01
1.276710543627402217e+01,3.776406760424448894e-01
1.276715519370585028e+01,3.780532414714787848e-01
1.276720554075833469e+01,3.784640167242819819e-01
1.276725667397169062e+01,3.788707013394428946e-01
1.276730878988613682e+01,3.792709948555526567e-01
1.276736208504188674e+01,3.796625968112009586e-01
1.276741675597916625e+01,3.800432067449748263e-01
1.276747299923818524e+01,3.804105241954654493e-01
1.276753101135916779e+01,3.807622487012610746e-01
1.276753101135916779e+01,3.807622487012610746e-01
1.276781847043172391e+01,3.826827891467467491e-01
1.276809236822925087e+01,3.846036421140504036e-01
1.276835486669413378e+01,3.865247524522658074e-01
1.276860812776878262e+01,3.884460650104792356e-01
1.276885431339558075e+01,3.903675246377866781e-01
1.276909558551693280e+01,3.922890761832749096e-01
1.276933410607523633e+01,3.942106644960364781e-01
1.276957203701288535e+01,3.961322344251603234e-01
1.276981154027228271e+01,3.980537308197389379e-01
1.277005477779581000e+01,3.999750985288634264e-01
1.277030391152587896e+01,4.018962824016233948e-01
1.277056110340488360e+01,4.038172272871099477e-01
1.277082851537521613e+01,4.057378780344148561e-01
1.277110830937927588e+01,4.076581794926271152e-01
1.277140264735946040e+01,4.095780765108378296e-01
1.277171369125816724e+01,4.114975139381386593e-01
1.277204360301778863e+01,4.134164366236207644e-01
1.277239454458072743e+01,4.153347894163737508e-01
1.277276867788937764e+01,4.172525171654881126e-01
1.277316816488613505e+01,4.191695647200562314e-01
1.277316816488613505e+01,4.191695647200562314e-01
1.277394001395409262e+01,4.203987537937157182e-01
1.277460879868207044e+01,4.216327098000001161e-01
1.277518258247006067e+01,4.228710856781449090e-01
1.277566942871808742e+01,4.241135343673704816e-01
1.277607740082614640e+01,4.253597088069131504e-01
1.277641456219425287e+01,4.266092619359938554e-01
1.277668897622240962e+01,4.278618466938427511e-01
1.277690870631063369e+01,4.291171160196863288e-01
1.277708181585892611e+01,4.303747228527526336e-01
1.277721636826729501e+01,4.316343201322730416e-01
1.277732042693575032e+01,4.328955607974707132e-01
1.277740205526430017e+01,4.341580977875756364e-01
1.277746931665295094e+01,4.354215840418150796e-01
1.277753027450171608e+01,4.366856724994177541e-01
1.277759299221060019e+01,4.379500160996088742e-01
1.277766553317961140e+01,4.392142677816183727e-01
1.277775596080875431e+01,4.404780804846743503e-01
1.277787233849804416e+01,4.417411071480032980e-01
1.277802272964748553e+01,4.430030007108339274e-01
1.277821519765708658e+01,4.442634141123934510e-01
1.277821519765708658e+01,4.442634141123934510e-01
1.277842407339919006e+01,4.468229945959545923e-01
1.277861958440647783e+01,4.493832371689627236e-01
1.277880408916156263e+01,4.519440685754206877e-01
1.277897994614706434e+01,4.545054155593141187e-01
1.277914951384558506e+01,4.570672048646444163e-01
1.277931515073975177e+01,4.596293632354021552e-01
1.277947921531217546e+01,4.621918174155804082e-01
1.277964406604547065e+01,4.647544941491752457e-01
1.277981206142225545e+01,4.673173201801811283e-01
1.277998555992513730e+01,4.698802222525934047e-01
1.278016692003673427e+01,4.724431271104038710e-01
1.278035850023966802e+01,4.750059614976084310e-01
1.278056265901653887e+01,4.775686521582024335e-01
1.278078175484997203e+01,4.801311258361770085e-01
1.278101814622258203e+01,4.826933092755287258e-01
1.278127419161698164e+01,4.852551292202515465e-01
1.278155224951578361e+01,4.878165124143400422e-01
1.278185467840160427e+01,4.903773856017873412e-01
1.278218383675705994e+01,4.929376755265894583e-01
1.278254208306476158e+01,4.954973089327389113e-01
1.278254208306476158e+01,4.954973089327389113e-01
1.278266418730087040e+01,4.952238858123636511e-01
1.278279366854653176e+01,4.948864266370339715e-01
1.278292905199995744e+01,4.944971985844970330e-01
1.278306886285936628e+01,4.940684688324932239e-01
1.278321162632295227e+01,4.936125045587704263e-01
1.278335586758894493e+01,4.931415729410703608e-01
1.278350011185555424e+01,4.926679411571374123e-01
1.278364288432099016e+01,4.922038763847146892e-01
1.278378271018346624e+01,4.917616458015479641e-01
1.278391811464118710e+01,4.913535165853825104e-01
1.278404762289237340e+01,4.909917559139599375e-01
1.278416976013523687e+01,4.906886309650254074e-01
1.278428305156798750e+01,4.904564089163240270e-01
1.278438602238883703e+01,4.903073569455982383e-01
1.278447719779600078e+01,4.902537422305924264e-01
1.278455510298768694e+01,4.903078319490518089e-01
1.278461826316211258e+01,4.904818932787201047e-01
1.278466520351748592e+01,4.907881933973404220e-01
1.278469444925202048e+01,4.912389994826585338e-01
1.278470452556392978e+01,4.918465787124175481e-01
1.278470452556392978e+01,4.918465787124175481e-01
1.278498031999956197e+01,4.947924540836192153e-01
1.278527626655890970e+01,4.977376595662499903e-01
1.278559187314127144e+01,5.006822494756028030e-01
1.278592664764595987e+01,5.036262781269630340e-01
1.278628009797226106e+01,5.065697998356243348e-01
1.278665173201948946e+01,5.095128689168731961e-01
1.278704105768693822e+01,5.124555396860007717e-01
1.278744758287391647e+01,5.153978664582935520e-01
1.278787081547972448e+01,5.183399035490438012e-01
1.278831026340365895e+01,5.212817052735411183e-01
1.278876543454502723e+01,5.242233259470734374e-01
1.278923583680312959e+01,5.271648198849290257e-01
1.278972097807726271e+01,5.301062414024007019e-01
1.279022036626673398e+01,5.330476448147750679e-01
1.279073350927084718e+01,5.359890844373418339e-01
1.279125991498889725e+01,5.389306145853911545e-01
1.279179909132018977e+01,5.418722895742136281e-01
1.279235054616402856e+01,5.448141637190948572e-01
1.279291378741971030e+01,5.477562913353282159e-01
1.279348832298654060e+01,5.506987267382006390e-01
1.279348832298654060e+01,5.506987267382006390e-01
1.279361728312556679e+01,5.517025961687019864e-01
1.279391246977941776e+01,5.526927411004619595e-01
1.279435426643396845e+01,5.536707678733521210e-01
1.279492305657511864e+01,5.546382828272312659e-01
1.279559922368874325e+01,5.555968923019729555e-01
1.279636315126073498e+01,5.565482026374393154e-01
1.279719522277697408e+01,5.574938201734973564e-01
1.279807582172334968e+01,5.584353512500123129e-01
1.279898533158574736e+01,5.593744022068519728e-01
1.279990413585004916e+01,5.603125793838844571e-01
1.280081261800214776e+01,5.612514891209718915e-01
1.280169116152792341e+01,5.621927377579838403e-01
1.280252014991326170e+01,5.631379316347852049e-01
1.280327996664405354e+01,5.640886770912406645e-01
1.280395099520618274e+01,5.650465804672192283e-01
1.280451361908552954e+01,5.660132481025856865e-01
1.280494822176798664e+01,5.669902863372074941e-01
1.280523518673943961e+01,5.679793015109483312e-01
1.280528773749286486e+01,5.699996880352609097e-01
1.280528773749286486e+01,5.699996880352609097e-01
1.280535489748576872e+01,5.689818999636783170e-01
1.280599413516754836e+01,5.750303870832492725e-01
1.280667963731639958e+01,5.800607421344021741e-01
1.280734694824278819e+01,5.850907712938216987e-01
1.280799877225010341e+01,5.901204926665987172e-01
1.280863781364171317e+01,5.951499243578354248e-01
1.280926677672100844e+01,6.001790844726240248e-01
1.280988836579136603e+01,6.052079911160610504e-01
1.281050528515616449e+01,6.102366623932451439e-01
1.281112023911878417e+01,6.152651164092705072e-01
1.281173593198260363e+01,6.202933712692360047e-01
1.281235506805100499e+01,6.253214450782365041e-01
1.281298035162736682e+01,6.303493559413685388e-01
1.281361448701506767e+01,6.353771219637294188e-01
1.281426017851748966e+01,6.404047612504147891e-01
1.281492013043801137e+01,6.454322919065205166e-01
1.281559704708001135e+01,6.504597320371444669e-01
1.281629363274687350e+01,6.554870997473825067e-01
1.281701259174197283e+01,6.605144131423317244e-01
1.281775662836869145e+01,6.655416903270873208e-01
1.281852844693040971e+01,6.705689494067470502e-01
1.281852844693040971e+01,6.705689494067470502e-01
1.281863566912121044e+01,6.687252907678505887e-01
1.281874112245006003e+01,6.668816268366912769e-01
1.281884500345715949e+01,6.650379578918174106e-01
1.281894750868274002e+01,6.631942842117604098e-01
1.281904883466700440e+01,6.613506060750676818e-01
1.281914917795018383e+01,6.595069237602741996e-01
1.281924873507249174e+01,6.576632375459224855e-01
1.281934770257414691e+01,6.558195477105497329e-01
1.281944627699536454e+01,6.539758545326985750e-01
1.281954465487636341e+01,6.521321582909086478e-01
1.281964303275736228e+01,6.502884592637191430e-01
1.281974160717858169e+01,6.484447577296691412e-01
1.281984057468023508e+01,6.466010539673007207e-01
1.281994013180254299e+01,6.447573482551514079e-01
1.282004047508572242e+01,6.429136408717631701e-01
1.282014180106999213e+01,6.410699320956751990e-01
1.282024430629556733e+01,6.392262222054272414e-01
1.282034818730267034e+01,6.373825114795591551e-01
1.282045364063151283e+01,6.355388001966121303e-01
1.282056086282231888e+01,6.336950886351245815e-01
1.282056086282231888e+01,6.336950886351245815e-01
1.282065020360406038e+01,6.362983335512134575e-01
1.282074138976342681e+01,6.389019093727573706e-01
1.282083427126970676e+01,6.415057793324849822e-01
1.282092869809220659e+01,6.441099066631195136e-01
1.282102452020021843e+01,6.467142545973946222e-01
1.282112158756305043e+01,6.493187863680321970e-01
1.282121975014999116e+01,6.519234652077615655e-01
1.282131885793035231e+01,6.545282543493088356e-01
1.282141876087342780e+01,6.571331170253998932e-01
1.282151930894850977e+01,6.597380164687671744e-01
1.282162035212490991e+01,6.623429159121329013e-01
1.282172174037191859e+01,6.649477785882260683e-01
1.282182332365883681e+01,6.675525677297741156e-01
1.282192495195496740e+01,6.701572465695020409e-01
1.282202647522960959e+01,6.727617783401396157e-01
1.282212774345206086e+01,6.753661262744133920e-01
1.282222860659161512e+01,6.779702536050500328e-01
1.282232891461757873e+01,6.805741235647762011e-01
1.282242851749925094e+01,6.831776993863207803e-01
1.282252726520592745e+01,6.857809443024096563e-01
1.282252726520592745e+01,6.857809443024096563e-01
1.282263447914504439e+01,6.842587344091914936e-01
1.282273987471206844e+01,6.827368685128037962e-01
1.282284359893708725e+01,6.812153285081556930e-01
1.282294579885019203e+01,6.796940962901437677e-01
1.282304662148145624e+01,6.781731537536785925e-01
1.282314621386097819e+01,6.766524827936586384e-01
1.282324472301884022e+01,6.751320653049902587e-01
1.282334229598513176e+01,6.736118831825755882e-01
1.282343907978993869e+01,6.720919183213167614e-01
1.282353522146334512e+01,6.705721526161214641e-01
1.282363086803543872e+01,6.690525679618896104e-01
1.282372616653630715e+01,6.675331462535255556e-01
1.282382126399603628e+01,6.660138693859347647e-01
1.282391630744471556e+01,6.644947192540187064e-01
1.282401144391242731e+01,6.629756777526802924e-01
1.282410682042926098e+01,6.614567267768249881e-01
1.282420258402530067e+01,6.599378482213557051e-01
1.282429888173063759e+01,6.584190239811751333e-01
1.282439586057535408e+01,6.569002359511875166e-01
1.282449366758953602e+01,6.553814660262970992e-01
1.282449366758953602e+01,6.553814660262970992e-01
1.282469082905955560e+01,6.600764796877529594e-01
1.282488886745902334e+01,6.647714936277485664e-01
1.282508768451782544e+01,6.694665081248245553e-01
1.282528718196585515e+01,6.741615234575185633e-01
1.282548726153300223e+01,6.788565399043753334e-01
1.282568782494916171e+01,6.835515577439312818e-01
1.282588877394421800e+01,6.882465772547260441e-01
1.282609001024807149e+01,6.929415987152994783e-01
1.282629143559060658e+01,6.976366224041929964e-01
1.282649295170171122e+01,7.023316485999467895e-01
1.282669446031128402e+01,7.070266775810996052e-01
1.282689586314921115e+01,7.117217096261924114e-01
1.282709706194538768e+01,7.164167450137637339e-01
1.282729795842969978e+01,7.211117840223547626e-01
1.282749845433204428e+01,7.258068269305046893e-01
1.282769845138230735e+01,7.305018740167539271e-01
1.282789785131038229e+01,7.351969255596429997e-01
1.282809655584615882e+01,7.398919818377096558e-01
1.282829446671952844e+01,7.445870431294958625e-01
1.282849148566038266e+01,7.492821097135421438e-01
1.282849148566038266e+01,7.492821097135421438e-01
1.282866810880265795e+01,7.479020557455002827e-01
1.282884423384301087e+01,7.465220020559953928e-01
1.282902035288212872e+01,7.451419489235736604e-01
1.282919695802072724e+01,7.437618966267679488e-01
1.282937454135948130e+01,7.423818454441263315e-01
1.282955359499911019e+01,7.410017956541831152e-01
1.282973461104029766e+01,7.396217475354796012e-01
1.282991808158375591e+01,7.382417013665539818e-01
1.283010449873017400e+01,7.368616574259476693e-01
1.283029435458024814e+01,7.354816159922038521e-01
1.283048814123468340e+01,7.341015773438581693e-01
1.283068635079417064e+01,7.327215417594512559e-01
1.283088947535941671e+01,7.313415095175249681e-01
1.283109800703111070e+01,7.299614808966169432e-01
1.283131243790996123e+01,7.285814561752677054e-01
1.283153326009665918e+01,7.272014356320178896e-01
1.283176096569190250e+01,7.258214195454079087e-01
1.283199604679639272e+01,7.244414081939769545e-01
1.283223899551082603e+01,7.230614018562641077e-01
1.283249030393590040e+01,7.216814008108112244e-01
1.283249030393590040e+01,7.216814008108112244e-01
1.283295064751069781e+01,7.233199285675034895e-01
1.283342755072408714e+01,7.249569733775229619e-01
1.283392184999721763e+01,7.265925174143179621e-01
1.283443438175125095e+01,7.282265428513269301e-01
1.283496598240733633e+01,7.298590318619986306e-01
1.283551748838663542e+01,7.314899666197730577e-01
1.283608973611030457e+01,7.331193292980942022e-01
1.283668356199950367e+01,7.347471020704060551e-01
1.283729980247538194e+01,7.363732671101504978e-01
1.283793929395909572e+01,7.379978065907750739e-01
1.283860287287180668e+01,7.396207026857190003e-01
1.283929137563466938e+01,7.412419375684282663e-01
1.284000563866883837e+01,7.428614934123455305e-01
1.284074649839546822e+01,7.444793523909128963e-01
1.284151479123572059e+01,7.460954966775755759e-01
1.284231135361074649e+01,7.477099084457762279e-01
1.284313702194170759e+01,7.493225698689602865e-01
1.284399263264975843e+01,7.509334631205684119e-01
1.284487902215605182e+01,7.525425703740451500e-01
1.284579702688174585e+01,7.541498738028352689e-01
1.284579702688174585e+01,7.541498738028352689e-01
1.284666439036975660e+01,7.558465542937506942e-01
1.284742478796941256e+01,7.575482312342055602e-01
1.284808824773274161e+01,7.592544305492211487e-01
1.284866479771178405e+01,7.609646781638038648e-01
1.284916446595855888e+01,7.626785000029711048e-01
1.284959728052511529e+01,7.643954219917316051e-01
1.284997326946347940e+01,7.661149700550993202e-01
1.285030246082569150e+01,7.678366701180863174e-01
1.285059488266377770e+01,7.695600481057039977e-01
1.285086056302977298e+01,7.712846299429698682e-01
1.285110952997571232e+01,7.730099415548917774e-01
1.285135181155363071e+01,7.747355088664836797e-01
1.285159743581555958e+01,7.764608578027578645e-01
1.285185643081353213e+01,7.781855142887275090e-01
1.285213882459958512e+01,7.799090042494054575e-01
1.285245464522574999e+01,7.816308536098035553e-01
1.285281392074405993e+01,7.833505882949346466e-01
1.285322667920654993e+01,7.850677342298107986e-01
1.285370294866524965e+01,7.867818173394459658e-01
1.285425275717219762e+01,7.884923635488514382e-01
1.285425275717219762e+01,7.884923635488514382e-01
1.285467438407442842e+01,7.905450028169678234e-01
1.285520289659859827e+01,7.925924191825622911e-01
1.285582521581835991e+01,7.946352335111790399e-01
1.285652826280740513e+01,7.966740666683491678e-01
1.285729895863937422e+01,7.987095395196188719e-01
1.285812422438795011e+01,8.007422729305226916e-01
1.285899098112680683e+01,8.027728877666006069e-01
1.285988614992960244e+01,8.048020048933899329e-01
1.286079665187001098e+01,8.068302451764298722e-01
1.286170940802169049e+01,8.088582294812620699e-01
1.286261133945831858e+01,8.108865786734222869e-01
1.286348936725356040e+01,8.129159136184490597e-01
1.286433041248108466e+01,8.149468551818832562e-01
1.286512139621455830e+01,8.169800242292614145e-01
1.286584923952765180e+01,8.190160416261236254e-01
1.286650086349402855e+01,8.210555282380077591e-01
1.286706318918735903e+01,8.230991049304544616e-01
1.286752313768131550e+01,8.251473925689998268e-01
1.286786763004955780e+01,8.272010120191843896e-01
1.286808358736575997e+01,8.292605841465461314e-01
1.286808358736575997e+01,8.292605841465461314e-01
1.286834316798356781e+01,8.313394181003438410e-01
1.286868519047140502e+01,8.334141703297761605e-01
1.286910360859202207e+01,8.354851321876300974e-01
1.286959237610819429e+01,8.375525950266869968e-01
1.287014544678267747e+01,8.396168501997317568e-01
1.287075677437823629e+01,8.416781890595449456e-01
1.287142031265763364e+01,8.437369029589115721e-01
1.287213001538362889e+01,8.457932832506129817e-01
1.287287983631898669e+01,8.478476212874325180e-01
1.287366372922646818e+01,8.499002084221566333e-01
1.287447564786884158e+01,8.519513360075644526e-01
1.287530954600886091e+01,8.540012953964403186e-01
1.287615937740929262e+01,8.560503779415682413e-01
1.287701909583289961e+01,8.580988749957290107e-01
1.287788265504244656e+01,8.601470779117080800e-01
1.287874400880069103e+01,8.621952780422869056e-01
1.287959711087039949e+01,8.642437667402502743e-01
1.288043591501433305e+01,8.662928353583803087e-01
1.288125437499525283e+01,8.683427752494599083e-01
1.288204644457592352e+01,8.703938777662730830e-01
1.288204644457592352e+01,8.703938777662730830e-01
1.288218777249575986e+01,8.706408254327034912e-01
1.288233584579590207e+01,8.709574732638782901e-01
1.288248953324486124e+01,8.713317365257238212e-01
1.288264770361116263e+01,8.717515304841527701e-01
1.288280922566330844e+01,8.722047704050935879e-01
1.288297296816982751e+01,8.726793715544618468e-01
1.288313779989923091e+01,8.731632491981776711e-01
1.288330258962004571e+01,8.736443186021606300e-01
1.288346620610077942e+01,8.741104950323324019e-01
1.288362751810994666e+01,8.745496937546144434e-01
1.288378539441606918e+01,8.749498300349252133e-01
1.288393870378766337e+01,8.752988191391853912e-01
1.288408631499324386e+01,8.755845763333153231e-01
1.288422709680133416e+01,8.757950168832353555e-01
1.288435991798044356e+01,8.759180560548641692e-01
1.288448364729909201e+01,8.759416091141242200e-01
1.288459715352579238e+01,8.758535913269349660e-01
1.288469930542906994e+01,8.756419179592154212e-01
1.288478897177743576e+01,8.752945042768883743e-01
1.288486502133940625e+01,8.747992655458713962e-01
1.288486502133940625e+01,8.747992655458713962e-01
1.288501345396307585e+01,8.743057209876511360e-01
1.288514641692119866e+01,8.738109307987925733e-01
1.288526710436738831e+01,8.733151144687757439e-01
1.288537871045527083e+01,8.728184914870756872e-01
1.288548442933845273e+01,8.723212813431716617e-01
1.288558745517056003e+01,8.718237035265385959e-01
1.288569098210520636e+01,8.713259775266550822e-01
1.288579820429601241e+01,8.708283228329961601e-01
1.288591231589659714e+01,8.703309589350404218e-01
1.288603651106056702e+01,8.698341053222670149e-01
1.288617398394154989e+01,8.693379814841503128e-01
1.288632792869316468e+01,8.688428069101667983e-01
1.288650153946901966e+01,8.683488010897970621e-01
1.288669801042273910e+01,8.678561835125148116e-01
1.288692053570794194e+01,8.673651736677991941e-01
1.288717230947824000e+01,8.668759910451265815e-01
1.288745652588725399e+01,8.663888551339743449e-01
1.288777637908860285e+01,8.659039854238180789e-01
1.288813506323590019e+01,8.654216014041375971e-01
1.288853577248276494e+01,8.649419225644096043e-01
1.288853577248276494e+01,8.649419225644096043e-01
1.288944519920314846e+01,8.672974303390170725e-01
1.289034706812698694e+01,8.696540823557197264e-01
1.289124462366817525e+01,8.720115688781013841e-01
1.289214111024062959e+01,8.743695801697372039e-01
1.289303977225823772e+01,8.767278064942145566e-01
1.289394385413490873e+01,8.790859381151093777e-01
1.289485660028454461e+01,8.814436652960032648e-01
1.289578125512104734e+01,8.838006783004751510e-01
1.289672106305832244e+01,8.861566673921073001e-01
1.289767926851026303e+01,8.885113228344818648e-01
1.289865911589077996e+01,8.908643348911765569e-01
1.289966384961376988e+01,8.932153938257720860e-01
1.290069671409314012e+01,8.955641899018508267e-01
1.290176095374279086e+01,8.979104133829902690e-01
1.290285981297662232e+01,9.002537545327733426e-01
1.290399653620854181e+01,9.025939036147796468e-01
1.290517436785244598e+01,9.049305508925906683e-01
1.290639655232223859e+01,9.072633866297853400e-01
1.290766633403182340e+01,9.095921010899452597e-01
1.290898695739510060e+01,9.119163845366506926e-01
1.290898695739510060e+01,9.119163845366506926e-01
1.290987088039667441e+01,9.126319624309040535e-01
1.291075298577631436e+01,9.133475818276075575e-01
1.291163342131424585e+01,9.140632786584179659e-01
1.291251233479072802e+01,9.147790888549836019e-01
1.291338987398598803e+01,9.154950483489637802e-01
1.291426618668026904e+01,9.162111930720068242e-01
1.291514142065381243e+01,9.169275589557658313e-01
1.291601572368686135e+01,9.176441819318941207e-01
1.291688924355965185e+01,9.183610979320441237e-01
1.291776212805242174e+01,9.190783428878724903e-01
1.291863452494541775e+01,9.197959527310280992e-01
1.291950658201887236e+01,9.205139633931662679e-01
1.292037844705303407e+01,9.212324108059387617e-01
1.292125026782813890e+01,9.219513309009987889e-01
1.292212219212442648e+01,9.226707596099995579e-01
1.292299436772213639e+01,9.233907328645940549e-01
1.292386694240151179e+01,9.241112865964349332e-01
1.292474006394279229e+01,9.248324567371752902e-01
1.292561388012621393e+01,9.255542792184690004e-01
1.292648853873202164e+01,9.262767899719677178e-01
1.292648853873202164e+01,9.262767899719677178e-01
1.292820732557122376e+01,9.245827687947621998e-01
1.292992251242377222e+01,9.228887660011901861e-01
1.293163444511041149e+01,9.211947999748942850e-01
1.293334346945192692e+01,9.195008890995051143e-01
1.293504993126907010e+01,9.178070517586640609e-01
1.293675417638261038e+01,9.161133063360031858e-01
1.293845655061331357e+01,9.144196712151628770e-01
1.294015739978194546e+01,9.127261647797747512e-01
1.294185706970927185e+01,9.110328054134784193e-01
1.294355590621605145e+01,9.093396114999116042e-01
1.294525425512305716e+01,9.076466014227079215e-01
1.294695246225104768e+01,9.059537935655044283e-01
1.294865087342079235e+01,9.042612063119386256e-01
1.295034983445305699e+01,9.025688580456449062e-01
1.295204969116860383e+01,9.008767671502615482e-01
1.295375078938819868e+01,8.991849520094242765e-01
1.295545347493260557e+01,8.974934310067699261e-01
1.295715809362259385e+01,8.958022225259336668e-01
1.295886499127892222e+01,8.941113449505536659e-01
1.296057451372236002e+01,8.924208166642649820e-01
1.296057451372236002e+01,8.924208166642649820e-01
1.296087841891027459e+01,8.931619530589641753e-01
1.296118054173346934e+01,8.939030844399410425e-01
1.296148108023245804e+01,8.946442113642807392e-01
1.296178023244778110e+01,8.953853343890603167e-01
1.296207819641994874e+01,8.961264540713627103e-01
1.296237517018949070e+01,8.968675709682648600e-01
1.296267135179693497e+01,8.976086856368477029e-01
1.296296693928280774e+01,8.983497986341889563e-01
1.296326213068762812e+01,8.990909105173695570e-01
1.296355712405192406e+01,8.998320218434738837e-01
1.296385211741622001e+01,9.005731331695762121e-01
1.296414730882104038e+01,9.013142450527589222e-01
1.296444289630690783e+01,9.020553580501021740e-01
1.296473907791435387e+01,9.027964727186836846e-01
1.296503605168389939e+01,9.035375896155851683e-01
1.296533401565606880e+01,9.042787092978862296e-01
1.296563316787138476e+01,9.050198323226663621e-01
1.296593370637037879e+01,9.057609592470055038e-01
1.296623582919357176e+01,9.065020906279850355e-01
1.296653973438148633e+01,9.072432270226827855e-01
1.296653973438148633e+01,9.072432270226827855e-01
1.296719637149870152e+01,9.071093610033679200e-01
1.296775616529893682e+01,9.069294595730822417e-01
1.296822747399251874e+01,9.067075019534930336e-01
1.296861865578979156e+01,9.064474673662584747e-01
1.296893806890108181e+01,9.061533350330459591e-01
1.296919407153672843e+01,9.058290841755143319e-01
1.296939502190707039e+01,9.054786940153281005e-01
1.296954927822243597e+01,9.051061437741489968e-01
1.296966519869316592e+01,9.047154126736407509e-01
1.296975114152959030e+01,9.043104799354678702e-01
1.296981546494204807e+01,9.038953247812899772e-01
1.296986652714087285e+01,9.034739264327721342e-01
1.296991268633639649e+01,9.030502641115769613e-01
1.296996230073895795e+01,9.026283170393659683e-01
1.297002372855889263e+01,9.022120644378024412e-01
1.297010532800653237e+01,9.018054855285498883e-01
1.297021545729221614e+01,9.014125595332717067e-01
1.297036247462627578e+01,9.010372656736279628e-01
1.297055473821904670e+01,9.006835831712847185e-01
1.297080060628086251e+01,9.003554912479034833e-01
1.297080060628086251e+01,9.003554912479034833e-01
1.297108567286384684e+01,8.994865519985802971e-01
1.297137078895696405e+01,8.986175765390627124e-01
1.297165600407033992e+01,8.977485286591613267e-01
1.297194136771411976e+01,8.968793721486780779e-01
1.297222692939841160e+01,8.960100707974264500e-01
1.297251273863336429e+01,8.951405883952091580e-01
1.297279884492910362e+01,8.942708887318346900e-01
1.297308529779576602e+01,8.934009355971079813e-01
1.297337214674347372e+01,8.925306927808380753e-01
1.297365944128236315e+01,8.916601240728333488e-01
1.297394723092256541e+01,8.907891932628981824e-01
1.297423556517420984e+01,8.899178641408415080e-01
1.297452449354743109e+01,8.890461004964704816e-01
1.297481406555235850e+01,8.881738661195899276e-01
1.297510433069912139e+01,8.873011248000083340e-01
1.297539533849785265e+01,8.864278403275326346e-01
1.297568713845868338e+01,8.855539764919719836e-01
1.297597978009174824e+01,8.846794970831293181e-01
1.297627331290717123e+01,8.838043658908149025e-01
1.297656778641508879e+01,8.829285467048353375e-01
1.297656778641508879e+01,8.829285467048353375e-01
1.297781041669369273e+01,8.840784168866518966e-01
1.297905938426909778e+01,8.852280291404770463e-01
1.298031316482937569e+01,8.863774932110531912e-01
1.298157023406261956e+01,8.875269188431142986e-01
1.298282906765689404e+01,8.886764157814047715e-01
1.298408814130029754e+01,8.898260937706575779e-01
1.298534593068089649e+01,8.909760625556154556e-01
1.298660091148678219e+01,8.921264318810133709e-01
1.298785155940603708e+01,8.932773114915916191e-01
1.298909635012672936e+01,8.944288111320902734e-01
1.299033375933695034e+01,8.955810405472450775e-01
1.299156226272478065e+01,8.967341094817968816e-01
1.299278033597829562e+01,8.978881276804839828e-01
1.299398645478558478e+01,8.990432048880417915e-01
1.299517909483472344e+01,9.001994508492126013e-01
1.299635673181379403e+01,9.013569753087333769e-01
1.299751784141087541e+01,9.025158880113436366e-01
1.299866089931405355e+01,9.036762987017802340e-01
1.299978438121140556e+01,9.048383171247842416e-01
1.300088676279101207e+01,9.060020530250924020e-01
1.300088676279101207e+01,9.060020530250924020e-01
1.300112736189964835e+01,9.064293999191127549e-01
1.300135781818276470e+01,9.068570908099631289e-01
1.300157882103142981e+01,9.072851075925530973e-01
1.300179105983671768e+01,9.077134321617805757e-01
1.300199522398968810e+01,9.081420464125540271e-01
1.300219200288142041e+01,9.085709322397728105e-01
1.300238208590298328e+01,9.090000715383431684e-01
1.300256616244544361e+01,9.094294462031665693e-01
1.300274492189987185e+01,9.098590381291463691e-01
1.300291905365733669e+01,9.102888292111896984e-01
1.300308924710891034e+01,9.107188013441959162e-01
1.300325619164565971e+01,9.111489364230712651e-01
1.300342057665865347e+01,9.115792163427192119e-01
1.300358309153896386e+01,9.120096229980411140e-01
1.300374442567766309e+01,9.124401382839414376e-01
1.300390526846581629e+01,9.128707440953240937e-01
1.300406630929449214e+01,9.133014223270941034e-01
1.300422823755476642e+01,9.137321548741516031e-01
1.300439174263770248e+01,9.141629236314027240e-01
1.300455751393437254e+01,9.145937104937510442e-01
1.300455751393437254e+01,9.145937104937510442e-01
1.300521547157180180e+01,9.143767739744915746e-01
1.300576050410144902e+01,9.141292963858136389e-01
1.300620259156550773e+01,9.138539609030196242e-01
1.300655171400620702e+01,9.135534507013997052e-01
1.300681785146573333e+01,9.132304489562551586e-01
1.300701098398631217e+01,9.128876388428786015e-01
1.300711066138323169e+01,9.093536951759110254e-01
1.300712264683580521e+01,9.089603760214989281e-01
1.300712547141379893e+01,9.097540377150515889e-01
1.300714109161014953e+01,9.125277035365665368e-01
1.300715709688529742e+01,9.101587204636237827e-01
1.300717140781373438e+01,9.085767634271112447e-01
1.300719555775552116e+01,9.105650602463332133e-01
1.300721815437945317e+01,9.121533262126145791e-01
1.300723087398225530e+01,9.109703738878830448e-01
1.300725215233643262e+01,9.117671900463183432e-01
1.300725306552329563e+01,9.113719782129768854e-01
1.300726692435922160e+01,9.082055405680432569e-01
1.300741917651447821e+01,9.078493906195914676e-01
1.300763814432171372e+01,9.075109967570522684e-01
1.300763814432171372e+01,9.075109967570522684e-01
1.300783346191442291e+01,9.065245532962045161e-01
1.300800836107892167e+01,9.055368742321582287e-01
1.300816603821929007e+01,9.045481779402305689e-01
1.300830968973960644e+01,9.035586827957373668e-01
1.300844251204394553e+01,9.025686071740005589e-01
1.300856770153638742e+01,9.015781694503325339e-01
1.300868845462101042e+01,9.005875880000540068e-01
1.300880796770189107e+01,8.995970811984792537e-01
1.300892943718311123e+01,8.986068674209268803e-01
1.300905605946874566e+01,8.976171650427169357e-01
1.300919103096287088e+01,8.966281924391635849e-01
1.300933754806957054e+01,8.956401679855841014e-01
1.300949880719291585e+01,8.946533100572978681e-01
1.300967800473699043e+01,8.936678370296211593e-01
1.300987833710586905e+01,8.926839672778699164e-01
1.301010300070363179e+01,8.917019191773634113e-01
1.301035519193435519e+01,8.907219111034200276e-01
1.301063810720211755e+01,8.897441614313535974e-01
1.301095494291099897e+01,8.887688885364840585e-01
1.301130889546507419e+01,8.877963107941285736e-01
1.301130889546507419e+01,8.877963107941285736e-01
1.301228227264659587e+01,8.868408914373863139e-01
1.301323937449771151e+01,8.858812190542115772e-01
1.301418556011504180e+01,8.849185167135110719e-01
1.301512618859522519e+01,8.839540074841818473e-01
1.301606661903487527e+01,8.829889144351283914e-01
1.301701221053063229e+01,8.820244606352499739e-01
1.301796832217912225e+01,8.810618691534469749e-01
1.301894031307697119e+01,8.801023630586205515e-01
1.301993354232081046e+01,8.791471654196733043e-01
1.302095336900726430e+01,8.781974993055070566e-01
1.302200515223296406e+01,8.772545877850208562e-01
1.302309425109453933e+01,8.763196539271159713e-01
1.302422602468861434e+01,8.753939208006948913e-01
1.302540583211182046e+01,8.744786114746581074e-01
1.302663903246078547e+01,8.735749490179053334e-01
1.302793098483213896e+01,8.726841564993391698e-01
1.302928704832250517e+01,8.718074569878621061e-01
1.303071258202852079e+01,8.709460735523719688e-01
1.303221294504680294e+01,8.701012292617719135e-01
1.303379349647398655e+01,8.692741471849638746e-01
1.303379349647398655e+01,8.692741471849638746e-01
1.303567316310891577e+01,8.682149041525477617e-01
1.303751803462374781e+01,8.671476491971354950e-01
1.303932968334021503e+01,8.660727655896954813e-01
1.304110968158006933e+01,8.649906366011872461e-01
1.304285960166505021e+01,8.639016455025826380e-01
1.304458101591689712e+01,8.628061755648411824e-01
1.304627549665736197e+01,8.617046100589315083e-01
1.304794461620818424e+01,8.605973322558170269e-01
1.304958994689111051e+01,8.594847254264621483e-01
1.305121306102786960e+01,8.583671728418353908e-01
1.305281553094022051e+01,8.572450577728982779e-01
1.305439892894989740e+01,8.561187634906178845e-01
1.305596482737864861e+01,8.549886732659599531e-01
1.305751479854821540e+01,8.538551703698860074e-01
1.305905041478034256e+01,8.527186380733652316e-01
1.306057324839677136e+01,8.515794596473612588e-01
1.306208487171924304e+01,8.504380183628383882e-01
1.306358685706950595e+01,8.492946974907638058e-01
1.306508077676929602e+01,8.481498803021010335e-01
1.306656820314036338e+01,8.470039500678151478e-01
1.306656820314036338e+01,8.470039500678151478e-01
1.306700619714178124e+01,8.466054931512604353e-01
1.306743605572845901e+01,8.463238673080255570e-01
1.306785846529084516e+01,8.461495801753097235e-01
1.306827411221940594e+01,8.460731393903010433e-01
1.306868368290457738e+01,8.460850525901986163e-01
1.306908786373683107e+01,8.461758274121926604e-01
1.306948734110661725e+01,8.463359714934794997e-01
1.306988280140439684e+01,8.465559924712505735e-01
1.307027493102062010e+01,8.468263979827010957e-01
1.307066441634574083e+01,8.471376956650271683e-01
1.307105194377021817e+01,8.474803931554196756e-01
1.307143819968450948e+01,8.478449980910723882e-01
1.307182387047906502e+01,8.482220181091821853e-01
1.307220964254434747e+01,8.486019608469407283e-01
1.307259620227080710e+01,8.489753339415407885e-01
1.307298423604889948e+01,8.493326450301788011e-01
1.307337443026908197e+01,8.496644017500484258e-01
1.307376747132181372e+01,8.499611117383411019e-01
1.307416404559754142e+01,8.502132826322539305e-01
1.307456483948672776e+01,8.504114220689799053e-01
1.307456483948672776e+01,8.504114220689799053e-01
1.307556777934263792e+01,8.512074971254685041e-01
1.307657065693581444e+01,8.520038980736905909e-01
1.307757342500657494e+01,8.528005887034599830e-01
1.307857603629526011e+01,8.535975328045768418e-01
1.307957844354218224e+01,8.543946941668536521e-01
1.308058059948768381e+01,8.551920365800939061e-01
1.308158245687209131e+01,8.559895238341068691e-01
1.308258396843573834e+01,8.567871197186966992e-01
1.308358508691894784e+01,8.575847880236732168e-01
1.308458576506204807e+01,8.583824925388433558e-01
1.308558595560537086e+01,8.591801970540134947e-01
1.308658561128924802e+01,8.599778653589892352e-01
1.308758468485400428e+01,8.607754612435811747e-01
1.308858312903997145e+01,8.615729484975926944e-01
1.308958089658748136e+01,8.623702909108330594e-01
1.309057794023685872e+01,8.631674522731084265e-01
1.309157421272843536e+01,8.639643963742273947e-01
1.309256966680253953e+01,8.647610870039946773e-01
1.309356425519949774e+01,8.655574879522180964e-01
1.309455793065964535e+01,8.663535630087068062e-01
1.309455793065964535e+01,8.663535630087068062e-01
1.309577516399128783e+01,8.647835341204007653e-01
1.309698876207906082e+01,8.632131740480984972e-01
1.309819902048342932e+01,8.616425192805350353e-01
1.309940623476488497e+01,8.600716063064396399e-01
1.310061070048389986e+01,8.585004716145512305e-01
1.310181271320096208e+01,8.569291516935979569e-01
1.310301256847654372e+01,8.553576830323124103e-01
1.310421056187113642e+01,8.537861021194289579e-01
1.310540698894521228e+01,8.522144454436796357e-01
1.310660214525924872e+01,8.506427494938000322e-01
1.310779632637373737e+01,8.490710507585201849e-01
1.310898982784914679e+01,8.474993857265729069e-01
1.311018294524596151e+01,8.459277908866930096e-01
1.311137597412466604e+01,8.443563027276111965e-01
1.311256921004573783e+01,8.427849577380625012e-01
1.311376294856965785e+01,8.412137924067781825e-01
1.311495748525690175e+01,8.396428432224918303e-01
1.311615311566795761e+01,8.380721466739355918e-01
1.311735013536329930e+01,8.365017392498435012e-01
1.311854883990341136e+01,8.349316574389477053e-01
1.311854883990341136e+01,8.349316574389477053e-01
1.311888976341635882e+01,8.355565137123366348e-01
1.311920580433760719e+01,8.361824072684799214e-01
1.311949863550944961e+01,8.368092835135553242e-01
1.311976992977422007e+01,8.374370878537260587e-01
1.312002135997420993e+01,8.380657656951688850e-01
1.312025459895174606e+01,8.386952624440510151e-01
1.312047131954913581e+01,8.393255235065434361e-01
1.312067319460869719e+01,8.399564942888172459e-01
1.312086189697273753e+01,8.405881201970418770e-01
1.312103909948356772e+01,8.412203466373915361e-01
1.312120647498350579e+01,8.418531190160334354e-01
1.312136569631486083e+01,8.424863827391388948e-01
1.312151843631994552e+01,8.431200832128801226e-01
1.312166636784107254e+01,8.437541658434271064e-01
1.312181116372055811e+01,8.443885760369485016e-01
1.312195449680071135e+01,8.450232591996170717e-01
1.312209803992384316e+01,8.456581607376034704e-01
1.312224346593227153e+01,8.462932260570776855e-01
1.312239244766830382e+01,8.469284005642105928e-01
1.312254665797425801e+01,8.475636296651727353e-01
1.312254665797425801e+01,8.475636296651727353e-01
1.312328917829069219e+01,8.466832411706554096e-01
1.312402265700695558e+01,8.458018284847571566e-01
1.312474787953375532e+01,8.449194648634861249e-01
1.312546563128181987e+01,8.440362235628436904e-01
1.312617669766185813e+01,8.431521778388419985e-01
1.312688186408459146e+01,8.422674009474817591e-01
1.312758191596074120e+01,8.413819661447696774e-01
1.312827763870102160e+01,8.404959466867113482e-01
1.312896981771615401e+01,8.396094158293133658e-01
1.312965923841685090e+01,8.387224468285813250e-01
1.313034668621383538e+01,8.378351129405198217e-01
1.313103294651782349e+01,8.369474874211357829e-01
1.313171880473953479e+01,8.360596435264345816e-01
1.313240504628968353e+01,8.351716545124215907e-01
1.313309245657899460e+01,8.342835936351022941e-01
1.313378182101818048e+01,8.333955341504827308e-01
1.313447392501796074e+01,8.325075493145691619e-01
1.313516955398905495e+01,8.316197123833660720e-01
1.313586949334217735e+01,8.307320966128798334e-01
1.313657452848804752e+01,8.298447752591163740e-01
1.313657452848804752e+01,8.298447752591163740e-01
1.313798622561268736e+01,8.307131966562580905e-01
1.313940799429827067e+01,8.315807531868681934e-01
1.314083811369264332e+01,8.324476830026006358e-01
1.314227486294369029e+01,8.333142242551081491e-01
1.314371652119925571e+01,8.341806150960480171e-01
1.314516136760721210e+01,8.350470936770686414e-01
1.314660768131542135e+01,8.359138981498268617e-01
1.314805374147174533e+01,8.367812666659731891e-01
1.314949782722405480e+01,8.376494373771634638e-01
1.315093821772019922e+01,8.385186484350511948e-01
1.315237319210805289e+01,8.393891379912887807e-01
1.315380102953547237e+01,8.402611441975301743e-01
1.315522000915032486e+01,8.411349052054295505e-01
1.315662841010047224e+01,8.420106591666377538e-01
1.315802451153377817e+01,8.428886442328118456e-01
1.315940659259810630e+01,8.437690985556035583e-01
1.316077293244131674e+01,8.446522602866660678e-01
1.316212181021127670e+01,8.455383675776528829e-01
1.316345150505584627e+01,8.464276585802190667e-01
1.316476029612288912e+01,8.473203714460160185e-01
1.316476029612288912e+01,8.473203714460160185e-01
1.316520932050644888e+01,8.482466731653138803e-01
1.316561689140741187e+01,8.491776791457512630e-01
1.316598974520423404e+01,8.501126231239406472e-01
1.316633461827538554e+01,8.510507388364889625e-01
1.316665824699931164e+01,8.519912600200103547e-01
1.316696736775448429e+01,8.529334204111095330e-01
1.316726871691936296e+01,8.538764537464005322e-01
1.316756903087240715e+01,8.548195937624876173e-01
1.316787504599207814e+01,8.557620741959847122e-01
1.316819349865683364e+01,8.567031287835009667e-01
1.316853112524513847e+01,8.576419912616453090e-01
1.316889466213545035e+01,8.585778953670263336e-01
1.316929084570622877e+01,8.595100748362564103e-01
1.316972641233593677e+01,8.604377634059420243e-01
1.317020809840303741e+01,8.613601948126948793e-01
1.317074264028598662e+01,8.622766027931249022e-01
1.317133677436324746e+01,8.631862210838396887e-01
1.317199723701327940e+01,8.640882834214504982e-01
1.317273076461454195e+01,8.649820235425678128e-01
1.317354409354549993e+01,8.658666751837992281e-01
1.317354409354549993e+01,8.658666751837992281e-01
1.317479950118872623e+01,8.668037380617776844e-01
1.317606673575209442e+01,8.677385542365551041e-01
1.317734388134354262e+01,8.686714340016314928e-01
1.317862902207103737e+01,8.696026876505034142e-01
1.317992024204251500e+01,8.705326254766746485e-01
1.318121562536594027e+01,8.714615577736410934e-01
1.318251325614926195e+01,8.723897948349041975e-01
1.318381121850043236e+01,8.733176469539605247e-01
1.318510759652740738e+01,8.742454244243124117e-01
1.318640047433813045e+01,8.751734375394598642e-01
1.318768793604055922e+01,8.761019965929002229e-01
1.318896806574264602e+01,8.770314118781314949e-01
1.319023894755234316e+01,8.779619936886574605e-01
1.319149866557760475e+01,8.788940523179723519e-01
1.319274530392637956e+01,8.798278980595792831e-01
1.319397694670661991e+01,8.807638412069762612e-01
1.319519167802627990e+01,8.817021920536639579e-01
1.319638758199331363e+01,8.826432608931399360e-01
1.319756274271566632e+01,8.835873580189054222e-01
1.319871524430129739e+01,8.845347937244578684e-01
1.319871524430129739e+01,8.845347937244578684e-01
1.319925898469152870e+01,8.861855656329247211e-01
1.319977091332214592e+01,8.878373698104293776e-01
1.320025363547625652e+01,8.894901522202235400e-01
1.320070975643698930e+01,8.911438588255560234e-01
1.320114188148744816e+01,8.927984355896801949e-01
1.320155261591075835e+01,8.944538284758442037e-01
1.320194456499003621e+01,8.961099834473004178e-01
1.320232033400840166e+01,8.977668464672964310e-01
1.320268252824896749e+01,8.994243634990847225e-01
1.320303375299485182e+01,9.010824805059176601e-01
1.320337661352917635e+01,9.027411434510428379e-01
1.320371371513505210e+01,9.044002982977120686e-01
1.320404766309560074e+01,9.060598910091761660e-01
1.320438106269393685e+01,9.077198675486863877e-01
1.320471651921318212e+01,9.093801738794895506e-01
1.320505663793645112e+01,9.110407559648400211e-01
1.320540402414685666e+01,9.127015597679876135e-01
1.320576128312752573e+01,9.143625312521819204e-01
1.320613102016156759e+01,9.160236163806740883e-01
1.320651584053210392e+01,9.176847611167149310e-01
1.320651584053210392e+01,9.176847611167149310e-01
1.320896062880749788e+01,9.158128884239549183e-01
1.321138059000254472e+01,9.139360869668554654e-01
1.321377842767046928e+01,9.120549040764132087e-01
1.321615684536449820e+01,9.101698870836183453e-01
1.321851854663785275e+01,9.082815833194682886e-01
1.322086623504376490e+01,9.063905401149515706e-01
1.322320261413546127e+01,9.044973048010630512e-01
1.322553038746616672e+01,9.026024247087954810e-01
1.322785225858910785e+01,9.007064471691428320e-01
1.323017093105750774e+01,8.988099195130972996e-01
1.323248910842459836e+01,8.969133890716521895e-01
1.323480949424360098e+01,8.950174031758002524e-01
1.323713479206774224e+01,8.931225091565369034e-01
1.323946770545025409e+01,8.912292543448521176e-01
1.324181093794435782e+01,8.893381860717399778e-01
1.324416719310328183e+01,8.874498516681940119e-01
1.324653917448024742e+01,8.855647984652081917e-01
1.324892958562848833e+01,8.836835737937731583e-01
1.325134113010122583e+01,8.818067249848844380e-01
1.325377651145168656e+01,8.799347993695341152e-01
1.325377651145168656e+01,8.799347993695341152e-01
1.325482048745479702e+01,8.795884254304007221e-01
1.325588608213173103e+01,8.792497712258571241e-01
1.325697132933013833e+01,8.789181612965402124e-01
1.325807426289770419e+01,8.785929201830773305e-01
1.325919291668207833e+01,8.782733724261052588e-01
1.326032532453094248e+01,8.779588425662518958e-01
1.326146952029195702e+01,8.776486551441506911e-01
1.326262353781279124e+01,8.773421347004324300e-01
1.326378541094111974e+01,8.770386057757291187e-01
1.326495317352459580e+01,8.767373929106755392e-01
1.326612485941089936e+01,8.764378206459003673e-01
1.326729850244769082e+01,8.761392135220377186e-01
1.326847213648263946e+01,8.758408960797174903e-01
1.326964379536341454e+01,8.755421928595731318e-01
1.327081151293768357e+01,8.752424284022354284e-01
1.327197332305311406e+01,8.749409272483371636e-01
1.327312725955736994e+01,8.746370139385108988e-01
1.327427135629812582e+01,8.743300130133860870e-01
1.327540364712304211e+01,8.740192490135973991e-01
1.327652216587978984e+01,8.737040464797750650e-01
1.327652216587978984e+01,8.737040464797750650e-01
1.327833937260858832e+01,8.742850541593070179e-01
1.328015297785042392e+01,8.748670495414857529e-01
1.328196332592573903e+01,8.754499228815736389e-01
1.328377076115500977e+01,8.760335644348306028e-01
1.328557562785867852e+01,8.766178644565202349e-01
1.328737827035721075e+01,8.772027132019024620e-01
1.328917903297106129e+01,8.777880009262389871e-01
1.329097826002069560e+01,8.783736178847900700e-01
1.329277629582656495e+01,8.789594543328177467e-01
1.329457348470912592e+01,8.795454005255862739e-01
1.329637017098884222e+01,8.801313467183542461e-01
1.329816669898617221e+01,8.807171831663831441e-01
1.329996341302156182e+01,8.813028001249350041e-01
1.330176065741548541e+01,8.818880878492708630e-01
1.330355877648839424e+01,8.824729365946523130e-01
1.330535811456074491e+01,8.830572366163406128e-01
1.330715901595299400e+01,8.836408781695989090e-01
1.330896182498560520e+01,8.842237515096862399e-01
1.331076688597903335e+01,8.848057468918656410e-01
1.331257454325373679e+01,8.853867545713975939e-01
1.331257454325373679e+01,8.853867545713975939e-01
1.331323980263531581e+01,8.851311218437718509e-01
1.331382454504077018e+01,8.848546437436960455e-01
1.331433575139858405e+01,8.845591090547024749e-01
1.331478040263727536e+01,8.842463065603199945e-01
1.331516547968533004e+01,8.839180250440835662e-01
1.331549796347126247e+01,8.835760532895200470e-01
1.331578483492357989e+01,8.832221800801608458e-01
1.331603307497077537e+01,8.828581941995362614e-01
1.331624966454135617e+01,8.824858844311758155e-01
1.331644158456382243e+01,8.821070395586144697e-01
1.331661581596667432e+01,8.817234483653789701e-01
1.331677933967842620e+01,8.813368996350008366e-01
1.331693913662756756e+01,8.809491821510124776e-01
1.331710218774260923e+01,8.805620846969411941e-01
1.331727547395205136e+01,8.801773960563200605e-01
1.331746597618439587e+01,8.797969050126791535e-01
1.331768067536814648e+01,8.794224003495493269e-01
1.331792655243180690e+01,8.790556708504608796e-01
1.331821058830387727e+01,8.786985052989439993e-01
1.331853976391286309e+01,8.783526924785300949e-01
1.331853976391286309e+01,8.783526924785300949e-01
1.331939337846243632e+01,8.770740111739091516e-01
1.332022448765676259e+01,8.757935525058939685e-01
1.332103417096671549e+01,8.745113719039369071e-01
1.332182350786320413e+01,8.732275247974816690e-01
1.332259357781709852e+01,8.719420666159847233e-01
1.332334546029931133e+01,8.706550527888907709e-01
1.332408023478071968e+01,8.693665387456503968e-01
1.332479898073222913e+01,8.680765799157098561e-01
1.332550277762472035e+01,8.667852317285218433e-01
1.332619270492908115e+01,8.654925496135350560e-01
1.332686984211621173e+01,8.641985890001970816e-01
1.332753526865700167e+01,8.629034053179586161e-01
1.332819006402234052e+01,8.616070539962691344e-01
1.332883530768311964e+01,8.603095904645753356e-01
1.332947207911023213e+01,8.590110701523279157e-01
1.333010145777457112e+01,8.577115484889764607e-01
1.333072452314702261e+01,8.564110809039703343e-01
1.333134235469848150e+01,8.551097228267575678e-01
1.333195603189983558e+01,8.538075296867869701e-01
1.333256663422198329e+01,8.525045569135100143e-01
1.333256663422198329e+01,8.525045569135100143e-01
1.333420441723542638e+01,8.538924424963572068e-01
1.333583408583843166e+01,8.552813472568636666e-01
1.333745637743187373e+01,8.566711984961072890e-01
1.333907202941666803e+01,8.580619235151579760e-01
1.334068177919368736e+01,8.594534496150949554e-01
1.334228636416384006e+01,8.608457040969894614e-01
1.334388652172801493e+01,8.622386142619145044e-01
1.334548298928710963e+01,8.636321074109448714e-01
1.334707650424201475e+01,8.650261108451562375e-01
1.334866780399361907e+01,8.664205518656233895e-01
1.335025762594282561e+01,8.678153577734186719e-01
1.335184670749052316e+01,8.692104558696167604e-01
1.335343578603760406e+01,8.706057734552921090e-01
1.335502559898496955e+01,8.720012378315187274e-01
1.335661688373350664e+01,8.733967762993702921e-01
1.335821037768411301e+01,8.747923161599215902e-01
1.335980681823767746e+01,8.761877847142476305e-01
1.336140694279510122e+01,8.775831092634217567e-01
1.336301148875727129e+01,8.789782171085177565e-01
1.336462119352508360e+01,8.803730355506103056e-01
1.336462119352508360e+01,8.803730355506103056e-01
1.336529580782095650e+01,8.804497258609855770e-01
1.336596319813859424e+01,8.804850747155540391e-01
1.336662400210846613e+01,8.804826412977441175e-01
1.336727885736106458e+01,8.804459847909736903e-01
1.336792840152685180e+01,8.803786643786776223e-01
1.336857327223631664e+01,8.802842392442733477e-01
1.336921410711993019e+01,8.801662685711868495e-01
1.336985154380817420e+01,8.800283115428436664e-01
1.337048621993152864e+01,8.798739273426692264e-01
1.337111877312046460e+01,8.797066751540882912e-01
1.337174984100546560e+01,8.795301141605249562e-01
1.337238006121700806e+01,8.793478035454045383e-01
1.337301007138556663e+01,8.791633024921534645e-01
1.337364050914162483e+01,8.789801701841933879e-01
1.337427201211565730e+01,8.788019658049507354e-01
1.337490521793814224e+01,8.786322485378514902e-01
1.337554076423955962e+01,8.784745775663184153e-01
1.337617928865038408e+01,8.783325120737777159e-01
1.337682142880109382e+01,8.782096112436553748e-01
1.337746782232217058e+01,8.781094342593733781e-01
1.337746782232217058e+01,8.781094342593733781e-01
1.337813180131674784e+01,8.779836990996110480e-01
1.337878721730908538e+01,8.778484356453878368e-01
1.337943534931090639e+01,8.777050677929084666e-01
1.338007747633393407e+01,8.775550194383733293e-01
1.338071487738988452e+01,8.773997144779864810e-01
1.338134883149048804e+01,8.772405768079473143e-01
1.338198061764746605e+01,8.770790303244581088e-01
1.338261151487254708e+01,8.769164989237210328e-01
1.338324280217744899e+01,8.767544065019389210e-01
1.338387575857389322e+01,8.765941769553132756e-01
1.338451166307360651e+01,8.764372341800455990e-01
1.338515179468831562e+01,8.762850020723372824e-01
1.338579743242973130e+01,8.761389045283919375e-01
1.338644985530959097e+01,8.760003654444089571e-01
1.338711034233961250e+01,8.758708087165919531e-01
1.338778017253151909e+01,8.757516582411423167e-01
1.338846062489703215e+01,8.756443379142629935e-01
1.338915297844787844e+01,8.755502716321548196e-01
1.338985851219577761e+01,8.754708832910198524e-01
1.339057850515245640e+01,8.754075967870602604e-01
1.339057850515245640e+01,8.754075967870602604e-01
1.339187674843611120e+01,8.762801536667750302e-01
1.339317584764492075e+01,8.771527152816667172e-01
1.339447565349832381e+01,8.780252807961186345e-01
1.339577601671578577e+01,8.788978493745092102e-01
1.339707678801674717e+01,8.797704201812217573e-01
1.339837781812067163e+01,8.806429923806328164e-01
1.339967895774700324e+01,8.815155651371234802e-01
1.340098005761520383e+01,8.823881376150742861e-01
1.340228096844472105e+01,8.832607089788644394e-01
1.340358154095500431e+01,8.841332783928764760e-01
1.340488162586551368e+01,8.850058450214883798e-01
1.340618107389569680e+01,8.858784080290812435e-01
1.340747973576500840e+01,8.867509665800348273e-01
1.340877746219290323e+01,8.876235198387292247e-01
1.341007410389883070e+01,8.884960669695448621e-01
1.341136951160224555e+01,8.893686071368614998e-01
1.341266353602259898e+01,8.902411395050604526e-01
1.341395602787934749e+01,8.911136632385209255e-01
1.341524683789193872e+01,8.919861775016227901e-01
1.341653581677983098e+01,8.928586814587471387e-01
1.341653581677983098e+01,8.928586814587471387e-01
1.341714181178418031e+01,8.918120596747705076e-01
1.341766661617455725e+01,8.907607442141676213e-01
1.341811755745036905e+01,8.897051553937219692e-01
1.341850196311104426e+01,8.886457135302063826e-01
1.341882716065600079e+01,8.875828389404043506e-01
1.341910047758466007e+01,8.865169519410892596e-01
1.341932924139644534e+01,8.854484728490412682e-01
1.341952077959077982e+01,8.843778219810352059e-01
1.341968241966708320e+01,8.833054196538518976e-01
1.341982148912477157e+01,8.822316861842701696e-01
1.341994531546327174e+01,8.811570418890654066e-01
1.342006122618200692e+01,8.800819070850157688e-01
1.342017654878039323e+01,8.790067020889014149e-01
1.342029861075785391e+01,8.779318472174971744e-01
1.342043473961381039e+01,8.768577627875832059e-01
1.342059226284768414e+01,8.757848691159362264e-01
1.342077850795889660e+01,8.747135865193351734e-01
1.342100080244687277e+01,8.736443353145573187e-01
1.342126647381102345e+01,8.725775358183802677e-01
1.342158284955078074e+01,8.715136083475821804e-01
1.342158284955078074e+01,8.715136083475821804e-01
1.342179508172970870e+01,8.706468332143663114e-01
1.342198420167919970e+01,8.697775197466245389e-01
1.342215758340818788e+01,8.689064163811948127e-01
1.342232260092561802e+01,8.680342715549063115e-01
1.342248662824041183e+01,8.671618337045960967e-01
1.342265703936152477e+01,8.662898512670971218e-01
1.342284120829789273e+01,8.654190726792435617e-01
1.342304650905845165e+01,8.645502463778661495e-01
1.342328031565214097e+01,8.636841207998026126e-01
1.342355000208789306e+01,8.628214443818864599e-01
1.342386294237465627e+01,8.619629655609492014e-01
1.342422651052136473e+01,8.611094327738271215e-01
1.342464808053695258e+01,8.602615944573523965e-01
1.342513502643036816e+01,8.594201990483599785e-01
1.342569472221054383e+01,8.585859949836812666e-01
1.342633454188641551e+01,8.577597307001526561e-01
1.342706185946692621e+01,8.569421546346075447e-01
1.342788404896101540e+01,8.561340152238789969e-01
1.342880848437761898e+01,8.553360609048010765e-01
1.342984253972567643e+01,8.545490401142088466e-01
1.342984253972567643e+01,8.545490401142088466e-01
1.343076370209751502e+01,8.537264389559297006e-01
1.343167651601102008e+01,8.529014295412773450e-01
1.343257753901175455e+01,8.520737929378620068e-01
1.343346332864530090e+01,8.512433102132777041e-01
1.343433044245722030e+01,8.504097624351373286e-01
1.343517543799309166e+01,8.495729306710365636e-01
1.343599487279848859e+01,8.487325959885791971e-01
1.343678530441898644e+01,8.478885394553685728e-01
1.343754329040015527e+01,8.470405421390075906e-01
1.343826538828756156e+01,8.461883851071004825e-01
1.343894815562678602e+01,8.453318494272473727e-01
1.343958814996340223e+01,8.444707161670530482e-01
1.344018192884297669e+01,8.436047663941185215e-01
1.344072604981108832e+01,8.427337811760476916e-01
1.344121707041330716e+01,8.418575415804431250e-01
1.344165154819520680e+01,8.409758286749071665e-01
1.344202604070235729e+01,8.400884235270430489e-01
1.344233710548033578e+01,8.391951072044541160e-01
1.344258130007471408e+01,8.382956607747420463e-01
1.344275518203106223e+01,8.373898653055100727e-01
1.344275518203106223e+01,8.373898653055100727e-01
1.344305013426193973e+01,8.366086106631784869e-01
1.344334503773284339e+01,8.358273323449484371e-01
1.344363984368378340e+01,8.350460122457304957e-01
1.344393450335480189e+01,8.342646322604204689e-01
1.344422896798590017e+01,8.334831742839294844e-01
1.344452318881711328e+01,8.327016202111562349e-01
1.344481711708845673e+01,8.319199519370041873e-01
1.344511070403996023e+01,8.311381513563783630e-01
1.344540390091164284e+01,8.303562003641806744e-01
1.344569665894352184e+01,8.295740808553181411e-01
1.344598892937562695e+01,8.287917747246910105e-01
1.344628066344797546e+01,8.280092638672039707e-01
1.344657181240059174e+01,8.272265301777604884e-01
1.344686232747349663e+01,8.264435555512643639e-01
1.344715215990671453e+01,8.256603218826180646e-01
1.344744126094026626e+01,8.248768110667260567e-01
1.344772958181417266e+01,8.240930049984923622e-01
1.344801707376845989e+01,8.233088855728184496e-01
1.344830368804314880e+01,8.225244346846106724e-01
1.344858937587826020e+01,8.217396342287711652e-01
1.344858937587826020e+01,8.217396342287711652e-01
1.344925875110206448e+01,8.215939681432015140e-01
1.344987380471007654e+01,8.215387333934481839e-01
1.345043920715800034e+01,8.215661537013131399e-01
1.345095962890155761e+01,8.216684527885923517e-01
1.345143974039645052e+01,8.218378543770881173e-01
1.345188421209839902e+01,8.220665821885962954e-01
1.345229771446311062e+01,8.223468599449175187e-01
1.345268491794630350e+01,8.226709113678465357e-01
1.345305049300368516e+01,8.230309601791860885e-01
1.345339911009096490e+01,8.234192301007349224e-01
1.345373543966386265e+01,8.238279448542895622e-01
1.345406415217808416e+01,8.242493281616509737e-01
1.345438991808934226e+01,8.246756037446170140e-01
1.345471740785335690e+01,8.250989953249856512e-01
1.345505129192583205e+01,8.255117266245564078e-01
1.345539624076248408e+01,8.259060213651279181e-01
1.345575692481902053e+01,8.262741032684988163e-01
1.345613801455115954e+01,8.266081960564686248e-01
1.345654418041461042e+01,8.269005234508352009e-01
1.345698009286508245e+01,8.271433091733974008e-01
1.345698009286508245e+01,8.271433091733974008e-01
1.345855469645016456e+01,8.286934981720363025e-01
1.346014980248065029e+01,8.302411747403635189e-01
1.346176231357271824e+01,8.317867399759049096e-01
1.346338913234256118e+01,8.333305949761782294e-01
1.346502716140635414e+01,8.348731408387097819e-01
1.346667330338028812e+01,8.364147786610178770e-01
1.346832446088054702e+01,8.379559095406249325e-01
1.346997753652331298e+01,8.394969345750518119e-01
1.347162943292477522e+01,8.410382548618211551e-01
1.347327705270110876e+01,8.425802714984558239e-01
1.347491729846850816e+01,8.441233855824746835e-01
1.347654707284315023e+01,8.456679982114024829e-01
1.347816327844122242e+01,8.472145104827578654e-01
1.347976281787891395e+01,8.487633234940640259e-01
1.348134259377240163e+01,8.503148383428432711e-01
1.348289950873787291e+01,8.518694561266160203e-01
1.348443046539151169e+01,8.534275779429046915e-01
1.348593236634950365e+01,8.549896048892300371e-01
1.348740211422803270e+01,8.565559380631146968e-01
1.348883661164328274e+01,8.581269785620802004e-01
1.348883661164328274e+01,8.581269785620802004e-01
1.348912229135172858e+01,8.587403235222905717e-01
1.348940884873977986e+01,8.593536684824994998e-01
1.348969618628746758e+01,8.599670134427092050e-01
1.348998420647485297e+01,8.605803584029174669e-01
1.349027281178195992e+01,8.611937033631283933e-01
1.349056190468884786e+01,8.618070483233380985e-01
1.349085138767555847e+01,8.624203932835476927e-01
1.349114116322213519e+01,8.630337382437573979e-01
1.349143113380862502e+01,8.636470832039663259e-01
1.349172120191506608e+01,8.642604281641766972e-01
1.349201127002151068e+01,8.648737731243862914e-01
1.349230124060800051e+01,8.654871180845958856e-01
1.349259101615457368e+01,8.661004630448062569e-01
1.349288049914128429e+01,8.667138080050151849e-01
1.349316959204817401e+01,8.673271529652248901e-01
1.349345819735528629e+01,8.679404979254344843e-01
1.349374621754266457e+01,8.685538428856440785e-01
1.349403355509035585e+01,8.691671878458537837e-01
1.349432011247840357e+01,8.697805328060633778e-01
1.349460579218685119e+01,8.703938777662730830e-01
1.349460579218685119e+01,8.703938777662730830e-01
1.349518905053861673e+01,8.695982721424415640e-01
1.349568528508276444e+01,8.687962550861391131e-01
1.349610187132852701e+01,8.679883563803483248e-01
1.349644618478516378e+01,8.671751058080389152e-01
1.349672560096190743e+01,8.663570331521956991e-01
1.349694749536801197e+01,8.655346681957897248e-01
1.349711924351272074e+01,8.647085407217982578e-01
1.349724822090527887e+01,8.638791805131971202e-01
1.349734180305493325e+01,8.630471173529635776e-01
1.349740736547092368e+01,8.622128810240762276e-01
1.349745228366250416e+01,8.613770013095088940e-01
1.349748393313891626e+01,8.605400079922395085e-01
1.349750968940940332e+01,8.597024308552445593e-01
1.349753692798321403e+01,8.588647996814993135e-01
1.349757302436959527e+01,8.580276442539809256e-01
1.349762535407778863e+01,8.571914943556659949e-01
1.349770129261703921e+01,8.563568797695331192e-01
1.349780821549659748e+01,8.555243302785546788e-01
1.349795349822570500e+01,8.546943756657101599e-01
1.349814451631361045e+01,8.538675457139758285e-01
1.349814451631361045e+01,8.538675457139758285e-01
1.349815416241248478e+01,8.534040662004039879e-01
1.349818234705489317e+01,8.529409309622023594e-01
1.349822793975949509e+01,8.524781221728193747e-01
1.349828981004497130e+01,8.520156220056934737e-01
1.349836682742998661e+01,8.515534126342748644e-01
1.349845786143321291e+01,8.510914762320012095e-01
1.349856178157331854e+01,8.506297949723181651e-01
1.349867745736898073e+01,8.501683510286668355e-01
1.349880375833886781e+01,8.497071265744926549e-01
1.349893955400164103e+01,8.492461037832409465e-01
1.349908371387598116e+01,8.487852648283523704e-01
1.349923510748055477e+01,8.483245918832715837e-01
1.349939260433402666e+01,8.478640671214420221e-01
1.349955507395507937e+01,8.474036727163068994e-01
1.349972138586237591e+01,8.469433908413094292e-01
1.349989040957458464e+01,8.464832036698932693e-01
1.350006101461037744e+01,8.460230933755028548e-01
1.350023207048842977e+01,8.455630421315801781e-01
1.350040244672740464e+01,8.451030321115706734e-01
1.350057101284597749e+01,8.446430454889155559e-01
1.350057101284597749e+01,8.446430454889155559e-01
1.350197647106895538e+01,8.456725878997791712e-01
1.350338100285236109e+01,8.467021486942777342e-01
1.350478465695616315e+01,8.477317462560517436e-01
1.350618748214034781e+01,8.487613989687318172e-01
1.350758952716488359e+01,8.497911252159613404e-01
1.350899084078975676e+01,8.508209433813709310e-01
1.351039147177494115e+01,8.518508718485998665e-01
1.351179146888041416e+01,8.528809290012822064e-01
1.351319088086616205e+01,8.539111332230551188e-01
1.351458975649214445e+01,8.549415028975582143e-01
1.351598814451835651e+01,8.559720564084244421e-01
1.351738609370476496e+01,8.570028121392900822e-01
1.351878365281135075e+01,8.580337884737940790e-01
1.352018087059809481e+01,8.590650037955716023e-01
1.352157779582497454e+01,8.600964764882574887e-01
1.352297447725196200e+01,8.611282249354901275e-01
1.352437096363904168e+01,8.621602675209056876e-01
1.352576730374618741e+01,8.631926226281392278e-01
1.352716354633337659e+01,8.642253086408284712e-01
1.352855974016058838e+01,8.652583439426103640e-01
1.352855974016058838e+01,8.652583439426103640e-01
1.352924710168991851e+01,8.628994939671968956e-01
1.352991529454678066e+01,8.605400473592179633e-01
1.353056775968528314e+01,8.581801316899726473e-01
1.353120793805956268e+01,8.558198745307517008e-01
1.353183927062372049e+01,8.534594034528554252e-01
1.353246519833189154e+01,8.510988460275746847e-01
1.353308916213818591e+01,8.487383298262064502e-01
1.353371460299673501e+01,8.463779824200442503e-01
1.353434496186165248e+01,8.440179313803835015e-01
1.353498367968705196e+01,8.416583042785221735e-01
1.353563419742706131e+01,8.392992286857513529e-01
1.353629995603580483e+01,8.369408321733696754e-01
1.353698439646739260e+01,8.345832423126691157e-01
1.353769095967595071e+01,8.322265866749467556e-01
1.353842308661559812e+01,8.298709928314960127e-01
1.353918421824045737e+01,8.275165883536138578e-01
1.353997779550464031e+01,8.251635008125938198e-01
1.354080725936227836e+01,8.228118577797315369e-01
1.354167605076748515e+01,8.204617868263225366e-01
1.354258761067438144e+01,8.181134155236625682e-01
1.354258761067438144e+01,8.181134155236625682e-01
1.354402868706087659e+01,8.196071432683214031e-01
1.354546155076682545e+01,8.211018720855433051e-01
1.354688684092299766e+01,8.225975111713091925e-01
1.354830519666019129e+01,8.240939697215926563e-01
1.354971725710917774e+01,8.255911569323763910e-01
1.355112366140074975e+01,8.270889819996346537e-01
1.355252504866568941e+01,8.285873541193458092e-01
1.355392205803478767e+01,8.300861824874882222e-01
1.355531532863882660e+01,8.315853763000383703e-01
1.355670549960858118e+01,8.330848447529759504e-01
1.355809321007485124e+01,8.345844970422772180e-01
1.355947909916841176e+01,8.360842423639194276e-01
1.356086380602004837e+01,8.375839899138829425e-01
1.356224796976055202e+01,8.390836488881433519e-01
1.356363222952070480e+01,8.405831284826777994e-01
1.356501722443129054e+01,8.420823378934653158e-01
1.356640359362309312e+01,8.435811863164837110e-01
1.356779197622690170e+01,8.450795829477099064e-01
1.356918301137349658e+01,8.465774369831223778e-01
1.357057733819366163e+01,8.480746576186988239e-01
1.357057733819366163e+01,8.480746576186988239e-01
1.357198284317620995e+01,8.470390229357219747e-01
1.357340495580717032e+01,8.460054887224744968e-01
1.357484062971316519e+01,8.449735984519873844e-01
1.357628681852082053e+01,8.439428955972851920e-01
1.357774047585674815e+01,8.429129236314032436e-01
1.357919855534758113e+01,8.418832260273662049e-01
1.358065801061994193e+01,8.408533462582069573e-01
1.358211579530044766e+01,8.398228277969496114e-01
1.358356886301572963e+01,8.387912141166266045e-01
1.358501416739239787e+01,8.377580486902680423e-01
1.358644866205708368e+01,8.367228749909008112e-01
1.358786930063641307e+01,8.356852364915550169e-01
1.358927303675699605e+01,8.346446766652610982e-01
1.359065682404546749e+01,8.336007389850450533e-01
1.359201761612844273e+01,8.325529669239385422e-01
1.359335236663254953e+01,8.315009039549697833e-01
1.359465802918440502e+01,8.304440935511688826e-01
1.359593155741063697e+01,8.293820791855641694e-01
1.359716990493786781e+01,8.283144043311845284e-01
1.359837002539271644e+01,8.272406124610600653e-01
1.359837002539271644e+01,8.272406124610600653e-01
1.359908928032337094e+01,8.263181420122912568e-01
1.359982892592655901e+01,8.253978998830872049e-01
1.360058576804865638e+01,8.244795573963135116e-01
1.360135661253605477e+01,8.235627858748297836e-01
1.360213826523512282e+01,8.226472566415065080e-01
1.360292753199225402e+01,8.217326410192042907e-01
1.360372121865382411e+01,8.208186103307876236e-01
1.360451613106622304e+01,8.199048358991193330e-01
1.360530907507582832e+01,8.189909890470657983e-01
1.360609685652902101e+01,8.180767410974919551e-01
1.360687628127218751e+01,8.171617633732599639e-01
1.360764415515170711e+01,8.162457271972348716e-01
1.360839728401396087e+01,8.153283038922808368e-01
1.360913247370533874e+01,8.144091647812609081e-01
1.360984653007221823e+01,8.134879811870406874e-01
1.361053625896098040e+01,8.125644244324836674e-01
1.361119846621800988e+01,8.116381658404556720e-01
1.361182995768968951e+01,8.107088767338180846e-01
1.361242753922240034e+01,8.097762284354371731e-01
1.361298801666252345e+01,8.088398922681767633e-01
1.361298801666252345e+01,8.088398922681767633e-01
1.361321215815344665e+01,8.081984078563867469e-01
1.361341517907248644e+01,8.075521356214711011e-01
1.361360051887344369e+01,8.069017694064352098e-01
1.361377161701014415e+01,8.062480030542827913e-01
1.361393191293639049e+01,8.055915304080201178e-01
1.361408484610599956e+01,8.049330453106501304e-01
1.361423385597279179e+01,8.042732416051776578e-01
1.361438238199057160e+01,8.036128131346064185e-01
1.361453386361315587e+01,8.029524537419417962e-01
1.361469174029435436e+01,8.022928572701897298e-01
1.361485945148798571e+01,8.016347175623521615e-01
1.361504043664785790e+01,8.009787284614333647e-01
1.361523813522778603e+01,8.003255838104411657e-01
1.361545598668158519e+01,7.996759774523776176e-01
1.361569743046306513e+01,7.990306032302463279e-01
1.361596590602604095e+01,7.983901549870536796e-01
1.361626485282432242e+01,7.977553265658030579e-01
1.361659771031172994e+01,7.971268118094989585e-01
1.361696791794206973e+01,7.965053045611468763e-01
1.361737891516915866e+01,7.958914986637510847e-01
1.361737891516915866e+01,7.958914986637510847e-01
1.361934503874571334e+01,7.951720747827761837e-01
1.362131026963960068e+01,7.944523069049672648e-01
1.362327470537077545e+01,7.937322131354235255e-01
1.362523844345919777e+01,7.930118115792380573e-01
1.362720158142480642e+01,7.922911203415122783e-01
1.362916421678757217e+01,7.915701575273376145e-01
1.363112644706744447e+01,7.908489412418135966e-01
1.363308836978438165e+01,7.901274895900336492e-01
1.363505008245834205e+01,7.894058206770966368e-01
1.363701168260926977e+01,7.886839526080995366e-01
1.363897326775713204e+01,7.879619034881367723e-01
1.364093493542187829e+01,7.872396914223063202e-01
1.364289678312346688e+01,7.865173345157046025e-01
1.364485890838184901e+01,7.857948508734268200e-01
1.364682140871698479e+01,7.850722586005707271e-01
1.364878438164882724e+01,7.843495758022321906e-01
1.365074792469733111e+01,7.836268205835077438e-01
1.365271213538245831e+01,7.829040110494936977e-01
1.365467711122415295e+01,7.821811653052874735e-01
1.365664294974237691e+01,7.814583014559840501e-01
1.365664294974237691e+01,7.814583014559840501e-01
1.365774224106462498e+01,7.820002583922238681e-01
1.365881969616854974e+01,7.825519079614872142e-01
1.365987806886764844e+01,7.831119906061472236e-01
1.366092011297543962e+01,7.836792467685643748e-01
1.366194858230543119e+01,7.842524168911079174e-01
1.366296623067113813e+01,7.848302414161421048e-01
1.366397581188606836e+01,7.854114607860328556e-01
1.366498007976373685e+01,7.859948154431461997e-01
1.366598178811764797e+01,7.865790458298480559e-01
1.366698369076131847e+01,7.871628923885060081e-01
1.366798854150825449e+01,7.877450955614846428e-01
1.366899909417197456e+01,7.883243957911501010e-01
1.367001810256598127e+01,7.888995335198688563e-01
1.367104832050378960e+01,7.894692491900064946e-01
1.367209250179891455e+01,7.900322832439281573e-01
1.367315340026486048e+01,7.905873761240007624e-01
1.367423376971514060e+01,7.911332682725923382e-01
1.367533636396326813e+01,7.916687001320646955e-01
1.367646393682274919e+01,7.921924121447867506e-01
1.367761924210709878e+01,7.927031447531244224e-01
1.367761924210709878e+01,7.927031447531244224e-01
1.367824354773334150e+01,7.925256091947154857e-01
1.367883987488437469e+01,7.923161877760320770e-01
1.367941073132334218e+01,7.920776728600329442e-01
1.367995862481342684e+01,7.918128568096685083e-01
1.368048606311777249e+01,7.915245319878987384e-01
1.368099555399955136e+01,7.912154907576729457e-01
1.368148960522192326e+01,7.908885254819495447e-01
1.368197072454805152e+01,7.905464285236784017e-01
1.368244141974109596e+01,7.901919922458181533e-01
1.368290419856421636e+01,7.898280090113243279e-01
1.368336156878057785e+01,7.894572711831482348e-01
1.368381603815334380e+01,7.890825711242470675e-01
1.368427011444567043e+01,7.887067011975734676e-01
1.368472630542072643e+01,7.883324537660838516e-01
1.368518711884166983e+01,7.879626211927303059e-01
1.368565506247166219e+01,7.875999958404699131e-01
1.368613264407386865e+01,7.872473700722574241e-01
1.368662237141144722e+01,7.869075362510450367e-01
1.368712675224756126e+01,7.865832867397898331e-01
1.368764829434537234e+01,7.862774139014458985e-01
1.368764829434537234e+01,7.862774139014458985e-01
1.368888756343618063e+01,7.853907154558480430e-01
1.369012566528813934e+01,7.845045298022882418e-01
1.369135945225714224e+01,7.836182722854240223e-01
1.369258577669909727e+01,7.827313582499059175e-01
1.369380149096989641e+01,7.818432030403934530e-01
1.369500344742544407e+01,7.809532220015363846e-01
1.369618849842163755e+01,7.800608304779903523e-01
1.369735349631438126e+01,7.791654438144082206e-01
1.369849529345957428e+01,7.782664773554444082e-01
1.369961074221310504e+01,7.773633464457559983e-01
1.370069669493088682e+01,7.764554664299938569e-01
1.370175000396881160e+01,7.755422526528145122e-01
1.370276752168278378e+01,7.746231204588707175e-01
1.370374610042869890e+01,7.736974851928170027e-01
1.370468259256245958e+01,7.727647621993068983e-01
1.370557385043996668e+01,7.718243668229953780e-01
1.370641672641711395e+01,7.708757144085368607e-01
1.370720807284980935e+01,7.699182203005857650e-01
1.370794474209394664e+01,7.689512998437948443e-01
1.370862358650542490e+01,7.679743683828194056e-01
1.370862358650542490e+01,7.679743683828194056e-01
1.371010052135461521e+01,7.664539271718326940e-01
1.371148769358574881e+01,7.649232952983940903e-01
1.371279169029672396e+01,7.633832398615180148e-01
1.371401909858546730e+01,7.618345279602102282e-01
1.371517650554988066e+01,7.602779266934857061e-01
1.371627049828788358e+01,7.587142031603515413e-01
1.371730766389739031e+01,7.571441244598186016e-01
1.371829458947631508e+01,7.555684576908958672e-01
1.371923786212256857e+01,7.539879699525953161e-01
1.372014406893406324e+01,7.524034283439277049e-01
1.372101979700871510e+01,7.508155999639009037e-01
1.372187163344443839e+01,7.492252519115264464e-01
1.372270616533914023e+01,7.476331512858148676e-01
1.372352997979074374e+01,7.460400651857750365e-01
1.372434966389715782e+01,7.444467607104180429e-01
1.372517180475629317e+01,7.428540049587534222e-01
1.372600298946606578e+01,7.412625650297924862e-01
1.372684980512438990e+01,7.396732080225447703e-01
1.372771883882917798e+01,7.380867010360199210e-01
1.372861667767834248e+01,7.365038111692290279e-01
1.372861667767834248e+01,7.365038111692290279e-01
1.373021858460048783e+01,7.354377012915348510e-01
1.373181727561456711e+01,7.343711117680521427e-01
1.373341054001819650e+01,7.333035685237985213e-01
1.373499616710901350e+01,7.322345974837797256e-01
1.373657194618463251e+01,7.311637245730168155e-01
1.373813566654268570e+01,7.300904757165161962e-01
1.373968511748079813e+01,7.290143768392927104e-01
1.374121808829659663e+01,7.279349538663576480e-01
1.374273236828770450e+01,7.268517327227229652e-01
1.374422574675174147e+01,7.257642393334056141e-01
1.374569601298633970e+01,7.246719996234141092e-01
1.374714095628912247e+01,7.235745395177618500e-01
1.374855836595772018e+01,7.224713849414623468e-01
1.374994603128975079e+01,7.213620618195273337e-01
1.375130174158284646e+01,7.202460960769691001e-01
1.375262328613462692e+01,7.191230136388016003e-01
1.375390845424271902e+01,7.179923404300355694e-01
1.375515503520475136e+01,7.168536023756856279e-01
1.375636081831834723e+01,7.157063254007632880e-01
1.375752359288112814e+01,7.145500354302810608e-01
1.375752359288112814e+01,7.145500354302810608e-01
1.375875240520717568e+01,7.135726857880011487e-01
1.375990713762430318e+01,7.125837302218057667e-01
1.376099531192168257e+01,7.115843366496924505e-01
1.376202444988850182e+01,7.105756729896460788e-01
1.376300207331392755e+01,7.095589071596650754e-01
1.376393570398714772e+01,7.085352070777373168e-01
1.376483286369734138e+01,7.075057406618560085e-01
1.376570107423368583e+01,7.064716758300111366e-01
1.376654785738535836e+01,7.054341805001976828e-01
1.376738073494153625e+01,7.043944225904066325e-01
1.376820722869140212e+01,7.033535700186280826e-01
1.376903486042413149e+01,7.023127907028555716e-01
1.376987115192890343e+01,7.012732525610821943e-01
1.377072362499490055e+01,7.002361235112972704e-01
1.377159980141129481e+01,6.992025714714931173e-01
1.377250720296727238e+01,6.981737643596626075e-01
1.377345335145200522e+01,6.971508700937972813e-01
1.377444576865467596e+01,6.961350565918887900e-01
1.377549197636446188e+01,6.951274917719300062e-01
1.377659949637054382e+01,6.941293435519116928e-01
1.377659949637054382e+01,6.941293435519116928e-01
1.377931094833814996e+01,6.926413589295457029e-01
1.378203651594423462e+01,6.911563374151192818e-01
1.378477457660676109e+01,6.896739497744207581e-01
1.378752350774371038e+01,6.881938667732289128e-01
1.379028168677304222e+01,6.867157591773340730e-01
1.379304749111274120e+01,6.852392977525167961e-01
1.379581929818077057e+01,6.837641532645630793e-01
1.379859548539511493e+01,6.822899964792553673e-01
1.380137443017373222e+01,6.808164981623777701e-01
1.380415450993459814e+01,6.793433290797188384e-01
1.380693410209569016e+01,6.778701599970586855e-01
1.380971158407497867e+01,6.763966616801824205e-01
1.381248533329042516e+01,6.749225048948760408e-01
1.381525372716001954e+01,6.734473604069216579e-01
1.381801514310172330e+01,6.719708989821036038e-01
1.382076795853351037e+01,6.704927913862080979e-01
1.382351055087335112e+01,6.690127083850184730e-01
1.382624129753921949e+01,6.675303207443177289e-01
1.382895857594909117e+01,6.660452992298927510e-01
1.383166076352093299e+01,6.645573146075260951e-01
1.383166076352093299e+01,6.645573146075260951e-01
1.383272958198253910e+01,6.636659604131607271e-01
1.383379305785089741e+01,6.627736235298645751e-01
1.383485172973622213e+01,6.618804131453024375e-01
1.383590613624872567e+01,6.609864384471275667e-01
1.383695681599862048e+01,6.600918086230025406e-01
1.383800430759612610e+01,6.591966328605831649e-01
1.383904914965145849e+01,6.583010203475293531e-01
1.384009188077483543e+01,6.574050802714985764e-01
1.384113303957646934e+01,6.565089218201505261e-01
1.384217316466656911e+01,6.556126541811445607e-01
1.384321279465536136e+01,6.547163865421379292e-01
1.384425246815305677e+01,6.538202280907905450e-01
1.384529272376986775e+01,6.529242880147611006e-01
1.384633410011601562e+01,6.520286755017059566e-01
1.384737713580171459e+01,6.511334997392865809e-01
1.384842236943717708e+01,6.502388699151608886e-01
1.384947033963261731e+01,6.493448952169865729e-01
1.385052158499825836e+01,6.484516848324224370e-01
1.385157664414430734e+01,6.475593479491283944e-01
1.385263605568098377e+01,6.466679937547630264e-01
1.385263605568098377e+01,6.466679937547630264e-01
1.385329755779371830e+01,6.475595378205255548e-01
1.385394547762712492e+01,6.484524684581358667e-01
1.385458099592280945e+01,6.493467126901318887e-01
1.385520529342239371e+01,6.502421975390432207e-01
1.385581955086747996e+01,6.511388500274083446e-01
1.385642494899969535e+01,6.520365971777588587e-01
1.385702266856065101e+01,6.529353660126305803e-01
1.385761389029196167e+01,6.538350835545552187e-01
1.385819979493523846e+01,6.547356768260698123e-01
1.385878156323209609e+01,6.556370728497087352e-01
1.385936037592415282e+01,6.565391986480044739e-01
1.385993741375301802e+01,6.574419812434912913e-01
1.386051385746030995e+01,6.583453476587043385e-01
1.386109088778763976e+01,6.592492249161786555e-01
1.386166968547662570e+01,6.601535400384459518e-01
1.386225143126887893e+01,6.610582200480425996e-01
1.386283730590601415e+01,6.619631919675030840e-01
1.386342849012964962e+01,6.628683828193588923e-01
1.386402616468139648e+01,6.637737196261473960e-01
1.386463151030286589e+01,6.646791294104015257e-01
1.386463151030286589e+01,6.646791294104015257e-01
1.386522803586949415e+01,6.629184954052048662e-01
1.386580045750375412e+01,6.611562586811604580e-01
1.386635221690990960e+01,6.593926381706683992e-01
1.386688675579224750e+01,6.576278528061214601e-01
1.386740751585503162e+01,6.558621215199219590e-01
1.386791793880253998e+01,6.540956632444638874e-01
1.386842146633903994e+01,6.523286969121440126e-01
1.386892154016881662e+01,6.505614414553593239e-01
1.386942160199613738e+01,6.487941158065099190e-01
1.386992509352527136e+01,6.470269388979920100e-01
1.387043545646049658e+01,6.452601296622009208e-01
1.387095613250609283e+01,6.434939070315364162e-01
1.387149056336631858e+01,6.417284899383951524e-01
1.387204219074546252e+01,6.399640973151725643e-01
1.387261445634779200e+01,6.382009480942668622e-01
1.387321080187757971e+01,6.364392612080755907e-01
1.387383466903910190e+01,6.346792555889968490e-01
1.387448949953662947e+01,6.329211501694268494e-01
1.387517873507443866e+01,6.311651638817623589e-01
1.387590581735680217e+01,6.294115156584015880e-01
1.387590581735680217e+01,6.294115156584015880e-01
1.387693929071076226e+01,6.283385621935135834e-01
1.387806537426549269e+01,6.272798312567868795e-01
1.387927246689705285e+01,6.262334791923229727e-01
1.388054896748151990e+01,6.251976623442205838e-01
1.388188327489495322e+01,6.241705370565829858e-01
1.388326378801343353e+01,6.231502596735061239e-01
1.388467890571302377e+01,6.221349865390934930e-01
1.388611702686979577e+01,6.211228739974422597e-01
1.388756655035982490e+01,6.201120783926524771e-01
1.388901587505916879e+01,6.191007560688283062e-01
1.389045339984390814e+01,6.180870633700663586e-01
1.389186752359010768e+01,6.170691566404664652e-01
1.389324664517383567e+01,6.160451922241307887e-01
1.389457916347116750e+01,6.150133264651573839e-01
1.389585347735816967e+01,6.139717157076474141e-01
1.389705798571091044e+01,6.129185162957011546e-01
1.389818108740546165e+01,6.118518845734183254e-01
1.389921118131789335e+01,6.107699768848977584e-01
1.390013666632427203e+01,6.096709495742421714e-01
1.390094594130067129e+01,6.085529589855500632e-01
1.390094594130067129e+01,6.085529589855500632e-01
1.390224675548540922e+01,6.070039112114933300e-01
1.390353510511953772e+01,6.054530259094138556e-01
1.390481330367645540e+01,6.039006493044671853e-01
1.390608366462957513e+01,6.023471276218016479e-01
1.390734850145228663e+01,6.007928070865761194e-01
1.390861012761800630e+01,5.992380339239369302e-01
1.390987085660013634e+01,5.976831543590394036e-01
1.391113300187208424e+01,5.961285146170333116e-01
1.391239887690725041e+01,5.945744609230734223e-01
1.391367079517903704e+01,5.930213395023122835e-01
1.391495107016085164e+01,5.914694965799009996e-01
1.391624201532610172e+01,5.899192783809914520e-01
1.391754594414818591e+01,5.883710311307384089e-01
1.391886517010051350e+01,5.868251010542924195e-01
1.392020200665648844e+01,5.852818343768059206e-01
1.392155876728951114e+01,5.837415773234314598e-01
1.392293776547299089e+01,5.822046761193224729e-01
1.392434131468032987e+01,5.806714769896292871e-01
1.392577172838493205e+01,5.791423261595053384e-01
1.392723132006020315e+01,5.776175698541045067e-01
1.392723132006020315e+01,5.776175698541045067e-01
1.392829241594154510e+01,5.769578042621824610e-01
1.392936976764931067e+01,5.762999043308129066e-01
1.393046096719074356e+01,5.756435408257853936e-01
1.393156360657310877e+01,5.749883845128811455e-01
1.393267527780364645e+01,5.743341061578868256e-01
1.393379357288962339e+01,5.736803765265836574e-01
1.393491608383829039e+01,5.730268663847603028e-01
1.393604040265690180e+01,5.723732464981953205e-01
1.393716412135271199e+01,5.717191876326768174e-01
1.393828483193296819e+01,5.710643605539899026e-01
1.393940012640493364e+01,5.704084360279160215e-01
1.394050759677585738e+01,5.697510848202411715e-01
1.394160483505299375e+01,5.690919776967497956e-01
1.394268943324359711e+01,5.684307854232252266e-01
1.394375898335492536e+01,5.677671787654515745e-01
1.394481107739422576e+01,5.671008284892139484e-01
1.394584330736875799e+01,5.664314053602971244e-01
1.394685326528577285e+01,5.657585801444843243e-01
1.394783854315252825e+01,5.650820236075601022e-01
1.394879673297627143e+01,5.644014065153093451e-01
1.394879673297627143e+01,5.644014065153093451e-01
1.394913056966404952e+01,5.636220272360074057e-01
1.394944567276838754e+01,5.628394369482120352e-01
1.394974494313288105e+01,5.620540735167196544e-01
1.395003128160113803e+01,5.612663748063202451e-01
1.395030758901673451e+01,5.604767786818152242e-01
1.395057676622328735e+01,5.596857230079940182e-01
1.395084171406438678e+01,5.588936456496522709e-01
1.395110533338363190e+01,5.581009844715844048e-01
1.395137052502462538e+01,5.573081773385830662e-01
1.395164018983095033e+01,5.565156621154477845e-01
1.395191722864621831e+01,5.557238766669684304e-01
1.395220454231402485e+01,5.549332588579415360e-01
1.395250503167796197e+01,5.541442465531613015e-01
1.395282159758163232e+01,5.533572776174214836e-01
1.395315714086862968e+01,5.525727899155169487e-01
1.395351456238255672e+01,5.517912213122421194e-01
1.395389676296700898e+01,5.510130096723919735e-01
1.395430664346558203e+01,5.502385928607608223e-01
1.395474710472187319e+01,5.494684087421435326e-01
1.395522104757948512e+01,5.487028951813331945e-01
1.395522104757948512e+01,5.487028951813331945e-01
1.395691295304297164e+01,5.476774287383414652e-01
1.395864080136142249e+01,5.466591970918944776e-01
1.396039726653571833e+01,5.456466666010559852e-01
1.396217502256675225e+01,5.446383036248800824e-01
1.396396674345540134e+01,5.436325745224339645e-01
1.396576510320255693e+01,5.426279456527710598e-01
1.396756277580910499e+01,5.416228833749544558e-01
1.396935243527592796e+01,5.406158540480394681e-01
1.397112675560391537e+01,5.396053240310885180e-01
1.397287841079394788e+01,5.385897596831626943e-01
1.397460007484691680e+01,5.375676273633179791e-01
1.397628442176370456e+01,5.365373934306169046e-01
1.397792412554519359e+01,5.354975242441175620e-01
1.397951186019227698e+01,5.344464861628789309e-01
1.398104029970583539e+01,5.333827455459605460e-01
1.398250211808675658e+01,5.323047687524228300e-01
1.398388998933592475e+01,5.312110221413259836e-01
1.398519658745422589e+01,5.300999720717282093e-01
1.398641458644254776e+01,5.289700849026890417e-01
1.398753666030177278e+01,5.278198269932690145e-01
1.398753666030177278e+01,5.278198269932690145e-01
1.398843657770126825e+01,5.270353561430320966e-01
1.398934371607839466e+01,5.262514298383871303e-01
1.399025350399768541e+01,5.254675007483438076e-01
1.399116137002371119e+01,5.246830215419069354e-01
1.399206274272100003e+01,5.238974448880863166e-01
1.399295305065411910e+01,5.231102234558860919e-01
1.399382772238761063e+01,5.223208099143139549e-01
1.399468218648603468e+01,5.215286569323765997e-01
1.399551187151392817e+01,5.207332171790798325e-01
1.399631220603584580e+01,5.199339433234346775e-01
1.399707861861634228e+01,5.191302880344439430e-01
1.399780653781996342e+01,5.183217039811151006e-01
1.399849139221126038e+01,5.175076438324575090e-01
1.399912861035478429e+01,5.166875602574748649e-01
1.399971362081508452e+01,5.158609059251759721e-01
1.400024185215671224e+01,5.150271335045667476e-01
1.400070873294421681e+01,5.141856956646556620e-01
1.400110969174214937e+01,5.133360450744474113e-01
1.400144015711505752e+01,5.124776344029513542e-01
1.400169555762749241e+01,5.116099163191726307e-01
1.400169555762749241e+01,5.116099163191726307e-01
1.400212088291152135e+01,5.109230833294965413e-01
1.400249902804111102e+01,5.102289977167142609e-01
1.400283982452806697e+01,5.095291752952162412e-01
1.400315310388421608e+01,5.088251318793787226e-01
1.400344869762136213e+01,5.081183832835922676e-01
1.400373643725132844e+01,5.074104453222372246e-01
1.400402615428593300e+01,5.067028338096987161e-01
1.400432768023698848e+01,5.059970645603596440e-01
1.400465084661630932e+01,5.052946533886045755e-01
1.400500548493571173e+01,5.045971161088191881e-01
1.400540142670701371e+01,5.039059685353852736e-01
1.400584850344202792e+01,5.032227264826870661e-01
1.400635654665256880e+01,5.025489057651091329e-01
1.400693538785045789e+01,5.018860221970344870e-01
1.400759485854750785e+01,5.012355915928473626e-01
1.400834479025553314e+01,5.005991297669324380e-01
1.400919501448634996e+01,4.999781525336739474e-01
1.401015536275177809e+01,4.993741757074543486e-01
1.401123566656362662e+01,4.987887151026579868e-01
1.401244575743371357e+01,4.982232865336706507e-01
1.401244575743371357e+01,4.982232865336706507e-01
1.401368760880293074e+01,4.974423030035522442e-01
1.401496929182287587e+01,4.966681813049924066e-01
1.401628244828320291e+01,4.958993880755940276e-01
1.401761871997359066e+01,4.951343899529516146e-01
1.401896974868369306e+01,4.943716535746702223e-01
1.402032717620318003e+01,4.936096455783458015e-01
1.402168264432171796e+01,4.928468326015790768e-01
1.402302779482897321e+01,4.920816812819674424e-01
1.402435426951460329e+01,4.913126582571124001e-01
1.402565371016827456e+01,4.905382301646133980e-01
1.402691775857965695e+01,4.897568636420691068e-01
1.402813805653841861e+01,4.889670253270803624e-01
1.402930624583421348e+01,4.881671818572458355e-01
1.403041396825671328e+01,4.873557998701643634e-01
1.403145286559558436e+01,4.865313460034345616e-01
1.403241457964048777e+01,4.856922868946580429e-01
1.403329075218109168e+01,4.848370891814341443e-01
1.403407302500705889e+01,4.839642195013608705e-01
1.403475303990805401e+01,4.830721444920398344e-01
1.403532243867374518e+01,4.821593307910683190e-01
1.403532243867374518e+01,4.821593307910683190e-01
1.403603408629772176e+01,4.812287673177573777e-01
1.403675474776619936e+01,4.802993037986898472e-01
1.403748653551143732e+01,4.793713048426593848e-01
1.403823156196570565e+01,4.784451350584473239e-01
1.403899193956126368e+01,4.775211590548508189e-01
1.403976978073038495e+01,4.765997414406532573e-01
1.404056719790532881e+01,4.756812468246448544e-01
1.404138630351836525e+01,4.747660398156138273e-01
1.404222921000175717e+01,4.738544850223483929e-01
1.404309802978777100e+01,4.729469470536415976e-01
1.404399487530867141e+01,4.720437905182767735e-01
1.404492185899672485e+01,4.711453800250463009e-01
1.404588109328419776e+01,4.702520801827376196e-01
1.404687469060335481e+01,4.693642556001382804e-01
1.404790476338646243e+01,4.684822708860392759e-01
1.404897342406578531e+01,4.676064906492280460e-01
1.405008278507358810e+01,4.667372794984942508e-01
1.405123495884213725e+01,4.658750020426260519e-01
1.405243205780370097e+01,4.650200228904129429e-01
1.405367619439054039e+01,4.641727066506425858e-01
1.405367619439054039e+01,4.641727066506425858e-01
1.405427463584921810e+01,4.636451955851801920e-01
1.405489077492934769e+01,4.631216673623971269e-01
1.405552559583232508e+01,4.626024503808942034e-01
1.405618008275955333e+01,4.620878730392624090e-01
1.405685521991241416e+01,4.615782637361045548e-01
1.405755199149231771e+01,4.610739508700104072e-01
1.405827138170065460e+01,4.605752628395778925e-01
1.405901437473882609e+01,4.600825280434008846e-01
1.405978195480822635e+01,4.595960748800786977e-01
1.406057510611024597e+01,4.591162317482058164e-01
1.406139481284628800e+01,4.586433270463768919e-01
1.406224205921774839e+01,4.581776891731897949e-01
1.406311782942602129e+01,4.577196465272390657e-01
1.406402310767250796e+01,4.572695275071192444e-01
1.406495887815859902e+01,4.568276605114290345e-01
1.406592612508569218e+01,4.563943739387622545e-01
1.406692583265518692e+01,4.559699961877168306e-01
1.406795898506847564e+01,4.555548556568859153e-01
1.406902656652695782e+01,4.551492807448675459e-01
1.407012956123202940e+01,4.547535998502569288e-01
1.407012956123202940e+01,4.547535998502569288e-01
1.407131529311755358e+01,4.541979032812759054e-01
1.407254614973692242e+01,4.536538379833408019e-01
1.407381318475945520e+01,4.531191583674146206e-01
1.407510745185447121e+01,4.525916188444514265e-01
1.407642000469127908e+01,4.520689738254156098e-01
1.407774189693921052e+01,4.515489777212611799e-01
1.407906418226757239e+01,4.510293849429476420e-01
1.408037791434569286e+01,4.505079499014332245e-01
1.408167414684288765e+01,4.499824270076780985e-01
1.408294393342846718e+01,4.494505706726405481e-01
1.408417832777175960e+01,4.489101353072779688e-01
1.408536838354207887e+01,4.483588753225491996e-01
1.408650515440874251e+01,4.477945451294138568e-01
1.408757969404107158e+01,4.472148991388294470e-01
1.408858305610838357e+01,4.466176917617540321e-01
1.408950629427999246e+01,4.460006774091472281e-01
1.409034046222522463e+01,4.453616104919685403e-01
1.409107661361339403e+01,4.446982454211741431e-01
1.409170580211381640e+01,4.440083366077249294e-01
1.409221908139581458e+01,4.432896384625783504e-01
1.409221908139581458e+01,4.432896384625783504e-01
1.409301763117752060e+01,4.425009488463253482e-01
1.409378606304622572e+01,4.417057411168038850e-01
1.409453160173030639e+01,4.409055302527809528e-01
1.409526147195816925e+01,4.401018312330173266e-01
1.409598289845818897e+01,4.392961590362814972e-01
1.409670310595877041e+01,4.384900286413342396e-01
1.409742931918829889e+01,4.376849550269412137e-01
1.409816876287516862e+01,4.368824531718645821e-01
1.409892866174776849e+01,4.360840380548693940e-01
1.409971624053449091e+01,4.352912246547218644e-01
1.410053872396372654e+01,4.345055279501836010e-01
1.410140333676386781e+01,4.337284629200188757e-01
1.410231730366330183e+01,4.329615445429946252e-01
1.410328784939042812e+01,4.322062877978710693e-01
1.410432219867363379e+01,4.314642076634138124e-01
1.410542757624130950e+01,4.307368191183878481e-01
1.410661120682184588e+01,4.300256371415566714e-01
1.410788031514363361e+01,4.293321767116839993e-01
1.410924212593506866e+01,4.286579528075339929e-01
1.411070386392453813e+01,4.280044804078715903e-01
1.411070386392453813e+01,4.280044804078715903e-01
1.411305104522668152e+01,4.268034254006897177e-01
1.411537344745830502e+01,4.255953174835432895e-01
1.411767185678027126e+01,4.243804126346464312e-01
1.411994705935346062e+01,4.231589668322041642e-01
1.412219984133873396e+01,4.219312360544333895e-01
1.412443098889696813e+01,4.206974762795378520e-01
1.412664128818903997e+01,4.194579434857308997e-01
1.412883152537581566e+01,4.182128936512203854e-01
1.413100248661817027e+01,4.169625827542169927e-01
1.413315495807696820e+01,4.157072667729327375e-01
1.413528972591308630e+01,4.144472016855754726e-01
1.413740757628739786e+01,4.131826434703551043e-01
1.413950929536077084e+01,4.119138481054829826e-01
1.414159566929407497e+01,4.106410715691676261e-01
1.414366748424819065e+01,4.093645698396204402e-01
1.414572552638398051e+01,4.080845988950498882e-01
1.414777058186231784e+01,4.068014147136687075e-01
1.414980343684407949e+01,4.055152732736834187e-01
1.415182487749012985e+01,4.042264305533059821e-01
1.415383568996134578e+01,4.029351425307470813e-01
1.415383568996134578e+01,4.029351425307470813e-01
1.415537703786633905e+01,4.018298770858938496e-01
1.415685889859851621e+01,4.007126879030463718e-01
1.415828766346571754e+01,3.995847983296512695e-01
1.415966972377579935e+01,3.984474317131452281e-01
1.416101147083660194e+01,3.973018114009742030e-01
1.416231929595598515e+01,3.961491607405743243e-01
1.416359959044179107e+01,3.949907030793892160e-01
1.416485874560187241e+01,3.938276617648586164e-01
1.416610315274408016e+01,3.926612601444234851e-01
1.416733920317625284e+01,3.914927215655281678e-01
1.416857328820625028e+01,3.903232693756096272e-01
1.416981179914191813e+01,3.891541269221108768e-01
1.417106112729110023e+01,3.879865175524735421e-01
1.417232766396165644e+01,3.868216646141365844e-01
1.417361780046142883e+01,3.856607914545430171e-01
1.417493792809827013e+01,3.845051214211325230e-01
1.417629443818002244e+01,3.833558778613480600e-01
1.417769372201453848e+01,3.822142841226285892e-01
1.417914217090967099e+01,3.810815635524165135e-01
1.418064617617326562e+01,3.799589394981527368e-01
1.418064617617326562e+01,3.799589394981527368e-01
1.418242897586137730e+01,3.786687545866254667e-01
1.418410576310623483e+01,3.773619411188835482e-01
1.418568454879709684e+01,3.760397583740259231e-01
1.418717334382323614e+01,3.747034656311405976e-01
1.418858015907389714e+01,3.733543221693285119e-01
1.418991300543835976e+01,3.719935872676797817e-01
1.419117989380588263e+01,3.706225202052884637e-01
1.419238883506572790e+01,3.692423802612480599e-01
1.419354784010715775e+01,3.678544267146547919e-01
1.419466491981943257e+01,3.664599188446014399e-01
1.419574808509182162e+01,3.650601159301814502e-01
1.419680534681358175e+01,3.636562772504910446e-01
1.419784471587397690e+01,3.622496620846229476e-01
1.419887420316227455e+01,3.608415297116706610e-01
1.419990181956773689e+01,3.594331394107282973e-01
1.420093557597962430e+01,3.580257504608908015e-01
1.420198348328719540e+01,3.566206221412521749e-01
1.420305355237972122e+01,3.552190137309045870e-01
1.420415379414646218e+01,3.538221845089455919e-01
1.420529221947667686e+01,3.524313937544659159e-01
1.420529221947667686e+01,3.524313937544659159e-01
1.420634731525522199e+01,3.511797185688105283e-01
1.420737375441978578e+01,3.499226383155084052e-01
1.420837827259866870e+01,3.486613214696369090e-01
1.420936760542019073e+01,3.473969365062603010e-01
1.421034848851263988e+01,3.461306519004594962e-01
1.421132765750433613e+01,3.448636361273000883e-01
1.421231184802358527e+01,3.435970576618539440e-01
1.421330779569869662e+01,3.423320849791950948e-01
1.421432223615797241e+01,3.410698865543932423e-01
1.421536190502971841e+01,3.398116308625230841e-01
1.421643353794224751e+01,3.385584863786537113e-01
1.421754387052386370e+01,3.373116215778583227e-01
1.421869963840287276e+01,3.360722049352088958e-01
1.421990757720758403e+01,3.348414049257744662e-01
1.422117442256630682e+01,3.336203900246303422e-01
1.422250691010734513e+01,3.324103287068463919e-01
1.422391177545900476e+01,3.312123894474965358e-01
1.422539575424959679e+01,3.300277407216484771e-01
1.422696558210742346e+01,3.288575510043782457e-01
1.422862799466079409e+01,3.277029887707549327e-01
1.422862799466079409e+01,3.277029887707549327e-01
1.422939661981904713e+01,3.271866413077718638e-01
1.423013291561176885e+01,3.266608382492535712e-01
1.423084189531481059e+01,3.261270761903315996e-01
1.423152857220404854e+01,3.255868517261290007e-01
1.423219795955533229e+01,3.250416614517799285e-01
1.423285507064453626e+01,3.244930019624068240e-01
1.423350491874751889e+01,3.239423698531397333e-01
1.423415251714014573e+01,3.233912617191039285e-01
1.423480287909828412e+01,3.228411741554286229e-01
1.423546101789778362e+01,3.222936037572439183e-01
1.423613194681452221e+01,3.217500471196742540e-01
1.423682067912435478e+01,3.212120008378476776e-01
1.423753222810314512e+01,3.206809615068942354e-01
1.423827160702676409e+01,3.201584257219396989e-01
1.423904382917106659e+01,3.196458900781100065e-01
1.423985390781191995e+01,3.191448511705359259e-01
1.424070685622518440e+01,3.186568055943447275e-01
1.424160768768672725e+01,3.181832499446629048e-01
1.424256141547240873e+01,3.177256808166198376e-01
1.424357305285809083e+01,3.172855948053414088e-01
1.424357305285809083e+01,3.172855948053414088e-01
1.424538035906095423e+01,3.167407675149636614e-01
1.424720216648119120e+01,3.162009572860838835e-01
1.424903626291612291e+01,3.156653429829474611e-01
1.425088043616306877e+01,3.151331034697889555e-01
1.425273247401933574e+01,3.146034176108551961e-01
1.425459016428225567e+01,3.140754642703813548e-01
1.425645129474914086e+01,3.135484223126108749e-01
1.425831365321731603e+01,3.130214706017802606e-01
1.426017502748409349e+01,3.124937880021329550e-01
1.426203320534678909e+01,3.119645533779096258e-01
1.426388597460272578e+01,3.114329455933496082e-01
1.426573112304922475e+01,3.108981435126934589e-01
1.426756643848359474e+01,3.103593260001820120e-01
1.426938970870316581e+01,3.098156719200544362e-01
1.427119872150524849e+01,3.092663601365513992e-01
1.427299126468716750e+01,3.087105695139136796e-01
1.427476512604623338e+01,3.081474789163832217e-01
1.427651809337977085e+01,3.075762672081973070e-01
1.427824795448509398e+01,3.069961132535986570e-01
1.427995249715952575e+01,3.064061959168272176e-01
1.427995249715952575e+01,3.064061959168272176e-01
1.428165728400891865e+01,3.053841510121029224e-01
1.428331620947373537e+01,3.043494372750321086e-01
1.428493748323390022e+01,3.033043546099475352e-01
1.428652931496937128e+01,3.022512029211770201e-01
1.428809991436007465e+01,3.011922821130560424e-01
1.428965749108596128e+01,3.001298920899124201e-01
1.429121025482696972e+01,2.990663327560760809e-01
1.429276641526304559e+01,2.980039040158776187e-01
1.429433418207412210e+01,2.969449057736490705e-01
1.429592176494014488e+01,2.958916379337238611e-01
1.429753737354105425e+01,2.948464004004296979e-01
1.429918921755679584e+01,2.938114930780966194e-01
1.430088550666730463e+01,2.927892158710579951e-01
1.430263445055252447e+01,2.917818686836430309e-01
1.430444425889240101e+01,2.907917514201823206e-01
1.430632314136686745e+01,2.898211639850079013e-01
1.430827930765587119e+01,2.888724062824497008e-01
1.431032096743935256e+01,2.879477782168389788e-01
1.431245633039725362e+01,2.870495796925063847e-01
1.431469360620950937e+01,2.861801106137831785e-01
1.431469360620950937e+01,2.861801106137831785e-01
1.431610645106901103e+01,2.856002467121150357e-01
1.431749697586117520e+01,2.850087543247957211e-01
1.431887039115222571e+01,2.844082439282019092e-01
1.432023190750841479e+01,2.838013259986945092e-01
1.432158673549595918e+01,2.831906110126524156e-01
1.432294008568110577e+01,2.825787094464412008e-01
1.432429716863008551e+01,2.819682317764322099e-01
1.432566319490913109e+01,2.813617884789931245e-01
1.432704337508448589e+01,2.807619900304966221e-01
1.432844291972236661e+01,2.801714469073152691e-01
1.432986703938902551e+01,2.795927695858148043e-01
1.433132094465068995e+01,2.790285685423664619e-01
1.433280984607359443e+01,2.784814542533428083e-01
1.433433895422397342e+01,2.779540371951109146e-01
1.433591347966806850e+01,2.774489278440414042e-01
1.433753863297210529e+01,2.769687366765054559e-01
1.433921962470232359e+01,2.765160741688735824e-01
1.434096166542495610e+01,2.760935507975149639e-01
1.434276996570623552e+01,2.757037770388015008e-01
1.434464973611240168e+01,2.753493633691003195e-01
1.434464973611240168e+01,2.753493633691003195e-01
1.434611196057641536e+01,2.750315469700061466e-01
1.434756902548463842e+01,2.747067197204793865e-01
1.434902166748780417e+01,2.743759038621242929e-01
1.435047062323665479e+01,2.740401216365361825e-01
1.435191662938192536e+01,2.737003952853214739e-01
1.435336042257436340e+01,2.733577470500761497e-01
1.435480273946470575e+01,2.730131991724024654e-01
1.435624431670369638e+01,2.726677738938991236e-01
1.435768589094207215e+01,2.723224934561677690e-01
1.435912819883057523e+01,2.719783801008091584e-01
1.436057197701994070e+01,2.716364560694221608e-01
1.436201796216091964e+01,2.712977436036081991e-01
1.436346689090423823e+01,2.709632649449681963e-01
1.436491949990065109e+01,2.706340423351009106e-01
1.436637652580088975e+01,2.703110980156071541e-01
1.436783870525569640e+01,2.699954542280877945e-01
1.436930677491581321e+01,2.696881332141430332e-01
1.437078147143197882e+01,2.693901572153730162e-01
1.437226353145493363e+01,2.691025484733778339e-01
1.437375369163541627e+01,2.688263292297590756e-01
1.437375369163541627e+01,2.688263292297590756e-01
1.437660469640962191e+01,2.687575035875952034e-01
1.437945480925131569e+01,2.686896790179942318e-01
1.438230412843059725e+01,2.686227647169373567e-01
1.438515275221758927e+01,2.685566698803974472e-01
1.438800077888238249e+01,2.684913037043584194e-01
1.439084830669510140e+01,2.684265753847939195e-01
1.439369543392584561e+01,2.683623941176829786e-01
1.439654225884473249e+01,2.682986690990005751e-01
1.439938887972186699e+01,2.682353095247286268e-01
1.440223539482735404e+01,2.681722245908433888e-01
1.440508190243130748e+01,2.681093234933219493e-01
1.440792850080383403e+01,2.680465154281420626e-01
1.441077528821504217e+01,2.679837095912813716e-01
1.441362236293504395e+01,2.679208151787190739e-01
1.441646982323394788e+01,2.678577413864307033e-01
1.441931776738186066e+01,2.677943974103955127e-01
1.442216629364889080e+01,2.677306924465910898e-01
1.442501550030515212e+01,2.676665356909945226e-01
1.442786548562074422e+01,2.676018363395842314e-01
1.443071634786578628e+01,2.675365035883372489e-01
1.443071634786578628e+01,2.675365035883372489e-01
1.443189479813627862e+01,2.669454218617471897e-01
1.443303348502001882e+01,2.663412515431107241e-01
1.443413589898124982e+01,2.657251430024088479e-01
1.443520553048423594e+01,2.650982466096099555e-01
1.443624586999321302e+01,2.644617127346977625e-01
1.443726040797244181e+01,2.638166917476421069e-01
1.443825263488617239e+01,2.631643340184183777e-01
1.443922604119866193e+01,2.625057899170019082e-01
1.444018411737415164e+01,2.618422098133695308e-01
1.444113035387689337e+01,2.611747440774979667e-01
1.444206824117114429e+01,2.605045430793591632e-01
1.444300126972115450e+01,2.598327571889298970e-01
1.444393292999117406e+01,2.591605367761861678e-01
1.444486671244545484e+01,2.584890322111027539e-01
1.444580610754825045e+01,2.578193938636536009e-01
1.444675460576380743e+01,2.571527721038161518e-01
1.444771569755637941e+01,2.564903173015644078e-01
1.444869287339022179e+01,2.558331798268738133e-01
1.444968962372957755e+01,2.551825100497210896e-01
1.445070943903870386e+01,2.545394583400801825e-01
1.445070943903870386e+01,2.545394583400801825e-01
1.445191773579166039e+01,2.537181660410043338e-01
1.445312422917560014e+01,2.528972046473820789e-01
1.445432906622060010e+01,2.520765373919462982e-01
1.445553239395675860e+01,2.512561275074146616e-01
1.445673435941414375e+01,2.504359382265250455e-01
1.445793510962285922e+01,2.496159327819977847e-01
1.445913479161298376e+01,2.487960744065617069e-01
1.446033355241461038e+01,2.479763263329428091e-01
1.446153153905781608e+01,2.471566517938705299e-01
1.446272889857269561e+01,2.463370140220722537e-01
1.446392577798933310e+01,2.455173762502732837e-01
1.446512232433781442e+01,2.446977017112003105e-01
1.446631868464822546e+01,2.438779536375834667e-01
1.446751500595065565e+01,2.430580952621474167e-01
1.446871143527519266e+01,2.422380898176194619e-01
1.446990811965191881e+01,2.414179005367277364e-01
1.447110520611092355e+01,2.405974906521995971e-01
1.447230284168229097e+01,2.397768233967610685e-01
1.447350117339611231e+01,2.389558620031401737e-01
1.447470034828246810e+01,2.381345697040642972e-01
1.447470034828246810e+01,2.381345697040642972e-01
1.447488801380933943e+01,2.389899446151177165e-01
1.447504166512590729e+01,2.398471751592867462e-01
1.447516661106851288e+01,2.407059332165202015e-01
1.447526816047350096e+01,2.415658906667564054e-01
1.447535162217721094e+01,2.424267193899455330e-01
1.447542230501599292e+01,2.432880912660273232e-01
1.447548551782618631e+01,2.441496781749470935e-01
1.447554656944414120e+01,2.450111519966487461e-01
1.447561076870619701e+01,2.458721846110747955e-01
1.447568342444868961e+01,2.467324478981747227e-01
1.447576984550797263e+01,2.475916137378868509e-01
1.447587534072038906e+01,2.484493540101579412e-01
1.447600521892227476e+01,2.493053405949318124e-01
1.447616478894998515e+01,2.501592453721524500e-01
1.447635935963985609e+01,2.510107402217623407e-01
1.447659423982823412e+01,2.518594970237075237e-01
1.447687473835145688e+01,2.527051876579325396e-01
1.447720616404587801e+01,2.535474840043792644e-01
1.447759382574783515e+01,2.543860579429929603e-01
1.447804303229366951e+01,2.552205813537190005e-01
1.447804303229366951e+01,2.552205813537190005e-01
1.447857399907004350e+01,2.558920112236744981e-01
1.447910501460640376e+01,2.565627840178970054e-01
1.447963612766271169e+01,2.572329724353156766e-01
1.448016738699896067e+01,2.579026491748522831e-01
1.448069884137511210e+01,2.585718869354366456e-01
1.448123053955115225e+01,2.592407584159925338e-01
1.448176253028706206e+01,2.599093363154443836e-01
1.448229486234281893e+01,2.605776933327192402e-01
1.448282758447839669e+01,2.612459021667429826e-01
1.448336074545376917e+01,2.619140355164427669e-01
1.448389439402891909e+01,2.625821660807423075e-01
1.448442857896382741e+01,2.632503665585680386e-01
1.448496334901846794e+01,2.639187096488471718e-01
1.448549875295281808e+01,2.645872680505026997e-01
1.448603483952685522e+01,2.652561144624624445e-01
1.448657165750056031e+01,2.659253215836522855e-01
1.448710925563390717e+01,2.665949621129966030e-01
1.448764768268687675e+01,2.672651087494218314e-01
1.448818698741944289e+01,2.679358341918544606e-01
1.448872721859158830e+01,2.686072111392209250e-01
1.448872721859158830e+01,2.686072111392209250e-01
1.449053547348858118e+01,2.683966578270474690e-01
1.449234189726087507e+01,2.681814286648049883e-01
1.449414663918901169e+01,2.679619617958332589e-01
1.449594984855354518e+01,2.677386953634600109e-01
1.449775167463501191e+01,2.675120675110264634e-01
1.449955226671396780e+01,2.672825163818625116e-01
1.450135177407095810e+01,2.670504801193050448e-01
1.450315034598653341e+01,2.668163968666854569e-01
1.450494813174123721e+01,2.665807047673399155e-01
1.450674528061560764e+01,2.663438419646053656e-01
1.450854194189020774e+01,2.661062466018124240e-01
1.451033826484557920e+01,2.658683568222973692e-01
1.451213439876226197e+01,2.656306107693942598e-01
1.451393049292081372e+01,2.653934465864372094e-01
1.451572669660177439e+01,2.651573024167611092e-01
1.451752315908569457e+01,2.649226164037000730e-01
1.451932002965311952e+01,2.646898266905895469e-01
1.452111745758460160e+01,2.644593714207609803e-01
1.452291559216068251e+01,2.642316887375525947e-01
1.452471458266190751e+01,2.640072167842971718e-01
1.452471458266190751e+01,2.640072167842971718e-01
1.452572880007553735e+01,2.648527029702014701e-01
1.452669161622096539e+01,2.657088878754152450e-01
1.452760961669579132e+01,2.665744205812060619e-01
1.452848938709762550e+01,2.674479501688311611e-01
1.452933751302406407e+01,2.683281257195615499e-01
1.453016058007272626e+01,2.692135963146571331e-01
1.453096517384121000e+01,2.701030110353828673e-01
1.453175787992713097e+01,2.709950189629993234e-01
1.453254528392809064e+01,2.718882691787740669e-01
1.453333397144168693e+01,2.727814107639719432e-01
1.453413052806553907e+01,2.736730927998535789e-01
1.453494153939724498e+01,2.745619643676845412e-01
1.453577359103441680e+01,2.754466745487288981e-01
1.453663326857465776e+01,2.763258724242487196e-01
1.453752715761557823e+01,2.771982070755088512e-01
1.453846184375477790e+01,2.780623275837740271e-01
1.453944391258987068e+01,2.789168830303069835e-01
1.454047994971845625e+01,2.797605224963712334e-01
1.454157654073814854e+01,2.805918950632315112e-01
1.454274027124654367e+01,2.814096498121526624e-01
1.454274027124654367e+01,2.814096498121526624e-01
1.454384101799161577e+01,2.820044197790104179e-01
1.454494087355432796e+01,2.825985095513198209e-01
1.454603993695493713e+01,2.831919742799940409e-01
1.454713830721371615e+01,2.837848691159350345e-01
1.454823608335091123e+01,2.843772492100606897e-01
1.454933336438680058e+01,2.849691697132751833e-01
1.455043024934163398e+01,2.855606857764880768e-01
1.455152683723568430e+01,2.861518525506090427e-01
1.455262322708921374e+01,2.867427251865455329e-01
1.455371951792247387e+01,2.873333588352127710e-01
1.455481580875573577e+01,2.879238086475134906e-01
1.455591219860925989e+01,2.885141297743606947e-01
1.455700878650331020e+01,2.891043773666612804e-01
1.455810567145814360e+01,2.896946065753255861e-01
1.455920295249403296e+01,2.902848725512625072e-01
1.456030072863123337e+01,2.908752304453816606e-01
1.456139909889000705e+01,2.914657354085926633e-01
1.456249816229061622e+01,2.920564425918030782e-01
1.456359801785332664e+01,2.926474071459231885e-01
1.456469876459840052e+01,2.932386842218633882e-01
1.456469876459840052e+01,2.932386842218633882e-01
1.456522457556974715e+01,2.926086521192068912e-01
1.456572304119543659e+01,2.919748385582467964e-01
1.456619829257080667e+01,2.913378462994308804e-01
1.456665446079121473e+01,2.906982781031929863e-01
1.456709567695197727e+01,2.900567367299856092e-01
1.456752607214846051e+01,2.894138249402439800e-01
1.456794977747599695e+01,2.887701454944123780e-01
1.456837092402993683e+01,2.881263011529322515e-01
1.456879364290562151e+01,2.874828946762471027e-01
1.456922206519838703e+01,2.868405288247991014e-01
1.456966032200358541e+01,2.861998063590297514e-01
1.457011254441655623e+01,2.855613300393818332e-01
1.457058286353264265e+01,2.849257026262975723e-01
1.457107541044718779e+01,2.842935268802190829e-01
1.457159431625553836e+01,2.836654055615885350e-01
1.457214371205303571e+01,2.830419414308487647e-01
1.457272772893501944e+01,2.824237372484412201e-01
1.457335049799683802e+01,2.818113957748087373e-01
1.457401615033383280e+01,2.812055197703935416e-01
1.457472881704134515e+01,2.806067119956384137e-01
1.457472881704134515e+01,2.806067119956384137e-01
1.457562452682983967e+01,2.813869236451454481e-01
1.457653995965425153e+01,2.821652796615319869e-01
1.457747221392081727e+01,2.829421081648603731e-01
1.457841838803580004e+01,2.837177372751797377e-01
1.457937558040543458e+01,2.844924951125524237e-01
1.458034088943597695e+01,2.852667097970296717e-01
1.458131141353367610e+01,2.860407094486703272e-01
1.458228425110478099e+01,2.868148221875270187e-01
1.458325650055553879e+01,2.875893761336565380e-01
1.458422526029219668e+01,2.883646994071184522e-01
1.458518762872100893e+01,2.891411201279639465e-01
1.458614070424821740e+01,2.899189664162525881e-01
1.458708158528007459e+01,2.906985663920391150e-01
1.458800737022282945e+01,2.914802481753782648e-01
1.458891515748273271e+01,2.922643398863259967e-01
1.458980204546602977e+01,2.930511696449398795e-01
1.459066513257896780e+01,2.938410655712752617e-01
1.459150151722780464e+01,2.946343557853854933e-01
1.459230829781877858e+01,2.954313684073308632e-01
1.459308257275814213e+01,2.962324315571645550e-01
1.459308257275814213e+01,2.962324315571645550e-01
1.459394881864245974e+01,2.981928094355972281e-01
1.459481526631807213e+01,3.001530023635033961e-01
1.459567916197146076e+01,3.021131930630923668e-01
1.459653775178912838e+01,3.040735642565645658e-01
1.459738828195754579e+01,3.060342986661279130e-01
1.459822799866321219e+01,3.079955790139842220e-01
1.459905414809261970e+01,3.099575880223372493e-01
1.459986397643225509e+01,3.119205084133915840e-01
1.460065472986860335e+01,3.138845229093524258e-01
1.460142365458815661e+01,3.158498142324256408e-01
1.460216799677740163e+01,3.178165651048129314e-01
1.460288500262283051e+01,3.197849582487189424e-01
1.460357191831092827e+01,3.217551763863502057e-01
1.460422599002818700e+01,3.237274022399070916e-01
1.460484446396109703e+01,3.257018185315968539e-01
1.460542458629614337e+01,3.276786079836233045e-01
1.460596360321981813e+01,3.296579533181903665e-01
1.460645876091860984e+01,3.316400372575024624e-01
1.460690730557900352e+01,3.336250425237655692e-01
1.460730648338749127e+01,3.356131518391806678e-01
1.460730648338749127e+01,3.356131518391806678e-01
1.460777679025106934e+01,3.378329739858555447e-01
1.460835479290236805e+01,3.400461551831445717e-01
1.460903021798915447e+01,3.422533522282458218e-01
1.460979279215920101e+01,3.444552219183435460e-01
1.461063224206027122e+01,3.466524210506378156e-01
1.461153829434014639e+01,3.488456064223135478e-01
1.461250067564659005e+01,3.510354348305667060e-01
1.461350911262737640e+01,3.532225630725855936e-01
1.461455333193027784e+01,3.554076479455627879e-01
1.461562306020305968e+01,3.575913462466928094e-01
1.461670802409349790e+01,3.597743147731640168e-01
1.461779795024936135e+01,3.619572103221696535e-01
1.461888256531841712e+01,3.641406896909028523e-01
1.461995159594844473e+01,3.663254096765527490e-01
1.462099476878720594e+01,3.685120270763110328e-01
1.462200181048247849e+01,3.707011986873710030e-01
1.462296244768202591e+01,3.728935813069244043e-01
1.462386640703362772e+01,3.750898317321616493e-01
1.462470341518504924e+01,3.772906067602760372e-01
1.462546319878405754e+01,3.794965631884579249e-01
1.462546319878405754e+01,3.794965631884579249e-01
1.462582253806541388e+01,3.805620647813355850e-01
1.462619385429761110e+01,3.816262680995251566e-01
1.462657931242364739e+01,3.826889723157291257e-01
1.462698107738654940e+01,3.837499766026429837e-01
1.462740131412930822e+01,3.848090801329712707e-01
1.462784218759495403e+01,3.858660820794088120e-01
1.462830586272648148e+01,3.869207816146559842e-01
1.462879450446691898e+01,3.879729779114103883e-01
1.462931027775926651e+01,3.890224701423738440e-01
1.462985534754653116e+01,3.900690574802459509e-01
1.463043187877173423e+01,3.911125390977236438e-01
1.463104203637787748e+01,3.921527141675066330e-01
1.463168798530797332e+01,3.931893818622966830e-01
1.463237189050503595e+01,3.942223413547886190e-01
1.463309591691207956e+01,3.952513918176848162e-01
1.463386222947210769e+01,3.962763324236837081e-01
1.463467299312813452e+01,3.972969623454848942e-01
1.463553037282317071e+01,3.983130807557866415e-01
1.463643653350022689e+01,3.993244868272887160e-01
1.463739364010231192e+01,4.003309797326907726e-01
1.463739364010231192e+01,4.003309797326907726e-01
1.463854601116123177e+01,4.016717883044423898e-01
1.463968209038636914e+01,4.030144736783454751e-01
1.464080133916749915e+01,4.043590910053139198e-01
1.464190321889441648e+01,4.057056954362516787e-01
1.464298719095689449e+01,4.070543421220733094e-01
1.464405271674472431e+01,4.084050862136842097e-01
1.464509925764768994e+01,4.097579828619947739e-01
1.464612627505558251e+01,4.111130872179131757e-01
1.464713323035817538e+01,4.124704544323490873e-01
1.464811958494525435e+01,4.138301396562148460e-01
1.464908480020661052e+01,4.151921980404159607e-01
1.465002833753202438e+01,4.165566847358627700e-01
1.465094965831127993e+01,4.179236548934641138e-01
1.465184822393416475e+01,4.192931636641303861e-01
1.465272349579046107e+01,4.206652661987690944e-01
1.465357493526995469e+01,4.220400176482905219e-01
1.465440200376242785e+01,4.234174731636050626e-01
1.465520416265766812e+01,4.247976878956195579e-01
1.465598087334545951e+01,4.261807169952442353e-01
1.465673159721558427e+01,4.275666156133895446e-01
1.465673159721558427e+01,4.275666156133895446e-01
1.465789275469746400e+01,4.293557752658019866e-01
1.465894585931856398e+01,4.311521830846767322e-01
1.465990280776328092e+01,4.329550541444515677e-01
1.466077549671604530e+01,4.347636035195552862e-01
1.466157582286124850e+01,4.365770462844256738e-01
1.466231568288331033e+01,4.383945975134923012e-01
1.466300697346663995e+01,4.402154722811901788e-01
1.466366159129565183e+01,4.420388856619522633e-01
1.466429143305475336e+01,4.438640527302107897e-01
1.466490839542835189e+01,4.456901885604015456e-01
1.466552437510086015e+01,4.475165082269561556e-01
1.466615126875668906e+01,4.493422268043074652e-01
1.466680097308025310e+01,4.511665593668905405e-01
1.466748538475595609e+01,4.529887209891363398e-01
1.466821640046821784e+01,4.548079267454798735e-01
1.466900591690144040e+01,4.566233917103540429e-01
1.466986583074003114e+01,4.584343309581919157e-01
1.467080803866841521e+01,4.602399595634270590e-01
1.467184443737098931e+01,4.620394926004938174e-01
1.467298692353217149e+01,4.638321451438231491e-01
1.467298692353217149e+01,4.638321451438231491e-01
1.467443261348774008e+01,4.665908570377017561e-01
1.467582158658738223e+01,4.693540829499374678e-01
1.467715610304359153e+01,4.721215850074215736e-01
1.467843842306889002e+01,4.748931253370310412e-01
1.467967080687576420e+01,4.776684660656640991e-01
1.468085551467673255e+01,4.804473693201998241e-01
1.468199480668429580e+01,4.832295972275252871e-01
1.468309094311096175e+01,4.860149119145271701e-01
1.468414618416924000e+01,4.888030755080927103e-01
1.468516279007162240e+01,4.915938501351104217e-01
1.468614302103063096e+01,4.943869979224635447e-01
1.468708913725876286e+01,4.971822809970385393e-01
1.468800339896852947e+01,4.999794614857254182e-01
1.468888806637242794e+01,5.027783015154059232e-01
1.468974539968297321e+01,5.055785632129694562e-01
1.469057765911266600e+01,5.083800087053016448e-01
1.469138710487401056e+01,5.111824001192899480e-01
1.469217599717951828e+01,5.139854995818188277e-01
1.469294659624169164e+01,5.167890692197760760e-01
1.469370116227303491e+01,5.195928711600482641e-01
1.469370116227303491e+01,5.195928711600482641e-01
1.469411257370988011e+01,5.206707046447841547e-01
1.469459562330600022e+01,5.217431508884305957e-01
1.469514426332384005e+01,5.228106664179622554e-01
1.469575244602586572e+01,5.238737077603448089e-01
1.469641412367451849e+01,5.249327314425547009e-01
1.469712324853226448e+01,5.259881939915597160e-01
1.469787377286155738e+01,5.270405519343309697e-01
1.469865964892485266e+01,5.280902617978382452e-01
1.469947482898460933e+01,5.291377801090534350e-01
1.470031326530327043e+01,5.301835633949488757e-01
1.470116891014330207e+01,5.312280681824930184e-01
1.470203571576715973e+01,5.322717509986584217e-01
1.470290763443729531e+01,5.333150683704154238e-01
1.470377861841616429e+01,5.343584768247345851e-01
1.470464261996622923e+01,5.354024328885854667e-01
1.470549359134993672e+01,5.364473930889408493e-01
1.470632548482974400e+01,5.374938139527716263e-01
1.470713225266810831e+01,5.385421520070470258e-01
1.470790784712748689e+01,5.395928637787400506e-01
1.470864622047033166e+01,5.406464057948192625e-01
1.470864622047033166e+01,5.406464057948192625e-01
1.470967286292649057e+01,5.420802121230242632e-01
1.471065147980521282e+01,5.435190747868602346e-01
1.471158615119139412e+01,5.449625740266333951e-01
1.471248095716994975e+01,5.464102900826399711e-01
1.471333997782576830e+01,5.478618031951874023e-01
1.471416729324377215e+01,5.493166936045745796e-01
1.471496698350885701e+01,5.507745415511036136e-01
1.471574312870593104e+01,5.522349272750768368e-01
1.471649980891990062e+01,5.536974310167961377e-01
1.471724110423566501e+01,5.551616330165652924e-01
1.471797109473813592e+01,5.566271135146830806e-01
1.471869386051221440e+01,5.580934527514549437e-01
1.471941348164280683e+01,5.595602309671803276e-01
1.472013403821481603e+01,5.610270284021615650e-01
1.472085961031315193e+01,5.624934252967007664e-01
1.472159427802271559e+01,5.639590018911007085e-01
1.472234212142841336e+01,5.654233384256630579e-01
1.472310722061515165e+01,5.668860151406884818e-01
1.472389365566782971e+01,5.683466122764805339e-01
1.472470550667135925e+01,5.698047100733414361e-01
1.472470550667135925e+01,5.698047100733414361e-01
1.472536934476210568e+01,5.698891524753654236e-01
1.472595001933515846e+01,5.698916498180937040e-01
1.472645480537918772e+01,5.698193396876350958e-01
1.472689097788288137e+01,5.696793596700893136e-01
1.472726581183489891e+01,5.694788473515679517e-01
1.472758658222393002e+01,5.692249403181747214e-01
1.472786056403864308e+01,5.689247761560158878e-01
1.472809503226772421e+01,5.685854924511964947e-01
1.472829726189984001e+01,5.682142267898232513e-01
1.472847452792366596e+01,5.678181167580029776e-01
1.472863410532788464e+01,5.674042999418409394e-01
1.472878326910116797e+01,5.669799139274421806e-01
1.472892929423219144e+01,5.665520963009157418e-01
1.472907945570963406e+01,5.661279846483640021e-01
1.472924102852217132e+01,5.657147165558944479e-01
1.472942128765847869e+01,5.653194296096129001e-01
1.472962750810723165e+01,5.649492613956260678e-01
1.472986696485710745e+01,5.646113495000393279e-01
1.473014693289678156e+01,5.643128315089586122e-01
1.473047468721492947e+01,5.640608450084898529e-01
1.473047468721492947e+01,5.640608450084898529e-01
1.473059898339957208e+01,5.636515675578214202e-01
1.473075599077789022e+01,5.632489185222372408e-01
1.473094595389991568e+01,5.628529527741092942e-01
1.473116911731569800e+01,5.624637251858031206e-01
1.473142572557527430e+01,5.620812906296933642e-01
1.473171602322868878e+01,5.617057039781451211e-01
1.473204025482598212e+01,5.613370201035287055e-01
1.473239866491720207e+01,5.609752938782119891e-01
1.473279149805238575e+01,5.606205801745660633e-01
1.473321899878157382e+01,5.602729338649609092e-01
1.473368141165481404e+01,5.599324098217646206e-01
1.473417898122214176e+01,5.595990629173452913e-01
1.473471195203360296e+01,5.592729480240752338e-01
1.473528056863924007e+01,5.589541200143215427e-01
1.473588507558909377e+01,5.586426337604526449e-01
1.473652571743320649e+01,5.583385441348398537e-01
1.473720273872162423e+01,5.580419060098528172e-01
1.473791638400438231e+01,5.577527742578578529e-01
1.473866689783152495e+01,5.574712037512269402e-01
1.473945452475309636e+01,5.571972493623291722e-01
1.473945452475309636e+01,5.571972493623291722e-01
1.474071393946628916e+01,5.566390180798435061e-01
1.474197513654420888e+01,5.560814435945454770e-01
1.474323791794632399e+01,5.555244529289777855e-01
1.474450208563211717e+01,5.549679731056672560e-01
1.474576744156105512e+01,5.544119311471538136e-01
1.474703378769262052e+01,5.538562540759682795e-01
1.474830092598628184e+01,5.533008689146452497e-01
1.474956865840152176e+01,5.527457026857190980e-01
1.475083678689781408e+01,5.521906824117240875e-01
1.475210511343462549e+01,5.516357351151967015e-01
1.475337343997143869e+01,5.510807878186686493e-01
1.475464156846772923e+01,5.505257675446743049e-01
1.475590930088296560e+01,5.499706013157488194e-01
1.475717643917662869e+01,5.494152161544257895e-01
1.475844278530819587e+01,5.488595390832395893e-01
1.475970814123713382e+01,5.483034971247248146e-01
1.476097230892292700e+01,5.477470173014156174e-01
1.476223509032504388e+01,5.471900266358465936e-01
1.476349628740296183e+01,5.466324521505512291e-01
1.476475570211615462e+01,5.460742208680641196e-01
1.476475570211615462e+01,5.460742208680641196e-01
1.476590359375845374e+01,5.462585958355684612e-01
1.476702797108904264e+01,5.464671597690271554e-01
1.476813090003065199e+01,5.466978130343330688e-01
1.476921444650604975e+01,5.469484559973720739e-01
1.477028067643796660e+01,5.472169890240405898e-01
1.477133165574916163e+01,5.475013124802238229e-01
1.477236945036238147e+01,5.477993267318137516e-01
1.477339612620037457e+01,5.481089321446985796e-01
1.477441374918588934e+01,5.484280290847688422e-01
1.477542438524166890e+01,5.487545179179176280e-01
1.477643010029046877e+01,5.490862990100320307e-01
1.477743296025503561e+01,5.494212727270029184e-01
1.477843503105811429e+01,5.497573394347203823e-01
1.477943837862245680e+01,5.500923994990736254e-01
1.478044506887081333e+01,5.504243532859542931e-01
1.478145716772592699e+01,5.507511011612516993e-01
1.478247674111054621e+01,5.510705434908558242e-01
1.478350585494742653e+01,5.513805806406562038e-01
1.478454657515930926e+01,5.516791129765441504e-01
1.478560096766894638e+01,5.519640408644097551e-01
1.478560096766894638e+01,5.519640408644097551e-01
1.478643058568312441e+01,5.522750772762665683e-01
1.478713665791621956e+01,5.524697962424587327e-01
1.478772936095064239e+01,5.525578360807288369e-01
1.478821887136884072e+01,5.525488351088073680e-01
1.478861536575321622e+01,5.524524316444404670e-01
1.478892902068621495e+01,5.522782640053599534e-01
1.478917001275026166e+01,5.520359705093056402e-01
1.478934851852778110e+01,5.517351894740123441e-01
1.478947471460120155e+01,5.513855592172205444e-01
1.478955877755294424e+01,5.509967180566676115e-01
1.478961088396544810e+01,5.505783043100900276e-01
1.478964121042112900e+01,5.501399562952251632e-01
1.478965993350242059e+01,5.496913123298129422e-01
1.478967722979174582e+01,5.492420107315872935e-01
1.478970327587153832e+01,5.488016898182879189e-01
1.478974824832422286e+01,5.483799879076526329e-01
1.478982232373222239e+01,5.479865433174181399e-01
1.478993567867797232e+01,5.476309943653220325e-01
1.479009848974389207e+01,5.473229793691034573e-01
1.479032093351241173e+01,5.470721366464978974e-01
1.479032093351241173e+01,5.470721366464978974e-01
1.479053206921696884e+01,5.464798291584539447e-01
1.479071636442917637e+01,5.458860415091361107e-01
1.479087844009460895e+01,5.452911207593227338e-01
1.479102291715885897e+01,5.446954139697796071e-01
1.479115441656749219e+01,5.440992682012856241e-01
1.479127755926610099e+01,5.435030305146086871e-01
1.479139696620026179e+01,5.429070479705215835e-01
1.479151725831555986e+01,5.423116676297963235e-01
1.479164305655757161e+01,5.417172365532048062e-01
1.479177898187187523e+01,5.411241018015220394e-01
1.479192965520405600e+01,5.405326104355179240e-01
1.479209969749970099e+01,5.399431095159644700e-01
1.479229372970437950e+01,5.393559461036350200e-01
1.479251637276367859e+01,5.387714672593010290e-01
1.479277224762318355e+01,5.381900200437345072e-01
1.479306597522846722e+01,5.376119515177081309e-01
1.479340217652511313e+01,5.370376087419945765e-01
1.479378547245870834e+01,5.364673387773654101e-01
1.479422048397482214e+01,5.359014886845930858e-01
1.479471183201904338e+01,5.353404055244498361e-01
1.479471183201904338e+01,5.353404055244498361e-01
1.479651175608630354e+01,5.357307271712377084e-01
1.479831249482027644e+01,5.361203686234765620e-01
1.480011390269116589e+01,5.365093850320808988e-01
1.480191583416920587e+01,5.368978315479526753e-01
1.480371814372460548e+01,5.372857633220085027e-01
1.480552068582759340e+01,5.376732355051524470e-01
1.480732331494838760e+01,5.380603032482961234e-01
1.480912588555721143e+01,5.384470217023471506e-01
1.481092825212428110e+01,5.388334460182144792e-01
1.481273026911981638e+01,5.392196313468111679e-01
1.481453179101404061e+01,5.396056328390427259e-01
1.481633267227717177e+01,5.399915056458186591e-01
1.481813276737943141e+01,5.403773049180500276e-01
1.481993193079104287e+01,5.407630858066451163e-01
1.482173001698222237e+01,5.411489034625115435e-01
1.482352688042318789e+01,5.415348130365608137e-01
1.482532237558416810e+01,5.419208696797018776e-01
1.482711635693537744e+01,5.423071285428424648e-01
1.482890867894703391e+01,5.426936447768926364e-01
1.483069919608936260e+01,5.430804735327630084e-01
1.483069919608936260e+01,5.430804735327630084e-01
1.483210907284150082e+01,5.420091167516901676e-01
1.483354210383168059e+01,5.409411400528552072e-01
1.483499194726217318e+01,5.398755392997586222e-01
1.483645226133527295e+01,5.388113103558912487e-01
1.483791670425324583e+01,5.377474490847549138e-01
1.483937893421838972e+01,5.366829513498417858e-01
1.484083260943297766e+01,5.356168130146495843e-01
1.484227138809930047e+01,5.345480299426725868e-01
1.484368892841963117e+01,5.334755979974085127e-01
1.484507888859625346e+01,5.323985130423544154e-01
1.484643492683145283e+01,5.313157709410045726e-01
1.484775070132751296e+01,5.302263675568559265e-01
1.484901987028671044e+01,5.291292987534034209e-01
1.485023609191133076e+01,5.280235603941462186e-01
1.485139302440365583e+01,5.269081483425759327e-01
1.485248432596596579e+01,5.257820584621913929e-01
1.485350365480054613e+01,5.246442866164905405e-01
1.485444466910967876e+01,5.234938286689648779e-01
1.485530102709564204e+01,5.223296804831146778e-01
1.485606638696071968e+01,5.211508379224336629e-01
1.485606638696071968e+01,5.211508379224336629e-01
1.485699865735558589e+01,5.200923733163191898e-01
1.485789056724151536e+01,5.190276482463856977e-01
1.485874600016318148e+01,5.179573378934656525e-01
1.485956883966528430e+01,5.168821174383820827e-01
1.486036296929249723e+01,5.158026620619681202e-01
1.486113227258951497e+01,5.147196469450483480e-01
1.486188063310103047e+01,5.136337472684522343e-01
1.486261193437172068e+01,5.125456382130060273e-01
1.486333005994628209e+01,5.114559949595410826e-01
1.486403889336938988e+01,5.103654926888835375e-01
1.486474231818574410e+01,5.092748065818621939e-01
1.486544421794001991e+01,5.081846118193037443e-01
1.486614847617691382e+01,5.070955835820385449e-01
1.486685897644110810e+01,5.060083970508938433e-01
1.486757960227729392e+01,5.049237274066965542e-01
1.486831423723015533e+01,5.038422498302760344e-01
1.486906676484437817e+01,5.027646395024610859e-01
1.486984106866465538e+01,5.016915716040778461e-01
1.487064103223566569e+01,5.006237213159565602e-01
1.487147053910210204e+01,4.995617638189237542e-01
1.487147053910210204e+01,4.995617638189237542e-01
1.487208298730196887e+01,4.994666009714734400e-01
1.487270085386059293e+01,4.994399998960111220e-01
1.487332364592711542e+01,4.994760463538752138e-01
1.487395087065069887e+01,4.995688261063966906e-01
1.487458203518047029e+01,4.997124249149153541e-01
1.487521664666559573e+01,4.999009285407626790e-01
1.487585421225521642e+01,5.001284227452758024e-01
1.487649423909848245e+01,5.003889932897862547e-01
1.487713623434454391e+01,5.006767259356331712e-01
1.487777970514254378e+01,5.009857064441516350e-01
1.487842415864163215e+01,5.013100205766737316e-01
1.487906910199096089e+01,5.016437540945367646e-01
1.487971404233967299e+01,5.019809927590761500e-01
1.488035848683691853e+01,5.023158223316249726e-01
1.488100194263185294e+01,5.026423285735189816e-01
1.488164391687361388e+01,5.029545972460937042e-01
1.488228391671135320e+01,5.032467141106856667e-01
1.488292144929422101e+01,5.035127649286270657e-01
1.488355602177136561e+01,5.037468354612542054e-01
1.488418714129193177e+01,5.039430114699036123e-01
1.488418714129193177e+01,5.039430114699036123e-01
1.488551447027737495e+01,5.045236694889583262e-01
1.488684181351574054e+01,5.051046767971022478e-01
1.488816917025686237e+01,5.056860150107045371e-01
1.488949653975060272e+01,5.062676657461220309e-01
1.489082392124678833e+01,5.068496106197253326e-01
1.489215131399527969e+01,5.074318312478740545e-01
1.489347871724592309e+01,5.080143092469316946e-01
1.489480613024856126e+01,5.085970262332635272e-01
1.489613355225304403e+01,5.091799638232310521e-01
1.489746098250921058e+01,5.097631036332007648e-01
1.489878842026691252e+01,5.103464272795342760e-01
1.490011586477599792e+01,5.109299163785945286e-01
1.490144331528631128e+01,5.115135525467466859e-01
1.490277077104769887e+01,5.120973174003543571e-01
1.490409823131000699e+01,5.126811925557785976e-01
1.490542569532308370e+01,5.132651596293856811e-01
1.490675316233677350e+01,5.138492002375386614e-01
1.490808063160092445e+01,5.144332959966007035e-01
1.490940810236538283e+01,5.150174285229359716e-01
1.491073557387999315e+01,5.156015794329075197e-01
1.491073557387999315e+01,5.156015794329075197e-01
1.491145576737770462e+01,5.154284233580638253e-01
1.491210620335099080e+01,5.152246900036092647e-01
1.491269282976695898e+01,5.149930263346520487e-01
1.491322159459275554e+01,5.147360793162906178e-01
1.491369844579549664e+01,5.144564959136332938e-01
1.491412933134231800e+01,5.141569230917785172e-01
1.491452019920034822e+01,5.138400078158315010e-01
1.491487699733671235e+01,5.135083970508931284e-01
1.491520567371854611e+01,5.131647377620679462e-01
1.491551217631296389e+01,5.128116769144607234e-01
1.491580245308710673e+01,5.124518614731720101e-01
1.491608245200809790e+01,5.120879384033045767e-01
1.491635812104306957e+01,5.117225546699643024e-01
1.491663540815914857e+01,5.113583572382511822e-01
1.491692026132346172e+01,5.109979930732686526e-01
1.491721862850313762e+01,5.106441091401212606e-01
1.491753645766530845e+01,5.102993524039117768e-01
1.491787969677709924e+01,5.099663698297407510e-01
1.491825429380563861e+01,5.096478083827156169e-01
1.491866619671805694e+01,5.093463150279357032e-01
1.491866619671805694e+01,5.093463150279357032e-01
1.491902958220238773e+01,5.090618731922758045e-01
1.491937422060051333e+01,5.087581530499003524e-01
1.491970301425633849e+01,5.084381483481463793e-01
1.492001886551377332e+01,5.081048528343465875e-01
1.492032467671671370e+01,5.077612602558407850e-01
1.492062335020906971e+01,5.074103643599595648e-01
1.492091778833474791e+01,5.070551588940414023e-01
1.492121089343765128e+01,5.066986376054175567e-01
1.492150556786168281e+01,5.063437942414270587e-01
1.492180471395074548e+01,5.059936225494056083e-01
1.492211123404874940e+01,5.056511162766857970e-01
1.492242803049959576e+01,5.053192691706046569e-01
1.492275800564718935e+01,5.050010749784971109e-01
1.492310406183543492e+01,5.046995274476978599e-01
1.492346910140824079e+01,5.044176203255426039e-01
1.492385602670950817e+01,5.041583473593669318e-01
1.492426774008314183e+01,5.039247022965062106e-01
1.492470714387304476e+01,5.037196788842948081e-01
1.492517714042312704e+01,5.035462708700695345e-01
1.492568063207728812e+01,5.034074720011646464e-01
1.492568063207728812e+01,5.034074720011646464e-01
1.492763671834991968e+01,5.038603827343128838e-01
1.492959194044571092e+01,5.043136006970176943e-01
1.493154639438431630e+01,5.047670710169155361e-01
1.493350017618539027e+01,5.052207388216337636e-01
1.493545338186856242e+01,5.056745492388060592e-01
1.493740610745349429e+01,5.061284473960612207e-01
1.493935844895983678e+01,5.065823784210281566e-01
1.494131050240723368e+01,5.070362874413389953e-01
1.494326236381533590e+01,5.074901195846247548e-01
1.494521412920378367e+01,5.079438199785190067e-01
1.494716589459223322e+01,5.083973337506485501e-01
1.494911775600033366e+01,5.088506060286441812e-01
1.495106980944772701e+01,5.093035819401389164e-01
1.495302215095406595e+01,5.097562066127616642e-01
1.495497487653900315e+01,5.102084251741432208e-01
1.495692808222218062e+01,5.106601827519150483e-01
1.495888186402324571e+01,5.111114244737082757e-01
1.496083631796185465e+01,5.115620954671522558e-01
1.496279154005764767e+01,5.120121408598785617e-01
1.496474762633027744e+01,5.124615057795182116e-01
1.496474762633027744e+01,5.124615057795182116e-01
1.496545806883265151e+01,5.122399335199443460e-01
1.496609878981796093e+01,5.119928400378515043e-01
1.496667578826376754e+01,5.117224522601102610e-01
1.496719506314764381e+01,5.114309971135820865e-01
1.496766261344714799e+01,5.111207015251362229e-01
1.496808443813985434e+01,5.107937924216341408e-01
1.496846653620332468e+01,5.104524967299415295e-01
1.496881490661512970e+01,5.100990413769235232e-01
1.496913554835283833e+01,5.097356532894435910e-01
1.496943446039400705e+01,5.093645593943724181e-01
1.496971764171621366e+01,5.089879866185694768e-01
1.496999109129701822e+01,5.086081618889017886e-01
1.497026080811398963e+01,5.082273121322349319e-01
1.497053279114469504e+01,5.078476642754321535e-01
1.497081303936670338e+01,5.074714452453602531e-01
1.497110755175758001e+01,5.071008819688836988e-01
1.497142232729488498e+01,5.067382013728681800e-01
1.497176336495619431e+01,5.063856303841766104e-01
1.497213666371907159e+01,5.060453959296767890e-01
1.497254822256108397e+01,5.057197249362329616e-01
1.497254822256108397e+01,5.057197249362329616e-01
1.497314873569368388e+01,5.051161898279451501e-01
1.497371696371980931e+01,5.045043857042897928e-01
1.497426091977917295e+01,5.038862659659100185e-01
1.497478861701150876e+01,5.032637840134399632e-01
1.497530806855652941e+01,5.026388932475231996e-01
1.497582728755396531e+01,5.020135470687953072e-01
1.497635428714353978e+01,5.013896988778930863e-01
1.497689708046497792e+01,5.007693020754575564e-01
1.497746368065800127e+01,5.001543100621240745e-01
1.497806210086232426e+01,4.995466762385371573e-01
1.497870035421768264e+01,4.989483540053294419e-01
1.497938645386379442e+01,4.983612967631426693e-01
1.498012841294038644e+01,4.977874579126149723e-01
1.498093424458718026e+01,4.972287908543825408e-01
1.498181196194389742e+01,4.966872489890856723e-01
1.498276957815026478e+01,4.961647857173626108e-01
1.498381510634600211e+01,4.956633544398521551e-01
1.498495655967083451e+01,4.951849085571926601e-01
1.498620195126448706e+01,4.947314014700222029e-01
1.498755929426667954e+01,4.943047865789798045e-01
1.498755929426667954e+01,4.943047865789798045e-01
1.498880319067936995e+01,4.937661716578550797e-01
1.499005796056709983e+01,4.932314874924422221e-01
1.499132463539092086e+01,4.927013724962974739e-01
1.499260424661191848e+01,4.921764650829741905e-01
1.499389782569113905e+01,4.916574036660313340e-01
1.499520640408966621e+01,4.911448266590210388e-01
1.499653101326855875e+01,4.906393724755001018e-01
1.499787268468888612e+01,4.901416795290219341e-01
1.499923244981171955e+01,4.896523862331442212e-01
1.500061134009811603e+01,4.891721310014216506e-01
1.500201038700915390e+01,4.887015522474091322e-01
1.500343062200589550e+01,4.882412883846607432e-01
1.500487307654940494e+01,4.877919778267353901e-01
1.500633878210075522e+01,4.873542589871838193e-01
1.500782877012101046e+01,4.869287702795649930e-01
1.500934407207123833e+01,4.865161501174322667e-01
1.501088571941250649e+01,4.861170369143425485e-01
1.501245474360588261e+01,4.857320690838485833e-01
1.501405217611243081e+01,4.853618850395079454e-01
1.501567904839322054e+01,4.850071231948754336e-01
1.501567904839322054e+01,4.850071231948754336e-01
1.501763527019357980e+01,4.845034839312173380e-01
1.501959060081158270e+01,4.840002120617442616e-01
1.502154513926748258e+01,4.834973073079232297e-01
1.502349898458155408e+01,4.829947693912062245e-01
1.502545223577403810e+01,4.824925980330623254e-01
1.502740499186521461e+01,4.819907929549455683e-01
1.502935735187534050e+01,4.814893538783160398e-01
1.503130941482468330e+01,4.809882805246354365e-01
1.503326127973349990e+01,4.804875726153624571e-01
1.503521304562205074e+01,4.799872298719607411e-01
1.503716481151060336e+01,4.794872520158863782e-01
1.503911667641941818e+01,4.789876387686008985e-01
1.504106873936875743e+01,4.784883898515644995e-01
1.504302109937888332e+01,4.779895049862373790e-01
1.504497385547006161e+01,4.774909838940775697e-01
1.504692710666255273e+01,4.769928262965473786e-01
1.504888095197661535e+01,4.764950319151070035e-01
1.505083549043251701e+01,4.759976004712152542e-01
1.505279082105051813e+01,4.755005316863329390e-01
1.505474704285088094e+01,4.750038252819195894e-01
1.505474704285088094e+01,4.750038252819195894e-01
1.505506441804515205e+01,4.757830234638338318e-01
1.505535121848294011e+01,4.765650702737712074e-01
1.505561226165002786e+01,4.773495275683989347e-01
1.505585236503222646e+01,4.781359572043787365e-01
1.505607634611532042e+01,4.789239210383820500e-01
1.505628902238512445e+01,4.797129809270705980e-01
1.505649521132742841e+01,4.805026987271102112e-01
1.505669973042803811e+01,4.812926362951661097e-01
1.505690739717274695e+01,4.820823554879047901e-01
1.505712302904735189e+01,4.828714181619929158e-01
1.505735144353765698e+01,4.836593861740941525e-01
1.505759745812945916e+01,4.844458213808744973e-01
1.505786589030855360e+01,4.852302856390011687e-01
1.505816155756074792e+01,4.860123408051372218e-01
1.505848927737183551e+01,4.867915487359485982e-01
1.505885386722761510e+01,4.875674712881024608e-01
1.505926014461388540e+01,4.883396703182634191e-01
1.505971292701644693e+01,4.891077076830972481e-01
1.506021703192109840e+01,4.898711452392698340e-01
1.506077727681363498e+01,4.906295448434456752e-01
1.506077727681363498e+01,4.906295448434456752e-01
1.506227222659921239e+01,4.909396603093950651e-01
1.506376812982989577e+01,4.912494317785110476e-01
1.506526493474508577e+01,4.915588773558915991e-01
1.506676258958420433e+01,4.918680151466297001e-01
1.506826104258663612e+01,4.921768632558274348e-01
1.506976024199181197e+01,4.924854397885777835e-01
1.507126013603912895e+01,4.927937628499765021e-01
1.507276067296800370e+01,4.931018505451215672e-01
1.507426180101783686e+01,4.934097209791080685e-01
1.507576346842803439e+01,4.937173922570352036e-01
1.507726562343801291e+01,4.940248824839967301e-01
1.507876821428717840e+01,4.943322097650905134e-01
1.508027118921493326e+01,4.946393922054123649e-01
1.508177449646069235e+01,4.949464479100594838e-01
1.508327808426386341e+01,4.952533949841269600e-01
1.508478190086385418e+01,4.955602515327126589e-01
1.508628589450006707e+01,4.958670356609123919e-01
1.508779001341191872e+01,4.961737654738226366e-01
1.508929420583881154e+01,4.964804590765399261e-01
1.509079842002015681e+01,4.967871345741606826e-01
1.509079842002015681e+01,4.967871345741606826e-01
1.509143523133042919e+01,4.961796090097647105e-01
1.509199334253635705e+01,4.955623331545722099e-01
1.509247958603603657e+01,4.949361468065222036e-01
1.509290079422759412e+01,4.943018897635439446e-01
1.509326379950911701e+01,4.936604018235824509e-01
1.509357543427873338e+01,4.930125227845670310e-01
1.509384253093454120e+01,4.923590924444366523e-01
1.509407192187465796e+01,4.917009506011266184e-01
1.509427043949719049e+01,4.910389370525711783e-01
1.509444491620023854e+01,4.903738915967097989e-01
1.509460218438192136e+01,4.897066540314752858e-01
1.509474907644034403e+01,4.890380641548050522e-01
1.509489242477361870e+01,4.883689617646366776e-01
1.509503906177985044e+01,4.877001866589021906e-01
1.509519581985715320e+01,4.870325786355405029e-01
1.509536953140363202e+01,4.863669774924863631e-01
1.509556702881739376e+01,4.857042230276772954e-01
1.509579514449655413e+01,4.850451550390473265e-01
1.509606071083921996e+01,4.843906133245340917e-01
1.509637056024349633e+01,4.837414376820722839e-01
1.509637056024349633e+01,4.837414376820722839e-01
1.509682411517913891e+01,4.829597140248956255e-01
1.509733556471171845e+01,4.821840658810099822e-01
1.509789989556536050e+01,4.814140007917959707e-01
1.509851209446421905e+01,4.806490262986258255e-01
1.509916714813241079e+01,4.798886499428807184e-01
1.509986004329408615e+01,4.791323792659323288e-01
1.510058576667337604e+01,4.783797218091582759e-01
1.510133930499442201e+01,4.776301851139330146e-01
1.510211564498135672e+01,4.768832767216349411e-01
1.510290977335831641e+01,4.761385041736425627e-01
1.510371667684943731e+01,4.753953750113267263e-01
1.510453134217886273e+01,4.746533967760672712e-01
1.510534875607072003e+01,4.739120770092385415e-01
1.510616390524915431e+01,4.731709232522176567e-01
1.510697177643829825e+01,4.724294430463802374e-01
1.510776735636228807e+01,4.716871439331027371e-01
1.510854563174526000e+01,4.709435334537616091e-01
1.510930158931135381e+01,4.701981191497324186e-01
1.511003021578470218e+01,4.694504085623916745e-01
1.511072649788944489e+01,4.686999092331163852e-01
1.511072649788944489e+01,4.686999092331163852e-01
1.511182163111082488e+01,4.683065414734843279e-01
1.511296116816853541e+01,4.679356869834931376e-01
1.511414132303784008e+01,4.675853920839690980e-01
1.511535830969400962e+01,4.672537030957285009e-01
1.511660834211230764e+01,4.669386663395988513e-01
1.511788763426800664e+01,4.666383281363966629e-01
1.511919240013637733e+01,4.663507348069466651e-01
1.512051885369268511e+01,4.660739326720665932e-01
1.512186320891219893e+01,4.658059680525812318e-01
1.512322167977018239e+01,4.655448872693132012e-01
1.512459048024191155e+01,4.652887366430810689e-01
1.512596582430265002e+01,4.650355624947074551e-01
1.512734392592766497e+01,4.647834111450157013e-01
1.512872099909222889e+01,4.645303289148235981e-01
1.513009325777160896e+01,4.642743621249552644e-01
1.513145691594106879e+01,4.640135570962318767e-01
1.513280818757588264e+01,4.637459601494761663e-01
1.513414328665131947e+01,4.634696176055073114e-01
1.513545842714263934e+01,4.631825757851486536e-01
1.513674982302512007e+01,4.628828810092207591e-01
1.513674982302512007e+01,4.628828810092207591e-01
1.513780139045666040e+01,4.626449120779372315e-01
1.513888645824335910e+01,4.624183343162689974e-01
1.513999720828539886e+01,4.622002999318144401e-01
1.514112582248297478e+01,4.619879611321631163e-01
1.514226448273625891e+01,4.617784701249195711e-01
1.514340537094545347e+01,4.615689791176746937e-01
1.514454066901073759e+01,4.613566403180254238e-01
1.514566255883230639e+01,4.611386059335688126e-01
1.514676322231034078e+01,4.609120281719005785e-01
1.514783484134502700e+01,4.606740592406183832e-01
1.514886959783655840e+01,4.604218513473158358e-01
1.514985967368511943e+01,4.601525566995913752e-01
1.515079725079089812e+01,4.598633275050398872e-01
1.515167451105408070e+01,4.595513159712584228e-01
1.515248363637485518e+01,4.592136743058413129e-01
1.515321680865341136e+01,4.588475547163869406e-01
1.515386620978993193e+01,4.584501094104909136e-01
1.515442402168460845e+01,4.580184905957489505e-01
1.515488242623762538e+01,4.575498504797566590e-01
1.515523360534917252e+01,4.570413412701124223e-01
1.515523360534917252e+01,4.570413412701124223e-01
1.515578282811126165e+01,4.566353836906327790e-01
1.515631149891781781e+01,4.562215239328945016e-01
1.515682266564252068e+01,4.558009847872623310e-01
1.515731937615906944e+01,4.553749890440941250e-01
1.515780467834112599e+01,4.549447594937555128e-01
1.515828162006239133e+01,4.545115189266035749e-01
1.515875324919654688e+01,4.540764901330024972e-01
1.515922261361727763e+01,4.536408959033094157e-01
1.515969276119826326e+01,4.532059590278877947e-01
1.516016673981318874e+01,4.527729022971003769e-01
1.516064759733574263e+01,4.523429485013063522e-01
1.516113838163960992e+01,4.519173204308678526e-01
1.516164214059846849e+01,4.514972408761462330e-01
1.516216192208600866e+01,4.510839326275013494e-01
1.516270077397591187e+01,4.506786184752946123e-01
1.516326174414186134e+01,4.502825212098887642e-01
1.516384788045754561e+01,4.498968636216437722e-01
1.516446223079664790e+01,4.495228685009202696e-01
1.516510784303284787e+01,4.491617586380809990e-01
1.516578776503983583e+01,4.488147568234858720e-01
1.516578776503983583e+01,4.488147568234858720e-01
1.516633392592537177e+01,4.489583634311222204e-01
1.516685298601529652e+01,4.491318671238183069e-01
1.516734735555279912e+01,4.493326760873831427e-01
1.516781944478110944e+01,4.495581985076190223e-01
1.516827166394341120e+01,4.498058425703369001e-01
1.516870642328292362e+01,4.500730164613396811e-01
1.516912613304285173e+01,4.503571283664343783e-01
1.516953320346640055e+01,4.506555864714265058e-01
1.516993004479678220e+01,4.509657989621216334e-01
1.517031906727719104e+01,4.512851740243302712e-01
1.517070268115084097e+01,4.516111198438538255e-01
1.517108329666094058e+01,4.519410446065006415e-01
1.517146332405068954e+01,4.522723564980770661e-01
1.517184517356330176e+01,4.526024637043885579e-01
1.517223125544197870e+01,4.529287744112408531e-01
1.517262397992992895e+01,4.532486968044407982e-01
1.517302575727035752e+01,4.535596390697954616e-01
1.517343899770647653e+01,4.538590093931096914e-01
1.517386611148148212e+01,4.541442159601904449e-01
1.517430950883858642e+01,4.544126669568434029e-01
1.517430950883858642e+01,4.544126669568434029e-01
1.517483104418501583e+01,4.548181175471999182e-01
1.517535347146396418e+01,4.552238937507513961e-01
1.517587669240531412e+01,4.556299590787685205e-01
1.517640060873896957e+01,4.560362770425135936e-01
1.517692512219480427e+01,4.564428111532593535e-01
1.517745013450272218e+01,4.568495249222682131e-01
1.517797554739260946e+01,4.572563818608114117e-01
1.517850126259436294e+01,4.576633454801507517e-01
1.517902718183787059e+01,4.580703792915567507e-01
1.517955320685301679e+01,4.584774468062981501e-01
1.518007923936970016e+01,4.588845115356391946e-01
1.518060518111780866e+01,4.592915369908472378e-01
1.518113093382723378e+01,4.596984866831914651e-01
1.518165639922786880e+01,4.601053241239356772e-01
1.518218147904960347e+01,4.605120128243505029e-01
1.518270607502232750e+01,4.609185162957010196e-01
1.518323008887593417e+01,4.613247980492551914e-01
1.518375342234031145e+01,4.617308215962780960e-01
1.518427597714535437e+01,4.621365504480404174e-01
1.518479765502094914e+01,4.625419481158072332e-01
1.518479765502094914e+01,4.625419481158072332e-01
1.518560764814430009e+01,4.624905967699772247e-01
1.518638785942341762e+01,4.624042736198146764e-01
1.518714094365153500e+01,4.622859718555816233e-01
1.518786955562192276e+01,4.621386846675257787e-01
1.518857635012780882e+01,4.619654052459098992e-01
1.518926398196245486e+01,4.617691267809844735e-01
1.518993510591909768e+01,4.615528424630060411e-01
1.519059237679100249e+01,4.613195454822305308e-01
1.519123844937140788e+01,4.610722290289125391e-01
1.519187597845355242e+01,4.608138862933092716e-01
1.519250761883070311e+01,4.605475104656746033e-01
1.519313602529609852e+01,4.602760947362630750e-01
1.519376385264298968e+01,4.600026322953333913e-01
1.519439375566462402e+01,4.597301163331373175e-01
1.519502838915425436e+01,4.594615400399315042e-01
1.519567040790512280e+01,4.591998966059717691e-01
1.519632246671048215e+01,4.589481792215147626e-01
1.519698722036357985e+01,4.587093810768130275e-01
1.519766732365766160e+01,4.584864953621244354e-01
1.519836543138598017e+01,4.582825152677028613e-01
1.519836543138598017e+01,4.582825152677028613e-01
1.519989323351911281e+01,4.577314122866574797e-01
1.520140996038592185e+01,4.571739552523719774e-01
1.520291733433884573e+01,4.566110934289836498e-01
1.520441707773034068e+01,4.560437760806215213e-01
1.520591091291283448e+01,4.554729524714292155e-01
1.520740056223878334e+01,4.548995718655350351e-01
1.520888774806062571e+01,4.543245835270734445e-01
1.521037419273081071e+01,4.537489367201804624e-01
1.521186161860177499e+01,4.531735807089913304e-01
1.521335174802596413e+01,4.525994647576405128e-01
1.521484630335582544e+01,4.520275381302613082e-01
1.521634700694379916e+01,4.514587500909895690e-01
1.521785558114233083e+01,4.508940499039599259e-01
1.521937374830386602e+01,4.503343868333054556e-01
1.522090323078084495e+01,4.497807101431621213e-01
1.522244575092571495e+01,4.492339690976637767e-01
1.522400303109091801e+01,4.486951129609463851e-01
1.522557679362889616e+01,4.481650909971431340e-01
1.522716876089209492e+01,4.476448524703892096e-01
1.522878065523295987e+01,4.471353466448192426e-01
1.522878065523295987e+01,4.471353466448192426e-01
1.523057997342623970e+01,4.469126230868030181e-01
1.523237929161952664e+01,4.466898814236875959e-01
1.523417860981280647e+01,4.464671035503819385e-01
1.523597792800609163e+01,4.462442713617840173e-01
1.523777724619937146e+01,4.460213667528035719e-01
1.523957656439265484e+01,4.457983716183393508e-01
1.524137588258593468e+01,4.455752678532968192e-01
1.524317520077921806e+01,4.453520373525775011e-01
1.524497451897250322e+01,4.451286620110869174e-01
1.524677383716578305e+01,4.449051237237299783e-01
1.524857315535906643e+01,4.446814043854067644e-01
1.525037247355234804e+01,4.444574858910241844e-01
1.525217179174562787e+01,4.442333501354830405e-01
1.525397110993891125e+01,4.440089790136867998e-01
1.525577042813219464e+01,4.437843544205403723e-01
1.525756974632547625e+01,4.435594582509472250e-01
1.525936906451875785e+01,4.433342723998109358e-01
1.526116838271204301e+01,4.431087787620350271e-01
1.526296770090532462e+01,4.428829592325221887e-01
1.526476701909860623e+01,4.426567957061767755e-01
1.526476701909860623e+01,4.426567957061767755e-01
1.526554370215573897e+01,4.420335244643493477e-01
1.526630213622860310e+01,4.414054342029219979e-01
1.526704473156038944e+01,4.407731819976291598e-01
1.526777389839431542e+01,4.401374249241982173e-01
1.526849204697357720e+01,4.394988200583671012e-01
1.526920158754138868e+01,4.388580244758625848e-01
1.526990493034095842e+01,4.382156952524169924e-01
1.527060448561548611e+01,4.375724894637618712e-01
1.527130266360818744e+01,4.369290641856296564e-01
1.527200187456225677e+01,4.362860764937540048e-01
1.527270452872090800e+01,4.356441834638631327e-01
1.527341303632734970e+01,4.350040421716899752e-01
1.527412980762477979e+01,4.343663096929675782e-01
1.527485725285641394e+01,4.337316431034254904e-01
1.527559778226545362e+01,4.331006994787960362e-01
1.527635380609510740e+01,4.324741358948108738e-01
1.527712773458857498e+01,4.318526094272030491e-01
1.527792197798907381e+01,4.312367771517019999e-01
1.527873894653980358e+01,4.306272961440414937e-01
1.527958105048397286e+01,4.300248234799518010e-01
1.527958105048397286e+01,4.300248234799518010e-01
1.528124705202175448e+01,4.295314210235272601e-01
1.528290285522266423e+01,4.290304837830325457e-01
1.528455008416902317e+01,4.285232342702925412e-01
1.528619036294318079e+01,4.280108949971240251e-01
1.528782531562745284e+01,4.274946884753540455e-01
1.528945656630419059e+01,4.269758372167992699e-01
1.529108573905572399e+01,4.264555637332832494e-01
1.529271445796439188e+01,4.259350905366234841e-01
1.529434434711252067e+01,4.254156401386448572e-01
1.529597703058244917e+01,4.248984350511696428e-01
1.529761413245651269e+01,4.243846977860158964e-01
1.529925727681705006e+01,4.238756508550058366e-01
1.530090808774638944e+01,4.233725167699623482e-01
1.530256818932686791e+01,4.228765180427042636e-01
1.530423920564082430e+01,4.223888771850530244e-01
1.530592276077058855e+01,4.219108167088309047e-01
1.530762047879849597e+01,4.214435591258601232e-01
1.530933398380688359e+01,4.209883269479594570e-01
1.531106489987808317e+01,4.205463426869524568e-01
1.531281485109443530e+01,4.201188288546586214e-01
1.531281485109443530e+01,4.201188288546586214e-01
1.531536241390051245e+01,4.200645539999824929e-01
1.531791169605842384e+01,4.200046055651530108e-01
1.532046245151781072e+01,4.199398779419390437e-01
1.532301443422833565e+01,4.198712655221012446e-01
1.532556739813963631e+01,4.197996626974105361e-01
1.532812109720137350e+01,4.197259638596275155e-01
1.533067528536319024e+01,4.196510634005204410e-01
1.533322971657475087e+01,4.195758557118519638e-01
1.533578414478569130e+01,4.195012351853874555e-01
1.533833832394567054e+01,4.194280962128966173e-01
1.534089200800433872e+01,4.193573331861406572e-01
1.534344495091134242e+01,4.192898404968851134e-01
1.534599690661633353e+01,4.192265125368980772e-01
1.534854762906896930e+01,4.191682436979408677e-01
1.535109687221889629e+01,4.191159283717817430e-01
1.535364439001576642e+01,4.190704609501847422e-01
1.535618993640922625e+01,4.190327358249166800e-01
1.535873326534893124e+01,4.190036473877402079e-01
1.536127413078453330e+01,4.189840900304235838e-01
1.536381228666567722e+01,4.189749581447308469e-01
1.536381228666567722e+01,4.189749581447308469e-01
1.536536537584827933e+01,4.191981622305784305e-01
1.536691757309837136e+01,4.194223958000620756e-01
1.536846897668605116e+01,4.196475853186436011e-01
1.537001968488144144e+01,4.198736572517672849e-01
1.537156979595463291e+01,4.201005380648975551e-01
1.537311940817574829e+01,4.203281542234830748e-01
1.537466861981489252e+01,4.205564321929798344e-01
1.537621752914217588e+01,4.207852984388392170e-01
1.537776623442771040e+01,4.210146794265180459e-01
1.537931483394159216e+01,4.212445016214738658e-01
1.538086342595394385e+01,4.214746914891558949e-01
1.538241210873487042e+01,4.217051754950216225e-01
1.538396098055447503e+01,4.219358801045237639e-01
1.538551013968287506e+01,4.221667317831163668e-01
1.538705968439017724e+01,4.223976569962549221e-01
1.538860971294648650e+01,4.226285822093934774e-01
1.539016032362191311e+01,4.228594338879868020e-01
1.539171161468657090e+01,4.230901384974882773e-01
1.539326368441056481e+01,4.233206225033532832e-01
1.539481663106400333e+01,4.235508123710359785e-01
1.539481663106400333e+01,4.235508123710359785e-01
1.539549189911865312e+01,4.228144719235456539e-01
1.539614184124087970e+01,4.220733648219640033e-01
1.539676768693226450e+01,4.213278384056085013e-01
1.539737066569440849e+01,4.205782400137847432e-01
1.539795200702889666e+01,4.198249169858115359e-01
1.539851294043732466e+01,4.190682166609972503e-01
1.539905469542128458e+01,4.183084863786550867e-01
1.539957850148237384e+01,4.175460734780941929e-01
1.540008558812217565e+01,4.167813252986318773e-01
1.540057718484228211e+01,4.160145891795772877e-01
1.540105452114429063e+01,4.152462124602429583e-01
1.540151882652979509e+01,4.144765424799407572e-01
1.540197133050037692e+01,4.137059265779852724e-01
1.540241326255764065e+01,4.129347120936848747e-01
1.540284585220317304e+01,4.121632463663535417e-01
1.540327032893856440e+01,4.113918767353038075e-01
1.540368792226540506e+01,4.106209505398475401e-01
1.540409986168529599e+01,4.098508151192972182e-01
1.540450737669982217e+01,4.090818178129640992e-01
1.540491169681057748e+01,4.083143059601606062e-01
1.540491169681057748e+01,4.083143059601606062e-01
1.540507507899336126e+01,4.075534955927552772e-01
1.540521357858444595e+01,4.067901179226712793e-01
1.540533083382830526e+01,4.060245191750612159e-01
1.540543048296944662e+01,4.052570455750763023e-01
1.540551616425234727e+01,4.044880433478718618e-01
1.540559151592150755e+01,4.037178587185977219e-01
1.540566017622141537e+01,4.029468379124071520e-01
1.540572578339657284e+01,4.021753271544506458e-01
1.540579197569145897e+01,4.014036726698829161e-01
1.540586239135056701e+01,4.006322206838563993e-01
1.540594066861839195e+01,3.998613174215224220e-01
1.540603044573942526e+01,3.990913091080335318e-01
1.540613536095815483e+01,3.983225419685429980e-01
1.540625905251907568e+01,3.975553622282013144e-01
1.540640515866668103e+01,3.967901161121616949e-01
1.540657731764545879e+01,3.960271498455775196e-01
1.540677916769989864e+01,3.952668096536006703e-01
1.540701434707449913e+01,3.945094417613822513e-01
1.540728649401374639e+01,3.937553923940769196e-01
1.540759924676213188e+01,3.930050077768352801e-01
1.540759924676213188e+01,3.930050077768352801e-01
1.540853751088349100e+01,3.921471763291559665e-01
1.540944776202258026e+01,3.912829780153980197e-01
1.541033442383459118e+01,3.904133437160644537e-01
1.541120191997475253e+01,3.895392043116486791e-01
1.541205467409825758e+01,3.886614906826530991e-01
1.541289710986032624e+01,3.877811337095732336e-01
1.541373365091616243e+01,3.868990642729079887e-01
1.541456872092098251e+01,3.860162132531528290e-01
1.541540674352999218e+01,3.851335115308101575e-01
1.541625214239839714e+01,3.842518899863775483e-01
1.541710934118141374e+01,3.833722795003511319e-01
1.541798276353424768e+01,3.824956109532298143e-01
1.541887683311210822e+01,3.816228152255139450e-01
1.541979597357020637e+01,3.807548231976983777e-01
1.542074460856375318e+01,3.798925657502826292e-01
1.542172716174795610e+01,3.790369737637656611e-01
1.542274805677802618e+01,3.781889781186451027e-01
1.542381171730917266e+01,3.773495096954184169e-01
1.542492256699660302e+01,3.765194993745852314e-01
1.542608502949552829e+01,3.756998780366425095e-01
1.542608502949552829e+01,3.756998780366425095e-01
1.542807488530339199e+01,3.746617263274473197e-01
1.543005231031755997e+01,3.736208120590703285e-01
1.543201666615738255e+01,3.725769352398346501e-01
1.543396731444224557e+01,3.715298958780526295e-01
1.543590361679150114e+01,3.704794939820516553e-01
1.543782493482452978e+01,3.694255295601452938e-01
1.543973063016069247e+01,3.683678026206527178e-01
1.544162006441936796e+01,3.673061131718938221e-01
1.544349259921991901e+01,3.662402612221876130e-01
1.544534759618170838e+01,3.651700467798553729e-01
1.544718441692411126e+01,3.640952698532134990e-01
1.544900242306649574e+01,3.630157304505804428e-01
1.545080097622822990e+01,3.619312285802793738e-01
1.545257943802868361e+01,3.608415642506240251e-01
1.545433717008722319e+01,3.597465374699362339e-01
1.545607353402321849e+01,3.586459482465351734e-01
1.545778789145603405e+01,3.575395965887399607e-01
1.545947960400504684e+01,3.564272825048683813e-01
1.546114803328962140e+01,3.553088060032408846e-01
1.546279254092912225e+01,3.541839670921766436e-01
1.546279254092912225e+01,3.541839670921766436e-01
1.546364879526887393e+01,3.535959766483262601e-01
1.546450864509437295e+01,3.530081641914978863e-01
1.546537469568873036e+01,3.524214430541792176e-01
1.546624955233506427e+01,3.518367265688467915e-01
1.546713582031648748e+01,3.512549280679875263e-01
1.546803610491612524e+01,3.506769608840792918e-01
1.546895301141708856e+01,3.501037383496035660e-01
1.546988914510250090e+01,3.495361737970417160e-01
1.547084711125548218e+01,3.489751805588757749e-01
1.547182951515913452e+01,3.484216719675913287e-01
1.547283896209658671e+01,3.478765613556648595e-01
1.547387805735095867e+01,3.473407620555798991e-01
1.547494940620535786e+01,3.468151873998185364e-01
1.547605561394290774e+01,3.463007507208614166e-01
1.547719928584672999e+01,3.457983653511905731e-01
1.547838302719993386e+01,3.453089446232875392e-01
1.547960944328563926e+01,3.448334018696342373e-01
1.548088113938696608e+01,3.443726504227121454e-01
1.548220072078702714e+01,3.439276036150026861e-01
1.548357079276894410e+01,3.434991747789878369e-01
1.548357079276894410e+01,3.434991747789878369e-01
1.548517726637556358e+01,3.428651459066514029e-01
1.548680831426080928e+01,3.422399885315812740e-01
1.548846000487015573e+01,3.416223517350437389e-01
1.549012840664910406e+01,3.410108845982987580e-01
1.549180958804312880e+01,3.404042362026166169e-01
1.549349961749772930e+01,3.398010556292559992e-01
1.549519456345838897e+01,3.391999919594809176e-01
1.549689049437060184e+01,3.385996942745562732e-01
1.549858347867985664e+01,3.379988116557440248e-01
1.550026958483163142e+01,3.373959931843132365e-01
1.550194488127142556e+01,3.367898879415224256e-01
1.550360543644472422e+01,3.361791450086384359e-01
1.550524731879701434e+01,3.355624134669241143e-01
1.550686659677378643e+01,3.349383423976421414e-01
1.550845933882052918e+01,3.343055808820580288e-01
1.551002161338273133e+01,3.336627780014344569e-01
1.551154948890587981e+01,3.330085828370370482e-01
1.551303903383546690e+01,3.323416444701270400e-01
1.551448631661697952e+01,3.316606119819713872e-01
1.551588740569590286e+01,3.309641344538314378e-01
1.551588740569590286e+01,3.309641344538314378e-01
1.551793499456764636e+01,3.296553195837356731e-01
1.551997061023932822e+01,3.283434505231346834e-01
1.552199798772522854e+01,3.270294951983426790e-01
1.552402086203965581e+01,3.257144215356675421e-01
1.552604296819688656e+01,3.243991974614240936e-01
1.552806804121122752e+01,3.230847909019202158e-01
1.553009981609696766e+01,3.217721697834673988e-01
1.553214202786839948e+01,3.204623020323755234e-01
1.553419841153982439e+01,3.191561555749574119e-01
1.553627270212552069e+01,3.178546983375250545e-01
1.553836863463979512e+01,3.165588982463871104e-01
1.554048994409693485e+01,3.152697232278542372e-01
1.554264036551123240e+01,3.139881412082399237e-01
1.554482363389698563e+01,3.127151201138527181e-01
1.554704348426848881e+01,3.114516278710040553e-01
1.554930365164003092e+01,3.101986324060059808e-01
1.555160787102590980e+01,3.089571016451684304e-01
1.555395987744041619e+01,3.077280035148021176e-01
1.555636340589783906e+01,3.065123059412191431e-01
1.555882219141248157e+01,3.053109768507308308e-01
1.555882219141248157e+01,3.053109768507308308e-01
1.556039248774116857e+01,3.044479492867901427e-01
1.556197709699871012e+01,3.035895379653648085e-01
1.556357655929561012e+01,3.027359804810360600e-01
1.556519141474240975e+01,3.018875144283685308e-01
1.556682220344960932e+01,3.010443774019427865e-01
1.556846946552775179e+01,3.002068069963290120e-01
1.557013374108734816e+01,2.993750408061028323e-01
1.557181557023892893e+01,2.985493164258352095e-01
1.557351549309301042e+01,2.977298714501011023e-01
1.557523404976011250e+01,2.969169434734748036e-01
1.557697178035076568e+01,2.961107700905293294e-01
1.557872922497548629e+01,2.953115888958375845e-01
1.558050692374479951e+01,2.945196374839752496e-01
1.558230541676922876e+01,2.937351534495131755e-01
1.558412524415929568e+01,2.929583743870264323e-01
1.558596694602551835e+01,2.921895378910885910e-01
1.558783106247842554e+01,2.914288815562733337e-01
1.558971813362854064e+01,2.906766429771535654e-01
1.559162869958637820e+01,2.899330597483036343e-01
1.559356330046246342e+01,2.891983694642971114e-01
1.559356330046246342e+01,2.891983694642971114e-01
1.559642349036621667e+01,2.879711105796157744e-01
1.559931863517277151e+01,2.867564818102267266e-01
1.560224534193782198e+01,2.855532419821352197e-01
1.560520021771708876e+01,2.843601499213393446e-01
1.560817986956625525e+01,2.831759644538462961e-01
1.561118090454104390e+01,2.819994444056557192e-01
1.561419992969714698e+01,2.808293486027705343e-01
1.561723355209027631e+01,2.796644358711911083e-01
1.562027837877613301e+01,2.785034650369225262e-01
1.562333101681041647e+01,2.773451949259678195e-01
1.562638807324883672e+01,2.761883843643271885e-01
1.562944615514709668e+01,2.750317921780037755e-01
1.563250186956089927e+01,2.738741771930012781e-01
1.563555182354594919e+01,2.727142982353192302e-01
1.563859262415795293e+01,2.715509141309627728e-01
1.564162087845260984e+01,2.703827837059328831e-01
1.564463319348562642e+01,2.692086657862332588e-01
1.564762617631270913e+01,2.680273191978641556e-01
1.565059643398955735e+01,2.668375027668300481e-01
1.565354057357187578e+01,2.656379753191325244e-01
1.565354057357187578e+01,2.656379753191325244e-01
1.565495832831108025e+01,2.649369539224376568e-01
1.565636161784028602e+01,2.642292394893881458e-01
1.565775270537259978e+01,2.635157988321382150e-01
1.565913385412114955e+01,2.627975987628357046e-01
1.566050732729904738e+01,2.620756060936369480e-01
1.566187538811941948e+01,2.613507876366885085e-01
1.566324029979538679e+01,2.606241102041451652e-01
1.566460432554006843e+01,2.598965406081528706e-01
1.566596972856657821e+01,2.591690456608665150e-01
1.566733877208803882e+01,2.584425921744388233e-01
1.566871371931757650e+01,2.577181469610177467e-01
1.567009683346830151e+01,2.569966768327547335e-01
1.567149037775334008e+01,2.562791486018046183e-01
1.567289661538580781e+01,2.555665290803132983e-01
1.567431780957882914e+01,2.548597850804348863e-01
1.567575622354551967e+01,2.541598834143202201e-01
1.567721412049900032e+01,2.534677908941205815e-01
1.567869376365239553e+01,2.527844743319868082e-01
1.568019741621881558e+01,2.521109005400701819e-01
1.568172734141138847e+01,2.514480363305222066e-01
1.568172734141138847e+01,2.514480363305222066e-01
1.568418023384513127e+01,2.508669013582351393e-01
1.568664159101101063e+01,2.502911455493765924e-01
1.568911003562718065e+01,2.497199477681898705e-01
1.569158419041183095e+01,2.491524868789101732e-01
1.569406267808310673e+01,2.485879417457843854e-01
1.569654412135919053e+01,2.480254912330483452e-01
1.569902714295824353e+01,2.474643142049441358e-01
1.570151036559843938e+01,2.469035895257095936e-01
1.570399241199793750e+01,2.463424960595875235e-01
1.570647190487491329e+01,2.457802126708192592e-01
1.570894746694752975e+01,2.452159182236427204e-01
1.571141772093395872e+01,2.446487915822999626e-01
1.571388128955235786e+01,2.440780116110309594e-01
1.571633679552090612e+01,2.435027571740750185e-01
1.571878286155777182e+01,2.429222071356734736e-01
1.572121811038111616e+01,2.423355403600662983e-01
1.572364116470910744e+01,2.417419357114949097e-01
1.572605064725991753e+01,2.411405720541985598e-01
1.572844518075170939e+01,2.405306282524179162e-01
1.573082338790265133e+01,2.399112831703936466e-01
1.573082338790265133e+01,2.399112831703936466e-01
1.573379489533523490e+01,2.388641235257816520e-01
1.573676915958194655e+01,2.378176332126567261e-01
1.573974401644992227e+01,2.367710275839972067e-01
1.574271730174631401e+01,2.357235219927696634e-01
1.574568685127825240e+01,2.346743317919551819e-01
1.574865050085288765e+01,2.336226723345209699e-01
1.575160608627736281e+01,2.325677589734433115e-01
1.575455144335882096e+01,2.315088070616929117e-01
1.575748440790440164e+01,2.304450319522445834e-01
1.576040281572124613e+01,2.293756489980732505e-01
1.576330450261650107e+01,2.282998735521495626e-01
1.576618730439730953e+01,2.272169209674477219e-01
1.576904905687080571e+01,2.261260065969404598e-01
1.577188759584414512e+01,2.250263457936013123e-01
1.577470075712446196e+01,2.239171539104037323e-01
1.577748637651890462e+01,2.227976463003211727e-01
1.578024228983460731e+01,2.216670383163264202e-01
1.578296633287872197e+01,2.205245453113929832e-01
1.578565634145838281e+01,2.193693826384935930e-01
1.578831015138073646e+01,2.182007656506024518e-01
1.578831015138073646e+01,2.182007656506024518e-01
1.578948011091377346e+01,2.176673455923102685e-01
1.579055660207044554e+01,2.171123815833834458e-01
1.579154744220039852e+01,2.165376991746310598e-01
1.579246044865330489e+01,2.159451239168489467e-01
1.579330343877880871e+01,2.153364813608496242e-01
1.579408422992657890e+01,2.147135970574296782e-01
1.579481063944627373e+01,2.140782965573953811e-01
1.579549048468755501e+01,2.134324054115474545e-01
1.579613158300007747e+01,2.127777491706928925e-01
1.579674175173349582e+01,2.121161533856344705e-01
1.579732880823747720e+01,2.114494436071729377e-01
1.579790056986167812e+01,2.107794453861152606e-01
1.579846485395575328e+01,2.101079842732635483e-01
1.579902947786936984e+01,2.094368858194199101e-01
1.579960225895218073e+01,2.087679755753892585e-01
1.580019101455384778e+01,2.081030790919750628e-01
1.580080356202402569e+01,2.074440219199794599e-01
1.580144771871238163e+01,2.067926296102073624e-01
1.580213130196856852e+01,2.061507277134615179e-01
1.580286212914224464e+01,2.055201417805461728e-01
1.580286212914224464e+01,2.055201417805461728e-01
1.580322922401061980e+01,2.049808782791587847e-01
1.580364144661346160e+01,2.044509795692807941e-01
1.580409771522939977e+01,2.039303178010796191e-01
1.580459694813710492e+01,2.034187651247170436e-01
1.580513806361519791e+01,2.029161936903645935e-01
1.580571997994234934e+01,2.024224756481806387e-01
1.580634161539719607e+01,2.019374831483339294e-01
1.580700188825839270e+01,2.014610883409869713e-01
1.580769971680458497e+01,2.009931633763043790e-01
1.580843401931441683e+01,2.005335804044548476e-01
1.580920371406654112e+01,2.000822115756002717e-01
1.581000771933960358e+01,1.996389290399065708e-01
1.581084495341225349e+01,1.992036049475390536e-01
1.581171433456313835e+01,1.987761114486602532e-01
1.581261478107090745e+01,1.983563206934381984e-01
1.581354521121420831e+01,1.979441048320367824e-01
1.581450454327168487e+01,1.975393360146213417e-01
1.581549169552199352e+01,1.971418863913550201e-01
1.581650558624377467e+01,1.967516281124052357e-01
1.581754513371568294e+01,1.963684333279358540e-01
1.581754513371568294e+01,1.963684333279358540e-01
1.582051681030788082e+01,1.950838488798240233e-01
1.582351230277351206e+01,1.938074590769101602e-01
1.582653082195107608e+01,1.925390633704379129e-01
1.582957157867910247e+01,1.912784612116398553e-01
1.583263378379608888e+01,1.900254520517623835e-01
1.583571664814056490e+01,1.887798353420394870e-01
1.583881938255103705e+01,1.875414105337134263e-01
1.584194119786602428e+01,1.863099770780195785e-01
1.584508130492404199e+01,1.850853344261994826e-01
1.584823891456359490e+01,1.838672820294940391e-01
1.585141323762320731e+01,1.826556193391392913e-01
1.585460348494138572e+01,1.814501458063768058e-01
1.585780886735665263e+01,1.802506608824447076e-01
1.586102859570751988e+01,1.790569640185817879e-01
1.586426188083250111e+01,1.778688546660268932e-01
1.586750793357010814e+01,1.766861322760201747e-01
1.587076596475885815e+01,1.755085962998018667e-01
1.587403518523726476e+01,1.743360461886072632e-01
1.587731480584384514e+01,1.731682813936800680e-01
1.588060403741710758e+01,1.720051013662569905e-01
1.588060403741710758e+01,1.720051013662569905e-01
1.588436390879707893e+01,1.708897882427919124e-01
1.588813201386191132e+01,1.697783067148170288e-01
1.589190869468158596e+01,1.686708395045417030e-01
1.589569429332611961e+01,1.675675693341614758e-01
1.589948915186548639e+01,1.664686789258905397e-01
1.590329361236970129e+01,1.653743510019272112e-01
1.590710801690875797e+01,1.642847682844766621e-01
1.591093270755266076e+01,1.632001134957434263e-01
1.591476802637139443e+01,1.621205693579320373e-01
1.591861431543495797e+01,1.610463185932470009e-01
1.592247191681335394e+01,1.599775439238921293e-01
1.592634117257658488e+01,1.589144280720726499e-01
1.593022242479463557e+01,1.578571537599924024e-01
1.593411601553751566e+01,1.568059037098551711e-01
1.593802228687521527e+01,1.557608606438655174e-01
1.594194158087773339e+01,1.547222072842286134e-01
1.594587423961506900e+01,1.536901263531469108e-01
1.594982060515721933e+01,1.526648005728270252e-01
1.595378101957418160e+01,1.516464126654707145e-01
1.595775582493595302e+01,1.506351453532852047e-01
1.595775582493595302e+01,1.506351453532852047e-01
1.596037768319505901e+01,1.499368652538874691e-01
1.596297494692140617e+01,1.492232155988307829e-01
1.596555056721886778e+01,1.484959848931075854e-01
1.596810749519133843e+01,1.477569616417054865e-01
1.597064868194268605e+01,1.470079343496203672e-01
1.597317707857680347e+01,1.462506915218377834e-01
1.597569563619756927e+01,1.454870216633522562e-01
1.597820730590887095e+01,1.447187132791507014e-01
1.598071503881458533e+01,1.439475548742248368e-01
1.598322178601859100e+01,1.431753349535692388e-01
1.598573049862478257e+01,1.424038420221701018e-01
1.598824412773703330e+01,1.416348645850198928e-01
1.599076562445922178e+01,1.408701911471096357e-01
1.599329793989524262e+01,1.401116102134290498e-01
1.599584402514896908e+01,1.393609102889684925e-01
1.599840683132428865e+01,1.386198798787197095e-01
1.600098930952508169e+01,1.378903074876737800e-01
1.600359441085522860e+01,1.371739816208203677e-01
1.600622508641861685e+01,1.364726907831498581e-01
1.600888428731912327e+01,1.357882234796546905e-01
