k_index,band_index,distance_bohr_inv,kx,ky,kz,gradscf_hartree,pyscf_hartree,difference_ev
0.000000000000000000e+00,0.000000000000000000e+00,0.000000000000000000e+00,0.000000000000000000e+00,0.000000000000000000e+00,0.000000000000000000e+00,-2.823855358673911242e-01,-2.823855358676854999e-01,8.010369104831346894e-12
0.000000000000000000e+00,1.000000000000000000e+00,0.000000000000000000e+00,0.000000000000000000e+00,0.000000000000000000e+00,0.000000000000000000e+00,4.932235393814556335e-01,4.932235393811125190e-01,9.336619165936744579e-12
0.000000000000000000e+00,2.000000000000000000e+00,0.000000000000000000e+00,0.000000000000000000e+00,0.000000000000000000e+00,0.000000000000000000e+00,4.932235393814557445e-01,4.932235393811134627e-01,9.313961135280046638e-12
0.000000000000000000e+00,3.000000000000000000e+00,0.000000000000000000e+00,0.000000000000000000e+00,0.000000000000000000e+00,0.000000000000000000e+00,4.932235393814560775e-01,4.932235393819256464e-01,-1.277761875500063509e-11
0.000000000000000000e+00,4.000000000000000000e+00,0.000000000000000000e+00,0.000000000000000000e+00,0.000000000000000000e+00,0.000000000000000000e+00,7.248829743257491076e-01,7.248829743237742429e-01,5.373880657617952093e-11
0.000000000000000000e+00,5.000000000000000000e+00,0.000000000000000000e+00,0.000000000000000000e+00,0.000000000000000000e+00,0.000000000000000000e+00,7.248829743257496627e-01,7.248829743249354252e-01,2.215653291149654991e-11
0.000000000000000000e+00,6.000000000000000000e+00,0.000000000000000000e+00,0.000000000000000000e+00,0.000000000000000000e+00,0.000000000000000000e+00,7.248829743257501068e-01,7.248829743249394220e-01,2.205985864736130364e-11
0.000000000000000000e+00,7.000000000000000000e+00,0.000000000000000000e+00,0.000000000000000000e+00,0.000000000000000000e+00,0.000000000000000000e+00,1.064624347297893348e+00,1.064624347297410845e+00,1.312957349786801322e-11
1.000000000000000000e+00,0.000000000000000000e+00,7.767775153132457089e-02,0.000000000000000000e+00,7.767775153132457089e-02,0.000000000000000000e+00,-2.800223998531076730e-01,-2.800223998534044911e-01,8.076832661424328707e-12
1.000000000000000000e+00,1.000000000000000000e+00,7.767775153132457089e-02,0.000000000000000000e+00,7.767775153132457089e-02,0.000000000000000000e+00,4.832619093765690432e-01,4.832619093761870155e-01,1.039550446529310462e-11
1.000000000000000000e+00,2.000000000000000000e+00,7.767775153132457089e-02,0.000000000000000000e+00,7.767775153132457089e-02,0.000000000000000000e+00,4.832619093765692098e-01,4.832619093763766416e-01,5.240047223205721746e-12
1.000000000000000000e+00,3.000000000000000000e+00,7.767775153132457089e-02,0.000000000000000000e+00,7.767775153132457089e-02,0.000000000000000000e+00,4.872428495594078868e-01,4.872428495589377073e-01,1.279423464414888014e-11
1.000000000000000000e+00,4.000000000000000000e+00,7.767775153132457089e-02,0.000000000000000000e+00,7.767775153132457089e-02,0.000000000000000000e+00,7.245529861868935662e-01,7.245529861862688437e-01,1.699956513403205260e-11
1.000000000000000000e+00,5.000000000000000000e+00,7.767775153132457089e-02,0.000000000000000000e+00,7.767775153132457089e-02,0.000000000000000000e+00,7.369374912731918581e-01,7.369374912721652349e-01,2.793584126433168702e-11
1.000000000000000000e+00,6.000000000000000000e+00,7.767775153132457089e-02,0.000000000000000000e+00,7.767775153132457089e-02,0.000000000000000000e+00,7.369374912731927463e-01,7.369374912724321325e-01,2.069735573720519022e-11
1.000000000000000000e+00,7.000000000000000000e+00,7.767775153132457089e-02,0.000000000000000000e+00,7.767775153132457089e-02,0.000000000000000000e+00,1.066895214490082955e+00,1.066895214489464783e+00,1.682132195953269633e-11
2.000000000000000000e+00,0.000000000000000000e+00,1.553555030626491418e-01,0.000000000000000000e+00,1.553555030626491418e-01,0.000000000000000000e+00,-2.729457964398220304e-01,-2.729457964401260650e-01,8.273202260449045274e-12
2.000000000000000000e+00,1.000000000000000000e+00,1.553555030626491418e-01,0.000000000000000000e+00,1.553555030626491418e-01,0.000000000000000000e+00,4.584346335020140217e-01,4.584346335014097829e-01,1.644217757987728099e-11
2.000000000000000000e+00,2.000000000000000000e+00,1.553555030626491418e-01,0.000000000000000000e+00,1.553555030626491418e-01,0.000000000000000000e+00,4.584346335020149099e-01,4.584346335015349605e-01,1.306008887052080577e-11
2.000000000000000000e+00,3.000000000000000000e+00,1.553555030626491418e-01,0.000000000000000000e+00,1.553555030626491418e-01,0.000000000000000000e+00,4.699440168697527898e-01,4.699440168688591712e-01,2.431659850076843862e-11
2.000000000000000000e+00,4.000000000000000000e+00,1.553555030626491418e-01,0.000000000000000000e+00,1.553555030626491418e-01,0.000000000000000000e+00,7.235692196974682355e-01,7.235692196974832235e-01,-4.078445518205664258e-13
2.000000000000000000e+00,5.000000000000000000e+00,1.553555030626491418e-01,0.000000000000000000e+00,1.553555030626491418e-01,0.000000000000000000e+00,7.679988557263148774e-01,7.679988557257029225e-01,1.665214199729601535e-11
2.000000000000000000e+00,6.000000000000000000e+00,1.553555030626491418e-01,0.000000000000000000e+00,1.553555030626491418e-01,0.000000000000000000e+00,7.679988557263156546e-01,7.679988557259311843e-01,1.046196802188608482e-11
2.000000000000000000e+00,7.000000000000000000e+00,1.553555030626491418e-01,0.000000000000000000e+00,1.553555030626491418e-01,0.000000000000000000e+00,1.072680366178624833e+00,1.072680366177979350e+00,1.756450536507239397e-11
3.000000000000000000e+00,0.000000000000000000e+00,2.330332545939737265e-01,0.000000000000000000e+00,2.330332545939737265e-01,0.000000000000000000e+00,-2.611990718944409706e-01,-2.611990718947372336e-01,8.061727307653195669e-12
3.000000000000000000e+00,1.000000000000000000e+00,2.330332545939737265e-01,0.000000000000000000e+00,2.330332545939737265e-01,0.000000000000000000e+00,4.270162141854791371e-01,4.270162141848886650e-01,1.606756480635320491e-11
3.000000000000000000e+00,2.000000000000000000e+00,2.330332545939737265e-01,0.000000000000000000e+00,2.330332545939737265e-01,0.000000000000000000e+00,4.270162141854795257e-01,4.270162141849334625e-01,1.485913650466263620e-11
3.000000000000000000e+00,3.000000000000000000e+00,2.330332545939737265e-01,0.000000000000000000e+00,2.330332545939737265e-01,0.000000000000000000e+00,4.429460881700899022e-01,4.429460881694413654e-01,1.764758481081361922e-11
3.000000000000000000e+00,4.000000000000000000e+00,2.330332545939737265e-01,0.000000000000000000e+00,2.330332545939737265e-01,0.000000000000000000e+00,7.220395332809940170e-01,7.220395332806988087e-01,8.033027135488044836e-12
3.000000000000000000e+00,5.000000000000000000e+00,2.330332545939737265e-01,0.000000000000000000e+00,2.330332545939737265e-01,0.000000000000000000e+00,8.096373280544976181e-01,8.096373280540180017e-01,1.305102565825812563e-11
3.000000000000000000e+00,6.000000000000000000e+00,2.330332545939737265e-01,0.000000000000000000e+00,2.330332545939737265e-01,0.000000000000000000e+00,8.096373280544981732e-01,8.096373280541137030e-01,1.046196802188608482e-11
3.000000000000000000e+00,7.000000000000000000e+00,2.330332545939737265e-01,0.000000000000000000e+00,2.330332545939737265e-01,0.000000000000000000e+00,1.079255492401431482e+00,1.079255492400983618e+00,1.218699942254937014e-11
4.000000000000000000e+00,0.000000000000000000e+00,3.107110061252982836e-01,0.000000000000000000e+00,3.107110061252982836e-01,0.000000000000000000e+00,-2.448666427964831527e-01,-2.448666427967860493e-01,8.242236285218224809e-12
4.000000000000000000e+00,1.000000000000000000e+00,3.107110061252982836e-01,0.000000000000000000e+00,3.107110061252982836e-01,0.000000000000000000e+00,3.943479174304268531e-01,3.943479174298913925e-01,1.457062424763401263e-11
4.000000000000000000e+00,2.000000000000000000e+00,3.107110061252982836e-01,0.000000000000000000e+00,3.107110061252982836e-01,0.000000000000000000e+00,3.943479174304276302e-01,3.943479174299115431e-01,1.404344740102150385e-11
4.000000000000000000e+00,3.000000000000000000e+00,3.107110061252982836e-01,0.000000000000000000e+00,3.107110061252982836e-01,0.000000000000000000e+00,4.082044190240088910e-01,4.082044190236493453e-01,9.783737637562255359e-12
4.000000000000000000e+00,4.000000000000000000e+00,3.107110061252982836e-01,0.000000000000000000e+00,3.107110061252982836e-01,0.000000000000000000e+00,7.203465843277359060e-01,7.203465843270155933e-01,1.960070705342100082e-11
4.000000000000000000e+00,5.000000000000000000e+00,3.107110061252982836e-01,0.000000000000000000e+00,3.107110061252982836e-01,0.000000000000000000e+00,8.561889062282047602e-01,8.561889062276970552e-01,1.381535655907740920e-11
4.000000000000000000e+00,6.000000000000000000e+00,3.107110061252982836e-01,0.000000000000000000e+00,3.107110061252982836e-01,0.000000000000000000e+00,8.561889062282067586e-01,8.561889062277494578e-01,1.244379043665861563e-11
4.000000000000000000e+00,7.000000000000000000e+00,3.107110061252982836e-01,0.000000000000000000e+00,3.107110061252982836e-01,0.000000000000000000e+00,1.082998770742259920e+00,1.082998770741818495e+00,1.201177731880423789e-11
5.000000000000000000e+00,0.000000000000000000e+00,3.883887576566228961e-01,0.000000000000000000e+00,3.883887576566228961e-01,0.000000000000000000e+00,-2.240825060394246726e-01,-2.240825060397342305e-01,8.423500530471809954e-12
5.000000000000000000e+00,1.000000000000000000e+00,3.883887576566228961e-01,0.000000000000000000e+00,3.883887576566228961e-01,0.000000000000000000e+00,3.632118999131512815e-01,3.632118999125699688e-01,1.581832646912952594e-11
5.000000000000000000e+00,2.000000000000000000e+00,3.883887576566228961e-01,0.000000000000000000e+00,3.883887576566228961e-01,0.000000000000000000e+00,3.632118999131516701e-01,3.632118999127058601e-01,1.213110961359618210e-11
5.000000000000000000e+00,3.000000000000000000e+00,3.883887576566228961e-01,0.000000000000000000e+00,3.883887576566228961e-01,0.000000000000000000e+00,3.675254134755806534e-01,3.675254134751332336e-01,1.217491513953246436e-11
5.000000000000000000e+00,4.000000000000000000e+00,3.883887576566228961e-01,0.000000000000000000e+00,3.883887576566228961e-01,0.000000000000000000e+00,7.192438585965612585e-01,7.192438585960156949e-01,1.484554168626861840e-11
5.000000000000000000e+00,5.000000000000000000e+00,3.883887576566228961e-01,0.000000000000000000e+00,3.883887576566228961e-01,0.000000000000000000e+00,9.043095426338946252e-01,9.043095426332451447e-01,1.767326391222454603e-11
5.000000000000000000e+00,6.000000000000000000e+00,3.883887576566228961e-01,0.000000000000000000e+00,3.883887576566228961e-01,0.000000000000000000e+00,9.043095426338949583e-01,9.043095426335918674e-01,8.247523159038121695e-12
5.000000000000000000e+00,7.000000000000000000e+00,3.883887576566228961e-01,0.000000000000000000e+00,3.883887576566228961e-01,0.000000000000000000e+00,1.080203620768903860e+00,1.080203620768283246e+00,1.688778551612567653e-11
6.000000000000000000e+00,0.000000000000000000e+00,4.660665091879474531e-01,0.000000000000000000e+00,4.660665091879474531e-01,0.000000000000000000e+00,-1.990329049783702009e-01,-1.990329049786891957e-01,8.680291544581055442e-12
6.000000000000000000e+00,1.000000000000000000e+00,4.660665091879474531e-01,0.000000000000000000e+00,4.660665091879474531e-01,0.000000000000000000e+00,3.224148507672093822e-01,3.224148507666536601e-01,1.512196966028033620e-11
6.000000000000000000e+00,2.000000000000000000e+00,4.660665091879474531e-01,0.000000000000000000e+00,4.660665091879474531e-01,0.000000000000000000e+00,3.350605753857078262e-01,3.350605753851184643e-01,1.603735409881093884e-11
6.000000000000000000e+00,3.000000000000000000e+00,4.660665091879474531e-01,0.000000000000000000e+00,4.660665091879474531e-01,0.000000000000000000e+00,3.350605753857082147e-01,3.350605753852830548e-01,1.156919045331006799e-11
6.000000000000000000e+00,4.000000000000000000e+00,4.660665091879474531e-01,0.000000000000000000e+00,4.660665091879474531e-01,0.000000000000000000e+00,7.198192083029050226e-01,7.198192083026080379e-01,8.081364267555667972e-12
6.000000000000000000e+00,5.000000000000000000e+00,4.660665091879474531e-01,0.000000000000000000e+00,4.660665091879474531e-01,0.000000000000000000e+00,9.516861994803172964e-01,9.516861994796256274e-01,1.882127079883058582e-11
6.000000000000000000e+00,6.000000000000000000e+00,4.660665091879474531e-01,0.000000000000000000e+00,4.660665091879474531e-01,0.000000000000000000e+00,9.516861994803184066e-01,9.516861994801014690e-01,5.903172253758420588e-12
6.000000000000000000e+00,7.000000000000000000e+00,4.660665091879474531e-01,0.000000000000000000e+00,4.660665091879474531e-01,0.000000000000000000e+00,1.067799453765441831e+00,1.067799453764748607e+00,1.886356578938975445e-11
7.000000000000000000e+00,0.000000000000000000e+00,5.437442607192720656e-01,0.000000000000000000e+00,5.437442607192720656e-01,0.000000000000000000e+00,-1.699530545423027783e-01,-1.699530545426237715e-01,8.734670818157131471e-12
7.000000000000000000e+00,1.000000000000000000e+00,5.437442607192720656e-01,0.000000000000000000e+00,5.437442607192720656e-01,0.000000000000000000e+00,2.741587998689816730e-01,2.741587998684990035e-01,1.313410510399935249e-11
7.000000000000000000e+00,2.000000000000000000e+00,5.437442607192720656e-01,0.000000000000000000e+00,5.437442607192720656e-01,0.000000000000000000e+00,3.106742672221131096e-01,3.106742672215752066e-01,1.463708780422699605e-11
7.000000000000000000e+00,3.000000000000000000e+00,5.437442607192720656e-01,0.000000000000000000e+00,5.437442607192720656e-01,0.000000000000000000e+00,3.106742672221136647e-01,3.106742672216561973e-01,1.244832204278995490e-11
7.000000000000000000e+00,4.000000000000000000e+00,5.437442607192720656e-01,0.000000000000000000e+00,5.437442607192720656e-01,0.000000000000000000e+00,7.233773947654213998e-01,7.233773947650224967e-01,1.085470721993551957e-11
7.000000000000000000e+00,5.000000000000000000e+00,5.437442607192720656e-01,0.000000000000000000e+00,5.437442607192720656e-01,0.000000000000000000e+00,9.963583648511700197e-01,9.963583648505964785e-01,1.560685151633367634e-11
7.000000000000000000e+00,6.000000000000000000e+00,5.437442607192720656e-01,0.000000000000000000e+00,5.437442607192720656e-01,0.000000000000000000e+00,9.963583648511713520e-01,9.963583648508604895e-01,8.458998111833969685e-12
7.000000000000000000e+00,7.000000000000000000e+00,5.437442607192720656e-01,0.000000000000000000e+00,5.437442607192720656e-01,0.000000000000000000e+00,1.044079752498313196e+00,1.044079752497800495e+00,1.395130474301759846e-11
8.000000000000000000e+00,0.000000000000000000e+00,6.214220122505965671e-01,0.000000000000000000e+00,6.214220122505965671e-01,0.000000000000000000e+00,-1.371178982153718473e-01,-1.371178982157017501e-01,8.977111746183801542e-12
8.000000000000000000e+00,1.000000000000000000e+00,6.214220122505965671e-01,0.000000000000000000e+00,6.214220122505965671e-01,0.000000000000000000e+00,2.239650550769682891e-01,2.239650550765351911e-01,1.178519701223725686e-11
8.000000000000000000e+00,2.000000000000000000e+00,6.214220122505965671e-01,0.000000000000000000e+00,6.214220122505965671e-01,0.000000000000000000e+00,2.904698659939689009e-01,2.904698659934812910e-01,1.326854275256242812e-11
8.000000000000000000e+00,3.000000000000000000e+00,6.214220122505965671e-01,0.000000000000000000e+00,6.214220122505965671e-01,0.000000000000000000e+00,2.904698659939691230e-01,2.904698659934877303e-01,1.309936279032574876e-11
8.000000000000000000e+00,4.000000000000000000e+00,6.214220122505965671e-01,0.000000000000000000e+00,6.214220122505965671e-01,0.000000000000000000e+00,7.313062230506115480e-01,7.313062230501415906e-01,1.278819250264042725e-11
8.000000000000000000e+00,5.000000000000000000e+00,6.214220122505965671e-01,0.000000000000000000e+00,6.214220122505965671e-01,0.000000000000000000e+00,1.009367069557313590e+00,1.009367069556848850e+00,1.264620217719178509e-11
8.000000000000000000e+00,6.000000000000000000e+00,6.214220122505965671e-01,0.000000000000000000e+00,6.214220122505965671e-01,0.000000000000000000e+00,1.036448593634319293e+00,1.036448593633858994e+00,1.252535934702272887e-11
8.000000000000000000e+00,7.000000000000000000e+00,6.214220122505965671e-01,0.000000000000000000e+00,6.214220122505965671e-01,0.000000000000000000e+00,1.036448593634320181e+00,1.036448593633894300e+00,1.158882741321254029e-11
9.000000000000000000e+00,0.000000000000000000e+00,6.990997637819211796e-01,0.000000000000000000e+00,6.990997637819211796e-01,0.000000000000000000e+00,-1.008257511413661600e-01,-1.008257511417101487e-01,9.360410098126277337e-12
9.000000000000000000e+00,1.000000000000000000e+00,6.990997637819211796e-01,0.000000000000000000e+00,6.990997637819211796e-01,0.000000000000000000e+00,1.730293723730516320e-01,1.730293723725973010e-01,1.236297679398305840e-11
9.000000000000000000e+00,2.000000000000000000e+00,6.990997637819211796e-01,0.000000000000000000e+00,6.990997637819211796e-01,0.000000000000000000e+00,2.746584015153927250e-01,2.746584015149297064e-01,1.259937558050127558e-11
9.000000000000000000e+00,3.000000000000000000e+00,6.990997637819211796e-01,0.000000000000000000e+00,6.990997637819211796e-01,0.000000000000000000e+00,2.746584015153932801e-01,2.746584015149299840e-01,1.260692825738684210e-11
9.000000000000000000e+00,4.000000000000000000e+00,6.990997637819211796e-01,0.000000000000000000e+00,6.990997637819211796e-01,0.000000000000000000e+00,7.449486764291836094e-01,7.449486764288123508e-01,1.010246060213314178e-11
9.000000000000000000e+00,5.000000000000000000e+00,6.990997637819211796e-01,0.000000000000000000e+00,6.990997637819211796e-01,0.000000000000000000e+00,9.662336332126155725e-01,9.662336332120415872e-01,1.561893579935058212e-11
9.000000000000000000e+00,6.000000000000000000e+00,6.990997637819211796e-01,0.000000000000000000e+00,6.990997637819211796e-01,0.000000000000000000e+00,1.070115477285422001e+00,1.070115477284926175e+00,1.349210198837518351e-11
9.000000000000000000e+00,7.000000000000000000e+00,6.990997637819211796e-01,0.000000000000000000e+00,6.990997637819211796e-01,0.000000000000000000e+00,1.070115477285423999e+00,1.070115477284938166e+00,1.322020562049480499e-11
1.000000000000000000e+01,0.000000000000000000e+00,7.767775153132457922e-01,0.000000000000000000e+00,7.767775153132457922e-01,0.000000000000000000e+00,-6.137528897295479319e-02,-6.137528897330514488e-02,9.533555215727880171e-12
1.000000000000000000e+01,1.000000000000000000e+00,7.767775153132457922e-01,0.000000000000000000e+00,7.767775153132457922e-01,0.000000000000000000e+00,1.224747244392339479e-01,1.224747244388148248e-01,1.140491973104900671e-11
1.000000000000000000e+01,2.000000000000000000e+00,7.767775153132457922e-01,0.000000000000000000e+00,7.767775153132457922e-01,0.000000000000000000e+00,2.633353115786155607e-01,2.633353115781415510e-01,1.289846158516969131e-11
1.000000000000000000e+01,3.000000000000000000e+00,7.767775153132457922e-01,0.000000000000000000e+00,7.767775153132457922e-01,0.000000000000000000e+00,2.633353115786160048e-01,2.633353115781889575e-01,1.162054865613191677e-11
1.000000000000000000e+01,4.000000000000000000e+00,7.767775153132457922e-01,0.000000000000000000e+00,7.767775153132457922e-01,0.000000000000000000e+00,7.654602574610743781e-01,7.654602574606665932e-01,1.109639288027363363e-11
1.000000000000000000e+01,5.000000000000000000e+00,7.767775153132457922e-01,0.000000000000000000e+00,7.767775153132457922e-01,0.000000000000000000e+00,9.189095822702855187e-01,9.189095822698244431e-01,1.254650684230231480e-11
1.000000000000000000e+01,6.000000000000000000e+00,7.767775153132457922e-01,0.000000000000000000e+00,7.767775153132457922e-01,0.000000000000000000e+00,1.095641197363030672e+00,1.095641197362409169e+00,1.691195408215948809e-11
1.000000000000000000e+01,7.000000000000000000e+00,7.767775153132457922e-01,0.000000000000000000e+00,7.767775153132457922e-01,0.000000000000000000e+00,1.095641197363031782e+00,1.095641197362624553e+00,1.108128752650250059e-11
1.100000000000000000e+01,0.000000000000000000e+00,8.544552668445702936e-01,0.000000000000000000e+00,8.544552668445702936e-01,0.000000000000000000e+00,-1.904357508084900119e-02,-1.904357508121236331e-02,9.887586944738787724e-12
1.100000000000000000e+01,1.000000000000000000e+00,8.544552668445702936e-01,0.000000000000000000e+00,8.544552668445702936e-01,0.000000000000000000e+00,7.322239805606658991e-02,7.322239805569062676e-02,1.023047847534348571e-11
1.100000000000000000e+01,2.000000000000000000e+00,8.544552668445702936e-01,0.000000000000000000e+00,8.544552668445702936e-01,0.000000000000000000e+00,2.565358689901450218e-01,2.565358689896235500e-01,1.418996933260148527e-11
1.100000000000000000e+01,3.000000000000000000e+00,8.544552668445702936e-01,0.000000000000000000e+00,8.544552668445702936e-01,0.000000000000000000e+00,2.565358689901456879e-01,2.565358689897477840e-01,1.082751758314748236e-11
1.100000000000000000e+01,4.000000000000000000e+00,8.544552668445702936e-01,0.000000000000000000e+00,8.544552668445702936e-01,0.000000000000000000e+00,7.936073259488023446e-01,7.936073259482401276e-01,1.529870229940258046e-11
1.100000000000000000e+01,5.000000000000000000e+00,8.544552668445702936e-01,0.000000000000000000e+00,8.544552668445702936e-01,0.000000000000000000e+00,8.720398091245292749e-01,8.720398091241503558e-01,1.031091448417476413e-11
1.100000000000000000e+01,6.000000000000000000e+00,8.544552668445702936e-01,0.000000000000000000e+00,8.544552668445702936e-01,0.000000000000000000e+00,1.111596816022407230e+00,1.111596816021685363e+00,1.964300204398016944e-11
1.100000000000000000e+01,7.000000000000000000e+00,8.544552668445702936e-01,0.000000000000000000e+00,8.544552668445702936e-01,0.000000000000000000e+00,1.111596816022410117e+00,1.111596816022227152e+00,4.978724602965136993e-12
1.200000000000000000e+01,0.000000000000000000e+00,9.321330183758949062e-01,0.000000000000000000e+00,9.321330183758949062e-01,0.000000000000000000e+00,2.591477083023741371e-02,2.591477082706269280e-02,8.638855671017619129e-11
1.200000000000000000e+01,1.000000000000000000e+00,9.321330183758949062e-01,0.000000000000000000e+00,9.321330183758949062e-01,0.000000000000000000e+00,2.591529583183717345e-02,2.591529583428641911e-02,-6.664736986668365386e-11
1.200000000000000000e+01,2.000000000000000000e+00,9.321330183758949062e-01,0.000000000000000000e+00,9.321330183758949062e-01,0.000000000000000000e+00,2.542690397104753752e-01,2.542690397099248711e-01,1.497997933483169404e-11
1.200000000000000000e+01,3.000000000000000000e+00,9.321330183758949062e-01,0.000000000000000000e+00,9.321330183758949062e-01,0.000000000000000000e+00,2.542690397104755973e-01,2.542690397100861310e-01,1.059791620582627408e-11
1.200000000000000000e+01,4.000000000000000000e+00,9.321330183758949062e-01,0.000000000000000000e+00,9.321330183758949062e-01,0.000000000000000000e+00,8.294650909680314488e-01,8.294650909685808982e-01,-1.495127916266654321e-11
1.200000000000000000e+01,5.000000000000000000e+00,9.321330183758949062e-01,0.000000000000000000e+00,9.321330183758949062e-01,0.000000000000000000e+00,8.294686996331962492e-01,8.294686996316116279e-01,4.311974287507366738e-11
1.200000000000000000e+01,6.000000000000000000e+00,9.321330183758949062e-01,0.000000000000000000e+00,9.321330183758949062e-01,0.000000000000000000e+00,1.117027496583358204e+00,1.117027496582598589e+00,2.067016610041715140e-11
1.200000000000000000e+01,7.000000000000000000e+00,9.321330183758949062e-01,0.000000000000000000e+00,9.321330183758949062e-01,0.000000000000000000e+00,1.117027496583360424e+00,1.117027496583308688e+00,1.407818971469510717e-12
1.300000000000000000e+01,0.000000000000000000e+00,9.709718941415571569e-01,3.883887576566228544e-02,9.321330183758949062e-01,0.000000000000000000e+00,2.625011947823344474e-02,2.625011947504559892e-02,8.674570391840239297e-11
1.300000000000000000e+01,1.000000000000000000e+00,9.709718941415571569e-01,3.883887576566228544e-02,9.321330183758949062e-01,0.000000000000000000e+00,2.625064429540418035e-02,2.625064429785690587e-02,-6.674206155313643921e-11
1.300000000000000000e+01,2.000000000000000000e+00,9.709718941415571569e-01,3.883887576566228544e-02,9.321330183758949062e-01,0.000000000000000000e+00,2.530198238579923764e-01,2.530198238575222525e-01,1.279272410877176651e-11
1.300000000000000000e+01,3.000000000000000000e+00,9.709718941415571569e-01,3.883887576566228544e-02,9.321330183758949062e-01,0.000000000000000000e+00,2.530198239377496883e-01,2.530198239373068758e-01,1.204954070323206887e-11
1.300000000000000000e+01,4.000000000000000000e+00,9.709718941415571569e-01,3.883887576566228544e-02,9.321330183758949062e-01,0.000000000000000000e+00,8.321123102624260470e-01,8.321123102629701673e-01,-1.480626776646367380e-11
1.300000000000000000e+01,5.000000000000000000e+00,9.709718941415571569e-01,3.883887576566228544e-02,9.321330183758949062e-01,0.000000000000000000e+00,8.321159220424771963e-01,8.321159220409015678e-01,4.287503614398132121e-11
1.300000000000000000e+01,6.000000000000000000e+00,9.709718941415571569e-01,3.883887576566228544e-02,9.321330183758949062e-01,0.000000000000000000e+00,1.116624291157080506e+00,1.116624291156636195e+00,1.209032515841412549e-11
1.300000000000000000e+01,7.000000000000000000e+00,9.709718941415571569e-01,3.883887576566228544e-02,9.321330183758949062e-01,0.000000000000000000e+00,1.116624309332568510e+00,1.116624309332113762e+00,1.237430580931140818e-11
1.400000000000000000e+01,0.000000000000000000e+00,1.009810769907219408e+00,7.767775153132457089e-02,9.321330183758949062e-01,0.000000000000000000e+00,2.724631788113471981e-02,2.724631787792064844e-02,8.745933747562731367e-11
1.400000000000000000e+01,1.000000000000000000e+00,1.009810769907219408e+00,7.767775153132457089e-02,9.321330183758949062e-01,0.000000000000000000e+00,2.724684218026438703e-02,2.724684218273743311e-02,-6.729501190962094651e-11
1.400000000000000000e+01,2.000000000000000000e+00,1.009810769907219408e+00,7.767775153132457089e-02,9.321330183758949062e-01,0.000000000000000000e+00,2.493847832176387391e-01,2.493847832171611489e-01,1.299589111699349359e-11
1.400000000000000000e+01,3.000000000000000000e+00,1.009810769907219408e+00,7.767775153132457089e-02,9.321330183758949062e-01,0.000000000000000000e+00,2.493847835933100388e-01,2.493847835929394741e-01,1.008357890991922710e-11
1.400000000000000000e+01,4.000000000000000000e+00,1.009810769907219408e+00,7.767775153132457089e-02,9.321330183758949062e-01,0.000000000000000000e+00,8.398831171867013889e-01,8.398831171872253032e-01,-1.425643288919446709e-11
1.400000000000000000e+01,5.000000000000000000e+00,1.009810769907219408e+00,7.767775153132457089e-02,9.321330183758949062e-01,0.000000000000000000e+00,8.398867368657014776e-01,8.398867368641255160e-01,4.288409935624400621e-11
1.400000000000000000e+01,6.000000000000000000e+00,1.009810769907219408e+00,7.767775153132457089e-02,9.321330183758949062e-01,0.000000000000000000e+00,1.115400485259705698e+00,1.115400485259159469e+00,1.486366811079397547e-11
1.400000000000000000e+01,7.000000000000000000e+00,1.009810769907219408e+00,7.767775153132457089e-02,9.321330183758949062e-01,0.000000000000000000e+00,1.115400558128655906e+00,1.115400558128069708e+00,1.595125358231548634e-11
1.500000000000000000e+01,0.000000000000000000e+00,1.048649645672881769e+00,1.165166272969868633e-01,9.321330183758949062e-01,0.000000000000000000e+00,2.887295677137322394e-02,2.887295676811798412e-02,8.857958827467889400e-11
1.500000000000000000e+01,1.000000000000000000e+00,1.048649645672881769e+00,1.165166272969868633e-01,9.321330183758949062e-01,0.000000000000000000e+00,2.887348032458428304e-02,2.887348032709634305e-02,-6.835663505434832510e-11
1.500000000000000000e+01,2.000000000000000000e+00,1.048649645672881769e+00,1.165166272969868633e-01,9.321330183758949062e-01,0.000000000000000000e+00,2.436788178357180978e-01,2.436788178352139456e-01,1.371868229494216454e-11
1.500000000000000000e+01,3.000000000000000000e+00,1.048649645672881769e+00,1.165166272969868633e-01,9.321330183758949062e-01,0.000000000000000000e+00,2.436788188573224545e-01,2.436788188570494784e-01,7.428057716954206089e-12
1.500000000000000000e+01,4.000000000000000000e+00,1.048649645672881769e+00,1.165166272969868633e-01,9.321330183758949062e-01,0.000000000000000000e+00,8.522924467284909156e-01,8.522924467290181605e-01,-1.434706501182125885e-11
1.500000000000000000e+01,5.000000000000000000e+00,1.048649645672881769e+00,1.165166272969868633e-01,9.321330183758949062e-01,0.000000000000000000e+00,8.522960748451606783e-01,8.522960748435982614e-01,4.251552872422837818e-11
1.500000000000000000e+01,6.000000000000000000e+00,1.048649645672881769e+00,1.165166272969868633e-01,9.321330183758949062e-01,0.000000000000000000e+00,1.113313304728390518e+00,1.113313304727722608e+00,1.817476165742613122e-11
1.500000000000000000e+01,7.000000000000000000e+00,1.048649645672881769e+00,1.165166272969868633e-01,9.321330183758949062e-01,0.000000000000000000e+00,1.113313469237059428e+00,1.113313469236318687e+00,2.015658407219866042e-11
1.600000000000000000e+01,0.000000000000000000e+00,1.087488521438544131e+00,1.553555030626491418e-01,9.321330183758949062e-01,0.000000000000000000e+00,3.107640485529587424e-02,3.107640485197481900e-02,9.037051678116875019e-11
1.600000000000000000e+01,1.000000000000000000e+00,1.087488521438544131e+00,1.553555030626491418e-01,9.321330183758949062e-01,0.000000000000000000e+00,3.107692760957804154e-02,3.107692761214062363e-02,-6.973141106444349098e-11
1.600000000000000000e+01,2.000000000000000000e+00,1.087488521438544131e+00,1.553555030626491418e-01,9.321330183758949062e-01,0.000000000000000000e+00,2.363616292390406937e-01,2.363616292384778939e-01,1.531456292086227112e-11
1.600000000000000000e+01,3.000000000000000000e+00,1.087488521438544131e+00,1.553555030626491418e-01,9.321330183758949062e-01,0.000000000000000000e+00,2.363616313956931614e-01,2.363616313955380077e-01,4.221946379031419131e-12
1.600000000000000000e+01,4.000000000000000000e+00,1.087488521438544131e+00,1.553555030626491418e-01,9.321330183758949062e-01,0.000000000000000000e+00,8.686123958829876646e-01,8.686123958834993664e-01,-1.392411510622956126e-11
1.600000000000000000e+01,5.000000000000000000e+00,1.087488521438544131e+00,1.553555030626491418e-01,9.321330183758949062e-01,0.000000000000000000e+00,8.686160262519877495e-01,8.686160262504428742e-01,4.203819954506060778e-11
1.600000000000000000e+01,6.000000000000000000e+00,1.087488521438544131e+00,1.553555030626491418e-01,9.321330183758949062e-01,0.000000000000000000e+00,1.110290907486080281e+00,1.110290907485330436e+00,2.040431187404522738e-11
1.600000000000000000e+01,7.000000000000000000e+00,1.087488521438544131e+00,1.553555030626491418e-01,9.321330183758949062e-01,0.000000000000000000e+00,1.110291201048100307e+00,1.110291201047215015e+00,2.409001819420145598e-11
1.700000000000000000e+01,0.000000000000000000e+00,1.126327397204206493e+00,1.941943788283114480e-01,9.321330183758949062e-01,0.000000000000000000e+00,3.377521506018179437e-02,3.377521505678519192e-02,9.242626102095875762e-11
1.700000000000000000e+01,1.000000000000000000e+00,1.126327397204206493e+00,1.941943788283114480e-01,9.321330183758949062e-01,0.000000000000000000e+00,3.377573719932778357e-02,3.377573720196546531e-02,-7.177497661275551121e-11
1.700000000000000000e+01,2.000000000000000000e+00,1.126327397204206493e+00,1.941943788283114480e-01,9.321330183758949062e-01,0.000000000000000000e+00,2.279708912941501853e-01,2.279708912934926834e-01,1.789153627421740453e-11
1.700000000000000000e+01,3.000000000000000000e+00,1.126327397204206493e+00,1.941943788283114480e-01,9.321330183758949062e-01,0.000000000000000000e+00,2.279708951744225387e-01,2.279708951743892320e-01,9.063212262679254244e-13
1.700000000000000000e+01,4.000000000000000000e+00,1.126327397204206493e+00,1.941943788283114480e-01,9.321330183758949062e-01,0.000000000000000000e+00,8.879626308825467884e-01,8.879626308830560477e-01,-1.385765154963657944e-11
1.700000000000000000e+01,5.000000000000000000e+00,1.126327397204206493e+00,1.941943788283114480e-01,9.321330183758949062e-01,0.000000000000000000e+00,8.879662487536291726e-01,8.879662487521019498e-01,4.155784929513860691e-11
1.700000000000000000e+01,6.000000000000000000e+00,1.126327397204206493e+00,1.941943788283114480e-01,9.321330183758949062e-01,0.000000000000000000e+00,1.106232040660968252e+00,1.106232040660227289e+00,2.016262621370711493e-11
1.700000000000000000e+01,7.000000000000000000e+00,1.126327397204206493e+00,1.941943788283114480e-01,9.321330183758949062e-01,0.000000000000000000e+00,1.106232500814944508e+00,1.106232500813989050e+00,2.599933491087255370e-11
1.800000000000000000e+01,0.000000000000000000e+00,1.165166272969868855e+00,2.330332545939737265e-01,9.321330183758949062e-01,0.000000000000000000e+00,3.685354446468697143e-02,3.685354446119339100e-02,9.506516632477552550e-11
1.800000000000000000e+01,1.000000000000000000e+00,1.165166272969868855e+00,2.330332545939737265e-01,9.321330183758949062e-01,0.000000000000000000e+00,3.685406644947913229e-02,3.685406645220960786e-02,-7.430002531252238005e-11
1.800000000000000000e+01,2.000000000000000000e+00,1.165166272969868855e+00,2.330332545939737265e-01,9.321330183758949062e-01,0.000000000000000000e+00,2.190685983598497366e-01,2.190685983590643371e-01,2.137180978308623803e-11
1.800000000000000000e+01,3.000000000000000000e+00,1.165166272969868855e+00,2.330332545939737265e-01,9.321330183758949062e-01,0.000000000000000000e+00,2.190686046125746855e-01,2.190686046126636422e-01,-2.420632941823917455e-12
1.800000000000000000e+01,4.000000000000000000e+00,1.165166272969868855e+00,2.330332545939737265e-01,9.321330183758949062e-01,0.000000000000000000e+00,9.093973431149466879e-01,9.093973431154229736e-01,-1.296039353563133386e-11
1.800000000000000000e+01,5.000000000000000000e+00,1.165166272969868855e+00,2.330332545939737265e-01,9.321330183758949062e-01,0.000000000000000000e+00,9.094009243351488525e-01,9.094009243336222958e-01,4.153972287061324985e-11
1.800000000000000000e+01,6.000000000000000000e+00,1.165166272969868855e+00,2.330332545939737265e-01,9.321330183758949062e-01,0.000000000000000000e+00,1.101006595735745330e+00,1.101006595735110949e+00,1.726239828964975260e-11
1.800000000000000000e+01,7.000000000000000000e+00,1.165166272969868855e+00,2.330332545939737265e-01,9.321330183758949062e-01,0.000000000000000000e+00,1.101007259252445802e+00,1.101007259251508774e+00,2.549783716567096851e-11
1.900000000000000000e+01,0.000000000000000000e+00,1.204005148735531217e+00,2.718721303596360328e-01,9.321330183758949062e-01,0.000000000000000000e+00,4.015305511590496618e-02,4.015305511229275842e-02,9.829318042566646247e-11
1.900000000000000000e+01,1.000000000000000000e+00,1.204005148735531217e+00,2.718721303596360328e-01,9.321330183758949062e-01,0.000000000000000000e+00,4.015357767430764724e-02,4.015357767714140824e-02,-7.711056519856364845e-11
1.900000000000000000e+01,2.000000000000000000e+00,1.204005148735531217e+00,2.718721303596360328e-01,9.321330183758949062e-01,0.000000000000000000e+00,2.102103392045018004e-01,2.102103392035652163e-01,2.548575288265406273e-11
1.900000000000000000e+01,3.000000000000000000e+00,1.204005148735531217e+00,2.718721303596360328e-01,9.321330183758949062e-01,0.000000000000000000e+00,2.102103485070542788e-01,2.102103485072748801e-01,-6.002867588647892499e-12
1.900000000000000000e+01,4.000000000000000000e+00,1.204005148735531217e+00,2.718721303596360328e-01,9.321330183758949062e-01,0.000000000000000000e+00,9.319777251662653139e-01,9.319777251666720996e-01,-1.106920324348559481e-11
1.900000000000000000e+01,5.000000000000000000e+00,1.204005148735531217e+00,2.718721303596360328e-01,9.321330183758949062e-01,0.000000000000000000e+00,9.319812366972560769e-01,9.319812366957158645e-01,4.191131457338309544e-11
1.900000000000000000e+01,6.000000000000000000e+00,1.204005148735531217e+00,2.718721303596360328e-01,9.321330183758949062e-01,0.000000000000000000e+00,1.094458210848061830e+00,1.094458210847603530e+00,1.247098007344665284e-11
1.900000000000000000e+01,7.000000000000000000e+00,1.204005148735531217e+00,2.718721303596360328e-01,9.321330183758949062e-01,0.000000000000000000e+00,1.094459112112384114e+00,1.094459112111517030e+00,2.359456259050832529e-11
2.000000000000000000e+01,0.000000000000000000e+00,1.242844024501193356e+00,3.107110061252982836e-01,9.321330183758949062e-01,0.000000000000000000e+00,4.346522948422517491e-02,4.346522948048492374e-02,1.017774190899002114e-10
2.000000000000000000e+01,1.000000000000000000e+00,1.242844024501193356e+00,3.107110061252982836e-01,9.321330183758949062e-01,0.000000000000000000e+00,4.346575350771791912e-02,4.346575351067077236e-02,-8.035123003323789892e-11
2.000000000000000000e+01,2.000000000000000000e+00,1.242844024501193356e+00,3.107110061252982836e-01,9.321330183758949062e-01,0.000000000000000000e+00,2.019346517457708268e-01,2.019346517446773404e-01,2.975528112606454737e-11
2.000000000000000000e+01,3.000000000000000000e+00,1.242844024501193356e+00,3.107110061252982836e-01,9.321330183758949062e-01,0.000000000000000000e+00,2.019346647325752087e-01,2.019346647329387512e-01,-9.892496184714405800e-12
2.000000000000000000e+01,4.000000000000000000e+00,1.242844024501193356e+00,3.107110061252982836e-01,9.321330183758949062e-01,0.000000000000000000e+00,9.548287244872265545e-01,9.548287244875629520e-01,-9.153844385306045807e-12
2.000000000000000000e+01,5.000000000000000000e+00,1.242844024501193356e+00,3.107110061252982836e-01,9.321330183758949062e-01,0.000000000000000000e+00,9.548321266119454975e-01,9.548321266103786398e-01,4.263637155439743602e-11
2.000000000000000000e+01,6.000000000000000000e+00,1.242844024501193356e+00,3.107110061252982836e-01,9.321330183758949062e-01,0.000000000000000000e+00,1.086410453088110684e+00,1.086410453087862438e+00,6.755114206450270287e-12
2.000000000000000000e+01,7.000000000000000000e+00,1.242844024501193356e+00,3.107110061252982836e-01,9.321330183758949062e-01,0.000000000000000000e+00,1.086411621550532391e+00,1.086411621549758344e+00,2.106290529846658776e-11
2.100000000000000000e+01,0.000000000000000000e+00,1.281682900266855718e+00,3.495498818909605898e-01,9.321330183758949062e-01,0.000000000000000000e+00,4.652912004958412867e-02,4.652912004570345511e-02,1.055985071432302134e-10
2.100000000000000000e+01,1.000000000000000000e+00,1.281682900266855718e+00,3.495498818909605898e-01,9.321330183758949062e-01,0.000000000000000000e+00,4.652964635023994211e-02,4.652964635330741200e-02,-8.347010795313239371e-11
2.100000000000000000e+01,2.000000000000000000e+00,1.281682900266855718e+00,3.495498818909605898e-01,9.321330183758949062e-01,0.000000000000000000e+00,1.947612749944402366e-01,1.947612749931978415e-01,3.380729227517072791e-11
2.100000000000000000e+01,3.000000000000000000e+00,1.281682900266855718e+00,3.495498818909605898e-01,9.321330183758949062e-01,0.000000000000000000e+00,1.947612920746465970e-01,1.947612920751580767e-01,-1.391807296472110836e-11
2.100000000000000000e+01,4.000000000000000000e+00,1.281682900266855718e+00,3.495498818909605898e-01,9.321330183758949062e-01,0.000000000000000000e+00,9.771823973703085420e-01,9.771823973705862088e-01,-7.555697956320271212e-12
2.100000000000000000e+01,5.000000000000000000e+00,1.281682900266855718e+00,3.495498818909605898e-01,9.321330183758949062e-01,0.000000000000000000e+00,9.771856481234247882e-01,9.771856481218454960e-01,4.297473147887079797e-11
2.100000000000000000e+01,6.000000000000000000e+00,1.281682900266855718e+00,3.495498818909605898e-01,9.321330183758949062e-01,0.000000000000000000e+00,1.076678360282017577e+00,1.076678360281937419e+00,2.181213084551473830e-12
2.100000000000000000e+01,7.000000000000000000e+00,1.281682900266855718e+00,3.495498818909605898e-01,9.321330183758949062e-01,0.000000000000000000e+00,1.076679816519336974e+00,1.076679816518617328e+00,1.958258062889564052e-11
2.200000000000000000e+01,0.000000000000000000e+00,1.320521776032518080e+00,3.883887576566228961e-01,9.321330183758949062e-01,0.000000000000000000e+00,4.904411941942214692e-02,4.904411941541221565e-02,1.091157887688383284e-10
2.200000000000000000e+01,1.000000000000000000e+00,1.320521776032518080e+00,3.883887576566228961e-01,9.321330183758949062e-01,0.000000000000000000e+00,4.904464835356579094e-02,4.904464835673386786e-02,-8.620776450722794698e-11
2.200000000000000000e+01,2.000000000000000000e+00,1.320521776032518080e+00,3.883887576566228961e-01,9.321330183758949062e-01,0.000000000000000000e+00,1.891820963898926122e-01,1.891820963885274265e-01,3.714859652934514651e-11
2.200000000000000000e+01,3.000000000000000000e+00,1.320521776032518080e+00,3.883887576566228961e-01,9.321330183758949062e-01,0.000000000000000000e+00,1.891821174330161059e-01,1.891821174336683620e-01,-1.774879068108020475e-11
2.200000000000000000e+01,4.000000000000000000e+00,1.320521776032518080e+00,3.883887576566228961e-01,9.321330183758949062e-01,0.000000000000000000e+00,9.984088938757749165e-01,9.984088938760335985e-01,-7.039094857347553789e-12
2.200000000000000000e+01,5.000000000000000000e+00,1.320521776032518080e+00,3.883887576566228961e-01,9.321330183758949062e-01,0.000000000000000000e+00,9.984119579567849456e-01,9.984119579552300783e-01,4.231009591294098308e-11
2.200000000000000000e+01,6.000000000000000000e+00,1.320521776032518080e+00,3.883887576566228961e-01,9.321330183758949062e-01,0.000000000000000000e+00,1.065087197567998745e+00,1.065087197567991861e+00,1.873063867620379113e-13
2.200000000000000000e+01,7.000000000000000000e+00,1.320521776032518080e+00,3.883887576566228961e-01,9.321330183758949062e-01,0.000000000000000000e+00,1.065088945708547508e+00,1.065088945707825197e+00,1.965508632699707523e-11
2.300000000000000000e+01,0.000000000000000000e+00,1.359360651798180442e+00,4.272276334222851468e-01,9.321330183758949062e-01,0.000000000000000000e+00,5.070965107325099697e-02,5.070965106914916698e-02,1.116164800856492357e-10
2.300000000000000000e+01,1.000000000000000000e+00,1.359360651798180442e+00,4.272276334222851468e-01,9.321330183758949062e-01,0.000000000000000000e+00,5.071018217954082613e-02,5.071018218278157408e-02,-8.818524413279128682e-11
2.300000000000000000e+01,2.000000000000000000e+00,1.359360651798180442e+00,4.272276334222851468e-01,9.321330183758949062e-01,0.000000000000000000e+00,1.856279285184892491e-01,1.856279285170427118e-01,3.936228612450455847e-11
2.300000000000000000e+01,3.000000000000000000e+00,1.359360651798180442e+00,4.272276334222851468e-01,9.321330183758949062e-01,0.000000000000000000e+00,1.856279525388414009e-01,1.856279525395946040e-01,-2.049569926436057676e-11
2.300000000000000000e+01,4.000000000000000000e+00,1.359360651798180442e+00,4.272276334222851468e-01,9.321330183758949062e-01,0.000000000000000000e+00,1.018030683418017945e+00,1.018030683418391646e+00,-1.016892415872612359e-11
2.300000000000000000e+01,5.000000000000000000e+00,1.359360651798180442e+00,4.272276334222851468e-01,9.321330183758949062e-01,0.000000000000000000e+00,1.018033565347171709e+00,1.018033565345622726e+00,4.214997916296698709e-11
2.300000000000000000e+01,6.000000000000000000e+00,1.359360651798180442e+00,4.272276334222851468e-01,9.321330183758949062e-01,0.000000000000000000e+00,1.051502590158217121e+00,1.051502590158124750e+00,2.513530867516379661e-12
2.300000000000000000e+01,7.000000000000000000e+00,1.359360651798180442e+00,4.272276334222851468e-01,9.321330183758949062e-01,0.000000000000000000e+00,1.051504586853167389e+00,1.051504586852441969e+00,1.973967630811541572e-11
2.400000000000000000e+01,0.000000000000000000e+00,1.398199527563842803e+00,4.660665091879474531e-01,9.321330183758949062e-01,0.000000000000000000e+00,5.129423239145342733e-02,5.129423238730652229e-02,1.128430348118651712e-10
2.400000000000000000e+01,1.000000000000000000e+00,1.398199527563842803e+00,4.660665091879474531e-01,9.321330183758949062e-01,0.000000000000000000e+00,5.129476434793787953e-02,5.129476435119321998e-02,-8.858232612004991578e-11
2.400000000000000000e+01,2.000000000000000000e+00,1.398199527563842803e+00,4.660665091879474531e-01,9.321330183758949062e-01,0.000000000000000000e+00,1.844055934630079163e-01,1.844055934615349279e-01,4.008205623169899893e-11
2.400000000000000000e+01,3.000000000000000000e+00,1.398199527563842803e+00,4.660665091879474531e-01,9.321330183758949062e-01,0.000000000000000000e+00,1.844056186025601063e-01,1.844056186033528333e-01,-2.157120045286518185e-11
2.400000000000000000e+01,4.000000000000000000e+00,1.398199527563842803e+00,4.660665091879474531e-01,9.321330183758949062e-01,0.000000000000000000e+00,1.034802259516599099e+00,1.034802259520966050e+00,-1.188307970467419145e-10
2.400000000000000000e+01,5.000000000000000000e+00,1.398199527563842803e+00,4.660665091879474531e-01,9.321330183758949062e-01,0.000000000000000000e+00,1.034807137764514273e+00,1.034807137759254925e+00,1.431141637692138792e-10
2.400000000000000000e+01,6.000000000000000000e+00,1.398199527563842803e+00,4.660665091879474531e-01,9.321330183758949062e-01,0.000000000000000000e+00,1.036786908885614977e+00,1.036786908881524027e+00,1.113204151517350489e-10
2.400000000000000000e+01,7.000000000000000000e+00,1.398199527563842803e+00,4.660665091879474531e-01,9.321330183758949062e-01,0.000000000000000000e+00,1.036786931954954749e+00,1.036786931957911717e+00,-8.046319846806641521e-11
2.500000000000000000e+01,0.000000000000000000e+00,1.425662759991404460e+00,4.854859470707785785e-01,9.127135804930637253e-01,0.000000000000000000e+00,4.556939397488501964e-02,4.556939397443461603e-02,1.225610641605229878e-11
2.500000000000000000e+01,1.000000000000000000e+00,1.425662759991404460e+00,4.854859470707785785e-01,9.127135804930637253e-01,0.000000000000000000e+00,5.641117707939365816e-02,5.641117707897568001e-02,1.137376493889604603e-11
2.500000000000000000e+01,2.000000000000000000e+00,1.425662759991404460e+00,4.854859470707785785e-01,9.127135804930637253e-01,0.000000000000000000e+00,1.791793262774258322e-01,1.791793262771000927e-01,8.863821592900310220e-12
2.500000000000000000e+01,3.000000000000000000e+00,1.425662759991404460e+00,4.854859470707785785e-01,9.127135804930637253e-01,0.000000000000000000e+00,1.909411817976303660e-01,1.909411817972899716e-01,9.262602932458197863e-12
2.500000000000000000e+01,4.000000000000000000e+00,1.425662759991404460e+00,4.854859470707785785e-01,9.127135804930637253e-01,0.000000000000000000e+00,1.018347206839172125e+00,1.018347206838802421e+00,1.006016561157397153e-11
2.500000000000000000e+01,5.000000000000000000e+00,1.425662759991404460e+00,4.854859470707785785e-01,9.127135804930637253e-01,0.000000000000000000e+00,1.035546973315222496e+00,1.035546973314541042e+00,1.854333228944175279e-11
2.500000000000000000e+01,6.000000000000000000e+00,1.425662759991404460e+00,4.854859470707785785e-01,9.127135804930637253e-01,0.000000000000000000e+00,1.037809619038484676e+00,1.037809619037995734e+00,1.330479560161314548e-11
2.500000000000000000e+01,7.000000000000000000e+00,1.425662759991404460e+00,4.854859470707785785e-01,9.127135804930637253e-01,0.000000000000000000e+00,1.050100885765826053e+00,1.050100885765249847e+00,1.567935721443511104e-11
2.600000000000000000e+01,0.000000000000000000e+00,1.453125992418966117e+00,5.049053849536097038e-01,8.932941426102326554e-01,0.000000000000000000e+00,4.033473148562940341e-02,4.033473148518439827e-02,1.210920685062804017e-11
2.600000000000000000e+01,1.000000000000000000e+00,1.453125992418966117e+00,5.049053849536097038e-01,8.932941426102326554e-01,0.000000000000000000e+00,5.992603417620676054e-02,5.992603417579457636e-02,1.121610280890985504e-11
2.600000000000000000e+01,2.000000000000000000e+00,1.453125992418966117e+00,5.049053849536097038e-01,8.932941426102326554e-01,0.000000000000000000e+00,1.743666689377543766e-01,1.743666689374389067e-01,8.584372548134366791e-12
2.600000000000000000e+01,3.000000000000000000e+00,1.453125992418966117e+00,5.049053849536097038e-01,8.932941426102326554e-01,0.000000000000000000e+00,1.995139645715477972e-01,1.995139645712042387e-01,9.348703448953650363e-12
2.600000000000000000e+01,4.000000000000000000e+00,1.453125992418966117e+00,5.049053849536097038e-01,8.932941426102326554e-01,0.000000000000000000e+00,9.994742018435418540e-01,9.994742018431416186e-01,1.089096006898623692e-11
2.600000000000000000e+01,5.000000000000000000e+00,1.453125992418966117e+00,5.049053849536097038e-01,8.932941426102326554e-01,0.000000000000000000e+00,1.035391634001776584e+00,1.035391634001055383e+00,1.962487561945481238e-11
2.600000000000000000e+01,6.000000000000000000e+00,1.453125992418966117e+00,5.049053849536097038e-01,8.932941426102326554e-01,0.000000000000000000e+00,1.039673856832054710e+00,1.039673856831556664e+00,1.355252340345971082e-11
2.600000000000000000e+01,7.000000000000000000e+00,1.453125992418966117e+00,5.049053849536097038e-01,8.932941426102326554e-01,0.000000000000000000e+00,1.063303915411013323e+00,1.063303915410400036e+00,1.668839484634673270e-11
2.700000000000000000e+01,0.000000000000000000e+00,1.480589224846527774e+00,5.243248228364408847e-01,8.738747047274014745e-01,0.000000000000000000e+00,3.559239965496512059e-02,3.559239965452598575e-02,1.194946773449831815e-11
2.700000000000000000e+01,1.000000000000000000e+00,1.480589224846527774e+00,5.243248228364408847e-01,8.738747047274014745e-01,0.000000000000000000e+00,6.209424067757559479e-02,6.209424067717006501e-02,1.103502738057840849e-11
2.700000000000000000e+01,2.000000000000000000e+00,1.480589224846527774e+00,5.243248228364408847e-01,8.738747047274014745e-01,0.000000000000000000e+00,1.699815960397199899e-01,1.699815960394129855e-01,8.354015903124602504e-12
2.700000000000000000e+01,3.000000000000000000e+00,1.480589224846527774e+00,5.243248228364408847e-01,8.738747047274014745e-01,0.000000000000000000e+00,2.097293916252428447e-01,2.097293916248926804e-01,9.528457158830121882e-12
2.700000000000000000e+01,4.000000000000000000e+00,1.480589224846527774e+00,5.243248228364408847e-01,8.738747047274014745e-01,0.000000000000000000e+00,9.795024144413640999e-01,9.795024144409493205e-01,1.128672033778989731e-11
2.700000000000000000e+01,5.000000000000000000e+00,1.480589224846527774e+00,5.243248228364408847e-01,8.738747047274014745e-01,0.000000000000000000e+00,1.035240347341779943e+00,1.035240347341031431e+00,2.036805902499451003e-11
2.700000000000000000e+01,6.000000000000000000e+00,1.480589224846527774e+00,5.243248228364408847e-01,8.738747047274014745e-01,0.000000000000000000e+00,1.041451334553065378e+00,1.041451334552569996e+00,1.348001770535827773e-11
2.700000000000000000e+01,7.000000000000000000e+00,1.480589224846527774e+00,5.243248228364408847e-01,8.738747047274014745e-01,0.000000000000000000e+00,1.075440775760220014e+00,1.075440775759573198e+00,1.760075821412311132e-11
2.800000000000000000e+01,0.000000000000000000e+00,1.508052457274089431e+00,5.437442607192720656e-01,8.544552668445702936e-01,0.000000000000000000e+00,3.134416655164279364e-02,3.134416655120908501e-02,1.180181290138550191e-11
2.800000000000000000e+01,1.000000000000000000e+00,1.508052457274089431e+00,5.437442607192720656e-01,8.544552668445702936e-01,0.000000000000000000e+00,6.323288142197830419e-02,6.323288142157656999e-02,1.093174452416829354e-11
2.800000000000000000e+01,2.000000000000000000e+00,1.508052457274089431e+00,5.437442607192720656e-01,8.544552668445702936e-01,0.000000000000000000e+00,1.660353573279602646e-01,1.660353573276579509e-01,8.226375663758535765e-12
2.800000000000000000e+01,3.000000000000000000e+00,1.508052457274089431e+00,5.437442607192720656e-01,8.544552668445702936e-01,0.000000000000000000e+00,2.210879071164950638e-01,2.210879071161382381e-01,9.709721404083707027e-12
2.800000000000000000e+01,4.000000000000000000e+00,1.508052457274089431e+00,5.437442607192720656e-01,8.544552668445702936e-01,0.000000000000000000e+00,9.589520905962718444e-01,9.589520905958431873e-01,1.166435418206820064e-11
2.800000000000000000e+01,5.000000000000000000e+00,1.508052457274089431e+00,5.437442607192720656e-01,8.544552668445702936e-01,0.000000000000000000e+00,1.035191020196126077e+00,1.035191020195361356e+00,2.080913535511156630e-11
2.800000000000000000e+01,6.000000000000000000e+00,1.508052457274089431e+00,5.437442607192720656e-01,8.544552668445702936e-01,0.000000000000000000e+00,1.043019675755013420e+00,1.043019675754502273e+00,1.390900975245842822e-11
2.800000000000000000e+01,7.000000000000000000e+00,1.508052457274089431e+00,5.437442607192720656e-01,8.544552668445702936e-01,0.000000000000000000e+00,1.086441918734436962e+00,1.086441918733777712e+00,1.793911813859647005e-11
2.900000000000000000e+01,0.000000000000000000e+00,1.535515689701651088e+00,5.631636986021031355e-01,8.350358289617392238e-01,0.000000000000000000e+00,2.759166330352394100e-02,2.759166330309392734e-02,1.170126789034640389e-11
2.900000000000000000e+01,1.000000000000000000e+00,1.535515689701651088e+00,5.631636986021031355e-01,8.350358289617392238e-01,0.000000000000000000e+00,6.364889162068809725e-02,6.364889162029085945e-02,1.080939115862212368e-11
2.900000000000000000e+01,2.000000000000000000e+00,1.535515689701651088e+00,5.631636986021031355e-01,8.350358289617392238e-01,0.000000000000000000e+00,1.625369263291739919e-01,1.625369263288728439e-01,8.194654420839159294e-12
2.900000000000000000e+01,3.000000000000000000e+00,1.535515689701651088e+00,5.631636986021031355e-01,8.350358289617392238e-01,0.000000000000000000e+00,2.330494472422957597e-01,2.330494472419305518e-01,9.937812246027801682e-12
2.900000000000000000e+01,4.000000000000000000e+00,1.535515689701651088e+00,5.631636986021031355e-01,8.350358289617392238e-01,0.000000000000000000e+00,9.384066352744737660e-01,9.384066352740357830e-01,1.191812412542321887e-11
2.900000000000000000e+01,5.000000000000000000e+00,1.535515689701651088e+00,5.631636986021031355e-01,8.350358289617392238e-01,0.000000000000000000e+00,1.035248854046166622e+00,1.035248854045397904e+00,2.091789390226371835e-11
2.900000000000000000e+01,6.000000000000000000e+00,1.535515689701651088e+00,5.631636986021031355e-01,8.350358289617392238e-01,0.000000000000000000e+00,1.044351743158276280e+00,1.044351743157736268e+00,1.469448814855729772e-11
2.900000000000000000e+01,7.000000000000000000e+00,1.535515689701651088e+00,5.631636986021031355e-01,8.350358289617392238e-01,0.000000000000000000e+00,1.096254109121426623e+00,1.096254109120753162e+00,1.832581519513745191e-11
3.000000000000000000e+01,0.000000000000000000e+00,1.562978922129212744e+00,5.825831364849343164e-01,8.156163910789080429e-01,0.000000000000000000e+00,2.433636838608480013e-02,2.433636838566211047e-02,1.150197162902853017e-11
3.000000000000000000e+01,1.000000000000000000e+00,1.562978922129212744e+00,5.825831364849343164e-01,8.156163910789080429e-01,0.000000000000000000e+00,6.360144606953188617e-02,6.360144606914097665e-02,1.063719012563121707e-11
3.000000000000000000e+01,2.000000000000000000e+00,1.562978922129212744e+00,5.825831364849343164e-01,8.156163910789080429e-01,0.000000000000000000e+00,1.594933841737093683e-01,1.594933841734064162e-01,8.243746820595338436e-12
3.000000000000000000e+01,3.000000000000000000e+00,1.562978922129212744e+00,5.825831364849343164e-01,8.156163910789080429e-01,0.000000000000000000e+00,2.450649568445664173e-01,2.450649568441918280e-01,1.019309272475993516e-11
3.000000000000000000e+01,4.000000000000000000e+00,1.562978922129212744e+00,5.825831364849343164e-01,8.156163910789080429e-01,0.000000000000000000e+00,9.185069931317936254e-01,9.185069931313623037e-01,1.173685988016963373e-11
3.000000000000000000e+01,5.000000000000000000e+00,1.562978922129212744e+00,5.825831364849343164e-01,8.156163910789080429e-01,0.000000000000000000e+00,1.035398601309990507e+00,1.035398601309247324e+00,2.022304762879164062e-11
3.000000000000000000e+01,6.000000000000000000e+00,1.562978922129212744e+00,5.825831364849343164e-01,8.156163910789080429e-01,0.000000000000000000e+00,1.045443600366611880e+00,1.045443600366045889e+00,1.540141870504627801e-11
3.000000000000000000e+01,7.000000000000000000e+00,1.562978922129212744e+00,5.825831364849343164e-01,8.156163910789080429e-01,0.000000000000000000e+00,1.104834172061752051e+00,1.104834172061085695e+00,1.813246666686695936e-11
3.100000000000000000e+01,0.000000000000000000e+00,1.590442154556774401e+00,6.020025743677654972e-01,7.961969531960768620e-01,0.000000000000000000e+00,2.157959311981119330e-02,2.157959311939050551e-02,1.144749794699138565e-11
3.100000000000000000e+01,1.000000000000000000e+00,1.590442154556774401e+00,6.020025743677654972e-01,7.961969531960768620e-01,0.000000000000000000e+00,6.329277580456814378e-02,6.329277580417880245e-02,1.059451750122776963e-11
3.100000000000000000e+01,2.000000000000000000e+00,1.590442154556774401e+00,6.020025743677654972e-01,7.961969531960768620e-01,0.000000000000000000e+00,1.569102492569478813e-01,1.569102492566412099e-01,8.344952690861922358e-12
3.100000000000000000e+01,3.000000000000000000e+00,1.590442154556774401e+00,6.020025743677654972e-01,7.961969531960768620e-01,0.000000000000000000e+00,2.565836042958880570e-01,2.565836042955041973e-01,1.044535213273783977e-11
3.100000000000000000e+01,4.000000000000000000e+00,1.590442154556774401e+00,6.020025743677654972e-01,7.961969531960768620e-01,0.000000000000000000e+00,8.999381934661161431e-01,8.999381934656908166e-01,1.157372205944140726e-11
3.100000000000000000e+01,5.000000000000000000e+00,1.590442154556774401e+00,6.020025743677654972e-01,7.961969531960768620e-01,0.000000000000000000e+00,1.035614721106600467e+00,1.035614721105895697e+00,1.917775714782930160e-11
3.100000000000000000e+01,6.000000000000000000e+00,1.590442154556774401e+00,6.020025743677654972e-01,7.961969531960768620e-01,0.000000000000000000e+00,1.046304443840433196e+00,1.046304443839838783e+00,1.617481281812824173e-11
3.100000000000000000e+01,7.000000000000000000e+00,1.590442154556774401e+00,6.020025743677654972e-01,7.961969531960768620e-01,0.000000000000000000e+00,1.112147203134816076e+00,1.112147203134157269e+00,1.792703385557956426e-11
3.200000000000000000e+01,0.000000000000000000e+00,1.617905386984336058e+00,6.214220122505965671e-01,7.767775153132457922e-01,0.000000000000000000e+00,1.932246881959004403e-02,1.932246881917842884e-02,1.120061982129444481e-11
3.200000000000000000e+01,1.000000000000000000e+00,1.617905386984336058e+00,6.214220122505965671e-01,7.767775153132457922e-01,0.000000000000000000e+00,6.287335855697837039e-02,6.287335855659392791e-02,1.046121275419752881e-11
3.200000000000000000e+01,2.000000000000000000e+00,1.617905386984336058e+00,6.214220122505965671e-01,7.767775153132457922e-01,0.000000000000000000e+00,1.547917536706878427e-01,1.547917536703770081e-01,8.458242844145413679e-12
3.200000000000000000e+01,3.000000000000000000e+00,1.617905386984336058e+00,6.214220122505965671e-01,7.767775153132457922e-01,0.000000000000000000e+00,2.670537763853416124e-01,2.670537763849460955e-01,1.076256456193161417e-11
3.200000000000000000e+01,4.000000000000000000e+00,1.617905386984336058e+00,6.214220122505965671e-01,7.767775153132457922e-01,0.000000000000000000e+00,8.834089238937266053e-01,8.834089238933086063e-01,1.137433138966246343e-11
3.200000000000000000e+01,5.000000000000000000e+00,1.617905386984336058e+00,6.214220122505965671e-01,7.767775153132457922e-01,0.000000000000000000e+00,1.035864922366505514e+00,1.035864922365844265e+00,1.799349741217254446e-11
3.200000000000000000e+01,6.000000000000000000e+00,1.617905386984336058e+00,6.214220122505965671e-01,7.767775153132457922e-01,0.000000000000000000e+00,1.046953044114912190e+00,1.046953044114287135e+00,1.700862834629473437e-11
3.200000000000000000e+01,7.000000000000000000e+00,1.617905386984336058e+00,6.214220122505965671e-01,7.767775153132457922e-01,0.000000000000000000e+00,1.118165423309078088e+00,1.118165423308439710e+00,1.737115683680190466e-11
3.300000000000000000e+01,0.000000000000000000e+00,1.645368619411897715e+00,6.408414501334277480e-01,7.573580774304146113e-01,0.000000000000000000e+00,1.756593585230392315e-02,1.756593585189047957e-02,1.125037308027811146e-11
3.300000000000000000e+01,1.000000000000000000e+00,1.645368619411897715e+00,6.408414501334277480e-01,7.573580774304146113e-01,0.000000000000000000e+00,6.245143031708298709e-02,6.245143031669675437e-02,1.050992752010943076e-11
3.300000000000000000e+01,2.000000000000000000e+00,1.645368619411897715e+00,6.408414501334277480e-01,7.573580774304146113e-01,0.000000000000000000e+00,1.531410689937259262e-01,1.531410689934116220e-01,8.552651305214988704e-12
3.300000000000000000e+01,3.000000000000000000e+00,1.645368619411897715e+00,6.408414501334277480e-01,7.573580774304146113e-01,0.000000000000000000e+00,2.759328833944098003e-01,2.759328833940033476e-01,1.106014003122291628e-11
3.300000000000000000e+01,4.000000000000000000e+00,1.645368619411897715e+00,6.408414501334277480e-01,7.573580774304146113e-01,0.000000000000000000e+00,8.696202094115459413e-01,8.696202094111302738e-01,1.131088890382370888e-11
3.300000000000000000e+01,5.000000000000000000e+00,1.645368619411897715e+00,6.408414501334277480e-01,7.573580774304146113e-01,0.000000000000000000e+00,1.036113145405808567e+00,1.036113145405191505e+00,1.679111125199043025e-11
3.300000000000000000e+01,6.000000000000000000e+00,1.645368619411897715e+00,6.408414501334277480e-01,7.573580774304146113e-01,0.000000000000000000e+00,1.047414675419329866e+00,1.047414675418682162e+00,1.762492678015692289e-11
3.300000000000000000e+01,7.000000000000000000e+00,1.645368619411897715e+00,6.408414501334277480e-01,7.573580774304146113e-01,0.000000000000000000e+00,1.122867282515053189e+00,1.122867282514428577e+00,1.699654406327782858e-11
3.400000000000000000e+01,0.000000000000000000e+00,1.672831851839459372e+00,6.602608880162589289e-01,7.379386395475834304e-01,0.000000000000000000e+00,1.631073471952838513e-02,1.631073471911692607e-02,1.119637144054631425e-11
3.400000000000000000e+01,1.000000000000000000e+00,1.672831851839459372e+00,6.602608880162589289e-01,7.379386395475834304e-01,0.000000000000000000e+00,6.210204889513042115e-02,6.210204889474124634e-02,1.058998589509643036e-11
3.400000000000000000e+01,2.000000000000000000e+00,1.672831851839459372e+00,6.602608880162589289e-01,7.379386395475834304e-01,0.000000000000000000e+00,1.519604847788214586e-01,1.519604847785035462e-01,8.650836104727348603e-12
3.400000000000000000e+01,3.000000000000000000e+00,1.672831851839459372e+00,6.602608880162589289e-01,7.379386395475834304e-01,0.000000000000000000e+00,2.827147761607228249e-01,2.827147761603081566e-01,1.128369926703567167e-11
3.400000000000000000e+01,4.000000000000000000e+00,1.672831851839459372e+00,6.602608880162589289e-01,7.379386395475834304e-01,0.000000000000000000e+00,8.592194875332042070e-01,8.592194875327918702e-01,1.122025678119691711e-11
3.400000000000000000e+01,5.000000000000000000e+00,1.672831851839459372e+00,6.602608880162589289e-01,7.379386395475834304e-01,0.000000000000000000e+00,1.036323290788944140e+00,1.036323290788366158e+00,1.572769434650273095e-11
3.400000000000000000e+01,6.000000000000000000e+00,1.672831851839459372e+00,6.602608880162589289e-01,7.379386395475834304e-01,0.000000000000000000e+00,1.047717256715617218e+00,1.047717256714952638e+00,1.808412953479933945e-11
3.400000000000000000e+01,7.000000000000000000e+00,1.672831851839459372e+00,6.602608880162589289e-01,7.379386395475834304e-01,0.000000000000000000e+00,1.126236745222777280e+00,1.126236745222167102e+00,1.660380486522839222e-11
3.500000000000000000e+01,0.000000000000000000e+00,1.700295084267021029e+00,6.796803258990899987e-01,7.185192016647523605e-01,0.000000000000000000e+00,1.555739918852026490e-02,1.555739918811016587e-02,1.115936332380704089e-11
3.500000000000000000e+01,1.000000000000000000e+00,1.700295084267021029e+00,6.796803258990899987e-01,7.185192016647523605e-01,0.000000000000000000e+00,6.187412226128616993e-02,6.187412226089694656e-02,1.059130761355140378e-11
3.500000000000000000e+01,2.000000000000000000e+00,1.700295084267021029e+00,6.796803258990899987e-01,7.185192016647523605e-01,0.000000000000000000e+00,1.512515431559816326e-01,1.512515431556609169e-01,8.727118141271564952e-12
3.500000000000000000e+01,3.000000000000000000e+00,1.700295084267021029e+00,6.796803258990899987e-01,7.185192016647523605e-01,0.000000000000000000e+00,2.869757239910719626e-01,2.869757239906497448e-01,1.148913207832306838e-11
3.500000000000000000e+01,4.000000000000000000e+00,1.700295084267021029e+00,6.796803258990899987e-01,7.185192016647523605e-01,0.000000000000000000e+00,8.527406774167878289e-01,8.527406774163814873e-01,1.105711896046869064e-11
3.500000000000000000e+01,5.000000000000000000e+00,1.700295084267021029e+00,6.796803258990899987e-01,7.185192016647523605e-01,0.000000000000000000e+00,1.036463926643061084e+00,1.036463926642514410e+00,1.487575239381088125e-11
3.500000000000000000e+01,6.000000000000000000e+00,1.700295084267021029e+00,6.796803258990899987e-01,7.185192016647523605e-01,0.000000000000000000e+00,1.047886504094815319e+00,1.047886504094137639e+00,1.844061588379805524e-11
3.500000000000000000e+01,7.000000000000000000e+00,1.700295084267021029e+00,6.796803258990899987e-01,7.185192016647523605e-01,0.000000000000000000e+00,1.128262743001231305e+00,1.128262743000630675e+00,1.634399278036492270e-11
3.600000000000000000e+01,0.000000000000000000e+00,1.727758316694582685e+00,6.990997637819211796e-01,6.990997637819211796e-01,0.000000000000000000e+00,1.530625144072453141e-02,1.530625144029684748e-02,1.163787260873818358e-11
3.600000000000000000e+01,1.000000000000000000e+00,1.727758316694582685e+00,6.990997637819211796e-01,6.990997637819211796e-01,0.000000000000000000e+00,6.179518515071721202e-02,6.179518515031667825e-02,1.089907919663822085e-11
3.600000000000000000e+01,2.000000000000000000e+00,1.727758316694582685e+00,6.990997637819211796e-01,6.990997637819211796e-01,0.000000000000000000e+00,1.510151325915405074e-01,1.510151325912189035e-01,8.751286707305376520e-12
3.600000000000000000e+01,3.000000000000000000e+00,1.727758316694582685e+00,6.990997637819211796e-01,6.990997637819211796e-01,0.000000000000000000e+00,2.884298455270104533e-01,2.884298455265881245e-01,1.149215314907729402e-11
3.600000000000000000e+01,4.000000000000000000e+00,1.727758316694582685e+00,6.990997637819211796e-01,6.990997637819211796e-01,0.000000000000000000e+00,8.505393344906391206e-01,8.505393344902160147e-01,1.151330064435687834e-11
3.600000000000000000e+01,5.000000000000000000e+00,1.727758316694582685e+00,6.990997637819211796e-01,6.990997637819211796e-01,0.000000000000000000e+00,1.036513391205559520e+00,1.036513391205008849e+00,1.498451094096303331e-11
3.600000000000000000e+01,6.000000000000000000e+00,1.727758316694582685e+00,6.990997637819211796e-01,6.990997637819211796e-01,0.000000000000000000e+00,1.047940705549896601e+00,1.047940705549215146e+00,1.854333228944175279e-11
3.600000000000000000e+01,7.000000000000000000e+00,1.727758316694582685e+00,6.990997637819211796e-01,6.990997637819211796e-01,0.000000000000000000e+00,1.128938787992269654e+00,1.128938787991661030e+00,1.656150987466922359e-11
3.700000000000000000e+01,0.000000000000000000e+00,1.810148013977267656e+00,6.408414501334277480e-01,6.408414501334277480e-01,0.000000000000000000e+00,-1.052028897948060170e-02,-1.052028897987988820e-02,1.086513935488370737e-11
3.700000000000000000e+01,1.000000000000000000e+00,1.810148013977267656e+00,6.408414501334277480e-01,6.408414501334277480e-01,0.000000000000000000e+00,8.195386203054978724e-02,8.195386203016208349e-02,1.054995670760292975e-11
3.700000000000000000e+01,2.000000000000000000e+00,1.810148013977267656e+00,6.408414501334277480e-01,6.408414501334277480e-01,0.000000000000000000e+00,1.468615097793278534e-01,1.468615097790356705e-01,7.950702957435375595e-12
3.700000000000000000e+01,3.000000000000000000e+00,1.810148013977267656e+00,6.408414501334277480e-01,6.408414501334277480e-01,0.000000000000000000e+00,3.067324382754657575e-01,3.067324382750503675e-01,1.130333622693814236e-11
3.700000000000000000e+01,4.000000000000000000e+00,1.810148013977267656e+00,6.408414501334277480e-01,6.408414501334277480e-01,0.000000000000000000e+00,8.608106026105210029e-01,8.608106026100335040e-01,1.326552168180820087e-11
3.700000000000000000e+01,5.000000000000000000e+00,1.810148013977267656e+00,6.408414501334277480e-01,6.408414501334277480e-01,0.000000000000000000e+00,1.014015669586912471e+00,1.014015669586190382e+00,1.964904418548862395e-11
3.700000000000000000e+01,6.000000000000000000e+00,1.810148013977267656e+00,6.408414501334277480e-01,6.408414501334277480e-01,0.000000000000000000e+00,1.075760774576803636e+00,1.075760774576146384e+00,1.788473886502039563e-11
3.700000000000000000e+01,7.000000000000000000e+00,1.810148013977267656e+00,6.408414501334277480e-01,6.408414501334277480e-01,0.000000000000000000e+00,1.132254504583283250e+00,1.132254504582513421e+00,2.094810460980598120e-11
3.800000000000000000e+01,0.000000000000000000e+00,1.892537711259952626e+00,5.825831364849343164e-01,5.825831364849343164e-01,0.000000000000000000e+00,-4.612521931303283085e-02,-4.612521931341984072e-02,1.053107501538901507e-11
3.800000000000000000e+01,1.000000000000000000e+00,1.892537711259952626e+00,5.825831364849343164e-01,5.825831364849343164e-01,0.000000000000000000e+00,1.065716344508211427e-01,1.065716344504299418e-01,1.064512043636106240e-11
3.800000000000000000e+01,2.000000000000000000e+00,1.892537711259952626e+00,5.825831364849343164e-01,5.825831364849343164e-01,0.000000000000000000e+00,1.593822777324276907e-01,1.593822777320942352e-01,9.073786010319046199e-12
3.800000000000000000e+01,3.000000000000000000e+00,1.892537711259952626e+00,5.825831364849343164e-01,5.825831364849343164e-01,0.000000000000000000e+00,3.280322176811036328e-01,3.280322176806372836e-01,1.269000770312806896e-11
3.800000000000000000e+01,4.000000000000000000e+00,1.892537711259952626e+00,5.825831364849343164e-01,5.825831364849343164e-01,0.000000000000000000e+00,8.709079056140277553e-01,8.709079056135724528e-01,1.238941116308253960e-11
3.800000000000000000e+01,5.000000000000000000e+00,1.892537711259952626e+00,5.825831364849343164e-01,5.825831364849343164e-01,0.000000000000000000e+00,9.767310062426226569e-01,9.767310062420327954e-01,1.605094891720495986e-11
3.800000000000000000e+01,6.000000000000000000e+00,1.892537711259952626e+00,5.825831364849343164e-01,5.825831364849343164e-01,0.000000000000000000e+00,1.086219190779716737e+00,1.086219190778996868e+00,1.958862277040409503e-11
3.800000000000000000e+01,7.000000000000000000e+00,1.892537711259952626e+00,5.825831364849343164e-01,5.825831364849343164e-01,0.000000000000000000e+00,1.134339190735219161e+00,1.134339190734769520e+00,1.223533655461699328e-11
3.900000000000000000e+01,0.000000000000000000e+00,1.974927408542637597e+00,5.243248228364408847e-01,5.243248228364408847e-01,0.000000000000000000e+00,-8.465283500097524338e-02,-8.465283500132225747e-02,9.442734276178948193e-12
3.900000000000000000e+01,1.000000000000000000e+00,1.974927408542637597e+00,5.243248228364408847e-01,5.243248228364408847e-01,0.000000000000000000e+00,1.356311042399706568e-01,1.356311042395262900e-01,1.209183569379123750e-11
3.900000000000000000e+01,2.000000000000000000e+00,1.974927408542637597e+00,5.243248228364408847e-01,5.243248228364408847e-01,0.000000000000000000e+00,1.823577737768538598e-01,1.823577737765076368e-01,9.421209147055085068e-12
3.900000000000000000e+01,3.000000000000000000e+00,1.974927408542637597e+00,5.243248228364408847e-01,5.243248228364408847e-01,0.000000000000000000e+00,3.515054629210043746e-01,3.515054629205102144e-01,1.344678592706178602e-11
3.900000000000000000e+01,4.000000000000000000e+00,1.974927408542637597e+00,5.243248228364408847e-01,5.243248228364408847e-01,0.000000000000000000e+00,8.788665224792444608e-01,8.788665224787577390e-01,1.324437418652861656e-11
3.900000000000000000e+01,5.000000000000000000e+00,1.974927408542637597e+00,5.243248228364408847e-01,5.243248228364408847e-01,0.000000000000000000e+00,9.379006735507795511e-01,9.379006735502493086e-01,1.442863392218537209e-11
3.900000000000000000e+01,6.000000000000000000e+00,1.974927408542637597e+00,5.243248228364408847e-01,5.243248228364408847e-01,0.000000000000000000e+00,1.069791081474548600e+00,1.069791081474204875e+00,9.353235055084989628e-12
3.900000000000000000e+01,7.000000000000000000e+00,1.974927408542637597e+00,5.243248228364408847e-01,5.243248228364408847e-01,0.000000000000000000e+00,1.134896206323635859e+00,1.134896206322912438e+00,1.968529703453934130e-11
4.000000000000000000e+01,0.000000000000000000e+00,2.057317105825322567e+00,4.660665091879474531e-01,4.660665091879474531e-01,0.000000000000000000e+00,-1.224302436580800013e-01,-1.224302436584092657e-01,8.959740589346998872e-12
4.000000000000000000e+01,1.000000000000000000e+00,2.057317105825322567e+00,4.660665091879474531e-01,4.660665091879474531e-01,0.000000000000000000e+00,1.690920752055135035e-01,1.690920752050428799e-01,1.280631892716578592e-11
4.000000000000000000e+01,2.000000000000000000e+00,2.057317105825322567e+00,4.660665091879474531e-01,4.660665091879474531e-01,0.000000000000000000e+00,2.123322928302336099e-01,2.123322928298946310e-01,9.224084280341810879e-12
4.000000000000000000e+01,3.000000000000000000e+00,2.057317105825322567e+00,4.660665091879474531e-01,4.660665091879474531e-01,0.000000000000000000e+00,3.761022505644634473e-01,3.761022505639993740e-01,1.262807575266642803e-11
4.000000000000000000e+01,4.000000000000000000e+00,2.057317105825322567e+00,4.660665091879474531e-01,4.660665091879474531e-01,0.000000000000000000e+00,8.826463975546416929e-01,8.826463975539808882e-01,1.798141312915563867e-11
4.000000000000000000e+01,5.000000000000000000e+00,2.057317105825322567e+00,4.660665091879474531e-01,4.660665091879474531e-01,0.000000000000000000e+00,8.992178701515506356e-01,8.992178701509092598e-01,1.745272574716601789e-11
4.000000000000000000e+01,6.000000000000000000e+00,2.057317105825322567e+00,4.660665091879474531e-01,4.660665091879474531e-01,0.000000000000000000e+00,1.033846128701769507e+00,1.033846128701464639e+00,8.295860291105743216e-12
4.000000000000000000e+01,7.000000000000000000e+00,2.057317105825322567e+00,4.660665091879474531e-01,4.660665091879474531e-01,0.000000000000000000e+00,1.133581050578313709e+00,1.133581050577473714e+00,2.285742132647707893e-11
4.100000000000000000e+01,0.000000000000000000e+00,2.139706803108007538e+00,4.078081955394540214e-01,4.078081955394540214e-01,0.000000000000000000e+00,-1.577030382563053557e-01,-1.577030382566284583e-01,8.792071162487433137e-12
4.100000000000000000e+01,1.000000000000000000e+00,2.139706803108007538e+00,4.078081955394540214e-01,4.078081955394540214e-01,0.000000000000000000e+00,2.068609376593611160e-01,2.068609376589911619e-01,1.006696302077098205e-11
4.100000000000000000e+01,2.000000000000000000e+00,2.139706803108007538e+00,4.078081955394540214e-01,4.078081955394540214e-01,0.000000000000000000e+00,2.475318708308269500e-01,2.475318708304905524e-01,9.153844385306045807e-12
4.100000000000000000e+01,3.000000000000000000e+00,2.139706803108007538e+00,4.078081955394540214e-01,4.078081955394540214e-01,0.000000000000000000e+00,4.006132233712848545e-01,4.006132233708127321e-01,1.284710338234784254e-11
4.100000000000000000e+01,4.000000000000000000e+00,2.139706803108007538e+00,4.078081955394540214e-01,4.078081955394540214e-01,0.000000000000000000e+00,8.621741601648160724e-01,8.621741601641903507e-01,1.702675477082009143e-11
4.100000000000000000e+01,5.000000000000000000e+00,2.139706803108007538e+00,4.078081955394540214e-01,4.078081955394540214e-01,0.000000000000000000e+00,8.805969620461181480e-01,8.805969620453234503e-01,2.162482445875269864e-11
4.100000000000000000e+01,6.000000000000000000e+00,2.139706803108007538e+00,4.078081955394540214e-01,4.078081955394540214e-01,0.000000000000000000e+00,9.870412054050742290e-01,9.870412054043299355e-01,2.025325833633390669e-11
4.100000000000000000e+01,7.000000000000000000e+00,2.139706803108007538e+00,4.078081955394540214e-01,4.078081955394540214e-01,0.000000000000000000e+00,1.129783480187766864e+00,1.129783480187491751e+00,7.486213328973063761e-12
4.200000000000000000e+01,0.000000000000000000e+00,2.222096500390692508e+00,3.495498818909605898e-01,3.495498818909605898e-01,0.000000000000000000e+00,-1.894993048280224635e-01,-1.894993048283503123e-01,8.921221937230611887e-12
4.200000000000000000e+01,1.000000000000000000e+00,2.222096500390692508e+00,3.495498818909605898e-01,3.495498818909605898e-01,0.000000000000000000e+00,2.487329334565558103e-01,2.487329334561214078e-01,1.182069459359941659e-11
4.200000000000000000e+01,2.000000000000000000e+00,2.222096500390692508e+00,3.495498818909605898e-01,3.495498818909605898e-01,0.000000000000000000e+00,2.867192934441742946e-01,2.867192934438583252e-01,8.597967366528386202e-12
4.200000000000000000e+01,3.000000000000000000e+00,2.222096500390692508e+00,3.495498818909605898e-01,3.495498818909605898e-01,0.000000000000000000e+00,4.237986438498274055e-01,4.237986438492897801e-01,1.462953512734142953e-11
4.200000000000000000e+01,4.000000000000000000e+00,2.222096500390692508e+00,3.495498818909605898e-01,3.495498818909605898e-01,0.000000000000000000e+00,8.280182287124989715e-01,8.280182287119942641e-01,1.373378764871329596e-11
4.200000000000000000e+01,5.000000000000000000e+00,2.222096500390692508e+00,3.495498818909605898e-01,3.495498818909605898e-01,0.000000000000000000e+00,8.717034383085497939e-01,8.717034383077392201e-01,2.205683757660707639e-11
4.200000000000000000e+01,6.000000000000000000e+00,2.222096500390692508e+00,3.495498818909605898e-01,3.495498818909605898e-01,0.000000000000000000e+00,9.364569875296513413e-01,9.364569875290223999e-01,1.711436582269265917e-11
4.200000000000000000e+01,7.000000000000000000e+00,2.222096500390692508e+00,3.495498818909605898e-01,3.495498818909605898e-01,0.000000000000000000e+00,1.122794254582518025e+00,1.122794254582044848e+00,1.287580355451299337e-11
4.300000000000000000e+01,0.000000000000000000e+00,2.304486197673377479e+00,2.912915682424671582e-01,2.912915682424671582e-01,0.000000000000000000e+00,-2.171889760023067717e-01,-2.171889760026194383e-01,8.508090511590150443e-12
4.300000000000000000e+01,1.000000000000000000e+00,2.304486197673377479e+00,2.912915682424671582e-01,2.912915682424671582e-01,0.000000000000000000e+00,2.942861430983487181e-01,2.942861430978025439e-01,1.486215757541686345e-11
4.300000000000000000e+01,2.000000000000000000e+00,2.304486197673377479e+00,2.912915682424671582e-01,2.912915682424671582e-01,0.000000000000000000e+00,3.286729283034673932e-01,3.286729283030867532e-01,1.035774108086527364e-11
4.300000000000000000e+01,3.000000000000000000e+00,2.304486197673377479e+00,2.912915682424671582e-01,2.912915682424671582e-01,0.000000000000000000e+00,4.445505093364359173e-01,4.445505093358903537e-01,1.484554168626861840e-11
4.300000000000000000e+01,4.000000000000000000e+00,2.304486197673377479e+00,2.912915682424671582e-01,2.912915682424671582e-01,0.000000000000000000e+00,7.977478024604890416e-01,7.977478024599825579e-01,1.378212478078091910e-11
4.300000000000000000e+01,5.000000000000000000e+00,2.304486197673377479e+00,2.912915682424671582e-01,2.912915682424671582e-01,0.000000000000000000e+00,8.554962199221999297e-01,8.554962199216049612e-01,1.618991817189937477e-11
4.300000000000000000e+01,6.000000000000000000e+00,2.304486197673377479e+00,2.912915682424671582e-01,2.912915682424671582e-01,0.000000000000000000e+00,8.866680339905483876e-01,8.866680339901421570e-01,1.105409788971446339e-11
4.300000000000000000e+01,7.000000000000000000e+00,2.304486197673377479e+00,2.912915682424671582e-01,2.912915682424671582e-01,0.000000000000000000e+00,1.112414222040488454e+00,1.112414222039612932e+00,2.382416396782953196e-11
4.400000000000000000e+01,0.000000000000000000e+00,2.386875894956062449e+00,2.330332545939737265e-01,2.330332545939737265e-01,0.000000000000000000e+00,-2.403272809952138878e-01,-2.403272809955280254e-01,8.548119699083649439e-12
4.400000000000000000e+01,1.000000000000000000e+00,2.386875894956062449e+00,2.330332545939737265e-01,2.330332545939737265e-01,0.000000000000000000e+00,3.426821978207778008e-01,3.426821978204802055e-01,8.097980156703913021e-12
4.400000000000000000e+01,2.000000000000000000e+00,2.386875894956062449e+00,2.330332545939737265e-01,2.330332545939737265e-01,0.000000000000000000e+00,3.719103380641254342e-01,3.719103380635492839e-01,1.567784667905799580e-11
4.400000000000000000e+01,3.000000000000000000e+00,2.386875894956062449e+00,2.330332545939737265e-01,2.330332545939737265e-01,0.000000000000000000e+00,4.620329786302975195e-01,4.620329786297625030e-01,1.455853996461710684e-11
4.400000000000000000e+01,4.000000000000000000e+00,2.386875894956062449e+00,2.330332545939737265e-01,2.330332545939737265e-01,0.000000000000000000e+00,7.721253444062995408e-01,7.721253444057805115e-01,1.412350577600850346e-11
4.400000000000000000e+01,5.000000000000000000e+00,2.386875894956062449e+00,2.330332545939737265e-01,2.330332545939737265e-01,0.000000000000000000e+00,8.319403624460406377e-01,8.319403624457619717e-01,7.582887593108308418e-12
4.400000000000000000e+01,6.000000000000000000e+00,2.386875894956062449e+00,2.330332545939737265e-01,2.330332545939737265e-01,0.000000000000000000e+00,8.400991764013495677e-01,8.400991764003635787e-01,2.683012936828481909e-11
4.400000000000000000e+01,7.000000000000000000e+00,2.386875894956062449e+00,2.330332545939737265e-01,2.330332545939737265e-01,0.000000000000000000e+00,1.099553722888000351e+00,1.099553722887393725e+00,1.650713060109314917e-11
4.500000000000000000e+01,0.000000000000000000e+00,2.469265592238747420e+00,1.747749409454802949e-01,1.747749409454802949e-01,0.000000000000000000e+00,-2.585953891604564348e-01,-2.585953891607660760e-01,8.425766333537479587e-12
4.500000000000000000e+01,1.000000000000000000e+00,2.469265592238747420e+00,1.747749409454802949e-01,1.747749409454802949e-01,0.000000000000000000e+00,3.922614399522208473e-01,3.922614399518814521e-01,9.235413295670160657e-12
4.500000000000000000e+01,2.000000000000000000e+00,2.469265592238747420e+00,1.747749409454802949e-01,1.747749409454802949e-01,0.000000000000000000e+00,4.143925539718156248e-01,4.143925539711459383e-01,1.822309878949375436e-11
4.500000000000000000e+01,3.000000000000000000e+00,2.469265592238747420e+00,1.747749409454802949e-01,1.747749409454802949e-01,0.000000000000000000e+00,4.757476219834622100e-01,4.757476219828345454e-01,1.707962350901905383e-11
4.500000000000000000e+01,4.000000000000000000e+00,2.469265592238747420e+00,1.747749409454802949e-01,1.747749409454802949e-01,0.000000000000000000e+00,7.517076868328640415e-01,7.517076868324852335e-01,1.030789341342053849e-11
4.500000000000000000e+01,5.000000000000000000e+00,2.469265592238747420e+00,1.747749409454802949e-01,1.747749409454802949e-01,0.000000000000000000e+00,7.979938598223610402e-01,7.979938598215037260e-01,2.332870836413640127e-11
4.500000000000000000e+01,6.000000000000000000e+00,2.469265592238747420e+00,1.747749409454802949e-01,1.747749409454802949e-01,0.000000000000000000e+00,8.018358294310371503e-01,8.018358294308661760e-01,4.652448961508684054e-12
4.500000000000000000e+01,7.000000000000000000e+00,2.469265592238747420e+00,1.747749409454802949e-01,1.747749409454802949e-01,0.000000000000000000e+00,1.086223840147249486e+00,1.086223840146844033e+00,1.103295039443487907e-11
4.600000000000000000e+01,0.000000000000000000e+00,2.551655289521432390e+00,1.165166272969868633e-01,1.165166272969868633e-01,0.000000000000000000e+00,-2.717741530442826514e-01,-2.717741530445855203e-01,8.241481017529668803e-12
4.600000000000000000e+01,1.000000000000000000e+00,2.551655289521432390e+00,1.165166272969868633e-01,1.165166272969868633e-01,0.000000000000000000e+00,4.396283190501505955e-01,4.396283190490939408e-01,2.875304090334993461e-11
4.600000000000000000e+01,2.000000000000000000e+00,2.551655289521432390e+00,1.165166272969868633e-01,1.165166272969868633e-01,0.000000000000000000e+00,4.529134186525193284e-01,4.529134186518419258e-01,1.843306320691248872e-11
4.600000000000000000e+01,3.000000000000000000e+00,2.551655289521432390e+00,1.165166272969868633e-01,1.165166272969868633e-01,0.000000000000000000e+00,4.855019196821744321e-01,4.855019196815106297e-01,1.806298203951975191e-11
4.600000000000000000e+01,4.000000000000000000e+00,2.551655289521432390e+00,1.165166272969868633e-01,1.165166272969868633e-01,0.000000000000000000e+00,7.368808849944205042e-01,7.368808849940816641e-01,9.220307941899027619e-12
4.600000000000000000e+01,5.000000000000000000e+00,2.551655289521432390e+00,1.165166272969868633e-01,1.165166272969868633e-01,0.000000000000000000e+00,7.618203240069956195e-01,7.618203240073571081e-01,-9.836606375761217760e-12
4.600000000000000000e+01,6.000000000000000000e+00,2.551655289521432390e+00,1.165166272969868633e-01,1.165166272969868633e-01,0.000000000000000000e+00,7.680814529184838424e-01,7.680814529182342643e-01,6.791367055500987639e-12
4.600000000000000000e+01,7.000000000000000000e+00,2.551655289521432390e+00,1.165166272969868633e-01,1.165166272969868633e-01,0.000000000000000000e+00,1.074816616875886588e+00,1.074816616875261976e+00,1.699654406327782858e-11
4.700000000000000000e+01,0.000000000000000000e+00,2.634044986804117361e+00,5.825831364849343164e-02,5.825831364849343164e-02,0.000000000000000000e+00,-2.797275068271162790e-01,-2.797275068274066023e-01,7.900100022302082826e-12
4.700000000000000000e+01,1.000000000000000000e+00,2.634044986804117361e+00,5.825831364849343164e-02,5.825831364849343164e-02,0.000000000000000000e+00,4.775923254089556869e-01,4.775923254082442004e-01,1.936053192846000038e-11
4.700000000000000000e+01,2.000000000000000000e+00,2.634044986804117361e+00,5.825831364849343164e-02,5.825831364849343164e-02,0.000000000000000000e+00,4.819211340962375467e-01,4.819211340957941792e-01,1.206464605700320029e-11
4.700000000000000000e+01,3.000000000000000000e+00,2.634044986804117361e+00,5.825831364849343164e-02,5.825831364849343164e-02,0.000000000000000000e+00,4.913025431921059782e-01,4.913025431916240859e-01,1.311295760871976817e-11
4.700000000000000000e+01,4.000000000000000000e+00,2.634044986804117361e+00,5.825831364849343164e-02,5.825831364849343164e-02,0.000000000000000000e+00,7.278934324241019826e-01,7.278934324234966891e-01,1.647087775204243182e-11
4.700000000000000000e+01,5.000000000000000000e+00,2.634044986804117361e+00,5.825831364849343164e-02,5.825831364849343164e-02,0.000000000000000000e+00,7.352064684815929896e-01,7.352064684813482964e-01,6.658439942315025630e-12
4.700000000000000000e+01,6.000000000000000000e+00,2.634044986804117361e+00,5.825831364849343164e-02,5.825831364849343164e-02,0.000000000000000000e+00,7.379737069230326574e-01,7.379737069223684109e-01,1.807506632253665769e-11
4.700000000000000000e+01,7.000000000000000000e+00,2.634044986804117361e+00,5.825831364849343164e-02,5.825831364849343164e-02,0.000000000000000000e+00,1.067254740860929862e+00,1.067254740860344109e+00,1.593916929929858055e-11
4.800000000000000000e+01,0.000000000000000000e+00,2.716434684086802331e+00,0.000000000000000000e+00,0.000000000000000000e+00,0.000000000000000000e+00,-2.823855358673911242e-01,-2.823855358676854999e-01,8.010369104831346894e-12
4.800000000000000000e+01,1.000000000000000000e+00,2.716434684086802331e+00,0.000000000000000000e+00,0.000000000000000000e+00,0.000000000000000000e+00,4.932235393814556335e-01,4.932235393811125190e-01,9.336619165936744579e-12
4.800000000000000000e+01,2.000000000000000000e+00,2.716434684086802331e+00,0.000000000000000000e+00,0.000000000000000000e+00,0.000000000000000000e+00,4.932235393814557445e-01,4.932235393811134627e-01,9.313961135280046638e-12
4.800000000000000000e+01,3.000000000000000000e+00,2.716434684086802331e+00,0.000000000000000000e+00,0.000000000000000000e+00,0.000000000000000000e+00,4.932235393814560775e-01,4.932235393819256464e-01,-1.277761875500063509e-11
4.800000000000000000e+01,4.000000000000000000e+00,2.716434684086802331e+00,0.000000000000000000e+00,0.000000000000000000e+00,0.000000000000000000e+00,7.248829743257491076e-01,7.248829743237742429e-01,5.373880657617952093e-11
4.800000000000000000e+01,5.000000000000000000e+00,2.716434684086802331e+00,0.000000000000000000e+00,0.000000000000000000e+00,0.000000000000000000e+00,7.248829743257496627e-01,7.248829743249354252e-01,2.215653291149654991e-11
4.800000000000000000e+01,6.000000000000000000e+00,2.716434684086802331e+00,0.000000000000000000e+00,0.000000000000000000e+00,0.000000000000000000e+00,7.248829743257501068e-01,7.248829743249394220e-01,2.205985864736130364e-11
4.800000000000000000e+01,7.000000000000000000e+00,2.716434684086802331e+00,0.000000000000000000e+00,0.000000000000000000e+00,0.000000000000000000e+00,1.064624347297893348e+00,1.064624347297410845e+00,1.312957349786801322e-11
4.900000000000000000e+01,0.000000000000000000e+00,2.783705590221785098e+00,3.883887576566228544e-02,3.883887576566228544e-02,3.883887576566228544e-02,-2.806132041441946612e-01,-2.806132041444957537e-01,8.193143885462045667e-12
4.900000000000000000e+01,1.000000000000000000e+00,2.783705590221785098e+00,3.883887576566228544e-02,3.883887576566228544e-02,3.883887576566228544e-02,4.804629175339146796e-01,4.804629175331671664e-01,2.034086938820647120e-11
4.900000000000000000e+01,2.000000000000000000e+00,2.783705590221785098e+00,3.883887576566228544e-02,3.883887576566228544e-02,3.883887576566228544e-02,4.898271523012368012e-01,4.898271523007896033e-01,1.216887299802401147e-11
4.900000000000000000e+01,3.000000000000000000e+00,2.783705590221785098e+00,3.883887576566228544e-02,3.883887576566228544e-02,3.883887576566228544e-02,4.898271523012370232e-01,4.898271523007908246e-01,1.214168336123597426e-11
4.900000000000000000e+01,4.000000000000000000e+00,2.783705590221785098e+00,3.883887576566228544e-02,3.883887576566228544e-02,3.883887576566228544e-02,7.292805733022208470e-01,7.292805733015561565e-01,1.808715060555356348e-11
4.900000000000000000e+01,5.000000000000000000e+00,2.783705590221785098e+00,3.883887576566228544e-02,3.883887576566228544e-02,3.883887576566228544e-02,7.292805733022218462e-01,7.292805733015595981e-01,1.802068704896058328e-11
4.900000000000000000e+01,6.000000000000000000e+00,2.783705590221785098e+00,3.883887576566228544e-02,3.883887576566228544e-02,3.883887576566228544e-02,7.340099632500156623e-01,7.340099632498213733e-01,5.286873819896231255e-12
4.900000000000000000e+01,7.000000000000000000e+00,2.783705590221785098e+00,3.883887576566228544e-02,3.883887576566228544e-02,3.883887576566228544e-02,1.066397297877023531e+00,1.066397297876322536e+00,1.907504074218560406e-11
5.000000000000000000e+01,0.000000000000000000e+00,2.850976496356767864e+00,7.767775153132457089e-02,7.767775153132457089e-02,7.767775153132457089e-02,-2.753058820273869833e-01,-2.753058820276907404e-01,8.265649583563480371e-12
5.000000000000000000e+01,1.000000000000000000e+00,2.850976496356767864e+00,7.767775153132457089e-02,7.767775153132457089e-02,7.767775153132457089e-02,4.474914738471086895e-01,4.474914738457462793e-01,3.707306976048948778e-11
5.000000000000000000e+01,2.000000000000000000e+00,2.850976496356767864e+00,7.767775153132457089e-02,7.767775153132457089e-02,7.767775153132457089e-02,4.805793055595010688e-01,4.805793055588520879e-01,1.765966909383052500e-11
5.000000000000000000e+01,3.000000000000000000e+00,2.850976496356767864e+00,7.767775153132457089e-02,7.767775153132457089e-02,7.767775153132457089e-02,4.805793055595014573e-01,4.805793055588544194e-01,1.760680035563156260e-11
5.000000000000000000e+01,4.000000000000000000e+00,2.850976496356767864e+00,7.767775153132457089e-02,7.767775153132457089e-02,7.767775153132457089e-02,7.414116154894144772e-01,7.414116154890497690e-01,9.924217427633783887e-12
5.000000000000000000e+01,5.000000000000000000e+00,2.850976496356767864e+00,7.767775153132457089e-02,7.767775153132457089e-02,7.767775153132457089e-02,7.414116154894149213e-01,7.414116154890521004e-01,9.872859224811933497e-12
5.000000000000000000e+01,6.000000000000000000e+00,2.850976496356767864e+00,7.767775153132457089e-02,7.767775153132457089e-02,7.767775153132457089e-02,7.563175817182963279e-01,7.563175817191566397e-01,-2.341027727450051451e-11
5.000000000000000000e+01,7.000000000000000000e+00,2.850976496356767864e+00,7.767775153132457089e-02,7.767775153132457089e-02,7.767775153132457089e-02,1.071741358634476837e+00,1.071741358633783836e+00,1.885752364788129994e-11
5.100000000000000000e+01,0.000000000000000000e+00,2.918247402491750631e+00,1.165166272969868633e-01,1.165166272969868633e-01,1.165166272969868633e-01,-2.664953591077360850e-01,-2.664953591080396755e-01,8.261117977432139490e-12
5.100000000000000000e+01,1.000000000000000000e+00,2.918247402491750631e+00,1.165166272969868633e-01,1.165166272969868633e-01,1.165166272969868633e-01,4.031293412601434922e-01,4.031293412598332404e-01,8.442382222685724636e-12
5.100000000000000000e+01,2.000000000000000000e+00,2.918247402491750631e+00,1.165166272969868633e-01,1.165166272969868633e-01,1.165166272969868633e-01,4.675828563039084451e-01,4.675828563031951823e-01,1.940886906052762351e-11
5.100000000000000000e+01,3.000000000000000000e+00,2.918247402491750631e+00,1.165166272969868633e-01,1.165166272969868633e-01,1.165166272969868633e-01,4.675828563039087782e-01,4.675828563031972918e-01,1.936053192846000038e-11
5.100000000000000000e+01,4.000000000000000000e+00,2.918247402491750631e+00,1.165166272969868633e-01,1.165166272969868633e-01,1.165166272969868633e-01,7.588326389194026689e-01,7.588326389191593080e-01,6.622187093264308278e-12
5.100000000000000000e+01,5.000000000000000000e+00,2.918247402491750631e+00,1.165166272969868633e-01,1.165166272969868633e-01,1.165166272969868633e-01,7.588326389194038901e-01,7.588326389191609733e-01,6.610102810247402494e-12
5.100000000000000000e+01,6.000000000000000000e+00,2.918247402491750631e+00,1.165166272969868633e-01,1.165166272969868633e-01,1.165166272969868633e-01,7.836261241322809434e-01,7.836261241314145254e-01,2.357643616598296500e-11
5.100000000000000000e+01,7.000000000000000000e+00,2.918247402491750631e+00,1.165166272969868633e-01,1.165166272969868633e-01,1.165166272969868633e-01,1.080730424985702598e+00,1.080730424985154814e+00,1.490596310135314733e-11
5.200000000000000000e+01,0.000000000000000000e+00,2.985518308626733397e+00,1.553555030626491418e-01,1.553555030626491418e-01,1.553555030626491418e-01,-2.542423784334844061e-01,-2.542423784337891624e-01,8.292839220351517578e-12
5.200000000000000000e+01,1.000000000000000000e+00,2.985518308626733397e+00,1.553555030626491418e-01,1.553555030626491418e-01,1.553555030626491418e-01,3.533183963075690048e-01,3.533183963076599321e-01,-2.474256947711436266e-12
5.200000000000000000e+01,2.000000000000000000e+00,2.985518308626733397e+00,1.553555030626491418e-01,1.553555030626491418e-01,1.553555030626491418e-01,4.529334311275097780e-01,4.529334311269447300e-01,1.537573960363535443e-11
5.200000000000000000e+01,3.000000000000000000e+00,2.985518308626733397e+00,1.553555030626491418e-01,1.553555030626491418e-01,1.553555030626491418e-01,4.529334311275104996e-01,4.529334311269456181e-01,1.537120799750401517e-11
5.200000000000000000e+01,4.000000000000000000e+00,2.985518308626733397e+00,1.553555030626491418e-01,1.553555030626491418e-01,1.553555030626491418e-01,7.789456533440558550e-01,7.789456533435916707e-01,1.263109682342065367e-11
5.200000000000000000e+01,5.000000000000000000e+00,2.985518308626733397e+00,1.553555030626491418e-01,1.553555030626491418e-01,1.553555030626491418e-01,7.789456533440565211e-01,7.789456533435924479e-01,1.262807575266642803e-11
5.200000000000000000e+01,6.000000000000000000e+00,2.985518308626733397e+00,1.553555030626491418e-01,1.553555030626491418e-01,1.553555030626491418e-01,8.108699416949970429e-01,8.108699416932598769e-01,4.727069409138076382e-11
5.200000000000000000e+01,7.000000000000000000e+00,2.985518308626733397e+00,1.553555030626491418e-01,1.553555030626491418e-01,1.553555030626491418e-01,1.093459832826890077e+00,1.093459832826624289e+00,7.232443385618044719e-12
5.300000000000000000e+01,0.000000000000000000e+00,3.052789214761716163e+00,1.941943788283114203e-01,1.941943788283114203e-01,1.941943788283114203e-01,-2.386450494761041263e-01,-2.386450494764040808e-01,8.162177910231225201e-12
5.300000000000000000e+01,1.000000000000000000e+00,3.052789214761716163e+00,1.941943788283114203e-01,1.941943788283114203e-01,1.941943788283114203e-01,3.014308097600138514e-01,3.014308097595576053e-01,1.241509026449346480e-11
5.300000000000000000e+01,2.000000000000000000e+00,3.052789214761716163e+00,1.941943788283114203e-01,1.941943788283114203e-01,1.941943788283114203e-01,4.381898442749512235e-01,4.381898442745417177e-01,1.114321947696414314e-11
5.300000000000000000e+01,3.000000000000000000e+00,3.052789214761716163e+00,1.941943788283114203e-01,1.941943788283114203e-01,1.941943788283114203e-01,4.381898442749520006e-01,4.381898442745429945e-01,1.112962465857012373e-11
5.300000000000000000e+01,4.000000000000000000e+00,3.052789214761716163e+00,1.941943788283114203e-01,1.941943788283114203e-01,1.941943788283114203e-01,7.996127346028094607e-01,7.996127346020697191e-01,2.012939443541062483e-11
5.300000000000000000e+01,5.000000000000000000e+00,3.052789214761716163e+00,1.941943788283114203e-01,1.941943788283114203e-01,1.941943788283114203e-01,7.996127346028109040e-01,7.996127346020710513e-01,2.013241550616484885e-11
5.300000000000000000e+01,6.000000000000000000e+00,3.052789214761716163e+00,1.941943788283114203e-01,1.941943788283114203e-01,1.941943788283114203e-01,8.356251539532263406e-01,8.356251539526228234e-01,1.642254061997480869e-11
5.300000000000000000e+01,7.000000000000000000e+00,3.052789214761716163e+00,1.941943788283114203e-01,1.941943788283114203e-01,1.941943788283114203e-01,1.109944275962840399e+00,1.109944275962662763e+00,4.833713206762269199e-12
5.400000000000000000e+01,0.000000000000000000e+00,3.120060120896698930e+00,2.330332545939737265e-01,2.330332545939737265e-01,2.330332545939737265e-01,-2.198489872835714398e-01,-2.198489872838721437e-01,8.182570137822253510e-12
5.400000000000000000e+01,1.000000000000000000e+00,3.120060120896698930e+00,2.330332545939737265e-01,2.330332545939737265e-01,2.330332545939737265e-01,2.494884554485622408e-01,2.494884554478211947e-01,2.016489201677278456e-11
5.400000000000000000e+01,2.000000000000000000e+00,3.120060120896698930e+00,2.330332545939737265e-01,2.330332545939737265e-01,2.330332545939737265e-01,4.243728090067800940e-01,4.243728090063372815e-01,1.204954070323206887e-11
5.400000000000000000e+01,3.000000000000000000e+00,3.120060120896698930e+00,2.330332545939737265e-01,2.330332545939737265e-01,2.330332545939737265e-01,4.243728090067807601e-01,4.243728090063388914e-01,1.202386160182114367e-11
5.400000000000000000e+01,4.000000000000000000e+00,3.120060120896698930e+00,2.330332545939737265e-01,2.330332545939737265e-01,2.330332545939737265e-01,8.192515031728271335e-01,8.192515031721433472e-01,1.860677477528050896e-11
5.400000000000000000e+01,5.000000000000000000e+00,3.120060120896698930e+00,2.330332545939737265e-01,2.330332545939737265e-01,2.330332545939737265e-01,8.192515031728295760e-01,8.192515031721456786e-01,1.860979584603473622e-11
5.400000000000000000e+01,6.000000000000000000e+00,3.120060120896698930e+00,2.330332545939737265e-01,2.330332545939737265e-01,2.330332545939737265e-01,8.568130918094973847e-01,8.568130918098249005e-01,-8.912158724967933357e-12
5.400000000000000000e+01,7.000000000000000000e+00,3.120060120896698930e+00,2.330332545939737265e-01,2.330332545939737265e-01,2.330332545939737265e-01,1.129912460923065964e+00,1.129912460922270823e+00,2.163690874176960443e-11
5.500000000000000000e+01,0.000000000000000000e+00,3.187331027031681696e+00,2.718721303596359773e-01,2.718721303596359773e-01,2.718721303596359773e-01,-1.980651084860150235e-01,-1.980651084863312428e-01,8.604764775725395100e-12
5.500000000000000000e+01,1.000000000000000000e+00,3.187331027031681696e+00,2.718721303596359773e-01,2.718721303596359773e-01,2.718721303596359773e-01,1.988206124764877736e-01,1.988206124760257820e-01,1.257143067602468237e-11
5.500000000000000000e+01,2.000000000000000000e+00,3.187331027031681696e+00,2.718721303596359773e-01,2.718721303596359773e-01,2.718721303596359773e-01,4.121134268965099268e-01,4.121134268959307789e-01,1.575941558942210904e-11
5.500000000000000000e+01,3.000000000000000000e+00,3.187331027031681696e+00,2.718721303596359773e-01,2.718721303596359773e-01,2.718721303596359773e-01,4.121134268965109260e-01,4.121134268959319447e-01,1.575488398329076977e-11
5.500000000000000000e+01,4.000000000000000000e+00,3.187331027031681696e+00,2.718721303596359773e-01,2.718721303596359773e-01,2.718721303596359773e-01,8.367691814025014496e-01,8.367691814020866703e-01,1.128672033778989731e-11
5.500000000000000000e+01,5.000000000000000000e+00,3.187331027031681696e+00,2.718721303596359773e-01,2.718721303596359773e-01,2.718721303596359773e-01,8.367691814025025598e-01,8.367691814020896679e-01,1.123536213496804853e-11
5.500000000000000000e+01,6.000000000000000000e+00,3.187331027031681696e+00,2.718721303596359773e-01,2.718721303596359773e-01,2.718721303596359773e-01,8.740595173934209150e-01,8.740595173933363160e-01,2.302055914720530459e-12
5.500000000000000000e+01,7.000000000000000000e+00,3.187331027031681696e+00,2.718721303596359773e-01,2.718721303596359773e-01,2.718721303596359773e-01,1.152548048484574705e+00,1.152548048483101883e+00,4.007752462556765967e-11
5.600000000000000000e+01,0.000000000000000000e+00,3.254601933166664463e+00,3.107110061252982836e-01,3.107110061252982836e-01,3.107110061252982836e-01,-1.736130964070561888e-01,-1.736130964074025229e-01,9.424230217809310706e-12
5.600000000000000000e+01,1.000000000000000000e+00,3.254601933166664463e+00,3.107110061252982836e-01,3.107110061252982836e-01,3.107110061252982836e-01,1.503967883529624405e-01,1.503967883527539406e-01,5.673570876437213114e-12
5.600000000000000000e+01,2.000000000000000000e+00,3.254601933166664463e+00,3.107110061252982836e-01,3.107110061252982836e-01,3.107110061252982836e-01,4.017890661761823745e-01,4.017890661755948445e-01,1.598750643136620369e-11
5.600000000000000000e+01,3.000000000000000000e+00,3.254601933166664463e+00,3.107110061252982836e-01,3.107110061252982836e-01,3.107110061252982836e-01,4.017890661761830406e-01,4.017890661755958437e-01,1.597844321910352516e-11
5.600000000000000000e+01,4.000000000000000000e+00,3.254601933166664463e+00,3.107110061252982836e-01,3.107110061252982836e-01,3.107110061252982836e-01,8.514786446010162990e-01,8.514786446006419318e-01,1.018705058325148227e-11
5.600000000000000000e+01,5.000000000000000000e+00,3.254601933166664463e+00,3.107110061252982836e-01,3.107110061252982836e-01,3.107110061252982836e-01,8.514786446010170762e-01,8.514786446006435972e-01,1.016288201721767070e-11
5.600000000000000000e+01,6.000000000000000000e+00,3.254601933166664463e+00,3.107110061252982836e-01,3.107110061252982836e-01,3.107110061252982836e-01,8.874206786772226296e-01,8.874206786764178290e-01,2.189974189738730442e-11
5.600000000000000000e+01,7.000000000000000000e+00,3.254601933166664463e+00,3.107110061252982836e-01,3.107110061252982836e-01,3.107110061252982836e-01,1.176308812398160430e+00,1.176308812397162784e+00,2.714734179747859350e-11
5.700000000000000000e+01,0.000000000000000000e+00,3.321872839301647229e+00,3.495498818909605898e-01,3.495498818909605898e-01,3.495498818909605898e-01,-1.470463187660669135e-01,-1.470463187664075022e-01,9.267889806278093134e-12
5.700000000000000000e+01,1.000000000000000000e+00,3.321872839301647229e+00,3.495498818909605898e-01,3.495498818909605898e-01,3.495498818909605898e-01,1.051023576234055568e-01,1.051023576231306933e-01,7.479415919776054863e-12
5.700000000000000000e+01,2.000000000000000000e+00,3.321872839301647229e+00,3.495498818909605898e-01,3.495498818909605898e-01,3.495498818909605898e-01,3.936183224495281574e-01,3.936183224490659160e-01,1.257822808522169127e-11
5.700000000000000000e+01,3.000000000000000000e+00,3.321872839301647229e+00,3.495498818909605898e-01,3.495498818909605898e-01,3.495498818909605898e-01,3.936183224495288235e-01,3.936183224490666377e-01,1.257671754984457764e-11
5.700000000000000000e+01,4.000000000000000000e+00,3.321872839301647229e+00,3.495498818909605898e-01,3.495498818909605898e-01,3.495498818909605898e-01,8.630137333592575732e-01,8.630137333586238579e-01,1.724427186512439554e-11
5.700000000000000000e+01,5.000000000000000000e+00,3.321872839301647229e+00,3.495498818909605898e-01,3.495498818909605898e-01,3.495498818909605898e-01,8.630137333592587945e-01,8.630137333586247461e-01,1.725333507738707407e-11
5.700000000000000000e+01,6.000000000000000000e+00,3.321872839301647229e+00,3.495498818909605898e-01,3.495498818909605898e-01,3.495498818909605898e-01,8.972064491880907822e-01,8.972064491871001302e-01,2.695701433996232821e-11
5.700000000000000000e+01,7.000000000000000000e+00,3.321872839301647229e+00,3.495498818909605898e-01,3.495498818909605898e-01,3.495498818909605898e-01,1.198956650776579647e+00,1.198956650776756838e+00,-4.821628923745363415e-12
5.800000000000000000e+01,0.000000000000000000e+00,3.389143745436629995e+00,3.883887576566228406e-01,3.883887576566228406e-01,3.883887576566228406e-01,-1.195657723172879050e-01,-1.195657723176135612e-01,8.861555789834640588e-12
5.800000000000000000e+01,1.000000000000000000e+00,3.389143745436629995e+00,3.883887576566228406e-01,3.883887576566228406e-01,3.883887576566228406e-01,6.425949458463513231e-02,6.425949458424118355e-02,1.071989193752816674e-11
5.800000000000000000e+01,2.000000000000000000e+00,3.389143745436629995e+00,3.883887576566228406e-01,3.883887576566228406e-01,3.883887576566228406e-01,3.877227394521864379e-01,3.877227394517747117e-01,1.120364089204867045e-11
5.800000000000000000e+01,3.000000000000000000e+00,3.389143745436629995e+00,3.883887576566228406e-01,3.883887576566228406e-01,3.883887576566228406e-01,3.877227394521873816e-01,3.877227394517755998e-01,1.120515142742578407e-11
5.800000000000000000e+01,4.000000000000000000e+00,3.389143745436629995e+00,3.883887576566228406e-01,3.883887576566228406e-01,3.883887576566228406e-01,8.712372267450190222e-01,8.712372267442675122e-01,2.044962793535862326e-11
5.800000000000000000e+01,5.000000000000000000e+00,3.389143745436629995e+00,3.883887576566228406e-01,3.883887576566228406e-01,3.883887576566228406e-01,8.712372267450204655e-01,8.712372267442693996e-01,2.043754365234171748e-11
5.800000000000000000e+01,6.000000000000000000e+00,3.389143745436629995e+00,3.883887576566228406e-01,3.883887576566228406e-01,3.883887576566228406e-01,9.038190600287179244e-01,9.038190600280455733e-01,1.829560448759518906e-11
5.800000000000000000e+01,7.000000000000000000e+00,3.389143745436629995e+00,3.883887576566228406e-01,3.883887576566228406e-01,3.883887576566228406e-01,1.217847231652012585e+00,1.217847231652293694e+00,-7.649351149701290230e-12
5.900000000000000000e+01,0.000000000000000000e+00,3.456414651571612762e+00,4.272276334222851468e-01,4.272276334222851468e-01,4.272276334222851468e-01,-9.460739296683652599e-02,-9.460739296719888891e-02,9.860397307950750517e-12
5.900000000000000000e+01,1.000000000000000000e+00,3.456414651571612762e+00,4.272276334222851468e-01,4.272276334222851468e-01,4.272276334222851468e-01,3.130788342184863404e-02,3.130788342152235337e-02,8.878549312827164448e-12
5.900000000000000000e+01,2.000000000000000000e+00,3.456414651571612762e+00,4.272276334222851468e-01,4.272276334222851468e-01,4.272276334222851468e-01,3.841659355601223513e-01,3.841659355596142023e-01,1.382744084209431498e-11
5.900000000000000000e+01,3.000000000000000000e+00,3.456414651571612762e+00,4.272276334222851468e-01,4.272276334222851468e-01,4.272276334222851468e-01,3.841659355601225734e-01,3.841659355596151459e-01,1.380780388219184430e-11
5.900000000000000000e+01,4.000000000000000000e+00,3.456414651571612762e+00,4.272276334222851468e-01,4.272276334222851468e-01,4.272276334222851468e-01,8.761439950206089122e-01,8.761439950200763382e-01,1.449207640802412664e-11
5.900000000000000000e+01,5.000000000000000000e+00,3.456414651571612762e+00,4.272276334222851468e-01,4.272276334222851468e-01,4.272276334222851468e-01,8.761439950206102445e-01,8.761439950200803350e-01,1.441957070992269356e-11
5.900000000000000000e+01,6.000000000000000000e+00,3.456414651571612762e+00,4.272276334222851468e-01,4.272276334222851468e-01,4.272276334222851468e-01,9.076228362891844981e-01,9.076228362888827395e-01,8.211270309987404343e-12
5.900000000000000000e+01,7.000000000000000000e+00,3.456414651571612762e+00,4.272276334222851468e-01,4.272276334222851468e-01,4.272276334222851468e-01,1.230433379905196967e+00,1.230433379904195101e+00,2.726214248613919683e-11
6.000000000000000000e+01,0.000000000000000000e+00,3.523685557706595528e+00,4.660665091879474531e-01,4.660665091879474531e-01,4.660665091879474531e-01,-8.264480002395437064e-02,-8.264480002438709394e-02,1.177500089844174190e-11
6.000000000000000000e+01,1.000000000000000000e+00,3.523685557706595528e+00,4.660665091879474531e-01,4.660665091879474531e-01,4.660665091879474531e-01,1.668684852061058307e-02,1.668684852039382938e-02,5.898168605321733214e-12
6.000000000000000000e+01,2.000000000000000000e+00,3.523685557706595528e+00,4.660665091879474531e-01,4.660665091879474531e-01,4.660665091879474531e-01,3.829775017538076809e-01,3.829775017532236481e-01,1.589234270260807266e-11
6.000000000000000000e+01,3.000000000000000000e+00,3.523685557706595528e+00,4.660665091879474531e-01,4.660665091879474531e-01,4.660665091879474531e-01,3.829775017538083470e-01,3.829775017532237591e-01,1.590744805637920247e-11
6.000000000000000000e+01,4.000000000000000000e+00,3.523685557706595528e+00,4.660665091879474531e-01,4.660665091879474531e-01,4.660665091879474531e-01,8.777727839761105821e-01,8.777727839757585304e-01,9.579815361651972272e-12
6.000000000000000000e+01,5.000000000000000000e+00,3.523685557706595528e+00,4.660665091879474531e-01,4.660665091879474531e-01,4.660665091879474531e-01,8.777727839761131357e-01,8.777727839757603068e-01,9.600962856931556586e-12
6.000000000000000000e+01,6.000000000000000000e+00,3.523685557706595528e+00,4.660665091879474531e-01,4.660665091879474531e-01,4.660665091879474531e-01,9.088623492061540521e-01,9.088623492059924036e-01,4.398679018153665012e-12
6.000000000000000000e+01,7.000000000000000000e+00,3.523685557706595528e+00,4.660665091879474531e-01,4.660665091879474531e-01,4.660665091879474531e-01,1.234856414972451022e+00,1.234856414970610272e+00,5.008935310507401291e-11
