energy_eV,G0W0_Mb,evGW0_Mb,evGW_Mb
8.000000000000000000e+00,3.098980225748709239e-01,3.139962061351386780e-01,3.169149088661686320e-01
8.005000000000000782e+00,3.109010431703315702e-01,3.150196383419794355e-01,3.179544948230564883e-01
8.009999999999999787e+00,3.119085710032551417e-01,3.160477140457543799e-01,3.189988410498942883e-01
8.015000000000000568e+00,3.129206352630924393e-01,3.170804636103426444e-01,3.200479789723855717e-01
8.019999999999999574e+00,3.139372653872996022e-01,3.181179176599812641e-01,3.211019402881946649e-01
8.025000000000000355e+00,3.149584910639192104e-01,3.191601070819994890e-01,3.221607569698282103e-01
8.029999999999999361e+00,3.159843422341931940e-01,3.202070630295869025e-01,3.232244612675532203e-01
8.035000000000000142e+00,3.170148490952104936e-01,3.212588169245970127e-01,3.242930857123528243e-01
8.039999999999999147e+00,3.180500421025795332e-01,3.223154004603807632e-01,3.253666631189141012e-01
8.044999999999999929e+00,3.190899519731457135e-01,3.233768456046631767e-01,3.264452265886603755e-01
8.050000000000000711e+00,3.201346096877298320e-01,3.244431846024483090e-01,3.275288095128156551e-01
8.054999999999999716e+00,3.211840464939091366e-01,3.255144499789639490e-01,3.286174455755108137e-01
8.060000000000000497e+00,3.222382939088306864e-01,3.265906745426459534e-01,3.297111687569297400e-01
8.064999999999999503e+00,3.232973837220555202e-01,3.276718913881507822e-01,3.308100133364891837e-01
8.070000000000000284e+00,3.243613479984457926e-01,3.287581338994186031e-01,3.319140138960696151e-01
8.074999999999999289e+00,3.254302190810792195e-01,3.298494357527617105e-01,3.330232053232738409e-01
8.080000000000000071e+00,3.265040295942082116e-01,3.309458309200037363e-01,3.341376228147405758e-01
8.085000000000000853e+00,3.275828124462499269e-01,3.320473536716491703e-01,3.352573018794888227e-01
8.089999999999999858e+00,3.286666008328145705e-01,3.331540385800970117e-01,3.363822783423099372e-01
8.095000000000000639e+00,3.297554282397778258e-01,3.342659205228979968e-01,3.375125883472067656e-01
8.099999999999999645e+00,3.308493284463812079e-01,3.353830346860443568e-01,3.386482683608664224e-01
8.105000000000000426e+00,3.319483355283818771e-01,3.365054165673129760e-01,3.397893551761900222e-01
8.109999999999999432e+00,3.330524838612354821e-01,3.376331019796402488e-01,3.409358859158573840e-01
8.115000000000000213e+00,3.341618081233220239e-01,3.387661270545471726e-01,3.420878980359433608e-01
8.119999999999999218e+00,3.352763432992114656e-01,3.399045282456052974e-01,3.432454293295794101e-01
8.125000000000000000e+00,3.363961246829721419e-01,3.410483423319472518e-01,3.444085179306616284e-01
8.130000000000000782e+00,3.375211878815198574e-01,3.421976064218228419e-01,3.455772023176084118e-01
8.134999999999999787e+00,3.386515688180088413e-01,3.433523579561993389e-01,3.467515213171639132e-01
8.140000000000000568e+00,3.397873037352708847e-01,3.445126347124126132e-01,3.479315141082561236e-01
8.144999999999999574e+00,3.409284291992902838e-01,3.456784748078580716e-01,3.491172202258990831e-01
8.150000000000000355e+00,3.420749821027310733e-01,3.468499167037352726e-01,3.503086795651491614e-01
8.154999999999999361e+00,3.432269996685038405e-01,3.480269992088391162e-01,3.515059323851139061e-01
8.160000000000000142e+00,3.443845194533833309e-01,3.492097614834001051e-01,3.527090193130118512e-01
8.164999999999999147e+00,3.455475793516664118e-01,3.503982430429721795e-01,3.539179813482836168e-01
8.169999999999999929e+00,3.467162175988855455e-01,3.515924837623781163e-01,3.551328598667634062e-01
8.175000000000000711e+00,3.478904727755602888e-01,3.527925238796963403e-01,3.563536966248967985e-01
8.179999999999999716e+00,3.490703838110066348e-01,3.539984040003085197e-01,3.575805337640203807e-01
8.185000000000000497e+00,3.502559899871910964e-01,3.552101651009975103e-01,3.588134138146990559e-01
8.189999999999999503e+00,3.514473309426319192e-01,3.564278485340943714e-01,3.600523797011110916e-01
8.195000000000000284e+00,3.526444466763614116e-01,3.576514960316889424e-01,3.612974747455060531e-01
8.199999999999999289e+00,3.538473775519255238e-01,3.588811497098853276e-01,3.625487426727067031e-01
8.205000000000000071e+00,3.550561643014504276e-01,3.601168520731251044e-01,3.638062276146844520e-01
8.210000000000000853e+00,3.562708480297495095e-01,3.613586460185555516e-01,3.650699741151838262e-01
8.214999999999999858e+00,3.574914702184941451e-01,3.626065748404649902e-01,3.663400271344188219e-01
8.220000000000000639e+00,3.587180727304347116e-01,3.638606822347746350e-01,3.676164320538268249e-01
8.224999999999999645e+00,3.599506978136736701e-01,3.651210123035847910e-01,3.688992346808844802e-01
8.230000000000000426e+00,3.611893881060058709e-01,3.663876095597914384e-01,3.701884812539966152e-01
8.234999999999999432e+00,3.624341866393022693e-01,3.676605189317532218e-01,3.714842184474378972e-01
8.240000000000000213e+00,3.636851368439647514e-01,3.689397857680327131e-01,3.727864933763773148e-01
8.244999999999999218e+00,3.649422825534303638e-01,3.702254558421898545e-01,3.740953536019555048e-01
8.250000000000000000e+00,3.662056680087411031e-01,3.715175753576468454e-01,3.754108471364403510e-01
8.255000000000000782e+00,3.674753378631721579e-01,3.728161909526176987e-01,3.767330224484500278e-01
8.259999999999999787e+00,3.687513371869213241e-01,3.741213497050997483e-01,3.780619284682437686e-01
8.265000000000000568e+00,3.700337114718653120e-01,3.754330991379400961e-01,3.793976145930925137e-01
8.269999999999999574e+00,3.713225066363733395e-01,3.767514872239627888e-01,3.807401306927141738e-01
8.275000000000000355e+00,3.726177690301916146e-01,3.780765623911703233e-01,3.820895271147878858e-01
8.279999999999999361e+00,3.739195454393877682e-01,3.794083735280139313e-01,3.834458546905447629e-01
8.285000000000000142e+00,3.752278830913680086e-01,3.807469699887381376e-01,3.848091647404333071e-01
8.289999999999999147e+00,3.765428296599557245e-01,3.820924015987910982e-01,3.861795090798602059e-01
8.294999999999999929e+00,3.778644332705450304e-01,3.834447186603204272e-01,3.875569400250199470e-01
8.300000000000000711e+00,3.791927425053172040e-01,3.848039719577319162e-01,3.889415103987913236e-01
8.304999999999999716e+00,3.805278064085357292e-01,3.861702127633330761e-01,3.903332735367273654e-01
8.310000000000000497e+00,3.818696744919068964e-01,3.875434928430513404e-01,3.917322832931228738e-01
8.314999999999999503e+00,3.832183967400170643e-01,3.889238644622289853e-01,3.931385940471655016e-01
8.320000000000000284e+00,3.845740236158440850e-01,3.903113803915037039e-01,3.945522607091777045e-01
8.324999999999999289e+00,3.859366060663396714e-01,3.917060939127611219e-01,3.959733387269367411e-01
8.330000000000000071e+00,3.873061955280978630e-01,3.931080588251819052e-01,3.974018840920955364e-01
8.335000000000000853e+00,3.886828439330893836e-01,3.945173294513594220e-01,3.988379533466797078e-01
8.339999999999999858e+00,3.900666037144849274e-01,3.959339606435151593e-01,4.002816035896874514e-01
8.345000000000000639e+00,3.914575278125553282e-01,3.973580077897923002e-01,4.017328924837774151e-01
8.349999999999999645e+00,3.928556696806486670e-01,3.987895268206372856e-01,4.031918782620466102e-01
8.355000000000000426e+00,3.942610832912603058e-01,4.002285742152791315e-01,4.046586197349150149e-01
8.359999999999999432e+00,3.956738231421755292e-01,4.016752070082856840e-01,4.061331762970944448e-01
8.365000000000000213e+00,3.970939442627083316e-01,4.031294827962274008e-01,4.076156079346686112e-01
8.369999999999999218e+00,3.985215022200193080e-01,4.045914597444218996e-01,4.091059752322646070e-01
8.375000000000000000e+00,3.999565531255246942e-01,4.060611965937812595e-01,4.106043393803311403e-01
8.380000000000000782e+00,4.013991536413971106e-01,4.075387526677535788e-01,4.121107621825199074e-01
8.384999999999999787e+00,4.028493609871525161e-01,4.090241878793602903e-01,4.136253060631706058e-01
8.390000000000000568e+00,4.043072329463355263e-01,4.105175627383422787e-01,4.151480340749076348e-01
8.394999999999999574e+00,4.057728278732937732e-01,4.120189383583952036e-01,4.166790099063411024e-01
8.400000000000000355e+00,4.072462047000513508e-01,4.135283764645162341e-01,4.182182978898796866e-01
8.404999999999999361e+00,4.087274229432766304e-01,4.150459394004548663e-01,4.197659630096597927e-01
8.410000000000000142e+00,4.102165427113516061e-01,4.165716901362654379e-01,4.213220709095837901e-01
8.414999999999999147e+00,4.117136247115378844e-01,4.181056922759755490e-01,4.228866879014798186e-01
8.419999999999999929e+00,4.132187302572513654e-01,4.196480100653586787e-01,4.244598809733765576e-01
8.425000000000000711e+00,4.147319212754291828e-01,4.211987083998178227e-01,4.260417177978976788e-01
8.429999999999999716e+00,4.162532603140153831e-01,4.227578528323892582e-01,4.276322667407826406e-01
8.435000000000000497e+00,4.177828105495429711e-01,4.243255095818566636e-01,4.292315968695291084e-01
8.439999999999999503e+00,4.193206357948295326e-01,4.259017455409840891e-01,4.308397779621604418e-01
8.445000000000000284e+00,4.208668005067844331e-01,4.274866282848696075e-01,4.324568805161279061e-01
8.449999999999999289e+00,4.224213697943225987e-01,4.290802260794155942e-01,4.340829757573316794e-01
8.455000000000000071e+00,4.239844094264017538e-01,4.306826078899331778e-01,4.357181356492916269e-01
8.460000000000000853e+00,4.255559858401649076e-01,4.322938433898579902e-01,4.373624329024353163e-01
8.464999999999999858e+00,4.271361661492106832e-01,4.339140029696054723e-01,4.390159409835375781e-01
8.470000000000000639e+00,4.287250181519798309e-01,4.355431577455521341e-01,4.406787341252946799e-01
8.474999999999999645e+00,4.303226103402569835e-01,4.371813795691419924e-01,4.423508873360358362e-01
8.480000000000000426e+00,4.319290119078123547e-01,4.388287410361417229e-01,4.440324764095896493e-01
8.484999999999999432e+00,4.335442927591510176e-01,4.404853154960167161e-01,4.457235779352853311e-01
8.490000000000000213e+00,4.351685235184067913e-01,4.421511770614574011e-01,4.474242693081182942e-01
8.494999999999999218e+00,4.368017755383523104e-01,4.438264006180416832e-01,4.491346287390515779e-01
8.500000000000000000e+00,4.384441209095543135e-01,4.455110618340377138e-01,4.508547352654838636e-01
8.505000000000000782e+00,4.400956324696543298e-01,4.472052371703630902e-01,4.525846687618721997e-01
8.509999999999999787e+00,4.417563838127892550e-01,4.489090038906776159e-01,4.543245099505084927e-01
8.515000000000000568e+00,4.434264492991561446e-01,4.506224400716450917e-01,4.560743404124717459e-01
8.519999999999999574e+00,4.451059040647087350e-01,4.523456246133288894e-01,4.578342425987297903e-01
8.525000000000000355e+00,4.467948240310105068e-01,4.540786372497613854e-01,4.596042998414253677e-01
8.529999999999999361e+00,4.484932859152214735e-01,4.558215585596598340e-01,4.613845963653215865e-01
8.535000000000000142e+00,4.502013672402437328e-01,4.575744699773105495e-01,4.631752172994272332e-01
8.539999999999999147e+00,4.519191463450142887e-01,4.593374538036142929e-01,4.649762486888009971e-01
8.544999999999999929e+00,4.536467023949557476e-01,4.611105932173040212e-01,4.667877775065337187e-01
8.550000000000000711e+00,4.553841153925747842e-01,4.628939722863220085e-01,4.686098916659119928e-01
8.554999999999999716e+00,4.571314661882339703e-01,4.646876759793834299e-01,4.704426800327756730e-01
8.560000000000000497e+00,4.588888364910738149e-01,4.664917901777060893e-01,4.722862324380593946e-01
8.564999999999999503e+00,4.606563088801067796e-01,4.683064016869234458e-01,4.741406396905308296e-01
8.570000000000000284e+00,4.624339668154777705e-01,4.701315982491816592e-01,4.760059935897268391e-01
8.574999999999999289e+00,4.642218946498914423e-01,4.719674685554159366e-01,4.778823869390839141e-01
8.580000000000000071e+00,4.660201776402234097e-01,4.738141022578246098e-01,4.797699135592845554e-01
8.585000000000000853e+00,4.678289019592936637e-01,4.756715899825234017e-01,4.816686683017963877e-01
8.589999999999999858e+00,4.696481547078354968e-01,4.775400233424094143e-01,4.835787470626374263e-01
8.595000000000000639e+00,4.714780239266383455e-01,4.794194949502143532e-01,4.855002467963473456e-01
8.599999999999999645e+00,4.733185986088747077e-01,4.813100984317587039e-01,4.874332655301785722e-01
8.605000000000000426e+00,4.751699687126289540e-01,4.832119284394237879e-01,4.893779023785159721e-01
8.609999999999999432e+00,4.770322251736016650e-01,4.851250806658163883e-01,4.913342575575151416e-01
8.615000000000000213e+00,4.789054599180294636e-01,4.870496518576664102e-01,4.933024323999834482e-01
8.619999999999999218e+00,4.807897658757868675e-01,4.889857398299220503e-01,4.952825293704803400e-01
8.625000000000000000e+00,4.826852369937059684e-01,4.909334434800833868e-01,4.972746520806752279e-01
8.630000000000000782e+00,4.845919682490926195e-01,4.928928628027489101e-01,4.992789053049357939e-01
8.634999999999999787e+00,4.865100556634588402e-01,4.948640989043962546e-01,5.012953949961675981e-01
8.640000000000000568e+00,4.884395963164707699e-01,4.968472540184011854e-01,5.033242283019155883e-01
8.644999999999999574e+00,4.903806883601071753e-01,4.988424315202795722e-01,5.053655135807066934e-01
8.650000000000000355e+00,4.923334310330534369e-01,5.008497359431908214e-01,5.074193604186723050e-01
8.654999999999999361e+00,4.942979246753051448e-01,5.028692729936689032e-01,5.094858796464231121e-01
8.660000000000000142e+00,4.962742707430174427e-01,5.049011495676175576e-01,5.115651833562059325e-01
8.664999999999999147e+00,4.982625718235780821e-01,5.069454737665539668e-01,5.136573849193319941e-01
8.669999999999999929e+00,5.002629316509261681e-01,5.090023549141166059e-01,5.157625990038909869e-01
8.675000000000000711e+00,5.022754551211072727e-01,5.110719035728297222e-01,5.178809415927468907e-01
8.679999999999999716e+00,5.043002483080815113e-01,5.131542315611518079e-01,5.200125300018343388e-01
8.685000000000000497e+00,5.063374184797821975e-01,5.152494519707818688e-01,5.221574828987471939e-01
8.689999999999999503e+00,5.083870741144271843e-01,5.173576791842590117e-01,5.243159203216314346e-01
8.695000000000000284e+00,5.104493249171017100e-01,5.194790288928406996e-01,5.264879636983920141e-01
8.699999999999999289e+00,5.125242818365876030e-01,5.216136181146679984e-01,5.286737358662050301e-01
8.705000000000000071e+00,5.146120570824902485e-01,5.237615652132366906e-01,5.308733610913671797e-01
8.710000000000000853e+00,5.167127641426133566e-01,5.259229899161548261e-01,5.330869650894501932e-01
8.714999999999999858e+00,5.188265178006394862e-01,5.280980133342221272e-01,5.353146750458120939e-01
8.720000000000000639e+00,5.209534341540782432e-01,5.302867579808103748e-01,5.375566196364293114e-01
8.724999999999999645e+00,5.230936306325139062e-01,5.324893477915663142e-01,5.398129290490866206e-01
8.730000000000000426e+00,5.252472260161561435e-01,5.347059081444429651e-01,5.420837350049151349e-01
8.734999999999999432e+00,5.274143404546723923e-01,5.369365658800471230e-01,5.443691707802843505e-01
8.740000000000000213e+00,5.295950954863583027e-01,5.391814493223445748e-01,5.466693712290762175e-01
8.744999999999999218e+00,5.317896140575901764e-01,5.414406882996856130e-01,5.489844728053107081e-01
8.750000000000000000e+00,5.339980205426249071e-01,5.437144141662010322e-01,5.513146135861728414e-01
8.755000000000000782e+00,5.362204407637060077e-01,5.460027598235367430e-01,5.536599332954127428e-01
8.759999999999999787e+00,5.384570020115091449e-01,5.483058597429589787e-01,5.560205733271444961e-01
8.765000000000000568e+00,5.407078330659303989e-01,5.506238499878342019e-01,5.583966767700561107e-01
8.769999999999999574e+00,5.429730642172054811e-01,5.529568682364722765e-01,5.607883884320132850e-01
8.775000000000000355e+00,5.452528272873982118e-01,5.553050538053703189e-01,5.631958548651014862e-01
8.779999999999999361e+00,5.475472556522280598e-01,5.576685476728311386e-01,5.656192243910777018e-01
8.785000000000000142e+00,5.498564842632758243e-01,5.600474925029955697e-01,5.680586471272668359e-01
8.789999999999999147e+00,5.521806496705548017e-01,5.624420326702683770e-01,5.705142750128999740e-01
8.794999999999999929e+00,5.545198900454607616e-01,5.648523142841714861e-01,5.729862618359020665e-01
8.800000000000000711e+00,5.568743452041109432e-01,5.672784852146087742e-01,5.754747632601452390e-01
8.804999999999999716e+00,5.592441566310706325e-01,5.697206951175678435e-01,5.779799368531662873e-01
8.810000000000000497e+00,5.616294675034874118e-01,5.721790954612598901e-01,5.805019421143714498e-01
8.814999999999999503e+00,5.640304227156283101e-01,5.746538395527062137e-01,5.830409405037210169e-01
8.820000000000000284e+00,5.664471689038370616e-01,5.771450825647824745e-01,5.855970954709212029e-01
8.824999999999999289e+00,5.688798544719131378e-01,5.796529815637277983e-01,5.881705724851189476e-01
8.830000000000000071e+00,5.713286296169290956e-01,5.821776955371313900e-01,5.907615390651190790e-01
8.835000000000000853e+00,5.737936463554788036e-01,5.847193854223953213e-01,5.933701648101247228e-01
8.839999999999999858e+00,5.762750585503879641e-01,5.872782141357018038e-01,5.959966214310254973e-01
8.845000000000000639e+00,5.787730219378763863e-01,5.898543466014766201e-01,5.986410827822316039e-01
8.849999999999999645e+00,5.812876941551858856e-01,5.924479497823673668e-01,6.013037248940672486e-01
8.855000000000000426e+00,5.838192347686962380e-01,5.950591927097502731e-01,6.039847260057455980e-01
8.859999999999999432e+00,5.863678053025090930e-01,5.976882465147589363e-01,6.066842665989131689e-01
8.865000000000000213e+00,5.889335692675514711e-01,6.003352844598763838e-01,6.094025294318126118e-01
8.869999999999999218e+00,5.915166921911596543e-01,6.030004819710635955e-01,6.121396995740262525e-01
8.875000000000000000e+00,5.941173416472038671e-01,6.056840166704710038e-01,6.148959644418726667e-01
8.880000000000000782e+00,5.967356872867206619e-01,6.083860684097206484e-01,6.176715138344047729e-01
8.884999999999999787e+00,5.993719008690867600e-01,6.111068193037726415e-01,6.204665399700768358e-01
8.890000000000000568e+00,6.020261562937526678e-01,6.138464537654145792e-01,6.232812375240678326e-01
8.894999999999999574e+00,6.046986296325109755e-01,6.166051585403353741e-01,6.261158036662637372e-01
8.900000000000000355e+00,6.073894991623612905e-01,6.193831227428578945e-01,6.289704380999492361e-01
8.904999999999999361e+00,6.100989453989356104e-01,6.221805378922861118e-01,6.318453431011835653e-01
8.910000000000000142e+00,6.128271511305256602e-01,6.249975979499160506e-01,6.347407235588997665e-01
8.914999999999999147e+00,6.155743014527178536e-01,6.278344993567158694e-01,6.376567870157352491e-01
8.919999999999999929e+00,6.183405838036379887e-01,6.306914410716778496e-01,6.405937437096060894e-01
8.925000000000000711e+00,6.211261879998339897e-01,6.335686246108721553e-01,6.435518066160472728e-01
8.929999999999999716e+00,6.239313062727928072e-01,6.364662540871993679e-01,6.465311914913205449e-01
8.935000000000000497e+00,6.267561333061264506e-01,6.393845362508825403e-01,6.495321169163364994e-01
8.939999999999999503e+00,6.296008662734119410e-01,6.423236805306772323e-01,6.525548043413637034e-01
8.945000000000000284e+00,6.324657048767253764e-01,6.452838990758482662e-01,6.555994781315825914e-01
8.949999999999999289e+00,6.353508513858707740e-01,6.482654067989147562e-01,6.586663656134781331e-01
8.955000000000000071e+00,6.382565106783226749e-01,6.512684214191775123e-01,6.617556971221010276e-01
8.960000000000000853e+00,6.411828902798863972e-01,6.542931635070454721e-01,6.648677060492003132e-01
8.964999999999999858e+00,6.441302004061142394e-01,6.573398565291896922e-01,6.680026288922705779e-01
8.970000000000000639e+00,6.470986540044690871e-01,6.604087268945268985e-01,6.711607053045112181e-01
8.974999999999999645e+00,6.500884667972633979e-01,6.635000040010566869e-01,6.743421781457221709e-01
8.980000000000000426e+00,6.530998573253914419e-01,6.666139202835787980e-01,6.775472935341736447e-01
8.984999999999999432e+00,6.561330469928557951e-01,6.697507112622836933e-01,6.807763008994336396e-01
8.990000000000000213e+00,6.591882601121392682e-01,6.729106155922782717e-01,6.840294530362267533e-01
8.994999999999999218e+00,6.622657239503865201e-01,6.760938751140105341e-01,6.873070061592847502e-01
9.000000000000000000e+00,6.653656687764760713e-01,6.793007349046750187e-01,6.906092199592746006e-01
9.005000000000000782e+00,6.684883279089431918e-01,6.825314433305595951e-01,6.939363576597686878e-01
9.009999999999999787e+00,6.716339377648080644e-01,6.857862521003956768e-01,6.972886860753189087e-01
9.015000000000000568e+00,6.748027379093278766e-01,6.890654163197300619e-01,7.006664756706553199e-01
9.019999999999999574e+00,6.779949711066574070e-01,6.923691945463024133e-01,7.040700006210018902e-01
9.025000000000000355e+00,6.812108833714944911e-01,6.956978488465134225e-01,7.074995388735877411e-01
9.029999999999999361e+00,6.844507240216695099e-01,6.990516448529382476e-01,7.109553722103173490e-01
9.035000000000000142e+00,6.877147457317575041e-01,7.024308518229750442e-01,7.144377863116903038e-01
9.039999999999999147e+00,6.910032045876871587e-01,7.058357426985903960e-01,7.179470708219416464e-01
9.044999999999999929e+00,6.943163601423967268e-01,7.092665941672415819e-01,7.214835194154658460e-01
9.050000000000000711e+00,6.976544754725553243e-01,7.127236867239594709e-01,7.250474298645421811e-01
9.054999999999999716e+00,7.010178172363554783e-01,7.162073047346374510e-01,7.286391041083826181e-01
9.060000000000000497e+00,7.044066557324361044e-01,7.197177365005630323e-01,7.322588483235544787e-01
9.064999999999999503e+00,7.078212649599162631e-01,7.232552743241863480e-01,7.359069729957742334e-01
9.070000000000000284e+00,7.112619226795965366e-01,7.268202145761878397e-01,7.395837929931390331e-01
9.074999999999999289e+00,7.147289104763443479e-01,7.304128577638535624e-01,7.432896276408033076e-01
9.080000000000000071e+00,7.182225138226921990e-01,7.340335086008028531e-01,7.470248007971539428e-01
9.085000000000000853e+00,7.217430221436540450e-01,7.376824760780699153e-01,7.507896409314844810e-01
9.089999999999999858e+00,7.252907288828310817e-01,7.413600735366128180e-01,7.545844812032524995e-01
9.095000000000000639e+00,7.288659315697901819e-01,7.450666187412442465e-01,7.584096595429103971e-01
9.099999999999999645e+00,7.324689318887696032e-01,7.488024339560336307e-01,7.622655187343667649e-01
9.105000000000000426e+00,7.361000357487367252e-01,7.525678460212138488e-01,7.661524064991193095e-01
9.109999999999999432e+00,7.397595533548204649e-01,7.563631864316184839e-01,7.700706755820844185e-01
9.115000000000000213e+00,7.434477992811673319e-01,7.601887914167029248e-01,7.740206838391797683e-01
9.120000000000000995e+00,7.471650925452191228e-01,7.640450020221503102e-01,7.780027943266721868e-01
9.125000000000000000e+00,7.509117566834946356e-01,7.679321641931464715e-01,7.820173753923758131e-01
9.130000000000000782e+00,7.546881198288587500e-01,7.718506288593202092e-01,7.860648007687007777e-01
9.134999999999999787e+00,7.584945147893478179e-01,7.758007520214097452e-01,7.901454496676153516e-01
9.140000000000000568e+00,7.623312791285736800e-01,7.797828948396949844e-01,7.942597068775755220e-01
9.144999999999999574e+00,7.661987552477284025e-01,7.837974237242107955e-01,7.984079628624375369e-01
9.150000000000000355e+00,7.700972904692738874e-01,7.878447104268415657e-01,8.025906138624483432e-01
9.154999999999999361e+00,7.740272371222811643e-01,7.919251321352546169e-01,8.068080619972994860e-01
9.160000000000000142e+00,7.779889526295402646e-01,7.960390715688120400e-01,8.110607153713695894e-01
9.164999999999999147e+00,7.819827995964077072e-01,8.001869170764187578e-01,8.153489881811275541e-01
9.169999999999999929e+00,7.860091459014848514e-01,8.043690627364182832e-01,8.196733008248161534e-01
9.175000000000000711e+00,7.900683647891409978e-01,8.085859084585493850e-01,8.240340800144279054e-01
9.179999999999999716e+00,7.941608349639318609e-01,8.128378600880196148e-01,8.284317588900422802e-01
9.185000000000000497e+00,7.982869406869725903e-01,8.171253295117617554e-01,8.328667771365958483e-01
9.189999999999999503e+00,8.024470718742776620e-01,8.214487347668915085e-01,8.373395811031060232e-01
9.195000000000000284e+00,8.066416241971468004e-01,8.258085001514571255e-01,8.418506239244512024e-01
9.199999999999999289e+00,8.108709991846321241e-01,8.302050563375101833e-01,8.464003656457401714e-01
9.205000000000000071e+00,8.151356043281295927e-01,8.346388404865624500e-01,8.509892733493455985e-01
9.210000000000000853e+00,8.194358531881607011e-01,8.391102963674850201e-01,8.556178212846673459e-01
9.214999999999999858e+00,8.237721655033805046e-01,8.436198744769115576e-01,8.602864910006832178e-01
9.220000000000000639e+00,8.281449673018742574e-01,8.481680321622003804e-01,8.649957714813681919e-01
9.224999999999999645e+00,8.325546910148008406e-01,8.527552337470220012e-01,8.697461592840477485e-01
9.230000000000000426e+00,8.370017755924258340e-01,8.573819506596382922e-01,8.745381586807503549e-01
9.234999999999999432e+00,8.414866666226167302e-01,8.620486615639297856e-01,8.793722818026452615e-01
9.240000000000000213e+00,8.460098164518573549e-01,8.667558524932559294e-01,8.842490487876467631e-01
9.245000000000000995e+00,8.505716843088197976e-01,8.715040169871869358e-01,8.891689879312270062e-01
9.250000000000000000e+00,8.551727364306010992e-01,8.762936562312225730e-01,8.941326358405814467e-01
9.255000000000000782e+00,8.598134461916459026e-01,8.811252791995320965e-01,8.991405375921684984e-01
9.259999999999999787e+00,8.644942942354416626e-01,8.859994028008019162e-01,9.041932468927458277e-01
9.265000000000000568e+00,8.692157686090636881e-01,8.909165520272943617e-01,9.092913262439883404e-01
9.269999999999999574e+00,8.739783649005968824e-01,8.958772601071383068e-01,9.144353471107432574e-01
9.275000000000000355e+00,8.787825863795831749e-01,9.008820686600158556e-01,9.196258900930891489e-01
9.279999999999999361e+00,8.836289441404711065e-01,9.059315278562372065e-01,9.248635451021971488e-01
9.285000000000000142e+00,8.885179572492404310e-01,9.110261965793778893e-01,9.301489115401954111e-01
9.289999999999999147e+00,8.934501528931976244e-01,9.161666425924961388e-01,9.354825984840455799e-01
9.294999999999999929e+00,8.984260665340804142e-01,9.213534427080687372e-01,9.408652248736036894e-01
9.300000000000000711e+00,9.034462420645223979e-01,9.265871829617206012e-01,9.462974197039414337e-01
9.304999999999999716e+00,9.085112319679683468e-01,9.318684587898292682e-01,9.517798222220326121e-01
9.310000000000000497e+00,9.136215974821536578e-01,9.371978752111688182e-01,9.573130821279596248e-01
9.314999999999999503e+00,9.187779087661707145e-01,9.425760470125813528e-01,9.628978597806813200e-01
9.320000000000000284e+00,9.239807450713117820e-01,9.480035989389177242e-01,9.685348264085840153e-01
9.324999999999999289e+00,9.292306949156814433e-01,9.534811658872327511e-01,9.742246643248345661e-01
9.330000000000000071e+00,9.345283562627567653e-01,9.590093931054346488e-01,9.799680671477446481e-01
9.335000000000000853e+00,9.398743367039490426e-01,9.645889363954611717e-01,9.857657400262406222e-01
9.339999999999999858e+00,9.452692536452804717e-01,9.702204623210952672e-01,9.916183998705635494e-01
9.345000000000000639e+00,9.507137344983052074e-01,9.759046484205928795e-01,9.975267755883906462e-01
9.349999999999999645e+00,9.562084168753385294e-01,9.816421834241679800e-01,1.003491608326446238e+00
9.355000000000000426e+00,9.617539487891462180e-01,9.874337674765385486e-01,1.009513651717815819e+00
9.359999999999999432e+00,9.673509888572018323e-01,9.932801123646225472e-01,1.015593672135087555e+00
9.365000000000000213e+00,9.730002065106169162e-01,9.991819417505475309e-01,1.021732448949479011e+00
9.370000000000000995e+00,9.787022822078609297e-01,1.005139991410074485e+00,1.027930774796100399e+00
9.375000000000000000e+00,9.844579076534458739e-01,1.011155009476639499e+00,1.034189455845556882e+00
9.380000000000000782e+00,9.902677860216393402e-01,1.017227756691109875e+00,1.040509312082025462e+00
9.384999999999999787e+00,9.961326321853835042e-01,1.023359006657432957e+00,1.046891177587985000e+00
9.390000000000000568e+00,1.002053172950551074e+00,1.029549546104351121e+00,1.053335900835825845e+00
9.394999999999999574e+00,1.008030147295648327e+00,1.035800175153285485e+00,1.059844344986445641e+00
9.400000000000000355e+00,1.014064306617183053e+00,1.042111707592659142e+00,1.066417388195131100e+00
9.404999999999999361e+00,1.020156414980742943e+00,1.048484971158711421e+00,1.073055923924807864e+00
9.410000000000000142e+00,1.026307249378061615e+00,1.054920807823103157e+00,1.079760861266983785e+00
9.414999999999999147e+00,1.032517599990105950e+00,1.061420074087380927e+00,1.086533125270480626e+00
9.419999999999999929e+00,1.038788270456466822e+00,1.067983641284603991e+00,1.093373657278286171e+00
9.425000000000000711e+00,1.045120078151130283e+00,1.074612395888225658e+00,1.100283415272658161e+00
9.429999999999999716e+00,1.051513854464849240e+00,1.081307239828498412e+00,1.107263374228756536e+00
9.435000000000000497e+00,1.057970445094313261e+00,1.088069090816613071e+00,1.114314526477085288e+00
9.439999999999999503e+00,1.064490710338222179e+00,1.094898882676709428e+00,1.121437882074864945e+00
9.445000000000000284e+00,1.071075525400575046e+00,1.101797565686099878e+00,1.128634469186765354e+00
9.449999999999999289e+00,1.077725780701245917e+00,1.108766106923815498e+00,1.135905334475096451e+00
9.455000000000000071e+00,1.084442382194145349e+00,1.115805490627795438e+00,1.143251543499853584e+00
9.460000000000000853e+00,1.091226251693130589e+00,1.122916718560920124e+00,1.150674181128818141e+00
9.464999999999999858e+00,1.098078327205874061e+00,1.130100810386142296e+00,1.158174351958050297e+00
9.470000000000000639e+00,1.104999563275969710e+00,1.137358804051008310e+00,1.165753180743067219e+00
9.474999999999999645e+00,1.111990931333416421e+00,1.144691756181774434e+00,1.173411812840976509e+00
9.480000000000000426e+00,1.119053420053803372e+00,1.152100742487451202e+00,1.181151414663949240e+00
9.484999999999999432e+00,1.126188035726385150e+00,1.159586858174032731e+00,1.188973174144298373e+00
9.490000000000000213e+00,1.133395802631331550e+00,1.167151218369221644e+00,1.196878301211565798e+00
9.495000000000000995e+00,1.140677763426374725e+00,1.174794958557896729e+00,1.204868028281893988e+00
9.500000000000000000e+00,1.148034979543177236e+00,1.182519235028743454e+00,1.212943610760133906e+00
9.505000000000000782e+00,1.155468531593645043e+00,1.190325225332256265e+00,1.221106327554991600e+00
9.509999999999999787e+00,1.162979519786497162e+00,1.198214128750511254e+00,1.229357481607636471e+00
9.515000000000000568e+00,1.170569064354390676e+00,1.206187166779047137e+00,1.237698400434164903e+00
9.519999999999999574e+00,1.178238305991891721e+00,1.214245583621182512e+00,1.246130436682338471e+00
9.525000000000000355e+00,1.185988406304623544e+00,1.222390646695185046e+00,1.254654968703025286e+00
9.529999999999999361e+00,1.193820548269882043e+00,1.230623647154589051e+00,1.263273401136746354e+00
9.535000000000000142e+00,1.201735936709130925e+00,1.238945900422183666e+00,1.271987165515891194e+00
9.539999999999999147e+00,1.209735798772597848e+00,1.247358746737913027e+00,1.280797720882920654e+00
9.544999999999999929e+00,1.217821384436490240e+00,1.255863551721278615e+00,1.289706554425213758e+00
9.550000000000000711e+00,1.225993967013036423e+00,1.264461706948526221e+00,1.298715182126917833e+00
9.554999999999999716e+00,1.234254843673847191e+00,1.273154630545154653e+00,1.307825149438412993e+00
9.560000000000000497e+00,1.242605335986985304e+00,1.281943767794213151e+00,1.317038031963939204e+00
9.564999999999999503e+00,1.251046790468047565e+00,1.290830591760776080e+00,1.326355436167846236e+00
9.570000000000000284e+00,1.259580579145842316e+00,1.299816603933218406e+00,1.335779000100203451e+00
9.574999999999999289e+00,1.268208100142943051e+00,1.308903334881682312e+00,1.345310394142198884e+00
9.580000000000000071e+00,1.276930778271681000e+00,1.318092344934348237e+00,1.354951321772087436e+00
9.585000000000000853e+00,1.285750065645983931e+00,1.327385224872018599e+00,1.364703520352253951e+00
9.589999999999999858e+00,1.294667442309543892e+00,1.336783596641574867e+00,1.374568761938065098e+00
9.595000000000000639e+00,1.303684416880870778e+00,1.346289114088949912e+00,1.384548854109251215e+00
9.599999999999999645e+00,1.312802527215644943e+00,1.355903463712119672e+00,1.394645640824435207e+00
9.605000000000000426e+00,1.322023341087003034e+00,1.365628365434846669e+00,1.404861003299640920e+00
9.609999999999999432e+00,1.331348456884241527e+00,1.375465573401766228e+00,1.415196860911495547e+00
9.615000000000000213e+00,1.340779504330539273e+00,1.385416876795493524e+00,1.425655172125926740e+00
9.620000000000000995e+00,1.350318145220284149e+00,1.395484100676467110e+00,1.436237935453184233e+00
9.625000000000000000e+00,1.359966074176583994e+00,1.405669106846212602e+00,1.446947190430002861e+00
9.630000000000000782e+00,1.369725019429675283e+00,1.415973794734847635e+00,1.457785018629880636e+00
9.634999999999999787e+00,1.379596743616761323e+00,1.426400102313487128e+00,1.468753544702231073e+00
9.640000000000000568e+00,1.389583044604073114e+00,1.436950007032455456e+00,1.479854937441508644e+00
9.644999999999999574e+00,1.399685756331780606e+00,1.447625526786076255e+00,1.491091410887199764e+00
9.650000000000000355e+00,1.409906749682529936e+00,1.458428720904938469e+00,1.502465225455737352e+00
9.654999999999999361e+00,1.420247933374274796e+00,1.469361691176444884e+00,1.513978689105330178e+00
9.660000000000000142e+00,1.430711254878333394e+00,1.480426582894721621e+00,1.525634158534930229e+00
9.664999999999999147e+00,1.441298701363266099e+00,1.491625585940648424e+00,1.537434040418289793e+00
9.669999999999999929e+00,1.452012300665644240e+00,1.502960935893195460e+00,1.549380792674492691e+00
9.675000000000000711e+00,1.462854122288357761e+00,1.514434915172937268e+00,1.561476925775977076e+00
9.679999999999999716e+00,1.473826278427504244e+00,1.526049854218890944e+00,1.573725004095468005e+00
9.685000000000000497e+00,1.484930925028769000e+00,1.537808132699820085e+00,1.586127647293094078e+00
9.689999999999999503e+00,1.496170262874150003e+00,1.549712180760998814e+00,1.598687531744967139e+00
9.695000000000000284e+00,1.507546538700213379e+00,1.561764480307848979e+00,1.611407392014815976e+00
9.699999999999999289e+00,1.519062046348727435e+00,1.573967566327450385e+00,1.624290022369943465e+00
9.705000000000000071e+00,1.530719127950876279e+00,1.586324028249399332e+00,1.637338278343208664e+00
9.710000000000000853e+00,1.542520175146123496e+00,1.598836511347220268e+00,1.650555078342510251e+00
9.714999999999999858e+00,1.554467630336852091e+00,1.611507718181755644e+00,1.663943405309443069e+00
9.720000000000000639e+00,1.566563987980073902e+00,1.624340410088006115e+00,1.677506308428921677e+00
9.724999999999999645e+00,1.578811795917293370e+00,1.637337408706781794e+00,1.691246904891359426e+00
9.730000000000000426e+00,1.591213656744014937e+00,1.650501597562896716e+00,1.705168381709510239e+00
9.734999999999999432e+00,1.603772229220040479e+00,1.663835923691310725e+00,1.719273997591628245e+00
9.740000000000000213e+00,1.616490229722094218e+00,1.677343399313041106e+00,1.733567084873155029e+00
9.745000000000000995e+00,1.629370433740132240e+00,1.691027103562488421e+00,1.748051051508886289e+00
9.750000000000000000e+00,1.642415677418854747e+00,1.704890184267989772e+00,1.762729383127798588e+00
9.755000000000000782e+00,1.655628859146039078e+00,1.718935859787525944e+00,1.777605645152859015e+00
9.759999999999999787e+00,1.669012941189170540e+00,1.733167420901399414e+00,1.792683484988003340e+00
9.765000000000000568e+00,1.682570951382202029e+00,1.747588232764038851e+00,1.807966634274856155e+00
9.769999999999999574e+00,1.696305984864084238e+00,1.762201736916936046e+00,1.823458911221630396e+00
9.775000000000000355e+00,1.710221205870947836e+00,1.777011453364960580e+00,1.839164223006905630e+00
9.779999999999999361e+00,1.724319849583705322e+00,1.792020982718214750e+00,1.855086568260885693e+00
9.785000000000000142e+00,1.738605224033235030e+00,1.807234008401985337e+00,1.871230039627228114e+00
9.789999999999999147e+00,1.753080712064910784e+00,1.822654298936972950e+00,1.887598826408085628e+00
9.794999999999999929e+00,1.767749773364875709e+00,1.838285710292661301e+00,1.904197217295790168e+00
9.800000000000000711e+00,1.782615946550009101e+00,1.854132188316205632e+00,1.921029603194105428e+00
9.804999999999999716e+00,1.797682851324032383e+00,1.870197771239773044e+00,1.938100480132556980e+00
9.810000000000000497e+00,1.812954190702120716e+00,1.886486592269223328e+00,1.955414452277360438e+00
9.814999999999999503e+00,1.828433753306357490e+00,1.903002882256956241e+00,1.972976235042368520e+00
9.820000000000000284e+00,1.844125415734843232e+00,1.919750972462316740e+00,1.990790658304150584e+00
9.824999999999999289e+00,1.860033145006854349e+00,1.936735297402496725e+00,2.008862669724790440e+00
9.830000000000000071e+00,1.876161001087133462e+00,1.953960397797649406e+00,2.027197338186890629e+00
9.835000000000000853e+00,1.892513139491962759e+00,1.971430923613435970e+00,2.045799857344733574e+00
9.839999999999999858e+00,1.909093813980176080e+00,1.989151637204887635e+00,2.064675549296310031e+00
9.845000000000000639e+00,1.925907379332304492e+00,2.007127416565393840e+00,2.083829868380837613e+00
9.849999999999999645e+00,1.942958294220906490e+00,2.025363258684628853e+00,2.103268405106484717e+00
9.855000000000000426e+00,1.960251124175837134e+00,2.043864283019884098e+00,2.122996890213680654e+00
9.859999999999999432e+00,1.977790544647649806e+00,2.062635735084832778e+00,2.143021198878976463e+00
9.865000000000000213e+00,1.995581344173133598e+00,2.081682990160491631e+00,2.163347355065261102e+00
9.870000000000000995e+00,2.013628427646675156e+00,2.101011557132963503e+00,2.183981536023978265e+00
9.875000000000000000e+00,2.031936819701508412e+00,2.120627082462924751e+00,2.204930076955367912e+00
9.880000000000000782e+00,2.050511668205145188e+00,2.140535354292071535e+00,2.226199475833178010e+00
9.884999999999999787e+00,2.069358247873164913e+00,2.160742306691707970e+00,2.247796398400192519e+00
9.890000000000000568e+00,2.088481964006141389e+00,2.181254024059274599e+00,2.269727683341679292e+00
9.894999999999999574e+00,2.107888356354326920e+00,2.202076745668528179e+00,2.292000347643802893e+00
9.900000000000000355e+00,2.127583103115113783e+00,2.223216870379530530e+00,2.314621592144569640e+00
9.904999999999999361e+00,2.147572025068432033e+00,2.244680961514792017e+00,2.337598807285127034e+00
9.910000000000000142e+00,2.167861089855560586e+00,2.266475751908286096e+00,2.360939579069676775e+00
9.914999999999999147e+00,2.188456416406823646e+00,2.288608149134121028e+00,2.384651695242431035e+00
9.919999999999999929e+00,2.209364279524361319e+00,2.311085240922445827e+00,2.408743151690874384e+00
9.925000000000000711e+00,2.230591114625744442e+00,2.333914300769778016e+00,2.433222159084334812e+00
9.929999999999999716e+00,2.252143522655239760e+00,2.357102793752079872e+00,2.458097149758062816e+00
9.935000000000000497e+00,2.274028275169207802e+00,2.380658382548641150e+00,2.483376784852868724e+00
9.939999999999999503e+00,2.296252319602609671e+00,2.404588933685436025e+00,2.509069961721041242e+00
9.945000000000000284e+00,2.318822784724247299e+00,2.428902524007289454e+00,2.535185821610103751e+00
9.949999999999999289e+00,2.341746986287958965e+00,2.453607447387944784e+00,2.561733757635774822e+00
9.955000000000000071e+00,2.365032432888242830e+00,2.478712221688402106e+00,2.588723423056942696e+00
9.960000000000000853e+00,2.388686832028271922e+00,2.504225595973533558e+00,2.616164739865163735e+00
9.964999999999999858e+00,2.412718096409289359e+00,2.530156557998103128e+00,2.644067907702527531e+00
9.970000000000000639e+00,2.437134350450581355e+00,2.556514341973584958e+00,2.672443413122091105e+00
9.974999999999999645e+00,2.461943937049299258e+00,2.583308436627441473e+00,2.701302039205468741e+00
9.980000000000000426e+00,2.487155424590596464e+00,2.610548593567789677e+00,2.730654875553673033e+00
9.984999999999999432e+00,2.512777614218144162e+00,2.638244835966084612e+00,2.760513328667085542e+00
9.990000000000000213e+00,2.538819547376290231e+00,2.666407467571876744e+00,2.790889132732066180e+00
9.995000000000000995e+00,2.565290513635248182e+00,2.695047082073849243e+00,2.821794360832077686e+00
1.000000000000000000e+01,2.592200058811305663e+00,2.724174572822178675e+00,2.853241436602155012e+00
1.000499999999999901e+01,2.619557993394819650e+00,2.753801142928181012e+00,2.885243146346769816e+00
1.000999999999999979e+01,2.647374401299003921e+00,2.783938315757554793e+00,2.917812651641626065e+00
1.001500000000000057e+01,2.675659648943416791e+00,2.814597945834705239e+00,2.950963502441347419e+00
1.001999999999999957e+01,2.704424394686799626e+00,2.845792230176497295e+00,2.984709650716171669e+00
1.002500000000000036e+01,2.733679598624211060e+00,2.877533720074288759e+00,3.019065464641459418e+00
1.003000000000000114e+01,2.763436532764564912e+00,2.909835333344484631e+00,3.054045743365525034e+00
1.003500000000000014e+01,2.793706791605186535e+00,2.942710367068567923e+00,3.089665732382286034e+00
1.003999999999999915e+01,2.824502303121061875e+00,2.976172510844859787e+00,3.125941139536866142e+00
1.004499999999999993e+01,2.855835340186933191e+00,3.010235860574998590e+00,3.162888151693276750e+00
1.005000000000000071e+01,2.887718532451663211e+00,3.044914932809620112e+00,3.200523452095189736e+00
1.005499999999999972e+01,2.920164878685203025e+00,3.080224679678980060e+00,3.238864238452476840e+00
1.006000000000000050e+01,2.953187759619247732e+00,3.116180504435242415e+00,3.277928241787431141e+00
1.006499999999999950e+01,2.986800951303860696e+00,3.152798277634671020e+00,3.317733746076608092e+00
1.007000000000000028e+01,3.021018639003823836e+00,3.190094353989817666e+00,3.358299608726545316e+00
1.007499999999999929e+01,3.055855431658778265e+00,3.228085589922383924e+00,3.399645281922518691e+00
1.008000000000000007e+01,3.091326376933638542e+00,3.266789361850312545e+00,3.441790834892993534e+00
1.008500000000000085e+01,3.127446976885857488e+00,3.306223585243016405e+00,3.484756977133258271e+00
1.008999999999999986e+01,3.164233204278482425e+00,3.346406734481589762e+00,3.528565082635148453e+00
1.009500000000000064e+01,3.201701519568973087e+00,3.387357863562229898e+00,3.573237215171845893e+00
1.009999999999999964e+01,3.239868888605017094e+00,3.429096627682771903e+00,3.618796154688925348e+00
1.010500000000000043e+01,3.278752801061103117e+00,3.471643305755415021e+00,3.665265424856720244e+00
1.010999999999999943e+01,3.318371289650151823e+00,3.515018823889630273e+00,3.712669321840624370e+00
1.011500000000000021e+01,3.358742950147395767e+00,3.559244779892790866e+00,3.761032944350286122e+00
1.012000000000000099e+01,3.399886962264952572e+00,3.604343468837849507e+00,3.810382225031187176e+00
1.012500000000000000e+01,3.441823111417755321e+00,3.650337909750241305e+00,3.860743963265783840e+00
1.012999999999999901e+01,3.484571811423906595e+00,3.697251873469320493e+00,3.912145859455410157e+00
1.013499999999999979e+01,3.528154128184236793e+00,3.745109911741948405e+00,3.964616550857366306e+00
1.014000000000000057e+01,3.572591804388724146e+00,3.793937387609559231e+00,4.018185649056298381e+00
1.014499999999999957e+01,3.617907285300017595e+00,3.843760507153403339e+00,4.072883779153508854e+00
1.015000000000000036e+01,3.664123745666438392e+00,3.894606352665595406e+00,4.128742620761680193e+00
1.015500000000000114e+01,3.711265117820302439e+00,3.946502917317979975e+00,4.185794950898338307e+00
1.016000000000000014e+01,3.759356121019949537e+00,3.999479141404367333e+00,4.244074688875854484e+00
1.016499999999999915e+01,3.808422292097574324e+00,4.053564950236331121e+00,4.303616943292107422e+00
1.016999999999999993e+01,3.858490017477555600e+00,4.108791293776459241e+00,4.364458061230750197e+00
1.017500000000000071e+01,3.909586566634204008e+00,4.165190188098357282e+00,4.426635679787108479e+00
1.017999999999999972e+01,3.961740127061595285e+00,4.222794758767597578e+00,4.490188780042249306e+00
1.018500000000000050e+01,4.014979840831697899e+00,4.281639286242612918e+00,4.555157743614073773e+00
1.018999999999999950e+01,4.069335842821362625e+00,4.341759253400360841e+00,4.621584411922171398e+00
1.019500000000000028e+01,4.124839300694079114e+00,4.403191395298229338e+00,4.689512148311536066e+00
1.019999999999999929e+01,4.181522456725400794e+00,4.465973751288274229e+00,4.758985903186958133e+00
1.020500000000000007e+01,4.239418671568199848e+00,4.530145719608731802e+00,4.830052282320957957e+00
1.021000000000000085e+01,4.298562470056918272e+00,4.595748114582486110e+00,4.902759618505023731e+00
1.021499999999999986e+01,4.358989589157832079e+00,4.662823226561838119e+00,4.977158046726152030e+00
1.022000000000000064e+01,4.420737028176636052e+00,4.731414884765224649e+00,5.053299583059432720e+00
1.022499999999999964e+01,4.483843101341743242e+00,4.801568523160520741e+00,5.131238207479096758e+00
1.023000000000000043e+01,4.548347492888949795e+00,4.873331249559253564e+00,5.211029950803225397e+00
1.023499999999999943e+01,4.614291314778667719e+00,4.946751918093636569e+00,5.292732985997564477e+00
1.024000000000000021e+01,4.681717167186659090e+00,5.021881205260777747e+00,5.376407724080024764e+00
1.024500000000000099e+01,4.750669201915011186e+00,5.098771689726654621e+00,5.462116914878473395e+00
1.025000000000000000e+01,4.821193188880308789e+00,5.177477936095447930e+00,5.549925752911672561e+00
1.025499999999999901e+01,4.893336585844335396e+00,5.258056582861260431e+00,5.639901988677871181e+00
1.025999999999999979e+01,4.967148611561750471e+00,5.340566434771150561e+00,5.732116045651772573e+00
1.026500000000000057e+01,5.042680322529953685e+00,5.425068559842821436e+00,5.826641143308950888e+00
1.026999999999999957e+01,5.119984693537363185e+00,5.511626391294368155e+00,5.923553426515580256e+00
1.027500000000000036e+01,5.199116702216414865e+00,5.600305834657582693e+00,6.022932101639662861e+00
1.028000000000000114e+01,5.280133417821191166e+00,5.691175380363365122e+00,6.124859579762119033e+00
1.028500000000000014e+01,5.363094094461133388e+00,5.784306222103786865e+00,6.229421627386945381e+00
1.028999999999999915e+01,5.448060269037014791e+00,5.879772381293962624e+00,6.336707525073791203e+00
1.029499999999999993e+01,5.535095864138269484e+00,5.977650837974491260e+00,6.446810234439021237e+00
1.030000000000000071e+01,5.624267296177105635e+00,6.078021668516127463e+00,6.559826573998273957e+00
1.030499999999999972e+01,5.715643589050819706e+00,6.180968190509442906e+00,6.675857404350312052e+00
1.031000000000000050e+01,5.809296493639773296e+00,6.286577115243055403e+00,6.795007823228883304e+00
1.031499999999999950e+01,5.905300613467495019e+00,6.394938708198805166e+00,6.917387370980307537e+00
1.032000000000000028e+01,6.003733536868154808e+00,6.506146958016180371e+00,7.043110247054844564e+00
1.032499999999999929e+01,6.104675976025791151e+00,6.620299754403565551e+00,7.172295538131357340e+00
1.033000000000000007e+01,6.208211913272959848e+00,6.737499075502994650e+00,7.305067458530790425e+00
1.033500000000000085e+01,6.314428755055846665e+00,6.857851185240491532e+00,7.441555603605111813e+00
1.033999999999999986e+01,6.423417493999677319e+00,6.981466841227553566e+00,7.581895216828946182e+00
1.034500000000000064e+01,6.535272879530546142e+00,7.108461513807655230e+00,7.726227471354870424e+00
1.034999999999999964e+01,6.650093597536687717e+00,7.238955616875318633e+00,7.874699766833120229e+00
1.035500000000000043e+01,6.767982459581038945e+00,7.373074751130738846e+00,8.027466042337364271e+00
1.035999999999999943e+01,6.889046602202546055e+00,7.510949960464685660e+00,8.184687106274115109e+00
1.036500000000000021e+01,7.013397696877865073e+00,7.652718002209689452e+00,8.346530984199199921e+00
1.037000000000000099e+01,7.141152171242484137e+00,7.798521632026419681e+00,8.513173285499632925e+00
1.037500000000000000e+01,7.272431442206516827e+00,7.948509904236706447e+00,8.684797589943858753e+00
1.037999999999999901e+01,7.407362161633195718e+00,8.102838488452926313e+00,8.861595855140953049e+00
1.038499999999999979e+01,7.546076475283117979e+00,8.261670003392822537e+00,9.043768845986271288e+00
1.039000000000000057e+01,7.688712295765136595e+00,8.425174368811211068e+00,9.231526587208508161e+00
1.039499999999999957e+01,7.835413590273176077e+00,8.593529176520952717e+00,9.425088840165965820e+00
1.040000000000000036e+01,7.986330683925205953e+00,8.766920081514053109e+00,9.624685605065835148e+00
1.040500000000000114e+01,8.141620579562797388e+00,8.945541214235792182e+00,9.830557649805992781e+00
1.041000000000000014e+01,8.301447294908435026e+00,9.129595615101086636e+00,1.004295706665247323e+01
1.041499999999999915e+01,8.465982218020524641e+00,9.319295692380123342e+00,1.026214785797483664e+01
1.041999999999999993e+01,8.635404482024306105e+00,9.514863704610270645e+00,1.048840655225421692e+01
1.042500000000000071e+01,8.809901360139637205e+00,9.716532268721763899e+00,1.072202285156287260e+01
1.042999999999999972e+01,8.989668682065989458e+00,9.924544895087615615e+00,1.096330031167951269e+01
1.043500000000000050e+01,9.174911272820706287e+00,1.013915655072093180e+01,1.121255705594525232e+01
1.043999999999999950e+01,9.365843415164849972e+00,1.036063425185186126e+01,1.147012652388795217e+01
1.044500000000000028e+01,9.562689336781460270e+00,1.058925768711002746e+01,1.173635825552995193e+01
1.044999999999999929e+01,9.765683723398039362e+00,1.082531987251737071e+01,1.201161871214581467e+01
1.045500000000000007e+01,9.975072259070023151e+00,1.106912783946391166e+01,1.229629213405127430e+01
1.046000000000000085e+01,1.019111219485043485e+01,1.132100335677427516e+01,1.259078143575520947e+01
1.046499999999999986e+01,1.041407294708208653e+01,1.158128368789711260e+01,1.289550913851321745e+01
1.047000000000000064e+01,1.064423672653596498e+01,1.185032238412936501e+01,1.321091833993922826e+01
1.047499999999999964e+01,1.088189919959943808e+01,1.212849011463831417e+01,1.353747371987490844e+01
1.048000000000000043e+01,1.112737018268063771e+01,1.241617553385285966e+01,1.387566258115997897e+01
1.048499999999999943e+01,1.138097437092715936e+01,1.271378618654042114e+01,1.422599592326028528e+01
1.049000000000000021e+01,1.164305210227788834e+01,1.302174945058671085e+01,1.458900954590580845e+01
1.049500000000000099e+01,1.191396015773823969e+01,1.334051351710231081e+01,1.496526517890165842e+01
1.050000000000000000e+01,1.219407259861831605e+01,1.367054840701856655e+01,1.535535163311748263e+01
1.050499999999999901e+01,1.248378164126824785e+01,1.401234702276052602e+01,1.575988596627100868e+01
1.050999999999999979e+01,1.278349856958536002e+01,1.436642623288982001e+01,1.617951465547534795e+01
1.051500000000000057e+01,1.309365468525310305e+01,1.473332798678401545e+01,1.661491476658758515e+01
1.051999999999999957e+01,1.341470229526959557e+01,1.511362045541550714e+01,1.706679510810584333e+01
1.052500000000000036e+01,1.374711573584357893e+01,1.550789919310892628e+01,1.753589735468871780e+01
1.053000000000000114e+01,1.409139243113917139e+01,1.591678831373544689e+01,1.802299712222602324e+01
1.053500000000000014e+01,1.444805398464306379e+01,1.634094167313471502e+01,1.852890497273612880e+01
1.053999999999999915e+01,1.481764730006719333e+01,1.678104404757587531e+01,1.905446732310025126e+01
1.054499999999999993e+01,1.520074572766993448e+01,1.723781229573926410e+01,1.960056722669375517e+01
1.055000000000000071e+01,1.559795023065785458e+01,1.771199648897413326e+01,2.016812499125646951e+01
1.055499999999999972e+01,1.600989056487599171e+01,1.820438099139363786e+01,2.075809858974253430e+01
1.056000000000000050e+01,1.643722646326756021e+01,1.871578546763166173e+01,2.137148381329457791e+01
1.056499999999999950e+01,1.688064881455796851e+01,1.924706579175434484e+01,2.200931410680351519e+01
1.057000000000000028e+01,1.734088082322548274e+01,1.979911482577977111e+01,2.267266001759875493e+01
1.057499999999999929e+01,1.781867913501438139e+01,2.037286303043034508e+01,2.336262817655311252e+01
1.058000000000000007e+01,1.831483490897479882e+01,2.096927886403443964e+01,2.408035971818297227e+01
1.058500000000000085e+01,1.883017481317385489e+01,2.158936891775651290e+01,2.482702803202325370e+01
1.058999999999999986e+01,1.936556191678803884e+01,2.223417772651320590e+01,2.560383572164585431e+01
1.059500000000000064e+01,1.992189644611181620e+01,2.290478718483710097e+01,2.641201063003557792e+01
1.059999999999999964e+01,2.050011636605324483e+01,2.360231548551270109e+01,2.725280077070167550e+01
1.060500000000000043e+01,2.110119774181454133e+01,2.432791548589468533e+01,2.812746798293591155e+01
1.060999999999999943e+01,2.172615482753747074e+01,2.508277239229325772e+01,2.903728010716497465e+01
1.061500000000000021e+01,2.237603981967315292e+01,2.586810063665916815e+01,2.998350145277997569e+01
1.062000000000000099e+01,2.305194220250876569e+01,2.668513980187776369e+01,3.096738130653174537e+01
1.062500000000000000e+01,2.375498760162005496e+01,2.753514943239387591e+01,3.199014020540805348e+01
1.062999999999999901e+01,2.448633604781518613e+01,2.841940254561404089e+01,3.305295367476035295e+01
1.063499999999999979e+01,2.524717953935452641e+01,2.933917763682765667e+01,3.415693311180844205e+01
1.064000000000000057e+01,2.603873877376198820e+01,3.029574894653819683e+01,3.530310347833275131e+01
1.064499999999999957e+01,2.686225890233779978e+01,3.129037473460106256e+01,3.649237745675983291e+01
1.065000000000000036e+01,2.771900414058207218e+01,3.232428328120762728e+01,3.772552572404172366e+01
1.065500000000000114e+01,2.861025104618983406e+01,3.339865631153585923e+01,3.900314301144508988e+01
1.066000000000000014e+01,2.953728025333656859e+01,3.451460952030481621e+01,4.032560965025270150e+01
1.066499999999999915e+01,3.050136642793641073e+01,3.567316985636691840e+01,4.169304835880841154e+01
1.066999999999999993e+01,3.150376618398503936e+01,3.687524921833107783e+01,4.310527611157902328e+01
1.067500000000000071e+01,3.254570367680260290e+01,3.812161421316873344e+01,4.456175105296007644e+01
1.067999999999999972e+01,3.362835356605653914e+01,3.941285164464421342e+01,4.606151458482508332e+01
1.068500000000000050e+01,3.475282102136430495e+01,4.074932943190147228e+01,4.760312897480374517e+01
1.068999999999999950e+01,3.592011842808341981e+01,4.213115271620910107e+01,4.918461110893645838e+01
1.069500000000000028e+01,3.713113844310176859e+01,4.355811500201662767e+01,5.080336335301389994e+01
1.069999999999999929e+01,3.838662305329651048e+01,4.502964430419521591e+01,5.245610289419798988e+01
1.070500000000000007e+01,3.968712830686042281e+01,4.654474444418859491e+01,5.413879140669715184e+01
1.071000000000000085e+01,4.103298442462420326e+01,4.810193186122658915e+01,5.584656741414876535e+01
1.071499999999999986e+01,4.242425106064574436e+01,4.969916858781471802e+01,5.757368429060748838e+01
1.072000000000000064e+01,4.386066757502265290e+01,5.133379238651165366e+01,5.931345742434794488e+01
1.072499999999999964e+01,4.534159831442565292e+01,5.300244546010043223e+01,6.105822462467537548e+01
1.073000000000000043e+01,4.686597307472943896e+01,5.470100362739521671e+01,6.279932432833872014e+01
1.073499999999999943e+01,4.843222315287295032e+01,5.642450839350993164e+01,6.452709649250665791e+01
1.074000000000000021e+01,5.003821368848251439e+01,5.816710491922087556e+01,6.623091116807671597e+01
1.074500000000000099e+01,5.168117335466275364e+01,5.992198948085624721e+01,6.789922954648572784e+01
1.075000000000000000e+01,5.335762288367487827e+01,6.168137056937383278e+01,6.951970168365447478e+01
1.075499999999999901e+01,5.506330440375857194e+01,6.343644825023943667e+01,7.107930405768097160e+01
1.075999999999999979e+01,5.679311410841229701e+01,6.517741672670858577e+01,7.256451857180935860e+01
1.076500000000000057e+01,5.854104136009483739e+01,6.689349513924089763e+01,7.396155257322709531e+01
1.076999999999999957e+01,6.030011791650692032e+01,6.857299140846703267e+01,7.525659698118924723e+01
1.077500000000000036e+01,6.206238151648715018e+01,7.020340330653208127e+01,7.643611683245100608e+01
1.078000000000000114e+01,6.381885851725724734e+01,7.177155985410279015e+01,7.748716565566562053e+01
1.078500000000000014e+01,6.555957056548690787e+01,7.326380454920787599e+01,7.839771233858611765e+01
1.078999999999999915e+01,6.727357033103317008e+01,7.466621984490895159e+01,7.915696685147132428e+01
1.079499999999999993e+01,6.894901104935190972e+01,7.596488977012779742e+01,7.975568964149903195e+01
1.080000000000000071e+01,7.057325392587421220e+01,7.714619476506592832e+01,8.018646898273787826e+01
1.080499999999999972e+01,7.213301628882636862e+01,7.819712988328514314e+01,8.044395123694215499e+01
1.081000000000000050e+01,7.361456170324997572e+01,7.910563476155431317e+01,8.052501091145970236e+01
1.081499999999999950e+01,7.500393109230856226e+01,7.986092147895789140e+01,8.042885050348026255e+01
1.082000000000000028e+01,7.628721132726404619e+01,8.045378492440420359e+01,8.015702415700023664e+01
1.082499999999999929e+01,7.745083488946816885e+01,8.087687983117403689e+01,7.971338376682258797e+01
1.083000000000000007e+01,7.848190129104033019e+01,8.112494939574348507e+01,7.910395090012737285e+01
1.083500000000000085e+01,7.936850823866866733e+01,8.119499242643399839e+01,7.833672231043532008e+01
1.083999999999999986e+01,8.010007834380402869e+01,8.108635916640253072e+01,7.742142047805339189e+01
1.084500000000000064e+01,8.066766582533179530e+01,8.080077005612130847e+01,7.636920321514806176e+01
1.084999999999999964e+01,8.106422737201971529e+01,8.034225636956787753e+01,7.519234775153562111e+01
1.085500000000000043e+01,8.128484229152381602e+01,7.971702642644726211e+01,7.390392484944692342e+01
1.085999999999999943e+01,8.132686929876936688e+01,7.893326548699280920e+01,7.251747750057610631e+01
1.086500000000000021e+01,8.119003066565848314e+01,7.800088106487005746e+01,7.104671686135071695e+01
1.087000000000000099e+01,8.087641869508630066e+01,7.693120794291270670e+01,6.950524557005904569e+01
1.087500000000000000e+01,8.039042420565147040e+01,7.573668848330740389e+01,6.790631576672031144e+01
1.087999999999999901e+01,7.973859146258912745e+01,7.443054387833238650e+01,6.626262628588277437e+01
1.088499999999999979e+01,7.892940830553573051e+01,7.302645091753447559e+01,6.458616084527564283e+01
1.089000000000000057e+01,7.797304370620716440e+01,7.153823688445598350e+01,6.288806677469301576e+01
1.089499999999999957e+01,7.688104735444952098e+01,6.997960263300493011e+01,6.117857201534135214e+01
1.090000000000000036e+01,7.566602698050112963e+01,6.836388103708934239e+01,5.946693680254779935e+01
1.090500000000000114e+01,7.434131898774809599e+01,6.670383513940218734e+01,5.776143560605542149e+01
1.091000000000000014e+01,7.292066674063072185e+01,6.501149767559340376e+01,5.606936448810543538e+01
1.091499999999999915e+01,7.141791877178788184e+01,6.329805138063187542e+01,5.439706897561615051e+01
1.091999999999999993e+01,6.984675653897760128e+01,6.157374768695034817e+01,5.274998774647798427e+01
1.092500000000000071e+01,6.822045848159356751e+01,5.984786012794310039e+01,5.113270782069750453e+01
1.092999999999999972e+01,6.655170427463401950e+01,5.812866794444426688e+01,4.954902745292331190e+01
1.093500000000000050e+01,6.485242057457945464e+01,5.642346499968682139e+01,4.800202348375599115e+01
1.093999999999999950e+01,6.313366734811134506e+01,5.473858906391498635e+01,4.649412047679719961e+01
1.094500000000000028e+01,6.140556215249555549e+01,5.307946674985571178e+01,4.502715951298652897e+01
1.094999999999999929e+01,5.967723851611712860e+01,5.145066978393695223e+01,4.360246501149578080e+01
1.095500000000000007e+01,5.795683382120756022e+01,4.985597881344962445e+01,4.222090838466272800e+01
1.096000000000000085e+01,5.625150175801098129e+01,4.829845151732131825e+01,4.088296770805568769e+01
1.096499999999999986e+01,5.456744442223818936e+01,4.678049236171658976e+01,3.958878289586773036e+01
1.097000000000000064e+01,5.290995938214943806e+01,4.530392188840276191e+01,3.833820612031480124e+01
1.097499999999999964e+01,5.128349746793225705e+01,4.387004392206770831e+01,3.713084740740574574e+01
1.098000000000000043e+01,4.969172756404920221e+01,4.247970952055616323e+01,3.596611548748339970e+01
1.098499999999999943e+01,4.813760525733054862e+01,4.113337686445299823e+01,3.484325408460978224e+01
1.099000000000000021e+01,4.662344276576885704e+01,3.983116659002440230e+01,3.376137390125707327e+01
1.099500000000000099e+01,4.515097811420269380e+01,3.857291231631702999e+01,3.271948060048183038e+01
1.100000000000000000e+01,4.372144201324762491e+01,3.735820630916391849e+01,3.171649911245865638e+01
1.100499999999999901e+01,4.233562132629915453e+01,3.618644036926450269e+01,3.075129460103924117e+01
1.100999999999999979e+01,4.099391837218610135e+01,3.505684213564851603e+01,2.982269042292434591e+01
1.101500000000000057e+01,3.969640560929621387e+01,3.396850706690742072e+01,2.892948340055042067e+01
1.101999999999999957e+01,3.844287548514343911e+01,3.292042640711015622e+01,2.807045671261848341e+01
1.102500000000000036e+01,3.723288541968614140e+01,3.191151146705981034e+01,2.724439068542584153e+01
1.103000000000000114e+01,3.606579802855742400e+01,3.094061455950451034e+01,2.645007174549216700e+01
1.103500000000000014e+01,3.494081679101785909e+01,3.000654692315137950e+01,2.568629977054486346e+01
1.103999999999999915e+01,3.385701743408247211e+01,2.910809395832540147e+01,2.495189405272037320e+01
1.104499999999999993e+01,3.281337534523418498e+01,2.824402807947872773e+01,2.424569806539003380e+01
1.105000000000000071e+01,3.180878934713602035e+01,2.741311946865448945e+01,2.356658320378643268e+01
1.105499999999999972e+01,3.084210217362854323e+01,2.661414499105930886e+01,2.291345164984122107e+01
1.106000000000000050e+01,2.991211798103023511e+01,2.584589551027307053e+01,2.228523849345729246e+01
1.106499999999999950e+01,2.901761721568306740e+01,2.510718181725062337e+01,2.168091322590904113e+01
1.107000000000000028e+01,2.815736914033827887e+01,2.439683936469428005e+01,2.109948070613379301e+01
1.107499999999999929e+01,2.733014230046879334e+01,2.371373197706923008e+01,2.053998168733244967e+01
1.108000000000000007e+01,2.653471318841264903e+01,2.305675468668844985e+01,2.000149297940996718e+01
1.108500000000000085e+01,2.576987333959088389e+01,2.242483582807553688e+01,1.948312731228203631e+01
1.108999999999999986e+01,2.503443507169570736e+01,2.181693850623076969e+01,1.898403295581113426e+01
1.109500000000000064e+01,2.432723605533593414e+01,2.123206153950057029e+01,1.850339314403617053e+01
1.109999999999999964e+01,2.364714288347613547e+01,2.066923996437162714e+01,1.804042534426762856e+01
1.110500000000000043e+01,2.299305378738796790e+01,2.012754517762801143e+01,1.759438040546303483e+01
1.110999999999999943e+01,2.236390062883240759e+01,1.960608478079627659e+01,1.716454161495204289e+01
1.111500000000000021e+01,2.175865028184864514e+01,1.910400218254892479e+01,1.675022368795933403e+01
1.112000000000000099e+01,2.117630550281840485e+01,1.862047600663285252e+01,1.635077171039394628e+01
1.112500000000000000e+01,2.061590537431058578e+01,1.815471934580230240e+01,1.596556005194190497e+01
1.112999999999999901e+01,2.007652539654046819e+01,1.770597889608963271e+01,1.559399126357267207e+01
1.113499999999999979e+01,1.955727728994008530e+01,1.727353400039871900e+01,1.523549497105119421e+01
1.114000000000000057e+01,1.905730856326400158e+01,1.685669562579810332e+01,1.488952677391303858e+01
1.114499999999999957e+01,1.857580189369503998e+01,1.645480529490847488e+01,1.455556715753513686e+01
1.115000000000000036e+01,1.811197435847789095e+01,1.606723398836108885e+01,1.423312042439300029e+01
1.115500000000000114e+01,1.766507655158136814e+01,1.569338103237813620e+01,1.392171364929427391e+01
1.116000000000000014e+01,1.723439161365006456e+01,1.533267298301045223e+01,1.362089566227168724e+01
1.116499999999999915e+01,1.681923419900108030e+01,1.498456251644187986e+01,1.333023606190382004e+01
1.116999999999999993e+01,1.641894939952350541e+01,1.464852733294823928e+01,1.304932426105704835e+01
1.117500000000000071e+01,1.603291164199397301e+01,1.432406908055904537e+01,1.277776856639961167e+01
1.117999999999999972e+01,1.566052357246118731e+01,1.401071230317240257e+01,1.251519529251049789e+01
1.118500000000000050e+01,1.530121493889806494e+01,1.370800341677319700e+01,1.226124791096469480e+01
1.118999999999999950e+01,1.495444148124121675e+01,1.341550971649117585e+01,1.201558623442423190e+01
1.119500000000000028e+01,1.461968383615625378e+01,1.313281841646006853e+01,1.177788563546943479e+01
1.119999999999999929e+01,1.429644646237150241e+01,1.285953572380508625e+01,1.154783629967710645e+01
1.120500000000000007e+01,1.398425659115076947e+01,1.259528594755423470e+01,1.132514251226725754e+01
1.121000000000000085e+01,1.368266320540831060e+01,1.233971064283455910e+01,1.110952197749705306e+01
1.121499999999999986e+01,1.339123605007357831e+01,1.209246779035887265e+01,1.090070516987273308e+01
1.122000000000000064e+01,1.310956467556487581e+01,1.185323101092088116e+01,1.069843471616986719e+01
1.122499999999999964e+01,1.283725751560917061e+01,1.162168881438618762e+01,1.050246480719640907e+01
1.123000000000000043e+01,1.257394100013138427e+01,1.139754388248447725e+01,1.031256063819628466e+01
1.123499999999999943e+01,1.231925870351360963e+01,1.118051238456682306e+01,1.012849787677122571e+01
1.124000000000000021e+01,1.207287052817993001e+01,1.097032332538409172e+01,9.950062157191224443e+00
1.124500000000000099e+01,1.183445192318580830e+01,1.076671792386530235e+01,9.777048599969084819e+00
1.125000000000000000e+01,1.160369313726427976e+01,1.056944902181595403e+01,9.609261355584512998e+00
1.125499999999999901e+01,1.138029850561089873e+01,1.037828052142529067e+01,9.446513171266056830e+00
1.125999999999999979e+01,1.116398576954878763e+01,1.019298685044801722e+01,9.288624979760967904e+00
1.126500000000000057e+01,1.095448542811574910e+01,1.001335245392272988e+01,9.135425509054623916e+00
1.126999999999999957e+01,1.075154012053801189e+01,9.839171311291790900e+00,8.986750912031402194e+00
1.127500000000000036e+01,1.055490403850371450e+01,9.670246477800885643e+00,8.842444415103917876e+00
1.128000000000000114e+01,1.036434236711889234e+01,9.506389649079054038e+00,8.702355984875230988e+00
1.128500000000000014e+01,1.017963075340647627e+01,9.347420747820553544e+00,8.566342011931842748e+00
1.128999999999999915e+01,1.000055480120935947e+01,9.193167531524313318e+00,8.434265010906299764e+00
1.129499999999999993e+01,9.826909591362158025e+00,9.043465220276702965e+00,8.305993335983696824e+00
1.130000000000000071e+01,9.658499226010491157e+00,8.898156143598219714e+00,8.181400911063201775e+00
1.130499999999999972e+01,9.495136395978981625e+00,8.757089405412511240e+00,8.060366973823695602e+00
1.131000000000000050e+01,9.336641970113690903e+00,8.620120566231182835e+00,7.942775832976426642e+00
1.131499999999999950e+01,9.182844605557340500e+00,8.487111341688651223e+00,7.828516638025223351e+00
1.132000000000000028e+01,9.033580377945002127e+00,8.357929316594601588e+00,7.717483160884978766e+00
1.132499999999999929e+01,8.888692430547543211e+00,8.232447673713803482e+00,7.609573588745934813e+00
1.133000000000000007e+01,8.748030641422690934e+00,8.110544936515696079e+00,7.504690327599521815e+00
1.133500000000000085e+01,8.611451307673709366e+00,7.992104725174802304e+00,7.402739815873938589e+00
1.133999999999999986e+01,8.478816845952310999e+00,7.877015525137164964e+00,7.303632347656240142e+00
1.134500000000000064e+01,8.349995508379448594e+00,7.765170467601616444e+00,7.207281905005085143e+00
1.134999999999999964e+01,8.224861113097322374e+00,7.656467121299322720e+00,7.113605998886491477e+00
1.135500000000000043e+01,8.103292788699544502e+00,7.550807294984615226e+00,7.022525518288691870e+00
1.135999999999999943e+01,7.985174731824955074e+00,7.448096850082510656e+00,6.933964587097971588e+00
1.136500000000000021e+01,7.870395977234073470e+00,7.348245522966561971e+00,6.847850428339646633e+00
1.137000000000000099e+01,7.758850179722394103e+00,7.251166756369870292e+00,6.764113235411475245e+00
1.137500000000000000e+01,7.650435407255704590e+00,7.156777539457177539e+00,6.682686049956171104e+00
1.137999999999999901e+01,7.545053944746598518e+00,7.064998256113893760e+00,6.603504646041664650e+00
1.138499999999999979e+01,7.442612107919758913e+00,6.975752541030382226e+00,6.526507420335038390e+00
1.139000000000000057e+01,7.343020066744230689e+00,6.888967143184628661e+00,6.451635287975318711e+00
1.139499999999999957e+01,7.246191677937871667e+00,6.804571796347605783e+00,6.378831583866683808e+00
1.140000000000000036e+01,7.152044326076064884e+00,6.722499096256924211e+00,6.308041969129979165e+00
1.140500000000000114e+01,7.060498772863605055e+00,6.642684384125638886e+00,6.239214342466913976e+00
1.141000000000000014e+01,6.971479014150388842e+00,6.565065636169881813e+00,6.172298756204038561e+00
1.141499999999999915e+01,6.884912144297582692e+00,6.489583358859442264e+00,6.107247336799714432e+00
1.141999999999999993e+01,6.800728227520821179e+00,6.416180489610993298e+00,6.044014209608798538e+00
1.142500000000000071e+01,6.718860175859431294e+00,6.344802302661021187e+00,5.982555427713599272e+00
1.142999999999999972e+01,6.639243633439609660e+00,6.275396319870266915e+00,5.922828904640748959e+00
1.143500000000000050e+01,6.561816866718790386e+00,6.207912226226548036e+00,5.864794350795425437e+00
1.143999999999999950e+01,6.486520660417282258e+00,6.142301789827510738e+00,5.808413213455718704e+00
1.144500000000000028e+01,6.413298218858344057e+00,6.078518786136339891e+00,5.753648620178937634e+00
1.144999999999999929e+01,6.342095072456577221e+00,6.016518926318534355e+00,5.700465325483297541e+00
1.145500000000000007e+01,6.272858989107805705e+00,5.956259789477583055e+00,5.648829660676263131e+00
1.146000000000000085e+01,6.205539890249608170e+00,5.897700758620354478e+00,5.598709486710892413e+00
1.146499999999999986e+01,6.140089771374953820e+00,5.840802960193387960e+00,5.550074149959940861e+00
1.147000000000000064e+01,6.076462626794620014e+00,5.785529207041212985e+00,5.502894440805252252e+00
1.147499999999999964e+01,6.014614378457228128e+00,5.731843944648914224e+00,5.457142554949045987e+00
1.148000000000000043e+01,5.954502808646641832e+00,5.679713200539166174e+00,5.412792057360168663e+00
1.148499999999999943e+01,5.896087496388863869e+00,5.629104536704183204e+00,5.369817848776706093e+00
1.149000000000000021e+01,5.839329757410622435e+00,5.579987004961033392e+00,5.328196134693029329e+00
1.149500000000000099e+01,5.784192587502993810e+00,5.532331105127601845e+00,5.287904396766664128e+00
1.150000000000000000e+01,5.730640609151996578e+00,5.486108745923660379e+00,5.248921366586549730e+00
1.150499999999999901e+01,5.678640021309068864e+00,5.441293208510297852e+00,5.211227001751600696e+00
1.150999999999999979e+01,5.628158552181886876e+00,5.397859112587333641e+00,5.174802464214119269e+00
1.151500000000000057e+01,5.579165414935881806e+00,5.355782384976392585e+00,5.139630100849630345e+00
1.151999999999999957e+01,5.531631266203773656e+00,5.315040230623344186e+00,5.105693426219996667e+00
1.152500000000000036e+01,5.485528167309632330e+00,5.275611105961512060e+00,5.072977107503586325e+00
1.153000000000000114e+01,5.440829548120978743e+00,5.237474694582963330e+00,5.041466951571837107e+00
1.153500000000000014e+01,5.397510173449632909e+00,5.200611885171629645e+00,5.011149894197179044e+00
1.153999999999999915e+01,5.355546111929803565e+00,5.165004751658747395e+00,4.982013991383786866e+00
1.154499999999999993e+01,5.314914707308283859e+00,5.130636535566567957e+00,4.954048412817872560e+00
1.155000000000000071e+01,5.275594552088650246e+00,5.097491630512989147e+00,4.927243437440384177e+00
1.155499999999999972e+01,5.237565463477651839e+00,5.065555568855145907e+00,4.901590451150501515e+00
1.156000000000000050e+01,5.200808461588455778e+00,5.034815010456129336e+00,4.877081946654125311e+00
1.156499999999999950e+01,5.165305749862032947e+00,5.005257733565118272e+00,4.853711525477729438e+00
1.157000000000000028e+01,5.131040697673122430e+00,4.976872627806159244e+00,4.831473902172854551e+00
1.157499999999999929e+01,5.097997825094521929e+00,4.949649689277683784e+00,4.810364910743394340e+00
1.158000000000000007e+01,5.066162789798225319e+00,4.923580017769602080e+00,4.790381513332666152e+00
1.158500000000000085e+01,5.035522376078560569e+00,4.898655816111143757e+00,4.771521811213702335e+00
1.158999999999999986e+01,5.006064485987963053e+00,4.874870391668244096e+00,4.753785058131741792e+00
1.159500000000000064e+01,4.977778132581765824e+00,4.852218160014716730e+00,4.737171676053650415e+00
1.159999999999999964e+01,4.950653435274527503e+00,4.830694650807733304e+00,4.721683273385033353e+00
1.160500000000000043e+01,4.924681617315542326e+00,4.810296515903381476e+00,4.707322665721204835e+00
1.160999999999999943e+01,4.899855005397498964e+00,4.791021539754197534e+00,4.694093899204022868e+00
1.161500000000000021e+01,4.876167031417575792e+00,4.772868652136143197e+00,4.682002276562008625e+00
1.162000000000000099e+01,4.853612236416278591e+00,4.755837943258486078e+00,4.671054385916536766e+00
1.162500000000000000e+01,4.832186276724932839e+00,4.739930681315508210e+00,4.661258132441910007e+00
1.162999999999999901e+01,4.811885932358466178e+00,4.725149332544896552e+00,4.652622772971960252e+00
1.163499999999999979e+01,4.792709117696131393e+00,4.711497583863276439e+00,4.645158953650049938e+00
1.164000000000000057e+01,4.774654894498354452e+00,4.698980368154714427e+00,4.638878750723283595e+00
1.164499999999999957e+01,4.757723487313701760e+00,4.687603892293424224e+00,4.633795714584667991e+00
1.165000000000000036e+01,4.741916301335844963e+00,4.677375667987223373e+00,4.629924917169454091e+00
1.165500000000000114e+01,4.727235942776038868e+00,4.668304545532764749e+00,4.627283002812855983e+00
1.166000000000000014e+01,4.713686241822004241e+00,4.660400750578213902e+00,4.625888242676445827e+00
1.166499999999999915e+01,4.701272278260030468e+00,4.653675923992984131e+00,4.625760592848799924e+00
1.166999999999999993e+01,4.690000409842024709e+00,4.648143164947230233e+00,4.626921756222288629e+00
1.167500000000000071e+01,4.679878303484628965e+00,4.643817077306475305e+00,4.629395248242189176e+00
1.167999999999999972e+01,4.670914969392016225e+00,4.640713819448072819e+00,4.633206466615346741e+00
1.168500000000000050e+01,4.663120798198503003e+00,4.638851157606548092e+00,4.638382765053782997e+00
1.168999999999999950e+01,4.656507601231063553e+00,4.638248522853523959e+00,4.644953531112411937e+00
1.169500000000000028e+01,4.651088653994658983e+00,4.638927071814947567e+00,4.652950268159355751e+00
1.169999999999999929e+01,4.646878742985981248e+00,4.640909751222936919e+00,4.662406681490686822e+00
1.170500000000000007e+01,4.643894215942389714e+00,4.644221366391673378e+00,4.673358768568436794e+00
1.171000000000000085e+01,4.642153035632844649e+00,4.648888653695585127e+00,4.685844913319465732e+00
1.171499999999999986e+01,4.641674837296251077e+00,4.654940357113083849e+00,4.699905984382357182e+00
1.172000000000000064e+01,4.642480989829185667e+00,4.662407308879680023e+00,4.715585437128253510e+00
1.172499999999999964e+01,4.644594660819430842e+00,4.671322514269079740e+00,4.732929419206918453e+00
1.173000000000000043e+01,4.648040885513292864e+00,4.681721240490015923e+00,4.751986879280338805e+00
1.173499999999999943e+01,4.652846639793124517e+00,4.693641109647023413e+00,4.772809678498679098e+00
1.174000000000000021e+01,4.659040917225956591e+00,4.707122195666088693e+00,4.795452704146176082e+00
1.174500000000000099e+01,4.666654810223787919e+00,4.722207125027241936e+00,4.819973984732718542e+00
1.175000000000000000e+01,4.675721595330555758e+00,4.738941181075715825e+00,4.846434805627343856e+00
1.175499999999999901e+01,4.686276822618393290e+00,4.757372411598007389e+00,4.874899824118635649e+00
1.175999999999999979e+01,4.698358409135791725e+00,4.777551739246867157e+00,4.905437182537219165e+00
1.176500000000000057e+01,4.712006736300990539e+00,4.799533074277576361e+00,4.938118617784057029e+00
1.176999999999999957e+01,4.727264751074292448e+00,4.823373428912725025e+00,4.973019565266584507e+00
1.177500000000000036e+01,4.744178070670126424e+00,4.849133032481193872e+00,5.010219254845990733e+00
1.178000000000000114e+01,4.762795090482512705e+00,4.876875446273952086e+00,5.049800795935834863e+00
1.178500000000000014e+01,4.783167094793103757e+00,4.906667676821200530e+00,5.091851248355468762e+00
1.178999999999999915e+01,4.805348369705894740e+00,4.938580286014734533e+00,5.136461674920087539e+00
1.179499999999999993e+01,4.829396317604803812e+00,4.972687496171984023e+00,5.183727171034513859e+00
1.180000000000000071e+01,4.855371572254362000e+00,5.009067287755400777e+00,5.233746865736111253e+00
1.180499999999999972e+01,4.883338113456918705e+00,5.047801487015932231e+00,5.286623887693259860e+00
1.181000000000000050e+01,4.913363379935864472e+00,5.088975840312810917e+00,5.342465288595922956e+00
1.181499999999999950e+01,4.945518378827968853e+00,5.132680071263893140e+00,5.401381915161631575e+00
1.182000000000000028e+01,4.979877789834216806e+00,5.179007916192919225e+00,5.463488219614301755e+00
1.182499999999999929e+01,5.016520061686882137e+00,5.228057132547026420e+00,5.528901996959084464e+00
1.183000000000000007e+01,5.055527498138045139e+00,5.279929474053049354e+00,5.597744035673755114e+00
1.183500000000000085e+01,5.096986330146576982e+00,5.334730625346506550e+00,5.670137666553101141e+00
1.183999999999999986e+01,5.140986770332940381e+00,5.392570087635483844e+00,5.746208192388416514e+00
1.184500000000000064e+01,5.187623045068794347e+00,5.453561005637638459e+00,5.826082178943395640e+00
1.184999999999999964e+01,5.236993398761915941e+00,5.517819924541592869e+00,5.909886585324470865e+00
1.185500000000000043e+01,5.289200063975875388e+00,5.585466464089305028e+00,5.997747709379334324e+00
1.185999999999999943e+01,5.344349189971403291e+00,5.656622895041890864e+00,6.089789921241865578e+00
1.186500000000000021e+01,5.402550721066097239e+00,5.731413601286260651e+00,6.186134155669392065e+00
1.187000000000000099e+01,5.463918214863398681e+00,5.809964408664791691e+00,6.286896131497907270e+00
1.187500000000000000e+01,5.528568588894358093e+00,5.892401759288928176e+00,6.392184264537592142e+00
1.187999999999999901e+01,5.596621782536741030e+00,5.978851707661510417e+00,6.502097238752424069e+00
1.188499999999999979e+01,5.668200319220259686e+00,6.069438712433062655e+00,6.616721199880922555e+00
1.189000000000000057e+01,5.743428751898197682e+00,6.164284195134524857e+00,6.736126536104423579e+00
1.189499999999999957e+01,5.822432972571546905e+00,6.263504834869184634e+00,6.860364212368180503e+00
1.190000000000000036e+01,5.905339364312425232e+00,6.367210565856826321e+00,6.989461629011993971e+00
1.190500000000000114e+01,5.992273771787303360e+00,6.475502243103121280e+00,7.123417982064971454e+00
1.191000000000000014e+01,6.083360263779550081e+00,6.588468940565685550e+00,7.262199112571864568e+00
1.191499999999999915e+01,6.178719658738216047e+00,6.706184846327896132e+00,7.405731846388453832e+00
1.191999999999999993e+01,6.278467782048463341e+00,6.828705720869238327e+00,7.553897844788079574e+00
1.192500000000000071e+01,6.382713421681390997e+00,6.956064888013790970e+00,7.706527010720707338e+00
1.192999999999999972e+01,6.491555947343334410e+00,7.088268734119615111e+00,7.863390526339506081e+00
1.193500000000000050e+01,6.605082557462871762e+00,7.225291700183713139e+00,8.024193634923770801e+00
1.193999999999999950e+01,6.723365118663589435e+00,7.367070764511882253e+00,8.188568324727926395e+00
1.194500000000000028e+01,6.846456564177549886e+00,7.513499431205356238e+00,8.356066123191904893e+00
1.194999999999999929e+01,6.974386821444872986e+00,7.664421262711181626e+00,8.526151266249270222e+00
1.195500000000000007e+01,7.107158245509073602e+00,7.819623023784186167e+00,8.698194567133617383e+00
1.196000000000000085e+01,7.244740544401856219e+00,7.978827539930774648e+00,8.871468368873884458e+00
1.196499999999999986e+01,7.387065196262047273e+00,8.141686415998826476e+00,9.045143020054906557e+00
1.197000000000000064e+01,7.534019376210446595e+00,8.307772809794357727e+00,9.218285358417688258e+00
1.197499999999999964e+01,7.685439434774461454e+00,8.476574510544493180e+00,9.389859714195344154e+00
1.198000000000000043e+01,7.841103999613236120e+00,8.647487630900933198e+00,9.558731946428551396e+00
1.198499999999999943e+01,8.000726808921953648e+00,8.819811281066884945e+00,9.723676992165515287e+00
1.199000000000000021e+01,8.163949428390782970e+00,8.992743650351997076e+00,9.883390332314327509e+00
1.199500000000000099e+01,8.330334053629355751e+00,9.165379969389261916e+00,1.003650365267669997e+01
1.200000000000000000e+01,8.499356655541497219e+00,9.336712858431280182e+00,1.018160480145745872e+01
1.200499999999999901e+01,8.670400785313169933e+00,9.505635575501345969e+00,1.031726191738064813e+01
1.200999999999999979e+01,8.842752415386776477e+00,9.670948654062561545e+00,1.044205133388582674e+01
1.201500000000000057e+01,9.015596248657761436e+00,9.831370354951033619e+00,1.055458857037265297e+01
1.201999999999999957e+01,9.188013974345752288e+00,9.985551244755020761e+00,1.065356142383546079e+01
1.202500000000000036e+01,9.358984978427638879e+00,1.013209304875873507e+01,1.073776390198077202e+01
1.203000000000000114e+01,9.527390020995692765e+00,1.026957171174287353e+01,1.080612952361255275e+01
1.203500000000000014e+01,9.692018363754554500e+00,1.039656434111304328e+01,1.085776238439788521e+01
1.203999999999999915e+01,9.851578759893186543e+00,1.051167941783602267e+01,1.089196437128208572e+01
1.204499999999999993e+01,1.000471459923307194e+01,1.061358936251553509e+01,1.090825702183526502e+01
1.205000000000000071e+01,1.015002333054678729e+01,1.070106426383834730e+01,1.090639676690032900e+01
1.205499999999999972e+01,1.028608006172203382e+01,1.077300534558331435e+01,1.088638265167008790e+01
1.206000000000000050e+01,1.041146497469771326e+01,1.082847659760810899e+01,1.084845607242222520e+01
1.206500000000000128e+01,1.052479390062406495e+01,1.086673295256422023e+01,1.079309255262920075e+01
1.207000000000000028e+01,1.062475110342671236e+01,1.088724347133399917e+01,1.072098606588868641e+01
1.207499999999999929e+01,1.071012304475285148e+01,1.088970821110421028e+01,1.063302684738187232e+01
1.208000000000000007e+01,1.077983168142194792e+01,1.087406778002759999e+01,1.053027398060600284e+01
1.208500000000000085e+01,1.083296570885667442e+01,1.084050500573230913e+01,1.041392427435689605e+01
1.208999999999999986e+01,1.086880813642164512e+01,1.078943862308230628e+01,1.028527904388670144e+01
1.209499999999999886e+01,1.088685867937630114e+01,1.072150937351127276e+01,1.014571038283257920e+01
1.209999999999999964e+01,1.088684968003981268e+01,1.063755935669374075e+01,9.996628375294070779e+00
1.210500000000000043e+01,1.086875461508533469e+01,1.053860584346752738e+01,9.839450476275978019e+00
1.210999999999999943e+01,1.083278867888074792e+01,1.042581101601858329e+01,9.675574014463080630e+00
1.211500000000000021e+01,1.077940141469136570e+01,1.030044923120201972e+01,9.506352475112873179e+00
1.212000000000000099e+01,1.070926184976263507e+01,1.016387340488956070e+01,9.333075930475308368e+00
1.212500000000000000e+01,1.062323702993449182e+01,1.001748200281361001e+01,9.156955722359379379e+00
1.212999999999999901e+01,1.052236520391105756e+01,9.862687920490143867e+00,8.979113280941625419e+00
1.213499999999999979e+01,1.040782514769222544e+01,9.700890271437044632e+00,8.800572793262775306e+00
1.214000000000000057e+01,1.028090323189563726e+01,9.533449810408574976e+00,8.622257315521446586e+00
1.214499999999999957e+01,1.014295982018474618e+01,9.361668425471888710e+00,8.444987851952552305e+00
1.215000000000000036e+01,9.995396460839872432e+00,9.186772862741744206e+00,8.269484893311915386e+00
1.215500000000000114e+01,9.839625120707619743e+00,9.009902616822543564e+00,8.096371911636527585e+00
1.216000000000000014e+01,9.677040441768802737e+00,8.832101737708057954e+00,7.926180336451870367e+00
1.216499999999999915e+01,9.508995706565510631e+00,8.654314173850972125e+00,7.759355582840218091e+00
1.216999999999999993e+01,9.336782907843257817e+00,8.477382189050755912e+00,7.596263756708768966e+00
1.217500000000000071e+01,9.161617052381759052e+00,8.302047351887907212e+00,7.437198721452756622e+00
1.217999999999999972e+01,8.984624604492006839e+00,8.128953592837367736e+00,7.282389268650044656e+00
1.218500000000000050e+01,8.806835799334461257e+00,7.958651847396239098e+00,7.132006190397122580e+00
1.219000000000000128e+01,8.629180432083440877e+00,7.791605845305621614e+00,6.986169100470231541e+00
1.219500000000000028e+01,8.452486653163829189e+00,7.628198658912400454e+00,6.844952894655127018e+00
1.219999999999999929e+01,8.277482266149362999e+00,7.468739681858596491e+00,6.708393777010914327e+00
1.220500000000000007e+01,8.104798025438167741e+00,7.313471767925348033e+00,6.576494808670615200e+00
1.221000000000000085e+01,7.934972456988676370e+00,7.162578315669832385e+00,6.449230959526003559e+00
1.221499999999999986e+01,7.768457769042493410e+00,7.016190135293487451e+00,6.326553661452359201e+00
1.221999999999999886e+01,7.605626473730932702e+00,6.874391978769507361e+00,6.208394875357594600e+00
1.222499999999999964e+01,7.446778398883140859e+00,6.737228652153081754e+00,6.094670694037437997e+00
1.223000000000000043e+01,7.292147827754408063e+00,6.604710660267007150e+00,5.985284509307683187e+00
1.223499999999999943e+01,7.141910559605744169e+00,6.476819359014898581e+00,5.880129775818024207e+00
1.224000000000000021e+01,6.996190734055591776e+00,6.353511610049247693e+00,5.779092405896617102e+00
1.224500000000000099e+01,6.855067305803932420e+00,6.234723947151619150e+00,5.682052830221972606e+00
1.225000000000000000e+01,6.718580093297179090e+00,6.120376274215812096e+00,5.588887758465700628e+00
1.225499999999999901e+01,6.586735355289152771e+00,6.010375121897922668e+00,5.499471672629998587e+00
1.225999999999999979e+01,6.459510873506569162e+00,5.904616494473013510e+00,5.413678083874547298e+00
1.226500000000000057e+01,6.336860538394335052e+00,5.802988340804310141e+00,5.331380581389890239e+00
1.226999999999999957e+01,6.218718448940274257e+00,5.705372684094752067e+00,5.252453699484997962e+00
1.227500000000000036e+01,6.105002547614968300e+00,5.611647444673709906e+00,5.176773626629050717e+00
1.228000000000000114e+01,5.995617818227399809e+00,5.521687988813175352e+00,5.104218777800163309e+00
1.228500000000000014e+01,5.890459078653868197e+00,5.435368434748118815e+00,5.034670249207771064e+00
1.228999999999999915e+01,5.789413402518254870e+00,5.352562744904420633e+00,4.968012172303128970e+00
1.229499999999999993e+01,5.692362204484124000e+00,5.273145630983666621e+00,4.904131981999525713e+00
1.230000000000000071e+01,5.599183023267549686e+00,5.196993296134243323e+00,4.842920612196368602e+00
1.230499999999999972e+01,5.509751035132524954e+00,5.123984036045206025e+00,4.784272630045097507e+00
1.231000000000000050e+01,5.423940328753314333e+00,5.053998718494233877e+00,4.728086318905622143e+00
1.231500000000000128e+01,5.341624970123689309e+00,4.986921158701763446e+00,4.674263718610531804e+00
1.232000000000000028e+01,5.262679883824585403e+00,4.922638405818514862e+00,4.622710630473091165e+00
1.232499999999999929e+01,5.186981574542636864e+00,4.861040954013334137e+00,4.573336593431915453e+00
1.233000000000000007e+01,5.114408710348582687e+00,4.802022889937481054e+00,4.526054836807876569e+00
1.233500000000000085e+01,5.044842586955445185e+00,4.745481986818377962e+00,4.480782214346522352e+00
1.233999999999999986e+01,4.978167490017275654e+00,4.691319754071793469e+00,4.437439123518566397e+00
1.234499999999999886e+01,4.914270970528199278e+00,4.639441450110928677e+00,4.395949413443571707e+00
1.235000000000000142e+01,4.853044046543804058e+00,4.589756064958647741e+00,4.356240284274492502e+00
1.235500000000000043e+01,4.794381342780200228e+00,4.542176278326610195e+00,4.318242180425675869e+00
1.235999999999999943e+01,4.738181178145256744e+00,4.496618397999033512e+00,4.281888679635091677e+00
1.236500000000000021e+01,4.684345609915282260e+00,4.453002282638072629e+00,4.247116379515038176e+00
1.237000000000000099e+01,4.632780442078780148e+00,4.411251252500701270e+00,4.213864782957204014e+00
1.237500000000000000e+01,4.583395204315894311e+00,4.371291991013329437e+00,4.182076183511627576e+00
1.237999999999999901e+01,4.536103107156446157e+00,4.333054439680654291e+00,4.151695551649318361e+00
1.238499999999999979e+01,4.490820978049042012e+00,4.296471688400841593e+00,4.122670422640461574e+00
1.239000000000000057e+01,4.447469182366043938e+00,4.261479862910611871e+00,4.094950786628806405e+00
1.239499999999999957e+01,4.405971532754299425e+00,4.228018010785858927e+00,4.068488981355492307e+00
1.240000000000000036e+01,4.366255189709386642e+00,4.196027987168900353e+00,4.043239587878750818e+00
1.240500000000000114e+01,4.328250555790186915e+00,4.165454341175664155e+00,4.019159329545624715e+00
1.241000000000000014e+01,4.291891165494482685e+00,4.136244203751965109e+00,3.996206974397256584e+00
1.241499999999999915e+01,4.257113572475393681e+00,4.108347177590978561e+00,3.974343241126625070e+00
1.241999999999999993e+01,4.223857235487021633e+00,4.081715229592435712e+00,3.953530708656642467e+00
1.242500000000000071e+01,4.192064404198011296e+00,4.056302586232228613e+00,3.933733729363936948e+00
1.242999999999999972e+01,4.161680005799184734e+00,4.032065632117750376e+00,3.914918345939255140e+00
1.243500000000000050e+01,4.132651533151403100e+00,4.008962811926620518e+00,3.897052211847996439e+00
1.244000000000000128e+01,4.104928935066282314e+00,3.986954535861122917e+00,3.880104515331842752e+00
1.244500000000000028e+01,4.078464509183690190e+00,3.966003088697253709e+00,3.864045906875313907e+00
1.244999999999999929e+01,4.053212797800811451e+00,3.946072542462988331e+00,3.848848430047407287e+00
1.245500000000000007e+01,4.029130486917002152e+00,3.927128672744526927e+00,3.834485455618600991e+00
1.246000000000000085e+01,4.006176308682004361e+00,3.909138878590010968e+00,3.820931618845974764e+00
1.246499999999999986e+01,3.984310947372063705e+00,3.892072105956781769e+00,3.808162759814174514e+00
1.246999999999999886e+01,3.963496948966339417e+00,3.875898774630156307e+00,3.796155866716939276e+00
1.247500000000000142e+01,3.943698634352887478e+00,3.860590708527131376e+00,3.784889021962333011e+00
1.248000000000000043e+01,3.924882016158534270e+00,3.846121069287658401e+00,3.774341350984380394e+00
1.248499999999999943e+01,3.907014719168635963e+00,3.832464293048272186e+00,3.764492973644764540e+00
1.249000000000000021e+01,3.890065904280282538e+00,3.819596030287292443e+00,3.755324958109773625e+00
1.249500000000000099e+01,3.874006195914525108e+00,3.807493088627286415e+00,3.746819277089907363e+00
1.250000000000000000e+01,3.858807612799512121e+00,3.796133378478532716e+00,3.738958766332339589e+00
1.250499999999999901e+01,3.844443502025969739e+00,3.785495861406725115e+00,3.731727085259551213e+00
1.250999999999999979e+01,3.830888476269032505e+00,3.775560501108704781e+00,3.725108679650994681e+00
1.251500000000000057e+01,3.818118354064985898e+00,3.766308216881358639e+00,3.719088746268171874e+00
1.251999999999999957e+01,3.806110103028370606e+00,3.757720839470929608e+00,3.713653199327346499e+00
1.252500000000000036e+01,3.794841785893039443e+00,3.749781069192648975e+00,3.708788638727962717e+00
1.253000000000000114e+01,3.784292509260584580e+00,3.742472436213696518e+00,3.704482319948753322e+00
1.253500000000000014e+01,3.774442374939948053e+00,3.735779262895765118e+00,3.700722125527323048e+00
1.253999999999999915e+01,3.765272433763706239e+00,3.729686628097152123e+00,3.697496538042891245e+00
1.254499999999999993e+01,3.756764641768725710e+00,3.724180333338100279e+00,3.694794614525612531e+00
1.255000000000000071e+01,3.748901818631452443e+00,3.719246870736807598e+00,3.692605962219619453e+00
1.255499999999999972e+01,3.741667608251293409e+00,3.714873392627478843e+00,3.690920715630424898e+00
1.256000000000000050e+01,3.735046441378969906e+00,3.711047682775666434e+00,3.689729514790919485e+00
1.256500000000000128e+01,3.729023500190278284e+00,3.707758129109914425e+00,3.689023484683464638e+00
1.257000000000000028e+01,3.723584684709486670e+00,3.704993697892541960e+00,3.688794215758838924e+00
1.257499999999999929e+01,3.718716580990349740e+00,3.702743909256091204e+00,3.689033745495916339e+00
1.258000000000000007e+01,3.714406430966795014e+00,3.700998814035495688e+00,3.689734540948939046e+00
1.258500000000000085e+01,3.710642103888889043e+00,3.699748971829677213e+00,3.690889482232058594e+00
1.258999999999999986e+01,3.707412069263793519e+00,3.698985430229394300e+00,3.692491846893583674e+00
1.259499999999999886e+01,3.704705371225021970e+00,3.698699705151692996e+00,3.694535295134955710e+00
1.260000000000000142e+01,3.702511604257039401e+00,3.698883762224230765e+00,3.697013855831953855e+00
1.260500000000000043e+01,3.700820890205829272e+00,3.699529999165859007e+00,3.699921913317956612e+00
1.260999999999999943e+01,3.699623856509491659e+00,3.700631229112642195e+00,3.703254194891416162e+00
1.261500000000000021e+01,3.698911615586329749e+00,3.702180664841326241e+00,3.707005759011693602e+00
1.262000000000000099e+01,3.698675745321132080e+00,3.704171903844771574e+00,3.711171984149572278e+00
1.262500000000000000e+01,3.698908270593343595e+00,3.706598914216475471e+00,3.715748558260561385e+00
1.262999999999999901e+01,3.699601645793991977e+00,3.709456021303606743e+00,3.720731468851044443e+00
1.263499999999999979e+01,3.700748738280914996e+00,3.712737895090267415e+00,3.726116993608904693e+00
1.264000000000000057e+01,3.702342812724654042e+00,3.716439538274843191e+00,3.731901691572048207e+00
1.264499999999999957e+01,3.704377516299927731e+00,3.720556275007320668e+00,3.738082394809694176e+00
1.265000000000000036e+01,3.706846864680158227e+00,3.725083740254457432e+00,3.744656200592827222e+00
1.265500000000000114e+01,3.709745228794755434e+00,3.730017869762389804e+00,3.751620464031548696e+00
1.266000000000000014e+01,3.713067322311231599e+00,3.735354890588172161e+00,3.758972791158414317e+00
1.266499999999999915e+01,3.716808189806279472e+00,3.741091312173270733e+00,3.766711032438169848e+00
1.266999999999999993e+01,3.720963195591987738e+00,3.747223917933656168e+00,3.774833276685287675e+00
1.267500000000000071e+01,3.725528013165294805e+00,3.753749757342559334e+00,3.783337845372014119e+00
1.267999999999999972e+01,3.730498615250617878e+00,3.760666138483516718e+00,3.792223287310684476e+00
1.268500000000000050e+01,3.735871264407273795e+00,3.767970621052413094e+00,3.801488373694934086e+00
1.269000000000000128e+01,3.741642504175005435e+00,3.775661009788780831e+00,3.811132093485567918e+00
1.269500000000000028e+01,3.747809150732455574e+00,3.783735348317507796e+00,3.821153649127612351e+00
1.269999999999999929e+01,3.754368285044895615e+00,3.792191913383554436e+00,3.831552452586108437e+00
1.270500000000000007e+01,3.761317245478899896e+00,3.801029209463074654e+00,3.842328121688813436e+00
1.271000000000000085e+01,3.768653620863026799e+00,3.810245963735514163e+00,3.853480476764935769e+00
1.271499999999999986e+01,3.776375243974766427e+00,3.819841121402240525e+00,3.865009537569756848e+00
1.271999999999999886e+01,3.784480185435229682e+00,3.829813841338045144e+00,3.876915520485532785e+00
1.272500000000000142e+01,3.792966747994186427e+00,3.840163492062884210e+00,3.889198835990044678e+00
1.273000000000000043e+01,3.801833461189048524e+00,3.850889648021879719e+00,3.901860086384420612e+00
1.273499999999999943e+01,3.811079076362588136e+00,3.861992086162686189e+00,3.914900063772965400e+00
1.274000000000000021e+01,3.820702562024917981e+00,3.873470782799655954e+00,3.928319748287782964e+00
1.274500000000000099e+01,3.830703099546277635e+00,3.885325910755296874e+00,3.942120306551954112e+00
1.275000000000000000e+01,3.841080079168144312e+00,3.897557836770143780e+00,3.956303090375444143e+00
1.275499999999999901e+01,3.851833096320779859e+00,3.910167119172620165e+00,3.970869635678362375e+00
1.275999999999999979e+01,3.862961948236271592e+00,3.923154505801289549e+00,3.985821661636759661e+00
1.276500000000000057e+01,3.874466630846848059e+00,3.936520932172439480e+00,4.001161070046707735e+00
1.276999999999999957e+01,3.886347335958895588e+00,3.950267519886435874e+00,4.016889944902698240e+00
1.277500000000000036e+01,3.898604448693896440e+00,3.964395575266983940e+00,4.033010552187103137e+00
1.278000000000000114e+01,3.911238545187962767e+00,3.978906588227723695e+00,4.049525339867551921e+00
1.278500000000000014e+01,3.924250390542467937e+00,3.993802231361343935e+00,4.066436938099798226e+00
1.278999999999999915e+01,3.937640937018788367e+00,4.009084359246783968e+00,4.083748159634006392e+00
1.279499999999999993e+01,3.951411322470607335e+00,4.024755007970407306e+00,4.101462000422563925e+00
1.280000000000000071e+01,3.965562869008008029e+00,4.040816394857795757e+00,4.119581640428303437e+00
1.280499999999999972e+01,3.980097081887928656e+00,4.057270918412996252e+00,4.138110444632060236e+00
1.281000000000000050e+01,3.995015648626111915e+00,4.074121158462581604e+00,4.157051964239117048e+00
1.281500000000000128e+01,4.010320438326160364e+00,4.091369876502312763e+00,4.176409938084328921e+00
1.282000000000000028e+01,4.026013501221792801e+00,4.109020016244510742e+00,4.196188294236117500e+00
1.282499999999999929e+01,4.042097068428851081e+00,4.127074704364867230e+00,4.216391151800055859e+00
1.283000000000000007e+01,4.058573551903967846e+00,4.145537251447443339e+00,4.237022822922791754e+00
1.283500000000000085e+01,4.075445544607309678e+00,4.164411153127296039e+00,4.258087814997754350e+00
1.283999999999999986e+01,4.092715820867290688e+00,4.183700091430564427e+00,4.279590833074404799e+00
1.284499999999999886e+01,4.110387336945339420e+00,4.203407936311890580e+00,4.301536782472918041e+00
1.285000000000000142e+01,4.128463231799440081e+00,4.223538747389827819e+00,4.323930771606907975e+00
1.285500000000000043e+01,4.146946828045294353e+00,4.244096775880880301e+00,4.346778115016765476e+00
1.285999999999999943e+01,4.165841633114763631e+00,4.265086466733653658e+00,4.370084336617186871e+00
1.286500000000000021e+01,4.185151340611002801e+00,4.286512460964345905e+00,4.393855173162007688e+00
1.287000000000000099e+01,4.204879831860629302e+00,4.308379598195676508e+00,4.418096577930583635e+00
1.287500000000000000e+01,4.225031177663407966e+00,4.330692919401633922e+00,4.442814724640069990e+00
1.287999999999999901e+01,4.245609640240252780e+00,4.353457669860527623e+00,4.468016011588236580e+00
1.288499999999999979e+01,4.266619675380747267e+00,4.376679302319443465e+00,4.493707066032018638e+00
1.289000000000000057e+01,4.288065934791890577e+00,4.400363480373593816e+00,4.519894748807498530e+00
1.289499999999999957e+01,4.309953268649866942e+00,4.424516082064238631e+00,4.546586159197205212e+00
1.290000000000000036e+01,4.332286728357363614e+00,4.449143203699526872e+00,4.573788640051374976e+00
1.290500000000000114e+01,4.355071569508873530e+00,4.474251163902638773e+00,4.601509783169918322e+00
1.291000000000000014e+01,4.378313255067217469e+00,4.499846507892359959e+00,4.629757434952606054e+00
1.291499999999999915e+01,4.402017458754799328e+00,4.525936012001585240e+00,4.658539702325504628e+00
1.291999999999999993e+01,4.426190068663112598e+00,4.552526688439295199e+00,4.687864958951767136e+00
1.292500000000000071e+01,4.450837191085052602e+00,4.579625790302592314e+00,4.717741851736021452e+00
1.292999999999999972e+01,4.475965154574404359e+00,4.607240816845288300e+00,4.748179307631631652e+00
1.293500000000000050e+01,4.501580514237703667e+00,4.635379519010476734e+00,4.779186540761097390e+00
1.294000000000000128e+01,4.527690056263707241e+00,4.664049905234462834e+00,4.810773059859994483e+00
1.294500000000000028e+01,4.554300802696464423e+00,4.693260247530441909e+00,4.842948676055878643e+00
1.294999999999999929e+01,4.581420016458325861e+00,4.723019087860643950e+00,4.875723510994161458e+00
1.295500000000000007e+01,4.609055206629485646e+00,4.753335244805953153e+00,4.909108005323265189e+00
1.296000000000000085e+01,4.637214133991300002e+00,4.784217820542905564e+00,4.943112927552529179e+00
1.296499999999999986e+01,4.665904816841288216e+00,4.815676208138566672e+00,4.977749383296959707e+00
1.296999999999999886e+01,4.695135537087681499e+00,4.847720099173944419e+00,5.013028824923426718e+00
1.297500000000000142e+01,4.724914846632531251e+00,4.880359491707854325e+00,5.048963061614075265e+00
1.298000000000000043e+01,4.755251574052260288e+00,4.913604698593070808e+00,5.085564269863120934e+00
1.298499999999999943e+01,4.786154831586006075e+00,4.947466356158335188e+00,5.122845004424932291e+00
1.299000000000000021e+01,4.817634022441518837e+00,4.981955433269140698e+00,5.160818209730937411e+00
1.299500000000000099e+01,4.849698848429989440e+00,5.017083240782161724e+00,5.199497231795061403e+00
1.300000000000000000e+01,4.882359317941366683e+00,5.052861441408459164e+00,5.238895830627931183e+00
1.300499999999999901e+01,4.915625754272353376e+00,5.089302060001374528e+00,5.279028193181045658e+00
1.300999999999999979e+01,4.949508804320007727e+00,5.126417494285917975e+00,5.319908946843386666e+00
1.301500000000000057e+01,4.984019447654790547e+00,5.164220526047669679e+00,5.361553173514371551e+00
1.301999999999999957e+01,5.019169005987252241e+00,5.202724332799636642e+00,5.403976424277709967e+00
1.302500000000000036e+01,5.054969153043900043e+00,5.241942499947194634e+00,5.447194734702977215e+00
1.303000000000000114e+01,5.091431924867784176e+00,5.281889033471272477e+00,5.491224640801819490e+00
1.303500000000000014e+01,5.128569730561252094e+00,5.322578373152362374e+00,5.536083195668685342e+00
1.303999999999999915e+01,5.166395363488328840e+00,5.364025406357957770e+00,5.581787986836232562e+00
1.304499999999999993e+01,5.204922012955491617e+00,5.406245482417722847e+00,5.628357154377914284e+00
1.305000000000000071e+01,5.244163276390792383e+00,5.449254427612195251e+00,5.675809409791866322e+00
1.305499999999999972e+01,5.284133172041918236e+00,5.493068560801621203e+00,5.724164055701749909e+00
1.306000000000000050e+01,5.324846152215385153e+00,5.537704709723659136e+00,5.773441006412727283e+00
1.306500000000000128e+01,5.366317117079533183e+00,5.583180227989294586e+00,5.823660809361870250e+00
1.307000000000000028e+01,5.408561429055997571e+00,5.629513012808883943e+00,5.874844667505363383e+00
1.307499999999999929e+01,5.451594927825182069e+00,5.676721523481291776e+00,5.927014462686845064e+00
1.308000000000000007e+01,5.495433945972506784e+00,5.724824800680883286e+00,5.980192780033028122e+00
1.308500000000000085e+01,5.540095325303899365e+00,5.773842486579205513e+00,6.034402933426195048e+00
1.308999999999999986e+01,5.585596433860646748e+00,5.823794845840316370e+00,6.089668992105436551e+00
1.309499999999999886e+01,5.631955183664732800e+00,5.874702787530229564e+00,6.146015808451060103e+00
1.310000000000000142e+01,5.679190049228148851e+00,5.926587887983817637e+00,6.203469047010154114e+00
1.310500000000000043e+01,5.727320086860700599e+00,5.979472414674073200e+00,6.262055214823712745e+00
1.310999999999999943e+01,5.776364954813873354e+00,6.033379351132334811e+00,6.321801693120421284e+00
1.311500000000000021e+01,5.826344934298640865e+00,6.088332422968973034e+00,6.382736770443848684e+00
1.312000000000000099e+01,5.877280951418632604e+00,6.144356125048214601e+00,6.444889677285166485e+00
1.312500000000000000e+01,5.929194600061813425e+00,6.201475749873277543e+00,6.508290622297020711e+00
1.312999999999999901e+01,5.982108165795677834e+00,6.259717417240531212e+00,6.572970830167858658e+00
1.313499999999999979e+01,6.036044650814259782e+00,6.319108105225540228e+00,6.638962581241310446e+00
1.314000000000000057e+01,6.091027799987045022e+00,6.379675682566418260e+00,6.706299252969255775e+00
1.314499999999999957e+01,6.147082128063315665e+00,6.441448942514290898e+00,6.775015363292619774e+00
1.315000000000000036e+01,6.204232948088113098e+00,6.504457638224314664e+00,6.845146616049504473e+00
1.315500000000000114e+01,6.262506401088564267e+00,6.568732519764092892e+00,6.916729948514580784e+00
1.316000000000000014e+01,6.321929487093753686e+00,6.634305372822098867e+00,6.989803581181698533e+00
1.316499999999999915e+01,6.382530097553570592e+00,6.701209059201841178e+00,7.064407069905997538e+00
1.316999999999999993e+01,6.444337049226182224e+00,6.769477559193131100e+00,7.140581360529501431e+00
1.317500000000000071e+01,6.507380119607891089e+00,6.839146015916936605e+00,7.218368846121338223e+00
1.317999999999999972e+01,6.571690083982485220e+00,6.910250781745418180e+00,7.297813426970419570e+00
1.318500000000000050e+01,6.637298754172504367e+00,6.982829466905043247e+00,7.378960573477603369e+00
1.319000000000000128e+01,6.704239019078240602e+00,7.056920990375811442e+00,7.461857392101032715e+00
1.319500000000000028e+01,6.772544887096270116e+00,7.132565633207340383e+00,7.546552694519004234e+00
1.319999999999999929e+01,6.842251530514070090e+00,7.209805094378716639e+00,7.633097070183270993e+00
1.320500000000000007e+01,6.913395331982081338e+00,7.288682549335820049e+00,7.721542962445118619e+00
1.321000000000000085e+01,6.986013933171550505e+00,7.369242711348757524e+00,7.811944748448413023e+00
1.321499999999999986e+01,7.060146285731597082e+00,7.451531895839034192e+00,7.904358822993865274e+00
1.321999999999999886e+01,7.135832704665904913e+00,7.535598087835295722e+00,7.998843686590972446e+00
1.322500000000000142e+01,7.213114924256362137e+00,7.621491012725562619e+00,8.095460037926747177e+00
1.323000000000000043e+01,7.292036156667434987e+00,7.709262210482887845e+00,8.194270870992474087e+00
1.323499999999999943e+01,7.372641153374678957e+00,7.798965113553331996e+00,8.295341577126011501e+00
1.324000000000000021e+01,7.454976269566201630e+00,7.890655128603343726e+00,8.398740052238357734e+00
1.324500000000000099e+01,7.539089531676799183e+00,7.984389722337254192e+00,8.504536809511588302e+00
1.325000000000000000e+01,7.625030708222983122e+00,8.080228511607193909e+00,8.612805097870648297e+00
1.325499999999999901e+01,7.712851384116015119e+00,8.178233358049476820e+00,8.723621026547704105e+00
1.325999999999999979e+01,7.802605038641398316e+00,8.278468467496477246e+00,8.837063696077198216e+00
1.326500000000000057e+01,7.894347127303302791e+00,8.381000494425903113e+00,8.953215336077514408e+00
1.326999999999999957e+01,7.988135167744247589e+00,8.485898651725507946e+00,9.072161450195698862e+00
1.327500000000000036e+01,8.084028829962887741e+00,8.593234826066803222e+00,9.193990968612766324e+00
1.328000000000000114e+01,8.182090031063827595e+00,8.703083699196810130e+00,9.318796408526916153e+00
1.328500000000000014e+01,8.282383034789617682e+00,8.815522875476894171e+00,9.446674043057747383e+00
1.328999999999999915e+01,8.384974556096763010e+00,8.930633016013736381e+00,9.577724079035238702e+00
1.329499999999999993e+01,8.489933871053915837e+00,9.048497979747901709e+00,9.712050844163048424e+00
1.330000000000000071e+01,8.597332932356517077e+00,9.169204971886278699e+00,9.849762984071460892e+00
1.330499999999999972e+01,8.707246490767648339e+00,9.292844700084446075e+00,9.990973669799920742e+00
1.331000000000000050e+01,8.819752222814150500e+00,9.419511538809107520e+00,1.013580081627788942e+01
1.331500000000000128e+01,8.934930865083094531e+00,9.549303702331071619e+00,1.028436731239734314e+01
1.332000000000000028e+01,9.052866355486138161e+00,9.682323426826826562e+00,1.043680126330156099e+01
1.332499999999999929e+01,9.173645981876745736e+00,9.818677162088404131e+00,1.059323624553984722e+01
1.333000000000000007e+01,9.297360538428007359e+00,9.958475773368425266e+00,1.075381157576695479e+01
1.333500000000000085e+01,9.424104490201070661e+00,1.010183475391425212e+01,1.091867259369471377e+01
1.333999999999999986e+01,9.553976146356205845e+00,1.024887444877053611e+01,1.108797096002837890e+01
1.334499999999999886e+01,9.687077842484216106e+00,1.039972029045940261e+01,1.126186497014850829e+01
1.335000000000000142e+01,9.823516132558825831e+00,1.055450304717293619e+01,1.144051988432095612e+01
1.335500000000000043e+01,9.963401991037542871e+00,1.071335908414238780e+01,1.162410827524082002e+01
1.335999999999999943e+01,1.010685102566648652e+01,1.087643063887790973e+01,1.181281039373697439e+01
1.336500000000000021e+01,1.025398370156777084e+01,1.104386611099594617e+01,1.200681455347334214e+01
1.337000000000000099e+01,1.040492557721949574e+01,1.121582036738226940e+01,1.220631753549767140e+01
1.337500000000000000e+01,1.055980755296557483e+01,1.139245506346314052e+01,1.241152501349010784e+01
1.337999999999999901e+01,1.071876613271873957e+01,1.157393898137838129e+01,1.262265200055667336e+01
1.338499999999999979e+01,1.088194369955111185e+01,1.176044838587399788e+01,1.283992331840075352e+01
1.339000000000000057e+01,1.104948880589152260e+01,1.195216739874697431e+01,1.306357408967535960e+01
1.339499999999999957e+01,1.122155647907771758e+01,1.214928839268912064e+01,1.329385025427884948e+01
1.340000000000000036e+01,1.139830854303617969e+01,1.235201240538434320e+01,1.353100911029599729e+01
1.340500000000000114e+01,1.157991395688396707e+01,1.256054957471047473e+01,1.377531988020145270e+01
1.341000000000000014e+01,1.176654917127173050e+01,1.277511959589325308e+01,1.402706430284026418e+01
1.341499999999999915e+01,1.195839850330001042e+01,1.299595220143460672e+01,1.428653725155547605e+01
1.341999999999999993e+01,1.215565453085681646e+01,1.322328766460845273e+01,1.455404737866147080e+01
1.342500000000000071e+01,1.235851850722941769e+01,1.345737732726474611e+01,1.482991778623956236e+01
1.342999999999999972e+01,1.256720079684445501e+01,1.369848415261614250e+01,1.511448672296372209e+01
1.343500000000000050e+01,1.278192133298134081e+01,1.394688330358903627e+01,1.540810830633271600e+01
1.344000000000000128e+01,1.300291009828090694e+01,1.420286274719761366e+01,1.571115326927800560e+01
1.344500000000000028e+01,1.323040762884315669e+01,1.446672388525237274e+01,1.602400972963679848e+01
1.344999999999999929e+01,1.346466554265276194e+01,1.473878221151545098e+01,1.634708398038698363e+01
1.345500000000000007e+01,1.370594709300452507e+01,1.501936799517888232e+01,1.668080129784380716e+01
1.346000000000000085e+01,1.395452774750876657e+01,1.530882699024735238e+01,1.702560676418393371e+01
1.346499999999999986e+01,1.421069579313344811e+01,1.560752117004454753e+01,1.738196609966838935e+01
1.346999999999999886e+01,1.447475296758897478e+01,1.591582948562925282e+01,1.775036649876804873e+01
1.347500000000000142e+01,1.474701511716410529e+01,1.623414864637672039e+01,1.813131746300690494e+01
1.348000000000000043e+01,1.502781288088270628e+01,1.656289392035197849e+01,1.852535162171616889e+01
1.348499999999999943e+01,1.531749240055778749e+01,1.690249995135059891e+01,1.893302552998981625e+01
1.349000000000000021e+01,1.561641605594976312e+01,1.725342158857646879e+01,1.935492043089324810e+01
1.349500000000000099e+01,1.592496322380515572e+01,1.761613472387034562e+01,1.979164296639021714e+01
1.350000000000000000e+01,1.624353105902102001e+01,1.799113713014449445e+01,2.024382581843114082e+01
1.350499999999999901e+01,1.657253529554343530e+01,1.837894929319378434e+01,2.071212825814374270e+01
1.350999999999999979e+01,1.691241106385586690e+01,1.878011522732093752e+01,2.119723657703253750e+01
1.351500000000000057e+01,1.726361372100711478e+01,1.919520326317161008e+01,2.169986436943386821e+01
1.351999999999999957e+01,1.762661968806694546e+01,1.962480679380470505e+01,2.222075263014476931e+01
1.352500000000000036e+01,1.800192728862947789e+01,2.006954496224807016e+01,2.276066962503598745e+01
1.353000000000000114e+01,1.839005758050063832e+01,2.053006327057921965e+01,2.332041048552411056e+01
1.353500000000000014e+01,1.879155517096478434e+01,2.100703408685561158e+01,2.390079646992636953e+01
1.353999999999999915e+01,1.920698900397424325e+01,2.150115702192016798e+01,2.450267382586589449e+01
1.354499999999999993e+01,1.963695310522738069e+01,2.201315914318270828e+01,2.512691217800820809e+01
1.355000000000000071e+01,2.008206726831699029e+01,2.254379498682133232e+01,2.577440235440975869e+01
1.355499999999999972e+01,2.054297766191059438e+01,2.309384632340702836e+01,2.644605355266227420e+01
1.356000000000000050e+01,2.102035733419191388e+01,2.366412162463448610e+01,2.714278973382746329e+01
1.356500000000000128e+01,2.151490658648195975e+01,2.425545517056614031e+01,2.786554511795549161e+01
1.357000000000000028e+01,2.202735318302069345e+01,2.486870572752145847e+01,2.861525863996238783e+01
1.357499999999999929e+01,2.255845235821055539e+01,2.550475471636789138e+01,2.939286720901479200e+01
1.358000000000000007e+01,2.310898657616323248e+01,2.616450377950529216e+01,3.019929759879494569e+01
1.358500000000000085e+01,2.367976499005137114e+01,2.684887164225674994e+01,3.103545678064518754e+01
1.358999999999999986e+01,2.427162254046805145e+01,2.755879015072808969e+01,3.190222049741606014e+01
1.359499999999999886e+01,2.488541862269118710e+01,2.829519935361104999e+01,3.280041986397105802e+01
1.360000000000000142e+01,2.552203524235146403e+01,2.905904148004688281e+01,3.373082577209811461e+01
1.360500000000000043e+01,2.618237456750898673e+01,2.985125364989316310e+01,3.469413087488926095e+01
1.360999999999999943e+01,2.686735577254186325e+01,3.067275913700059320e+01,3.569092893071026396e+01
1.361500000000000021e+01,2.757791105555888223e+01,3.152445699104339027e+01,3.672169130241396573e+01
1.362000000000000099e+01,2.831498069645178361e+01,3.240720981004501056e+01,3.778674043685479944e+01
1.362500000000000000e+01,2.907950700731847249e+01,3.332182944510807943e+01,3.888622019677368513e+01
1.362999999999999901e+01,2.987242701120378641e+01,3.426906041263230662e+01,4.002006298618395874e+01
1.363499999999999979e+01,3.069466366935764867e+01,3.524956078942947357e+01,4.118795370619608320e+01
1.364000000000000057e+01,3.154711546218729268e+01,3.626388037509363471e+01,4.238929070569495394e+01
1.364499999999999957e+01,3.243064411568597905e+01,3.731243592673838805e+01,4.362314405514240434e+01
1.365000000000000036e+01,3.334606025457466671e+01,3.839548330730750791e+01,4.488821167602258555e+01
1.365500000000000114e+01,3.429410675726161628e+01,3.951308644417562732e+01,4.618277410564535046e+01
1.366000000000000014e+01,3.527543958800440294e+01,4.066508307422136426e+01,4.750464896733847553e+01
1.366499999999999915e+01,3.629060589081394284e+01,4.185104735983204449e+01,4.885114654611572860e+01
1.366999999999999993e+01,3.734001915068108701e+01,4.307024960228960708e+01,5.021902823142902861e+01
1.367500000000000071e+01,3.842393126414536653e+01,4.432161345917476325e+01,5.160446996696220623e+01
1.367999999999999972e+01,3.954240141723000335e+01,4.560367129443155676e+01,5.300303322045743926e+01
1.368500000000000050e+01,4.069526174875505120e+01,4.691451855513422231e+01,5.440964632324008932e+01
1.369000000000000128e+01,4.188207988603011955e+01,4.825176837686427689e+01,5.581859928988281894e+01
1.369500000000000028e+01,4.310211858268338858e+01,4.961250796458602963e+01,5.722355536535678056e+01
1.369999999999999929e+01,4.435429286948703265e+01,5.099325866739870605e+01,5.861758250678165894e+01
1.370500000000000007e+01,4.563712535197201703e+01,5.238994204594500559e+01,5.999320773488600622e+01
1.371000000000000085e+01,4.694870055505122508e+01,5.379785459482679499e+01,6.134249673726781538e+01
1.371499999999999986e+01,4.828661952369385091e+01,5.521165409466530605e+01,6.265716023625150655e+01
1.371999999999999886e+01,4.964795623445856876e+01,5.662536078596686906e+01,6.392868743683063570e+01
1.372500000000000142e+01,5.102921774478357264e+01,5.803237662936894736e+01,6.514850536722073571e+01
1.373000000000000043e+01,5.242631038740806559e+01,5.942552578925758411e+01,6.630816117969374091e+01
1.373499999999999943e+01,5.383451468046755650e+01,6.079711909688849403e+01,6.739952260264831807e+01
1.374000000000000021e+01,5.524847193470584017e+01,6.213904456991380698e+01,6.841498987939858978e+01
1.374500000000000099e+01,5.666218575457946827e+01,6.344288506073404221e+01,6.934771088138303696e+01
1.375000000000000000e+01,5.806904169900305845e+01,6.470006277714833232e+01,7.019178984351346173e+01
1.375499999999999901e+01,5.946184823529912933e+01,6.590200880360595193e+01,7.094247952507558352e+01
1.375999999999999979e+01,6.083290173330013317e+01,6.704035393261479214e+01,7.159634669684716357e+01
1.376500000000000057e+01,6.217407756075711234e+01,6.810713522185641011e+01,7.215140176915404879e+01
1.376999999999999957e+01,6.347694832960439726e+01,6.909501089208414726e+01,7.260718509058496295e+01
1.377500000000000036e+01,6.473292900684201356e+01,6.999747466920177885e+01,7.296480484824817836e+01
1.378000000000000114e+01,6.593344698282180616e+01,7.080905965015151082e+01,7.322692438230892265e+01
1.378500000000000014e+01,6.707013336721378494e+01,7.152552141159624455e+01,7.339769981871742743e+01
1.378999999999999915e+01,6.813502988806696692e+01,7.214399050356186649e+01,7.348267192370406065e+01
1.379499999999999993e+01,6.912080397183333957e+01,7.266308571785403103e+01,7.348861870420168430e+01
1.380000000000000071e+01,7.002096307761988214e+01,7.308298153738316216e+01,7.342337728511895989e+01
1.380499999999999972e+01,7.083005834629891240e+01,7.340542580372608938e+01,7.329564483531248698e+01
1.381000000000000050e+01,7.154386727893377440e+01,7.363370664999720816e+01,7.311476873467745463e+01
1.381500000000000128e+01,7.215954559871492791e+01,7.377257084536540788e+01,7.289053581611766219e+01
1.382000000000000028e+01,7.267573971506850228e+01,7.382809858492865374e+01,7.263296949884241371e+01
1.382499999999999929e+01,7.309265323996451968e+01,7.380754216269926360e+01,7.235214212742341999e+01
1.383000000000000007e+01,7.341206364904830650e+01,7.371913768137464729e+01,7.205800804192911357e+01
1.383500000000000085e+01,7.363728819619741728e+01,7.357189986649362368e+01,7.176026102139285001e+01
1.383999999999999986e+01,7.377310128960425573e+01,7.337541014956536856e+01,7.146821793276826895e+01
1.384499999999999886e+01,7.382560841918854067e+01,7.313960754080389393e+01,7.119072880711864570e+01
1.385000000000000142e+01,7.380208411842991723e+01,7.287459057315179223e+01,7.093611223542581001e+01
1.385500000000000043e+01,7.371078314534423725e+01,7.259043695293955523e+01,7.071211396574631181e+01
1.385999999999999943e+01,7.356073496529315037e+01,7.229704569825011617e+01,7.052588589221329585e+01
1.386500000000000021e+01,7.336153169964083531e+01,7.200400466916930498e+01,7.038398222779765945e+01
1.387000000000000099e+01,7.312311904658027117e+01,7.172048464686481850e+01,7.029236950243806348e+01
1.387500000000000000e+01,7.285559843091931498e+01,7.145515960985930803e+01,7.025644707337824002e+01
1.387999999999999901e+01,7.256904698644196117e+01,7.121615164928155650e+01,7.028107502138082907e+01
1.388499999999999979e+01,7.227336011716442954e+01,7.101099808214198106e+01,7.037060658510921485e+01
1.389000000000000057e+01,7.197811950728477370e+01,7.084663775118171714e+01,7.052892261380465300e+01
1.389499999999999957e+01,7.169248770546455773e+01,7.072941320644366670e+01,7.075946586157336071e+01
1.390000000000000036e+01,7.142512890539592263e+01,7.066508539852758020e+01,7.106527328016994716e+01
1.390500000000000114e+01,7.118415434391374674e+01,7.065885762237030576e+01,7.144900477437650466e+01
1.391000000000000014e+01,7.097708986129804032e+01,7.071540568041163510e+01,7.191296715529573191e+01
1.391499999999999915e+01,7.081086260370263119e+01,7.083891153786456130e+01,7.245913225827274573e+01
1.391999999999999993e+01,7.069180355931861470e+01,7.103309808121558433e+01,7.308914838443148199e+01
1.392500000000000071e+01,7.062566255883248800e+01,7.130126293371758095e+01,7.380434438210583892e+01
1.392999999999999972e+01,7.061763248277203786e+01,7.164630960688511152e+01,7.460572581341516241e+01
1.393500000000000050e+01,7.067237965055677762e+01,7.207077456108901004e+01,7.549396276039753673e+01
1.394000000000000128e+01,7.079407767129248441e+01,7.257684900410124840e+01,7.646936892436403355e+01
1.394500000000000028e+01,7.098644237543433633e+01,7.316639447198417656e+01,7.753187177240803862e+01
1.394999999999999929e+01,7.125276578920747284e+01,7.384095141425423492e+01,7.868097359807944713e+01
1.395500000000000007e+01,7.159594743864640520e+01,7.460174015002993997e+01,7.991570350153912727e+01
1.396000000000000085e+01,7.201852156362446067e+01,7.544965368135882500e+01,8.123456047085846876e+01
1.396499999999999986e+01,7.252267907722352902e+01,7.638524195328801625e+01,8.263544797352273008e+01
1.396999999999999886e+01,7.311028332038321764e+01,7.740868724776262866e+01,8.411560075792331759e+01
1.397500000000000142e+01,7.378287883823898596e+01,7.851977050154934545e+01,8.567150492998531774e+01
1.398000000000000043e+01,7.454169254810108214e+01,7.971782845906278681e+01,8.729881281847070795e+01
1.398499999999999943e+01,7.538762678716429377e+01,8.100170172202250285e+01,8.899225467851181293e+01
1.399000000000000021e+01,7.632124382976888910e+01,8.236967395214472276e+01,9.074554990446777936e+01
1.399500000000000099e+01,7.734274155973065490e+01,8.381940273361080074e+01,9.255132111973661324e+01
1.400000000000000000e+01,7.845192008416678675e+01,8.534784292098464675e+01,9.440101526027682155e+01
1.400499999999999901e+01,7.964813919332763703e+01,8.695116369595221784e+01,9.628483653335905501e+01
1.400999999999999979e+01,8.093026671891112755e+01,8.862466104023279456e+01,9.819169685990580376e+01
1.401500000000000057e+01,8.229661803409366883e+01,9.036266790463933773e+01,1.001091900255321860e+02
1.401999999999999957e+01,8.374488718492536066e+01,9.215846501076444497e+01,1.020235961821316693e+02
1.402500000000000036e+01,8.527207045711655553e+01,9.400419594762212228e+01,1.039199234541969332e+02
1.403000000000000114e+01,8.687438357500803932e+01,9.589079099317103783e+01,1.057819930994582478e+02
1.403500000000000014e+01,8.854717420846844789e+01,9.780790485725603389e+01,1.075925738432410981e+02
1.403999999999999915e+01,9.028483203112287470e+01,9.974387424707286698e+01,1.093335695596773576e+02
1.404499999999999993e+01,9.208069922566436105e+01,1.016857017197652908e+02,1.109862623588038986e+02
1.405000000000000071e+01,9.392698505493257244e+01,1.036190726124862920e+02,1.125316103630667186e+02
1.405499999999999972e+01,9.581468888433033726e+01,1.055284118187899622e+02,1.139505961044413596e+02
1.406000000000000050e+01,9.773353681010554794e+01,1.073969866979102221e+02,1.152246177202704160e+02
1.406500000000000128e+01,9.967193775916132381e+01,1.092070613547138862e+02,1.163359112415317611e+02
1.407000000000000028e+01,1.016169655013751338e+02,1.109401058332646812e+02,1.172679886028558229e+02
1.407499999999999929e+01,1.035543733589485242e+02,1.125770613915715188e+02,1.180060729613251453e+02
1.408000000000000007e+01,1.054686484002813529e+02,1.140986600017081400e+02,1.185375108979453103e+02
1.408500000000000085e+01,1.073431114544185760e+02,1.154857926650006732e+02,1.188521404445619538e+02
1.408999999999999986e+01,1.091600682695526956e+02,1.167199172575907937e+02,1.189425948673018070e+02
1.409499999999999886e+01,1.109010154835511770e+02,1.177834927313301989e+02,1.188045248152225213e+02
1.410000000000000142e+01,1.125469027382800817e+02,1.186604229658041305e+02,1.184367256805544457e+02
1.410500000000000043e+01,1.140784492804505987e+02,1.193364908136412481e+02,1.178411624860697771e+02
1.410999999999999943e+01,1.154765098612643044e+02,1.197997613022052121e+02,1.170228908209488310e+02
1.411500000000000021e+01,1.167224808809394716e+02,1.200409328726645555e+02,1.159898786920109615e+02
1.412000000000000099e+01,1.177987338212126929e+02,1.200536171379520027e+02,1.147527400259620691e+02
1.412500000000000000e+01,1.186890594428945604e+02,1.198345309261573277e+02,1.133243954016269441e+02
1.412999999999999901e+01,1.193791034104821307e+02,1.193835891425004974e+02,1.117196790013207846e+02
1.413499999999999979e+01,1.198567723436301691e+02,1.187038928345083661e+02,1.099549125286664264e+02
1.414000000000000057e+01,1.201125891151688876e+02,1.178016132365238775e+02,1.080474669301560908e+02
1.414499999999999957e+01,1.201399777129160924e+02,1.166857788809986118e+02,1.060153313474806822e+02
1.415000000000000036e+01,1.199354611718582078e+02,1.153679784867607481e+02,1.038767061247383054e+02
1.415500000000000114e+01,1.194987607736448041e+02,1.138619967568795630e+02,1.016496332876250932e+02
1.416000000000000014e+01,1.188327905155573774e+02,1.121834030922385494e+02,9.935167410932977816e+01
1.416499999999999915e+01,1.179435472329751491e+02,1.103491144024560526e+02,9.699963955648088643e+01
1.416999999999999993e+01,1.168399030992469676e+02,1.083769527261359968e+02,9.460937587477623367e+01
1.417500000000000071e+01,1.155333129126039324e+02,1.062852164829634489e+02,9.219560454481063516e+01
1.417999999999999972e+01,1.140374530910645490e+02,1.040922812175803642e+02,8.977181343783470879e+01
1.418500000000000050e+01,1.123678122729534579e+02,1.018162420659756293e+02,8.735019426824136701e+01
1.419000000000000128e+01,1.105412547009702138e+02,9.947460628615502287e+01,8.494162034687998641e+01
1.419500000000000028e+01,1.085755771927970130e+02,9.708404040505861587e+01,8.255565811241089591e+01
1.419999999999999929e+01,1.064890786874205162e+02,9.466017312241407922e+01,8.020060585556458932e+01
1.420500000000000007e+01,1.043001584449978338e+02,9.221745226523415795e+01,7.788355334232041116e+01
1.421000000000000085e+01,1.020269553742332391e+02,8.976905189749875547e+01,7.561045657882871751e+01
1.421499999999999986e+01,9.968703707357214228e+01,8.732682417208550874e+01,7.338622264733839984e+01
1.421999999999999886e+01,9.729714336433109168e+01,8.490128961930955143e+01,7.121480029889933405e+01
1.422500000000000142e+01,9.487298565017682961e+01,8.250165921155605986e+01,6.909927275366464983e+01
1.423000000000000043e+01,9.242910054994526092e+01,8.013588161895374640e+01,6.704194988911260111e+01
1.423499999999999943e+01,8.997875401841383791e+01,7.781070946434036273e+01,6.504445766146416474e+01
1.424000000000000021e+01,8.753389061085462686e+01,7.553177899166796294e+01,6.310782319002793628e+01
1.424500000000000099e+01,8.510512161781434770e+01,7.330369828864796489e+01,6.123255443141752608e+01
1.425000000000000000e+01,8.270174541159103399e+01,7.113013997796214483e+01,5.941871378126641901e+01
1.425499999999999901e+01,8.033179339852308942e+01,6.901393505605925327e+01,5.766598527060745027e+01
1.425999999999999979e+01,7.800209534866013428e+01,6.695716527523131845e+01,5.597373528037228851e+01
1.426500000000000057e+01,7.571835847068543046e+01,6.496125210932062544e+01,5.434106689029862736e+01
1.426999999999999957e+01,7.348525532222410561e+01,6.302704090318864871e+01,5.276686811756236750e+01
1.427500000000000036e+01,7.130651641888623260e+01,6.115487927741391161e+01,5.124985439533818976e+01
1.428000000000000114e+01,6.918502417258062565e+01,5.934468924505905818e+01,4.978860570095065441e+01
1.428500000000000014e+01,6.712290551067992794e+01,5.759603280313901053e+01,4.838159877488027405e+01
1.428999999999999915e+01,6.512162117777076276e+01,5.590817099682586644e+01,4.702723488252943440e+01
1.429499999999999993e+01,6.318205028734303852e+01,5.428011662894569866e+01,4.572386356558440212e+01
1.430000000000000071e+01,6.130456916788480726e+01,5.271068091107061804e+01,4.446980281370601062e+01
1.430499999999999972e+01,5.948912393864567605e+01,5.119851443485587339e+01,4.326335606375204179e+01
1.431000000000000050e+01,5.773529656103560370e+01,4.974214289157269064e+01,4.210282640549402799e+01
1.431500000000000128e+01,5.604236435124194315e+01,4.833999799165741962e+01,4.098652834217173790e+01
1.432000000000000028e+01,5.440935311768385674e+01,4.699044404056225943e+01,3.991279742261804131e+01
1.432499999999999929e+01,5.283508421369572261e+01,4.569180061778632052e+01,3.887999803050988845e+01
1.433000000000000007e+01,5.131821588043520421e+01,4.444236178663700088e+01,3.788652958614655120e+01
1.433500000000000085e+01,4.985727930618401160e+01,4.324041223652315580e+01,3.693083138768579943e+01
1.433999999999999986e+01,4.845070985342587733e+01,4.208424073002389321e+01,3.601138629231015642e+01
1.434499999999999886e+01,4.709687391060941053e+01,4.097215119547247042e+01,3.512672341343805016e+01
1.435000000000000142e+01,4.579409181678337148e+01,3.990247177396610567e+01,3.427541998801545020e+01
1.435500000000000043e+01,4.454065728842319061e+01,3.887356209841977517e+01,3.345610254795383298e+01
1.435999999999999943e+01,4.333485375233634329e+01,3.788381905240559888e+01,3.266744751196176111e+01
1.436500000000000021e+01,4.217496795910913221e+01,3.693168122844910073e+01,3.190818129817465376e+01
1.437000000000000099e+01,4.105930122008331296e+01,3.601563227940963685e+01,3.117708004393433541e+01
1.437500000000000000e+01,3.998617857897957606e+01,3.513420333281158037e+01,3.047296900676082743e+01
1.437999999999999901e+01,3.895395619792528663e+01,3.428597461641040667e+01,2.979472170973492595e+01
1.438499999999999979e+01,3.796102720762715421e+01,3.346957642389934051e+01,2.914125888507931350e+01
1.439000000000000057e+01,3.700582624319531533e+01,3.268368953235962948e+01,2.851154726152094199e+01
1.439499999999999957e+01,3.608683286096645304e+01,3.192704516770431056e+01,2.790459823390464322e+01
1.440000000000000036e+01,3.520257400771833289e+01,3.119842460081514446e+01,2.731946644738160046e+01
1.440500000000000114e+01,3.435162569194963567e+01,3.049665844516680480e+01,2.675524832319982593e+01
1.441000000000000014e+01,3.353261398736689358e+01,2.982062571631590231e+01,2.621108054857236880e+01
1.441499999999999915e+01,3.274421548127933335e+01,2.916925270455357122e+01,2.568613854919939854e+01
1.441999999999999993e+01,3.198515726512061264e+01,2.854151170413231497e+01,2.517963495968692555e+01
1.442500000000000071e+01,3.125421655064876347e+01,2.793641963565007913e+01,2.469081810426457224e+01
1.442999999999999972e+01,3.055021998336309608e+01,2.735303659227709261e+01,2.421897049779093081e+01
1.443500000000000050e+01,2.987204271416509016e+01,2.679046433543730288e+01,2.376340737498937372e+01
1.444000000000000128e+01,2.921860728112526928e+01,2.624784476119799237e+01,2.332347525412980005e+01
1.444500000000000028e+01,2.858888234525554850e+01,2.572435835489227074e+01,2.289855053991756151e+01
1.444999999999999929e+01,2.798188131728969807e+01,2.521922264831395566e+01,2.248803816913098075e+01
1.445500000000000007e+01,2.739666090652111663e+01,2.473169069111292373e+01,2.209137030153076253e+01
1.446000000000000085e+01,2.683231961761865847e+01,2.426104954571764338e+01,2.170800505771746458e+01
1.446499999999999986e+01,2.628799621694134103e+01,2.380661881316298789e+01,2.133742530491391420e+01
1.446999999999999886e+01,2.576286818610232743e+01,2.336774919555772456e+01,2.097913749107399539e+01
1.447500000000000142e+01,2.525615017731249878e+01,2.294382109954288396e+01,2.063267052724914308e+01
1.448000000000000043e+01,2.476709248230149285e+01,2.253424328394173060e+01,2.029757471777045907e+01
1.448499999999999943e+01,2.429497952427017182e+01,2.213845155382295360e+01,1.997342073749010893e+01
1.449000000000000021e+01,2.383912838037742432e+01,2.175590750241444482e+01,1.965979865509975255e+01
1.449500000000000099e+01,2.339888734059235631e+01,2.138609730163661027e+01,1.935631700135277811e+01
1.450000000000000000e+01,2.297363450733854151e+01,2.102853054147699297e+01,1.906260188087258101e+01
1.450499999999999901e+01,2.256277643920240550e+01,2.068273911800233478e+01,1.877829612613866317e+01
1.450999999999999979e+01,2.216574684098497272e+01,2.034827616943519857e+01,1.850305849216056586e+01
1.451500000000000057e+01,2.178200530157948833e+01,2.002471505945280938e+01,1.823656289031444189e+01
1.451999999999999957e+01,2.141103608047285078e+01,1.971164840663149320e+01,1.797849765978359571e+01
1.452500000000000036e+01,2.105234694313668697e+01,1.940868715880311512e+01,1.772856487504876810e+01
1.453000000000000114e+01,2.070546804511883821e+01,1.911545971095711494e+01,1.748647968787744134e+01
1.453500000000000014e+01,2.036995086428218826e+01,1.883161106522555883e+01,1.725196970227728954e+01
1.453999999999999915e+01,2.004536718036451148e+01,1.855680203143890594e+01,1.702477438091686324e+01
1.454499999999999993e+01,1.973130810079481279e+01,1.829070846669149830e+01,1.680464448154327428e+01
1.455000000000000071e+01,1.942738313153951424e+01,1.803302055234783197e+01,1.659134152197459144e+01
1.455499999999999972e+01,1.913321929161437396e+01,1.778344210691374272e+01,1.638463727228471356e+01
1.456000000000000050e+01,1.884846026980733313e+01,1.754168993321110293e+01,1.618431327284791266e+01
1.456500000000000128e+01,1.857276562210112658e+01,1.730749319832417754e+01,1.599016037696484993e+01
1.457000000000000028e+01,1.830581000823138282e+01,1.708059284480473039e+01,1.580197831683251408e+01
1.457499999999999929e+01,1.804728246581285589e+01,1.686074103167418059e+01,1.561957529168249081e+01
1.458000000000000007e+01,1.779688572045722239e+01,1.664770060379700567e+01,1.544276757695739910e+01
1.458500000000000085e+01,1.755433553031715732e+01,1.644124458824635227e+01,1.527137915344606078e+01
1.458999999999999986e+01,1.731936006351987700e+01,1.624115571633607757e+01,1.510524135535153434e+01
1.459499999999999886e+01,1.709169930697690631e+01,1.604722597003826223e+01,1.494419253630975675e+01
1.460000000000000142e+01,1.687110450510423831e+01,1.585925615156477342e+01,1.478807775243087974e+01
1.460500000000000043e+01,1.665733762702032905e+01,1.567705547493502394e+01,1.463674846147462638e+01
1.460999999999999943e+01,1.645017086084062541e+01,1.550044117840821656e+01,1.449006223731893961e+01
1.461500000000000021e+01,1.624938613373937457e+01,1.532923815671152212e+01,1.434788249892650924e+01
1.462000000000000099e+01,1.605477465649255819e+01,1.516327861203930993e+01,1.421007825304876526e+01
1.462500000000000000e+01,1.586613649127499492e+01,1.500240172285416307e+01,1.407652384995318151e+01
1.462999999999999901e+01,1.568328014153021144e+01,1.484645332956224628e+01,1.394709875149157163e+01
1.463499999999999979e+01,1.550602216279067846e+01,1.469528563618783146e+01,1.382168731086962943e+01
1.464000000000000057e+01,1.533418679336894286e+01,1.454875692720957936e+01,1.370017856350579954e+01
1.464499999999999957e+01,1.516760560389701418e+01,1.440673129876908121e+01,1.358246602840544881e+01
1.465000000000000036e+01,1.500611716473696333e+01,1.426907840350100720e+01,1.346844751950532881e+01
1.465500000000000114e+01,1.484956673033459751e+01,1.413567320827373130e+01,1.335802496647344917e+01
1.466000000000000014e+01,1.469780593963378301e+01,1.400639576416745946e+01,1.325110424447773916e+01
1.466499999999999915e+01,1.455069253171407340e+01,1.388113098805246359e+01,1.314759501246394713e+01
1.466999999999999993e+01,1.440809007585659351e+01,1.375976845516437308e+01,1.304741055950806228e+01
1.467500000000000071e+01,1.426986771528500242e+01,1.364220220210621015e+01,1.295046765883340356e+01
1.467999999999999972e+01,1.413589992386749472e+01,1.352833053973780153e+01,1.285668642910462189e+01
1.468500000000000050e+01,1.400606627510354230e+01,1.341805587544277323e+01,1.276599020263309470e+01
1.469000000000000128e+01,1.388025122275537093e+01,1.331128454429127927e+01,1.267830540014824159e+01
1.469500000000000028e+01,1.375834389251845202e+01,1.320792664864326227e+01,1.259356141180900046e+01
1.469999999999999929e+01,1.364023788415802585e+01,1.310789590576226971e+01,1.251169048414785046e+01
1.470500000000000007e+01,1.352583108356990138e+01,1.301110950303371361e+01,1.243262761265729743e+01
1.471000000000000085e+01,1.341502548425328634e+01,1.291748796040408109e+01,1.235631043974505516e+01
1.471499999999999986e+01,1.330772701771168975e+01,1.282695499967917740e+01,1.228267915779988684e+01
1.471999999999999886e+01,1.320384539232456156e+01,1.273943742033963389e+01,1.221167641712454355e+01
1.472500000000000142e+01,1.310329394025719374e+01,1.265486498155098261e+01,1.214324723850642584e+01
1.473000000000000043e+01,1.300598947200213118e+01,1.257317029006501130e+01,1.207733893021024585e+01
1.473499999999999943e+01,1.291185213816451061e+01,1.249428869372360928e+01,1.201390100918768233e+01
1.474000000000000021e+01,1.282080529812989234e+01,1.241815818029614071e+01,1.195288512631367084e+01
1.474500000000000099e+01,1.273277539526966429e+01,1.234471928139407026e+01,1.189424499546772296e+01
1.475000000000000000e+01,1.264769183836048327e+01,1.227391498122233848e+01,1.183793632629073045e+01
1.475499999999999901e+01,1.256548688891177434e+01,1.220569062994074905e+01,1.178391676045714576e+01
1.475999999999999979e+01,1.248609555411247740e+01,1.213999386142134718e+01,1.173214581131248480e+01
1.476500000000000057e+01,1.240945548512586072e+01,1.207677451520126155e+01,1.168258480673523714e+01
1.476999999999999957e+01,1.233550688047386501e+01,1.201598456243999991e+01,1.163519683508991598e+01
1.477500000000000036e+01,1.226419239427059260e+01,1.195757803570416478e+01,1.158994669414796519e+01
1.478000000000000114e+01,1.219545704907644712e+01,1.190151096241137907e+01,1.154680084285992336e+01
1.478500000000000014e+01,1.212924815315668781e+01,1.184774130177488161e+01,1.150572735586941953e+01
1.478999999999999915e+01,1.206551522194351556e+01,1.179622888510163747e+01,1.146669588066816914e+01
1.479499999999999993e+01,1.200420990350956174e+01,1.174693535930399868e+01,1.142967759729647170e+01
1.480000000000000071e+01,1.194528590787406941e+01,1.169982413349477213e+01,1.139464518050134600e+01
1.480499999999999972e+01,1.188869893997215677e+01,1.165486032854324883e+01,1.136157276426996177e+01
1.481000000000000050e+01,1.183440663612818433e+01,1.161201072947714863e+01,1.133043590866229522e+01
1.481500000000000128e+01,1.178236850388463708e+01,1.157124374062460781e+01,1.130121156887339318e+01
1.482000000000000028e+01,1.173254586504501518e+01,1.153252934339483993e+01,1.127387806645970869e+01
1.482499999999999929e+01,1.168490180179991356e+01,1.149583905660546534e+01,1.124841506267109281e+01
1.483000000000000007e+01,1.163940110581242848e+01,1.146114589926930627e+01,1.122480353383386209e+01
1.483500000000000085e+01,1.159601023014743504e+01,1.142842435576072724e+01,1.120302574873632651e+01
1.483999999999999986e+01,1.155469724393632802e+01,1.139765034328695137e+01,1.118306524797258739e+01
1.484499999999999886e+01,1.151543178967597747e+01,1.136880118159581343e+01,1.116490682520514710e+01
1.485000000000000142e+01,1.147818504306835585e+01,1.134185556485747348e+01,1.114853651031233817e+01
1.485500000000000043e+01,1.144292967531231930e+01,1.131679353566223867e+01,1.113394155439005928e+01
1.485999999999999943e+01,1.140963981776618752e+01,1.129359646108217774e+01,1.112111041658249988e+01
1.486500000000000021e+01,1.137829102890614585e+01,1.127224701074985092e+01,1.111003275272119950e+01
1.487000000000000099e+01,1.134886026350999444e+01,1.125272913691147103e+01,1.110069940575533209e+01
1.487500000000000000e+01,1.132132584400265074e+01,1.123502805641734703e+01,1.109310239796146114e+01
1.487999999999999901e+01,1.129566743390419603e+01,1.121913023461694436e+01,1.108723492492456764e+01
1.488499999999999979e+01,1.127186601332729587e+01,1.120502337113078362e+01,1.108309135128712697e+01
1.489000000000000057e+01,1.124990385647503288e+01,1.119269638747539730e+01,1.108066720826685270e+01
1.489499999999999957e+01,1.122976451109582641e+01,1.118213941652289378e+01,1.107995919294849685e+01
1.490000000000000036e+01,1.121143277985635578e+01,1.117334379378045917e+01,1.108096516935928655e+01
1.490500000000000114e+01,1.119489470359847516e+01,1.116630205048002011e+01,1.108368417134209416e+01
1.491000000000000014e+01,1.118013754645046731e+01,1.116100790847257862e+01,1.108811640724511882e+01
1.491499999999999915e+01,1.116714978276752746e+01,1.115745627692612629e+01,1.109426326645122174e+01
1.491999999999999993e+01,1.115592108588088927e+01,1.115564325083067132e+01,1.110212732777502787e+01
1.492500000000000071e+01,1.114644231863936241e+01,1.115556611131824738e+01,1.111171236976054644e+01
1.492999999999999972e+01,1.113870552573139960e+01,1.115722332781044379e+01,1.112302338291711479e+01
1.493500000000000050e+01,1.113270392778021289e+01,1.116061456201053304e+01,1.113606658393662840e+01
1.494000000000000128e+01,1.112843191720876668e+01,1.116574067376197910e+01,1.115084943194006328e+01
1.494500000000000028e+01,1.112588505587587129e+01,1.117260372879990982e+01,1.116738064680699338e+01
1.494999999999999929e+01,1.112506007448893897e+01,1.118120700842696991e+01,1.118567022964729141e+01
1.495500000000000007e+01,1.112595487380341908e+01,1.119155502115006584e+01,1.120572948547998138e+01
1.496000000000000085e+01,1.112856852762340409e+01,1.120365351631953388e+01,1.122757104819054952e+01
1.496499999999999986e+01,1.113290128762246312e+01,1.121750949981775669e+01,1.125120890784396188e+01
1.496999999999999886e+01,1.113895459000827870e+01,1.123313125184944994e+01,1.127665844043751875e+01
1.497500000000000142e+01,1.114673106405957803e+01,1.125052834689195613e+01,1.130393644018455745e+01
1.498000000000000043e+01,1.115623454256848923e+01,1.126971167586908784e+01,1.133306115442666417e+01
1.498499999999999943e+01,1.116747007422657489e+01,1.129069347061903272e+01,1.136405232128061371e+01
1.499000000000000021e+01,1.118044393799783442e+01,1.131348733073230228e+01,1.139693121013274890e+01
1.499500000000000099e+01,1.119516365952718751e+01,1.133810825284295198e+01,1.143172066510292773e+01
1.500000000000000000e+01,1.121163802963862466e+01,1.136457266246291020e+01,1.146844515160792177e+01
1.500499999999999901e+01,1.122987712498249735e+01,1.139289844845648147e+01,1.150713080616357864e+01
1.500999999999999979e+01,1.124989233089771012e+01,1.142310500025974207e+01,1.154780548957432984e+01
1.501500000000000057e+01,1.127169636656016039e+01,1.145521324795696216e+01,1.159049884366813465e+01
1.501999999999999957e+01,1.129530331249578445e+01,1.148924570533528389e+01,1.163524235174627464e+01
1.502500000000000036e+01,1.132072864054241812e+01,1.152522651604641091e+01,1.168206940292652085e+01
1.503000000000000114e+01,1.134798924635213169e+01,1.156318150301382452e+01,1.173101536057107985e+01
1.503500000000000014e+01,1.137710348453268416e+01,1.160313822123325700e+01,1.178211763500133635e+01
1.503999999999999915e+01,1.140809120653431208e+01,1.164512601412380199e+01,1.183541576071407242e+01
1.504499999999999993e+01,1.144097380139595543e+01,1.168917607359779254e+01,1.189095147832659372e+01
1.505000000000000071e+01,1.147577423947291742e+01,1.173532150402743568e+01,1.194876882149060648e+01
1.505499999999999972e+01,1.151251711927755395e+01,1.178359739029904318e+01,1.200891420903002604e+01
1.506000000000000050e+01,1.155122871757228609e+01,1.183404087015562745e+01,1.207143654256995013e+01
1.506500000000000128e+01,1.159193704286441751e+01,1.188669121104169690e+01,1.213638730993954518e+01
1.507000000000000028e+01,1.163467189246265043e+01,1.194158989167761575e+01,1.220382069464721475e+01
1.507499999999999929e+01,1.167946491326403269e+01,1.199878068860226143e+01,1.227379369173975121e+01
1.508000000000000007e+01,1.172634966645247090e+01,1.205830976793815168e+01,1.234636623037442504e+01
1.508500000000000085e+01,1.177536169630003116e+01,1.212022578264609685e+01,1.242160130344691638e+01
1.508999999999999986e+01,1.182653860327468109e+01,1.218457997555175609e+01,1.249956510463473691e+01
1.509499999999999886e+01,1.187992012167067912e+01,1.225142628844182902e+01,1.258032717323093053e+01
1.510000000000000142e+01,1.193554820198906086e+01,1.232082147754064749e+01,1.266396054715636410e+01
1.510500000000000043e+01,1.199346709831094060e+01,1.239282523569664818e+01,1.275054192455547941e+01
1.510999999999999943e+01,1.205372346091908931e+01,1.246750032162182897e+01,1.284015183439291619e+01
1.511500000000000021e+01,1.211636643443646122e+01,1.254491269654260144e+01,1.293287481647914383e+01
1.512000000000000099e+01,1.218144776176732691e+01,1.262513166863804415e+01,1.302879961136662779e+01
1.512500000000000000e+01,1.224902189413893794e+01,1.270823004565453651e+01,1.312801936056368746e+01
1.512999999999999901e+01,1.231914610755957007e+01,1.279428429610256224e+01,1.323063181752100803e+01
1.513499999999999979e+01,1.239188062602149820e+01,1.288337471945262891e+01,1.333673956984479680e+01
1.514000000000000057e+01,1.246728875179581131e+01,1.297558562576292296e+01,1.344645027319165820e+01
1.514499999999999957e+01,1.254543700317984545e+01,1.307100552518008030e+01,1.355987689728943302e+01
1.515000000000000036e+01,1.262639526007403745e+01,1.316972732776413402e+01,1.367713798451528184e+01
1.515500000000000114e+01,1.271023691778027676e+01,1.327184855409525355e+01,1.379835792143921580e+01
1.516000000000000014e+01,1.279703904942806680e+01,1.337747155712173175e+01,1.392366722370851662e+01
1.516499999999999915e+01,1.288688257744923149e+01,1.348670375570932478e+01,1.405320283460637931e+01
1.516999999999999993e+01,1.297985245453242698e+01,1.359965788034152823e+01,1.418710843755587980e+01
1.517500000000000071e+01,1.307603785450209166e+01,1.371645223141207559e+01,1.432553478277074888e+01
1.517999999999999972e+01,1.317553237357283891e+01,1.383721095052603545e+01,1.446864002815524941e+01
1.518500000000000050e+01,1.327843424243698678e+01,1.396206430519762165e+01,1.461659009443942558e+01
1.519000000000000128e+01,1.338484654964525511e+01,1.409114898729026066e+01,1.476955903438868845e+01
1.519500000000000028e+01,1.349487747673782323e+01,1.422460842548935922e+01,1.492772941574738965e+01
1.519999999999999929e+01,1.360864054557633018e+01,1.436259311202612388e+01,1.509129271735814548e+01
1.520500000000000007e+01,1.372625487831249558e+01,1.450526094378023600e+01,1.526044973763436374e+01
1.521000000000000085e+01,1.384784547040712965e+01,1.465277757777421641e+01,1.543541101424643003e+01
1.521499999999999986e+01,1.397354347708138533e+01,1.480531680093174351e+01,1.561639725350218377e+01
1.521999999999999886e+01,1.410348651353863403e+01,1.496306091379812564e+01,1.580363976744921040e+01
1.522500000000000142e+01,1.423781896923746793e+01,1.512620112770986225e+01,1.599738091618914737e+01
1.523000000000000043e+01,1.437669233642228228e+01,1.529493797464424176e+01,1.619787455225717210e+01
1.523499999999999943e+01,1.452026555302378874e+01,1.546948172867193527e+01,1.640538646316879579e+01
1.524000000000000021e+01,1.466870535992381264e+01,1.565005283756616805e+01,1.662019480735255073e+01
1.524500000000000099e+01,1.482218667243334487e+01,1.583688236268166527e+01,1.684259053765024206e+01
1.525000000000000000e+01,1.498089296565432527e+01,1.603021242469300844e+01,1.707287780535378729e+01
1.525499999999999901e+01,1.514501667317797562e+01,1.623029665216148132e+01,1.731137433633300660e+01
1.525999999999999979e+01,1.531475959831094436e+01,1.643740062916842604e+01,1.755841176916418434e+01
1.526500000000000057e+01,1.549033333670137758e+01,1.665180233738745486e+01,1.781433594325636349e+01
1.526999999999999957e+01,1.567195970886395351e+01,1.687379258696266504e+01,1.807950712277327199e+01
1.527500000000000036e+01,1.585987120064501710e+01,1.710367542936733543e+01,1.835430013959439677e+01
1.528000000000000114e+01,1.605431140913790244e+01,1.734176854404157453e+01,1.863910443564370567e+01
1.528500000000000014e+01,1.625553549092081695e+01,1.758840358899485423e+01,1.893432398156602403e+01
1.528999999999999915e+01,1.646381060874151814e+01,1.784392650369253985e+01,1.924037704491891887e+01
1.529499999999999993e+01,1.667941637189166926e+01,1.810869775038509388e+01,1.955769577672437975e+01
1.530000000000000071e+01,1.690264526447595728e+01,1.838309247754178344e+01,1.988672558033733040e+01
1.530499999999999972e+01,1.713380305457798158e+01,1.866750058619249941e+01,2.022792422112113186e+01
1.531000000000000050e+01,1.737320917590328762e+01,1.896232667668827432e+01,2.058176062930353822e+01
1.531500000000000128e+01,1.762119707184455564e+01,1.926798984965420658e+01,2.094871334164958299e+01
1.532000000000000028e+01,1.787811449000351516e+01,1.958492333065104063e+01,2.132926852019438968e+01
1.532499999999999929e+01,1.814432371300088320e+01,1.991357388325620192e+01,2.172391747828205411e+01
1.533000000000000007e+01,1.842020170886389607e+01,2.025440096987698624e+01,2.213315363562180949e+01
1.533500000000000085e+01,1.870614018135637480e+01,2.060787561357616582e+01,2.255746881511567992e+01
1.533999999999999986e+01,1.900254549728048659e+01,2.097447890752692246e+01,2.299734878505591595e+01
1.534499999999999886e+01,1.930983846395773185e+01,2.135470011137684310e+01,2.345326794117568525e+01
1.535000000000000142e+01,1.962845392577500903e+01,2.174903426585699506e+01,2.392568301441618317e+01
1.535500000000000043e+01,1.995884014379738147e+01,2.215797924845912448e+01,2.441502568266540507e+01
1.535999999999999943e+01,2.030145791696428859e+01,2.258203218403789947e+01,2.492169395885990113e+01
1.536500000000000021e+01,2.065677939727090973e+01,2.302168511495846204e+01,2.544604222465605758e+01
1.537000000000000099e+01,2.102528654457537627e+01,2.347741982617414536e+01,2.598836977956736405e+01
1.537500000000000000e+01,2.140746915926401073e+01,2.394970171176218798e+01,2.654890778148330810e+01
1.537999999999999901e+01,2.180382242297853423e+01,2.443897256148220620e+01,2.712780446761139785e+01
1.538499999999999979e+01,2.221484386902238484e+01,2.494564213953808007e+01,2.772510856719035743e+01
1.539000000000000057e+01,2.264102969507021967e+01,2.547007842385074028e+01,2.834075085126413995e+01
1.539499999999999957e+01,2.308287032154899521e+01,2.601259637386986867e+01,2.897452381296480439e+01
1.540000000000000036e+01,2.354084508986649382e+01,2.657344509973622948e+01,2.962605953702781392e+01
1.540500000000000114e+01,2.401541598590735660e+01,2.715279331714372191e+01,3.029480590243244720e+01
1.541000000000000014e+01,2.450702026644427178e+01,2.775071299259380098e+01,3.098000136969741547e+01
1.541499999999999915e+01,2.501606186005397703e+01,2.836716111525750250e+01,3.168064873641364443e+01
1.541999999999999993e+01,2.554290141067738418e+01,2.900195957695815707e+01,3.239548840182413869e+01
1.542500000000000071e+01,2.608784483235890406e+01,2.965477320376585979e+01,3.312297186282802386e+01
1.542999999999999972e+01,2.665113024932640684e+01,3.032508606413377095e+01,3.386123636618052757e+01
1.543500000000000050e+01,2.723291320825742901e+01,3.101217628215000133e+01,3.460808185827504246e+01
1.544000000000000128e+01,2.783325007137293738e+01,3.171508971241140173e+01,3.536095159388353437e+01
1.544500000000000028e+01,2.845207953231862419e+01,3.243261298637331436e+01,3.611691797302356832e+01
1.544999999999999929e+01,2.908920224431848567e+01,3.316324661830709175e+01,3.687267534999459428e+01
1.545500000000000007e+01,2.974425861461696385e+01,3.390517905932750153e+01,3.762454167479324951e+01
1.546000000000000085e+01,3.041670490369680735e+01,3.465626280444663365e+01,3.836847085490842346e+01
1.546499999999999986e+01,3.110578787468838158e+01,3.541399388021834227e+01,3.910007763301118189e+01
1.546999999999999886e+01,3.181051836985831471e+01,3.617549625469330010e+01,3.981467653280110142e+01
1.547500000000000142e+01,3.252964434795536164e+01,3.693751289724468023e+01,4.050733600627467723e+01
1.548000000000000043e+01,3.326162409772383910e+01,3.769640534841057189e+01,4.117294830715209031e+01
1.548499999999999943e+01,3.400460054583560776e+01,3.844816370990960763e+01,4.180631482031974855e+01
1.549000000000000021e+01,3.475637779534098115e+01,3.918842890052450656e+01,4.240224562144685194e+01
1.549500000000000099e+01,3.551440125291989602e+01,3.991252881311508105e+01,4.295567097591636241e+01
1.550000000000000000e+01,3.627574291435648490e+01,4.061552962477440332e+01,4.346176138980161596e+01
1.550499999999999901e+01,3.703709355720549468e+01,4.129230293920517880e+01,4.391605179835474360e+01
1.550999999999999979e+01,3.779476371192979656e+01,4.193760867678687987e+01,4.431456463366106391e+01
1.551500000000000057e+01,3.854469531807191629e+01,4.254619269405562676e+01,4.465392596736240449e+01
1.551999999999999957e+01,3.928248588825071863e+01,4.311289705661073413e+01,4.493146877485695967e+01
1.552500000000000036e+01,4.000342676887552784e+01,4.363277978091439024e+01,4.514531767863891787e+01
1.553000000000000114e+01,4.070255667672469002e+01,4.410123979825821294e+01,4.529445031672157285e+01
1.553500000000000014e+01,4.137473109003695981e+01,4.451414199180280917e+01,4.537873170712622084e+01
1.553999999999999915e+01,4.201470728333503502e+01,4.486793653209711863e+01,4.539891954483307046e+01
1.554499999999999993e+01,4.261724384088564221e+01,4.515976649213538963e+01,4.535664013096727842e+01
1.555000000000000071e+01,4.317721241454803760e+01,4.538755793368341784e+01,4.525433642536709300e+01
1.555499999999999972e+01,4.368971838465534319e+01,4.555008735026166278e+01,4.509519135925792455e+01
1.556000000000000050e+01,4.415022603750392705e+01,4.564702250071292156e+01,4.488303089132442381e+01
1.556500000000000128e+01,4.455468300484798050e+01,4.567893418511370385e+01,4.462221222589590752e+01
1.557000000000000028e+01,4.489963813557175598e+01,4.564727826672468325e+01,4.431750307802125377e+01
1.557499999999999929e+01,4.518234678830324924e+01,4.555434906215779733e+01,4.397395786597909506e+01
1.558000000000000007e+01,4.540085781410530075e+01,4.540320693010453823e+01,4.359679628775575821e+01
1.558500000000000085e+01,4.555407726072457564e+01,4.519758432562090178e+01,4.319128898327710431e+01
1.558999999999999986e+01,4.564180503766595365e+01,4.494177562845917606e+01,4.276265400947858097e+01
1.559499999999999886e+01,4.566474234105929497e+01,4.464051662909830043e+01,4.231596677613419644e+01
1.560000000000000142e+01,4.562446940795741313e+01,4.429885965170885953e+01,4.185608501216601240e+01
1.560500000000000043e+01,4.552339498103669513e+01,4.392204995001042533e+01,4.138758934017270263e+01
1.560999999999999943e+01,4.536468054075970713e+01,4.351540831273014476e+01,4.091473919079378874e+01
1.561500000000000021e+01,4.515214374612076398e+01,4.308422386883428601e+01,4.044144312160819510e+01
1.562000000000000099e+01,4.489014650055234767e+01,4.263366000584778703e+01,3.997124212732421000e+01
1.562500000000000000e+01,4.458347356364174630e+01,4.216867521715958844e+01,3.950730423018853088e+01
1.562999999999999901e+01,4.423720765712361924e+01,4.169395966738761672e+01,3.905242850013409139e+01
1.563499999999999979e+01,4.385660661284546080e+01,4.121388737464747720e+01,3.860905664417413874e+01
1.564000000000000057e+01,4.344698736870476097e+01,4.073248319423819908e+01,3.817929039250202550e+01
1.564499999999999957e+01,4.301362064678303199e+01,4.025340326448384332e+01,3.776491306432073713e+01
1.565000000000000036e+01,4.256163906270981556e+01,3.977992723685058252e+01,3.736741389266302349e+01
1.565500000000000114e+01,4.209596032424529710e+01,3.931496043941073992e+01,3.698801390224637942e+01
1.566000000000000014e+01,4.162122616776921546e+01,3.886104408704931501e+01,3.662769235059622019e+01
1.566499999999999915e+01,4.114175681593017231e+01,3.842037172197948536e+01,3.628721294813555431e+01
1.566999999999999993e+01,4.066152005356192944e+01,3.799481021297388139e+01,3.596714925975377497e+01
1.567500000000000071e+01,4.018411352347297338e+01,3.758592383313398244e+01,3.566790885413292500e+01
1.567999999999999972e+01,3.971275853110973486e+01,3.719500015057290909e+01,3.538975590619746470e+01
1.568500000000000050e+01,3.925030349612436709e+01,3.682307668566181036e+01,3.513283207268891317e+01
1.569000000000000128e+01,3.879923517068222338e+01,3.647096749918368630e+01,3.489717555264943627e+01
1.569500000000000028e+01,3.836169582720957294e+01,3.613928906898756566e+01,3.468273831585736389e+01
1.569999999999999929e+01,3.793950477139596700e+01,3.582848498341242305e+01,3.448940153570229228e+01
1.570500000000000007e+01,3.753418273222050772e+01,3.553884912566330456e+01,3.431698930142579940e+01
1.571000000000000085e+01,3.714697789677093454e+01,3.527054714433816685e+01,3.416528071074315420e+01
1.571499999999999986e+01,3.677889257615103702e+01,3.502363610282839090e+01,3.403402046008679349e+01
1.571999999999999886e+01,3.643070969714020180e+01,3.479808227653944641e+01,3.392292805821490020e+01
1.572500000000000142e+01,3.610301850426119330e+01,3.459377712451180997e+01,3.383170579157242486e+01
1.573000000000000043e+01,3.579623902387944412e+01,3.441055150388122286e+01,3.376004556812100788e+01
1.573499999999999943e+01,3.551064498403417957e+01,3.424818822444571964e+01,3.370763476162594685e+01
1.574000000000000021e+01,3.524638500107293027e+01,3.410643305895365529e+01,3.367416117161527467e+01
1.574500000000000099e+01,3.500350193829920897e+01,3.398500433482260519e+01,3.365931720618301881e+01
1.575000000000000000e+01,3.478195041511488483e+01,3.388360123681013647e+01,3.366280338610926748e+01
1.575499999999999901e+01,3.458161250022909172e+01,3.380191094928979112e+01,3.368433125984770271e+01
1.575999999999999979e+01,3.440231166225213144e+01,3.373961476258132564e+01,3.372362581011945082e+01
1.576500000000000057e+01,3.424382507811228749e+01,3.369639326131381551e+01,3.378042742436871038e+01
1.576999999999999957e+01,3.410589441672012612e+01,3.367193070489440743e+01,3.385449349333334368e+01
1.577500000000000036e+01,3.398823522436488531e+01,3.366591870146805832e+01,3.394559969454813597e+01
1.578000000000000114e+01,3.389054504135451396e+01,3.367805926775688619e+01,3.405354101077922024e+01
1.578500000000000014e+01,3.381251037798188719e+01,3.370806735821956579e+01,3.417813252719519568e+01
1.578999999999999915e+01,3.375381267330946855e+01,3.375567293831574034e+01,3.431921004550805065e+01
1.579499999999999993e+01,3.371413335354371554e+01,3.382062266846006793e+01,3.447663054833788010e+01
1.580000000000000071e+01,3.369315809872372114e+01,3.390268125761173224e+01,3.465027254263635825e+01
1.580499999999999972e+01,3.369058041769793022e+01,3.400163253841842703e+01,3.484003630710483890e+01
1.581000000000000050e+01,3.370610462236418670e+01,3.411728030944152579e+01,3.504584406511844463e+01
1.581500000000000128e+01,3.373944828323946865e+01,3.424944898422461392e+01,3.526764010167670449e+01
1.582000000000000028e+01,3.379034423983576829e+01,3.439798408181150080e+01,3.550539084029875170e+01
1.582499999999999929e+01,3.385854223120577444e+01,3.456275258873461098e+01,3.575908489352658393e+01
1.583000000000000007e+01,3.394381020447660546e+01,3.474364321844697656e+01,3.602873309875720764e+01
1.583500000000000085e+01,3.404593535226266710e+01,3.494056659060696290e+01,3.631436854944922032e+01
1.583999999999999986e+01,3.416472492355677559e+01,3.515345534951837436e+01,3.661604663033088514e+01
1.584499999999999886e+01,3.430000684702900315e+01,3.538226423830819556e+01,3.693384506400840905e+01
1.585000000000000142e+01,3.445163020059911929e+01,3.562697014308152177e+01,3.726786397535548190e+01
1.585500000000000043e+01,3.461946555664738412e+01,3.588757211925469193e+01,3.761822597918738609e+01
1.585999999999999943e+01,3.480340522826104888e+01,3.616409141053171084e+01,3.798507629601139968e+01
1.586500000000000021e+01,3.500336343842145226e+01,3.645657146948428817e+01,3.836858290003220873e+01
1.587000000000000099e+01,3.521927643098918992e+01,3.676507798742574096e+01,3.876893670310267481e+01
1.587500000000000000e+01,3.545110253969414771e+01,3.708969894019322311e+01,3.918635177791927759e+01
1.587999999999999901e+01,3.569882222903272151e+01,3.743054465553181842e+01,3.962106562343061711e+01
1.588499999999999979e+01,3.596243811899255149e+01,3.778774790701655206e+01,4.007333947518920070e+01
1.589000000000000057e+01,3.624197500382217640e+01,3.816146403881436555e+01,4.054345866319527403e+01
1.589499999999999957e+01,3.653747987359776772e+01,3.855187112505951319e+01,4.103173301964118025e+01
1.590000000000000036e+01,3.684902194610430115e+01,3.895917016719982229e+01,4.153849733889601481e+01
1.590500000000000114e+01,3.717669271548447796e+01,3.938358533231758685e+01,4.206411189201023149e+01
1.591000000000000014e+01,3.752060602323132343e+01,3.982536423517591828e+01,4.260896299803340526e+01
1.591499999999999915e+01,3.788089815635419200e+01,4.028477826653401195e+01,4.317346365445798995e+01
1.591999999999999993e+01,3.825772797692385296e+01,4.076212297011951335e+01,4.375805422914851306e+01
1.592500000000000071e+01,3.865127708670858908e+01,4.125771847056619634e+01,4.436320321621659701e+01
1.592999999999999972e+01,3.906175003018815062e+01,4.177190995455327283e+01,4.498940805838729062e+01
1.593500000000000050e+01,3.948937453891645077e+01,4.230506820738202123e+01,4.563719603854595874e+01
1.594000000000000128e+01,3.993440181993240401e+01,4.285759020722233004e+01,4.630712524327694268e+01
1.594500000000000028e+01,4.039710689073970684e+01,4.342989977932730028e+01,4.699978560138944772e+01
1.594999999999999929e+01,4.087778896323169420e+01,4.402244831257787183e+01,4.771580000059471871e+01
1.595500000000000007e+01,4.137677187883854657e+01,4.463571554080493087e+01,4.845582548567851688e+01
1.596000000000000085e+01,4.189440459714174381e+01,4.527021039147490455e+01,4.922055454174444122e+01
1.596499999999999986e+01,4.243106174017495391e+01,4.592647190444187544e+01,5.001071646630026635e+01
1.596999999999999886e+01,4.298714419465760983e+01,4.660507022363368179e+01,5.082707883420172124e+01
1.597500000000000142e+01,4.356307977445700175e+01,4.730660766470650458e+01,5.167044905970532653e+01
1.598000000000000043e+01,4.415932394564594432e+01,4.803171986188574749e+01,5.254167606013110259e+01
1.598499999999999943e+01,4.477636061663359612e+01,4.878107699742185588e+01,5.344165202590810537e+01
1.599000000000000021e+01,4.541470299594562476e+01,4.955538511727825579e+01,5.437131430201391424e+01
1.599500000000000099e+01,4.607489452039413180e+01,5.035538753692358682e+01,5.533164738612702394e+01
1.600000000000000000e+01,4.675750985651458080e+01,5.118186634131104285e+01,5.632368504905784334e+01
1.600500000000000256e+01,4.746315597832906974e+01,5.203564398338700414e+01,5.734851258331556778e+01
1.600999999999999801e+01,4.819247332467684686e+01,5.291758498571752511e+01,5.840726918593384909e+01
1.601500000000000057e+01,4.894613703956947859e+01,5.382859775010270909e+01,5.950115048197148582e+01
1.601999999999999957e+01,4.972485829920614009e+01,5.476963648027538056e+01,6.063141119531329082e+01
1.602499999999999858e+01,5.052938572956509233e+01,5.574170322311886849e+01,6.179936797372308632e+01
1.603000000000000114e+01,5.136050691867323081e+01,5.674585003405464789e+01,6.300640237525492893e+01
1.603500000000000014e+01,5.221905002792614425e+01,5.778318127255587200e+01,6.425396402336470203e+01
1.603999999999999915e+01,5.310588550709893951e+01,5.885485603403076738e+01,6.554357393824771805e+01
1.604500000000000171e+01,5.402192791792141691e+01,5.996209072455270217e+01,6.687682805200677194e+01
1.605000000000000071e+01,5.496813787138929541e+01,6.110616178520404418e+01,6.825540091536122134e+01
1.605499999999999972e+01,5.594552408424360834e+01,6.228840857302866141e+01,6.968104960358195399e+01
1.606000000000000227e+01,5.695514556033371889e+01,6.351023640581259144e+01,7.115561782925331613e+01
1.606499999999999773e+01,5.799811390284963863e+01,6.477311977810063581e+01,7.268104026925523442e+01
1.607000000000000028e+01,5.907559576370832133e+01,6.607860575603507414e+01,7.425934711306361180e+01
1.607499999999999929e+01,6.018881543659405509e+01,6.742831755864854415e+01,7.589266883890333304e+01
1.607999999999999829e+01,6.133905760049324130e+01,6.882395833338692626e+01,7.758324122373690557e+01
1.608500000000000085e+01,6.252767022071587633e+01,7.026731513349946567e+01,7.933341059203225143e+01
1.608999999999999986e+01,6.375606761468589667e+01,7.176026310489439197e+01,8.114563930718657048e+01
1.609499999999999886e+01,6.502573368994170266e+01,7.330476988978510633e+01,8.302251150793948398e+01
1.610000000000000142e+01,6.633822536194145414e+01,7.490290025407810504e+01,8.496673909023095916e+01
1.610500000000000043e+01,6.769517615936788957e+01,7.655682094490890677e+01,8.698116793262359181e+01
1.610999999999999943e+01,6.909830002469767862e+01,7.826880578402564481e+01,8.906878436058141801e+01
1.611500000000000199e+01,7.054939531772103578e+01,8.004124100168486677e+01,9.123272184133729468e+01
1.612000000000000099e+01,7.205034902958540499e+01,8.187663081447698232e+01,9.347626789686390225e+01
1.612500000000000000e+01,7.360314121471910198e+01,8.377760324892250310e+01,9.580287121739458200e+01
1.613000000000000256e+01,7.520984964754724444e+01,8.574691621059562863e+01,9.821614895172902493e+01
1.613499999999999801e+01,7.687265471040481657e+01,8.778746379609835060e+01,1.007198941433089772e+02
1.614000000000000057e+01,7.859384451827388318e+01,8.990228284212768983e+01,1.033180832723207345e+02
1.614499999999999957e+01,8.037582028494654196e+01,9.209455970212896148e+01,1.060148838537300406e+02
1.614999999999999858e+01,8.222110193398096101e+01,9.436763723660280334e+01,1.088146620290591784e+02
1.615500000000000114e+01,8.413233395608649801e+01,9.672502199759921382e+01,1.117219900752227062e+02
1.616000000000000014e+01,8.611229151260280901e+01,9.917039158154922518e+01,1.147416537370051657e+02
1.616499999999999915e+01,8.816388678217040820e+01,1.017076021168037556e+02,1.178786592699706972e+02
1.617000000000000171e+01,9.029017554454240724e+01,1.043406958430122558e+02,1.211382400574855609e+02
1.617500000000000071e+01,9.249436399176786949e+01,1.070739087286699203e+02,1.245258626387849148e+02
1.617999999999999972e+01,9.477981575236211143e+01,1.099116780602599022e+02,1.280472319537724104e+02
1.618500000000000227e+01,9.715005910857016147e+01,1.128586499213025718e+02,1.317082955741482522e+02
1.618999999999999773e+01,9.960879438023813748e+01,1.159196864618699010e+02,1.355152466487836307e+02
1.619500000000000028e+01,1.021599014410085857e+02,1.190998728384504943e+02,1.394745252434368012e+02
1.619999999999999929e+01,1.048074473231067856e+02,1.224045236796777658e+02,1.435928176997890375e+02
1.620499999999999829e+01,1.075556938560631153e+02,1.258391889054179273e+02,1.478770535762631368e+02
1.621000000000000085e+01,1.104091052715916561e+02,1.294096586939056976e+02,1.523343996616740696e+02
1.621499999999999986e+01,1.133723556915487904e+02,1.331219673538574568e+02,1.569722504722025178e+02
1.621999999999999886e+01,1.164503363978960522e+02,1.369823958148732288e+02,1.617982145514943113e+02
1.622500000000000142e+01,1.196481627625419151e+02,1.409974723993469468e+02,1.668200957923722001e+02
1.623000000000000043e+01,1.229711806903769826e+02,1.451739714817265678e+02,1.720458688862390488e+02
1.623499999999999943e+01,1.264249724003056912e+02,1.495189095756458926e+02,1.774836478828036377e+02
1.624000000000000199e+01,1.300153613358457676e+02,1.540395383150921873e+02,1.831416467082106863e+02
1.624500000000000099e+01,1.337484159586749968e+02,1.587433337121210002e+02,1.890281303455709008e+02
1.625000000000000000e+01,1.376304521342956377e+02,1.636379809794932783e+02,1.951513552293920100e+02
1.625500000000000256e+01,1.416680337681944479e+02,1.687313541016272040e+02,2.015194972476112127e+02
1.625999999999999801e+01,1.458679712929253469e+02,1.740314892213608857e+02,2.081405655864273854e+02
1.626500000000000057e+01,1.502373175403393191e+02,1.795465507828056673e+02,2.150223004995435758e+02
1.626999999999999957e+01,1.547833604579490725e+02,1.852847892325617067e+02,2.221720529432376168e+02
1.627499999999999858e+01,1.595136120439673562e+02,1.912544889346510786e+02,2.295966439040297473e+02
1.628000000000000114e+01,1.644357927801742392e+02,1.974639047994586178e+02,2.373022011696871800e+02
1.628500000000000014e+01,1.695578107359214641e+02,2.039211859683082366e+02,2.452939712772381426e+02
1.628999999999999915e+01,1.748877343994964804e+02,2.106342847372640392e+02,2.535761044361491656e+02
1.629500000000000171e+01,1.804337581645737885e+02,2.176108487528709929e+02,2.621514103991314073e+02
1.630000000000000071e+01,1.862041592607245377e+02,2.248580943788828961e+02,2.710210835720988030e+02
1.630499999999999972e+01,1.922072447685685290e+02,2.323826590280819460e+02,2.801843961572051853e+02
1.631000000000000227e+01,1.984512872046423695e+02,2.401904301934596049e+02,2.896383588536305638e+02
1.631499999999999773e+01,2.049444470016282480e+02,2.482863489181997068e+02,2.993773496476510445e+02
1.632000000000000028e+01,2.116946800514543554e+02,2.566741855393892706e+02,3.093927125562126434e+02
1.632499999999999929e+01,2.187096283282561160e+02,2.653562857556042900e+02,3.196723298925088557e+02
1.632999999999999829e+01,2.259964914760718955e+02,2.743332854409050015e+02,3.302001737385147635e+02
1.633500000000000085e+01,2.335618771432128824e+02,2.836037931963089704e+02,3.409558448583127870e+02
1.633999999999999986e+01,2.414116277893596418e+02,2.931640404423127961e+02,3.519141102670885743e+02
1.634499999999999886e+01,2.495506217023407487e+02,3.030074999604309482e+02,3.630444540424064144e+02
1.635000000000000142e+01,2.579825460644290729e+02,3.131244752367837236e+02,3.743106596348724224e+02
1.635500000000000043e+01,2.667096401342458307e+02,3.235016647923927735e+02,3.856704457483796205e+02
1.635999999999999943e+01,2.757324069960226893e+02,3.341217079373819843e+02,3.970751815795384800e+02
1.636500000000000199e+01,2.850492929141888681e+02,3.449627210753959616e+02,4.084697105076559751e+02
1.637000000000000099e+01,2.946563341651200858e+02,3.559978367982508871e+02,4.197923137994642389e+02
1.637500000000000000e+01,3.045467723481561393e+02,3.671947614939468849e+02,4.309748470454970288e+02
1.638000000000000256e+01,3.147106406531847824e+02,3.785153709325459772e+02,4.419430813349509890e+02
1.638499999999999801e+01,3.251343254280390056e+02,3.899153671148330886e+02,4.526172780586055637e+02
1.639000000000000057e+01,3.358001096784072388e+02,4.013440233043311309e+02,4.629130202225941844e+02
1.639499999999999957e+01,3.466857078608139204e+02,4.127440472626888663e+02,4.727423139325226771e+02
1.639999999999999858e+01,3.577638044805274831e+02,4.240515948331688492e+02,4.820149611943875811e+02
1.640500000000000114e+01,3.690016125210740370e+02,4.351964666540287112e+02,4.906401896532159981e+02
1.641000000000000014e+01,3.803604714970711598e+02,4.461025193850676942e+02,4.985285070630790756e+02
1.641499999999999915e+01,3.917955087488966797e+02,4.566883188592070155e+02,5.055937293222314679e+02
1.642000000000000171e+01,4.032553912177775146e+02,4.668680555833210519e+02,5.117551124146452253e+02
1.642500000000000071e+01,4.146821979936736966e+02,4.765527327476803521e+02,5.169395024822780442e+02
1.642999999999999972e+01,4.260114459698891665e+02,4.856516233867205301e+02,5.210834065261907426e+02
1.643500000000000227e+01,4.371723014500134923e+02,4.940739769703100706e+02,5.241348807485931047e+02
1.643999999999999773e+01,4.480880089830595239e+02,5.017309373475532652e+02,5.260551356857284873e+02
1.644500000000000028e+01,4.586765645181184823e+02,5.085376149268786889e+02,5.268197676808190408e+02
1.644999999999999929e+01,4.688516527337026218e+02,5.144152379704917166e+02,5.264195446070403932e+02
1.645499999999999829e+01,4.785238578669257095e+02,5.192932928800545369e+02,5.248606987784198736e+02
1.646000000000000085e+01,4.876021435911532080e+02,5.231115533510942441e+02,5.221647095002890637e+02
1.646499999999999986e+01,4.959955809062778371e+02,5.258218950185254243e+02,5.183675889110566004e+02
1.646999999999999886e+01,5.036152845006582197e+02,5.273897968862747803e+02,5.135187146177610202e+02
1.647500000000000142e+01,5.103764989658439504e+02,5.277954437944687243e+02,5.076792782861306819e+02
1.648000000000000043e+01,5.162007583387777458e+02,5.270343648186945984e+02,5.009204385512285285e+02
1.648499999999999943e+01,5.210180276962961443e+02,5.251175692262081611e+02,4.933212779716439513e+02
1.649000000000000199e+01,5.247687259301865197e+02,5.220711720225995123e+02,4.849666668520126223e+02
1.649500000000000099e+01,5.274055261036714910e+02,5.179355322865411608e+02,4.759451321468685023e+02
1.650000000000000000e+01,5.288948350658203026e+02,5.127639563825214282e+02,4.663468186436344922e+02
1.650500000000000256e+01,5.292178675786025224e+02,5.066210420561311594e+02,4.562616140098219262e+02
1.650999999999999801e+01,5.283712514087616228e+02,4.995807563328572769e+02,4.457774910801822443e+02
1.651500000000000057e+01,5.263671269919199176e+02,4.917243489619201000e+02,4.349791018761289934e+02
1.651999999999999957e+01,5.232327359232779145e+02,4.831382037694446581e+02,4.239466399236798111e+02
1.652499999999999858e+01,5.190095237152638674e+02,4.739117235142751952e+02,4.127549716809664346e+02
1.653000000000000114e+01,5.137518109613790784e+02,4.641353311739909486e+02,4.014730250604126240e+02
1.653500000000000014e+01,5.075251105817102371e+02,4.538986539280581383e+02,3.901634134540608443e+02
1.653999999999999915e+01,5.004041852335594740e+02,4.432889374584937627e+02,3.788822673083625432e+02
1.654500000000000171e+01,4.924709472202359279e+02,4.323897194094082579e+02,3.676792418460137242e+02
1.655000000000000071e+01,4.838123032895209690e+02,4.212797734506935399e+02,3.565976685345138435e+02
1.655499999999999972e+01,4.745180394456636463e+02,4.100323204536819048e+02,3.456748188170356002e+02
1.656000000000000227e+01,4.646788278459154071e+02,3.987144914263122359e+02,3.349422509121043845e+02
1.656499999999999773e+01,4.543844209378185042e+02,3.873870182737512096e+02,3.244262136597031940e+02
1.657000000000000028e+01,4.437220792276764314e+02,3.761041230195356775e+02,3.141480850257848942e+02
1.657500000000000284e+01,4.327752602939597182e+02,3.649135734805122411e+02,3.041248266434126890e+02
1.657999999999999829e+01,4.216225793605806871e+02,3.538568730392488533e+02,2.943694394218502453e+02
1.658500000000000085e+01,4.103370369722699138e+02,3.429695535576210546e+02,2.848914086323250103e+02
1.658999999999999986e+01,3.989854976536665276e+02,3.322815430923083113e+02,2.756971298806242316e+02
1.659499999999999886e+01,3.876283950615409708e+02,3.218175834336885828e+02,2.667903099563312139e+02
1.660000000000000142e+01,3.763196339082599025e+02,3.115976762032775014e+02,2.581723387007933752e+02
1.660500000000000043e+01,3.651066564664944849e+02,3.016375400048464712e+02,2.498426297782155530e+02
1.660999999999999943e+01,3.540306412587079876e+02,2.919490647133631569e+02,2.417989296040483680e+02
1.661500000000000199e+01,3.431268030429977216e+02,2.825407522609993975e+02,2.340375947273783197e+02
1.662000000000000099e+01,3.324247658989019101e+02,2.734181361586379921e+02,2.265538387266306302e+02
1.662500000000000000e+01,3.219489846247803371e+02,2.645841744431148186e+02,2.193419502091915092e+02
1.663000000000000256e+01,3.117191933939154183e+02,2.560396127664193955e+02,2.123954838491971202e+02
1.663499999999999801e+01,3.017508643812636251e+02,2.477833159691817002e+02,2.057074265935340520e+02
1.664000000000000057e+01,2.920556626531430879e+02,2.398125677466721584e+02,1.992703412482265151e+02
1.664499999999999957e+01,2.826418868698063989e+02,2.321233389682106747e+02,1.930764896548873821e+02
1.664999999999999858e+01,2.735148882078608494e+02,2.247105258981897293e+02,1.871179376030219430e+02
1.665500000000000114e+01,2.646774623375241617e+02,2.175681600369416060e+02,1.813866435187598256e+02
1.666000000000000014e+01,2.561302112910979645e+02,2.106895915938319490e+02,1.758745328378250576e+02
1.666499999999999915e+01,2.478718736626335613e+02,2.040676487627569031e+02,1.705735598230179733e+02
1.667000000000000171e+01,2.398996228241188930e+02,1.976947750234411956e+02,1.654757584322084085e+02
1.667500000000000071e+01,2.322093337780646323e+02,1.915631466681113864e+02,1.605732836884240555e+02
1.667999999999999972e+01,2.247958199385797684e+02,1.856647726744193392e+02,1.558584448534528804e+02
1.668500000000000227e+01,2.176530415902580273e+02,1.799915789301830955e+02,1.513237315638994573e+02
1.668999999999999773e+01,2.107742880584066256e+02,1.745354786768989470e+02,1.469618339552194470e+02
1.669500000000000028e+01,2.041523357735306945e+02,1.692884308880406365e+02,1.427656576762254588e+02
1.670000000000000284e+01,1.977795844603514013e+02,1.642424881432615393e+02,1.387283345846646512e+02
1.670499999999999829e+01,1.916481736527905753e+02,1.593898354055689026e+02,1.348432298129223170e+02
1.671000000000000085e+01,1.857500816545239957e+02,1.547228209603533742e+02,1.311039458021491555e+02
1.671499999999999986e+01,1.800772089469238324e+02,1.502339806350593676e+02,1.275043238222559836e+02
1.671999999999999886e+01,1.746214479057874200e+02,1.459160562875761968e+02,1.240384434233216950e+02
1.672500000000000142e+01,1.693747405368586385e+02,1.417620094319081545e+02,1.207006202010440035e+02
1.673000000000000043e+01,1.643291257841477204e+02,1.377650307604577051e+02,1.174854022032333631e+02
1.673499999999999943e+01,1.594767778112789358e+02,1.339185462241410107e+02,1.143875652560072638e+02
1.674000000000000199e+01,1.548100365079517928e+02,1.302162202437262977e+02,1.114021074462195600e+02
1.674500000000000099e+01,1.503214313335068653e+02,1.266519565475014844e+02,1.085242429599630754e+02
1.675000000000000000e+01,1.460036994796384135e+02,1.232198970613686555e+02,1.057493954454035503e+02
1.675500000000000256e+01,1.418497992148925846e+02,1.199144192166444896e+02,1.030731910408978820e+02
1.675999999999999801e+01,1.378529191651009569e+02,1.167301319875665229e+02,1.004914511858709432e+02
1.676500000000000057e+01,1.340064841860426839e+02,1.136618709239002243e+02,9.800018531170748304e+01
1.676999999999999957e+01,1.303041583974940352e+02,1.107046924038174041e+02,9.559558349286471923e+01
1.677499999999999858e+01,1.267398458697741006e+02,1.078538672968652605e+02,9.327400912348686290e+01
1.678000000000000114e+01,1.233076893855493239e+02,1.051048741967998268e+02,9.103199167250717494e+01
1.678500000000000014e+01,1.200020676390403196e+02,1.024533923577816807e+02,8.886621955948807283e+01
1.678999999999999915e+01,1.168175911819411823e+02,9.989529444505761546e+01,8.677353318453839393e+01
1.679500000000000171e+01,1.137490973791638567e+02,9.742663919200265354e+01,8.475091813807323149e+01
1.680000000000000071e+01,1.107916445973848028e+02,9.504366403897380167e+01,8.279549860984599263e+01
1.680499999999999972e+01,1.079405058145227940e+02,9.274277781537409737e+01,8.090453101134063729e+01
1.681000000000000227e+01,1.051911618083071147e+02,9.052055351450039211e+01,7.907539782125360261e+01
1.681499999999999773e+01,1.025392940560773098e+02,8.837372120056633662e+01,7.730560166006203815e+01
1.682000000000000028e+01,9.998077745574217090e+01,8.629916107880113429e+01,7.559275959668197231e+01
1.682500000000000284e+01,9.751167295883561792e+01,8.429389675241669977e+01,7.393459768781043806e+01
1.682999999999999829e+01,9.512822019013724173e+01,8.235508868407249849e+01,7.232894574842697466e+01
1.683500000000000085e+01,9.282683011458514954e+01,8.048002787455831708e+01,7.077373235041930855e+01
1.683999999999999986e+01,9.060407780039429326e+01,7.866612976722304040e+01,6.926698004501750461e+01
1.684499999999999886e+01,8.845669531717311429e+01,7.691092838311907087e+01,6.780680080364199114e+01
1.685000000000000142e+01,8.638156479954294298e+01,7.521207068911648719e+01,6.639139167111750339e+01
1.685500000000000043e+01,8.437571169957274719e+01,7.356731119885252212e+01,6.501903062458670490e+01
1.685999999999999943e+01,8.243629824536331796e+01,7.197450680449139782e+01,6.368807263104378080e+01
1.686500000000000199e+01,8.056061711821126892e+01,7.043161183582886054e+01,6.239694589619767839e+01
1.687000000000000099e+01,7.874608535657719699e+01,6.893667334203381358e+01,6.114414829717453159e+01
1.687500000000000000e+01,7.699023849169752509e+01,6.748782659043176579e+01,5.992824399153443693e+01
1.688000000000000256e+01,7.529072491685629132e+01,6.608329077602633106e+01,5.874786019508483292e+01
1.688499999999999801e+01,7.364530049005458068e+01,6.472136493495634113e+01,5.760168412105264935e+01
1.689000000000000057e+01,7.205182336792326225e+01,6.340042405470043718e+01,5.648846007327848184e+01
1.689499999999999957e+01,7.050824906733163289e+01,6.211891537368310168e+01,5.540698668631162604e+01
1.689999999999999858e+01,6.901262574984856712e+01,6.087535486271220719e+01,5.435611430538909872e+01
1.690500000000000114e+01,6.756308972343020969e+01,5.966832388074124793e+01,5.333474249957440350e+01
1.691000000000000014e+01,6.615786115496418063e+01,5.849646599743412878e+01,5.234181770151806745e+01
1.691499999999999915e+01,6.479523998678843100e+01,5.735848397509269603e+01,5.137633096753037876e+01
1.692000000000000171e+01,6.347360205000440914e+01,5.625313690267972788e+01,5.043731585193349787e+01
1.692500000000000071e+01,6.219139536715808703e+01,5.517923747481976449e+01,4.952384638988988996e+01
1.692999999999999972e+01,6.094713663672839488e+01,5.413564940884104715e+01,4.863503518313784468e+01
1.693500000000000227e+01,5.973940789187615508e+01,5.312128499317392993e+01,4.777003158334223798e+01
1.693999999999999773e+01,5.856685332592346782e+01,5.213510276063504278e+01,4.692801996799559561e+01
1.694500000000000028e+01,5.742817627710346073e+01,5.117610528034411033e+01,4.610821810402487841e+01
1.695000000000000284e+01,5.632213636532439693e+01,5.024333706232323493e+01,4.530987559453868840e+01
1.695499999999999829e+01,5.524754677378592049e+01,4.933588256900870306e+01,4.453227240431729683e+01
1.696000000000000085e+01,5.420327166854902856e+01,4.845286432820911671e+01,4.377471745991314833e+01
1.696499999999999986e+01,5.318822374935366071e+01,4.759344114226649936e+01,4.303654732042026154e+01
1.696999999999999886e+01,5.220136192519041174e+01,4.675680638840307068e+01,4.231712491515885688e+01
1.697500000000000142e+01,5.124168910842622893e+01,4.594218640551628852e+01,4.161583834475207766e+01
1.698000000000000043e+01,5.030825012147901276e+01,4.514883896287163623e+01,4.093209974222084213e+01
1.698499999999999943e+01,4.940012971030825639e+01,4.437605180638561109e+01,4.026534419091583317e+01
1.699000000000000199e+01,4.851645065925217182e+01,4.362314127841963085e+01,3.961502869628507284e+01
1.699500000000000099e+01,4.765637200195561007e+01,4.288945100718641612e+01,3.898063120861441888e+01
1.700000000000000000e+01,4.681908732339746848e+01,4.217435066208787475e+01,3.836164969404539704e+01
1.700500000000000256e+01,4.600382314826109820e+01,4.147723477149477844e+01,3.775760125132071465e+01
1.700999999999999801e+01,4.520983741112279830e+01,4.079752159966152192e+01,3.716802127184606519e+01
1.701500000000000057e+01,4.443641800413674048e+01,4.013465207962688197e+01,3.659246264077206945e+01
1.701999999999999957e+01,4.368288139815087590e+01,3.948808879915411296e+01,3.603049497695633363e+01
1.702499999999999858e+01,4.294857133335433019e+01,3.885731503688469246e+01,3.548170390974934918e+01
1.703000000000000114e+01,4.223285757578485544e+01,3.824183384605722580e+01,3.494569039068321104e+01
1.703500000000000014e+01,4.153513473620732555e+01,3.764116718327753119e+01,3.442207003823876477e+01
1.703999999999999915e+01,4.085482114804892717e+01,3.705485507995559402e+01,3.391047251396110340e+01
1.704500000000000171e+01,4.019135780127479052e+01,3.648245485417356093e+01,3.341054092830500366e+01
1.705000000000000071e+01,3.954420732922779536e+01,3.592354036084918789e+01,3.292193127466034497e+01
1.705499999999999972e+01,3.891285304562828884e+01,3.537770127818593835e+01,3.244431189010240502e+01
1.706000000000000227e+01,3.829679802909007691e+01,3.484454242851879968e+01,3.197736294149807890e+01
1.706499999999999773e+01,3.769556425263154154e+01,3.432368313175204833e+01,3.152077593565903157e+01
1.707000000000000028e+01,3.710869175580595680e+01,3.381475658968903275e+01,3.107425325230963153e+01
1.707500000000000284e+01,3.653573785722285550e+01,3.331740929966530729e+01,3.063750769871969837e+01
1.707999999999999829e+01,3.597627640531542426e+01,3.283130049594862498e+01,3.021026208488484599e+01
1.708500000000000085e+01,3.542989706535809091e+01,3.235610161748178371e+01,2.979224881822194959e+01
1.708999999999999986e+01,3.489620464084579510e+01,3.189149580062060707e+01,2.938320951680271165e+01
1.709499999999999886e+01,3.437481842742096205e+01,3.143717739556766588e+01,2.898289464017819839e+01
1.710000000000000142e+01,3.386537159767170380e+01,3.099285150530603161e+01,2.859106313692794998e+01
1.710500000000000043e+01,3.336751061518893380e+01,3.055823354587982621e+01,2.820748210809265899e+01
1.710999999999999943e+01,3.288089467637140473e+01,3.013304882694011866e+01,2.783192648570422278e+01
1.711500000000000199e+01,3.240519517854507825e+01,2.971703215153132405e+01,2.746417872566583895e+01
1.712000000000000099e+01,3.194009521304464272e+01,2.930992743414914514e+01,2.710402851427574689e+01
1.712500000000000000e+01,3.148528908197625142e+01,2.891148733615292699e+01,2.675127248772503563e+01
1.713000000000000256e+01,3.104048183745203104e+01,2.852147291766494064e+01,2.640571396393589509e+01
1.713499999999999801e+01,3.060538884215381117e+01,2.813965330513731899e+01,2.606716268614171028e+01
1.714000000000000057e+01,3.017973535013685904e+01,2.776580537380358038e+01,2.573543457763422637e+01
1.714499999999999957e+01,2.976325610686510359e+01,2.739971344429198297e+01,2.541035150715088875e+01
1.714999999999999858e+01,2.935569496749156571e+01,2.704116899268864316e+01,2.509174106437739127e+01
1.715500000000000114e+01,2.895680453248111874e+01,2.668997037340274403e+01,2.477943634509155046e+01
1.716000000000000014e+01,2.856634579970738486e+01,2.634592255420722040e+01,2.447327574548802076e+01
1.716499999999999915e+01,2.818408783219698677e+01,2.600883686285829555e+01,2.417310276524385770e+01
1.717000000000000171e+01,2.780980744075250044e+01,2.567853074473958230e+01,2.387876581891743299e+01
1.717500000000000071e+01,2.744328888071872896e+01,2.535482753099906006e+01,2.359011805528901817e+01
1.717999999999999972e+01,2.708432356219115533e+01,2.503755621667108855e+01,2.330701718426693958e+01
1.718500000000000227e+01,2.673270977301404727e+01,2.472655124831136675e+01,2.302932531101171421e+01
1.718999999999999773e+01,2.638825241394482646e+01,2.442165232069308445e+01,2.275690877694334802e+01
1.719500000000000028e+01,2.605076274538626180e+01,2.412270418212857592e+01,2.248963800730874851e+01
1.720000000000000284e+01,2.572005814513865829e+01,2.382955644802022377e+01,2.222738736501642620e+01
1.720499999999999829e+01,2.539596187663021709e+01,2.354206342224440718e+01,2.197003501044330065e+01
1.721000000000000085e+01,2.507830286713012669e+01,2.326008392600906660e+01,2.171746276694678457e+01
1.721499999999999986e+01,2.476691549546784188e+01,2.298348113383691071e+01,2.146955599182408037e+01
1.721999999999999886e+01,2.446163938880021149e+01,2.271212241633895346e+01,2.122620345246709661e+01
1.722500000000000142e+01,2.416231922800745480e+01,2.244587918947329896e+01,2.098729720748718464e+01
1.723000000000000043e+01,2.386880456130467820e+01,2.218462676998566607e+01,2.075273249258217945e+01
1.723499999999999943e+01,2.358094962568536701e+01,2.192824423675089918e+01,2.052240761093567301e+01
1.724000000000000199e+01,2.329861317583200986e+01,2.167661429774781467e+01,2.029622382794877211e+01
1.724500000000000099e+01,2.302165832014794233e+01,2.142962316241362331e+01,2.007408527011393673e+01
1.725000000000000000e+01,2.274995236357591466e+01,2.118716041913112136e+01,1.985589882784530857e+01
1.725500000000000256e+01,2.248336665689553016e+01,2.094911891762242817e+01,1.964157406209625378e+01
1.725999999999999801e+01,2.222177645220215680e+01,2.071539465603052932e+01,1.943102311459929155e+01
1.726500000000000057e+01,2.196506076427974108e+01,2.048588667247488360e+01,1.922416062156718297e+01
1.726999999999999957e+01,2.171310223760735170e+01,2.026049694089056530e+01,1.902090363071222612e+01
1.727499999999999858e+01,2.146578701873811923e+01,2.003913027095607191e+01,1.882117152143603178e+01
1.728000000000000114e+01,2.122300463381172619e+01,1.982169421193369629e+01,1.862488592805702226e+01
1.728500000000000014e+01,2.098464787097016782e+01,1.960809896025147481e+01,1.843197066594647282e+01
1.728999999999999915e+01,2.075061266745514388e+01,1.939825727066154570e+01,1.824235166044731216e+01
1.729500000000000171e+01,2.052079800118372788e+01,1.919208437082466290e+01,1.805595687846273023e+01
1.730000000000000071e+01,2.029510578660034170e+01,1.898949787916960119e+01,1.787271626259901680e+01
1.730499999999999972e+01,2.007344077461664256e+01,1.879041772588728065e+01,1.769256166775616634e+01
1.731000000000000227e+01,1.985571045646387134e+01,1.859476607692909411e+01,1.751542680006736674e+01
1.731499999999999773e+01,1.964182497128340898e+01,1.840246726087842788e+01,1.734124715808736283e+01
1.732000000000000028e+01,1.943169701729216925e+01,1.821344769857364909e+01,1.716995997613622293e+01
1.732500000000000284e+01,1.922524176637456605e+01,1.802763583537158354e+01,1.700150416971525402e+01
1.732999999999999829e+01,1.902237678194564552e+01,1.784496207593452155e+01,1.683582028290405930e+01
1.733500000000000085e+01,1.882302193994884121e+01,1.766535872143820995e+01,1.667285043766108998e+01
1.733999999999999986e+01,1.862709935285799290e+01,1.748875990910362432e+01,1.651253828495355336e+01
1.734499999999999886e+01,1.843453329654860795e+01,1.731510155394966333e+01,1.635482895763676225e+01
1.735000000000000142e+01,1.824525013992349187e+01,1.714432129268114480e+01,1.619966902501819916e+01
1.735500000000000043e+01,1.805917827717386004e+01,1.697635842962196762e+01,1.604700644903644502e+01
1.735999999999999943e+01,1.787624806256612686e+01,1.681115388461058302e+01,1.589679054199135599e+01
1.736500000000000199e+01,1.769639174764897760e+01,1.664865014277814836e+01,1.574897192576418803e+01
1.737000000000000099e+01,1.751954342078113314e+01,1.648879120613379712e+01,1.560350249246950760e+01
1.737500000000000000e+01,1.734563894888137625e+01,1.633152254688247140e+01,1.546033536648095996e+01
1.738000000000000256e+01,1.717461592131339998e+01,1.617679106240912645e+01,1.531942486778024737e+01
1.738499999999999801e+01,1.700641359581485901e+01,1.602454503186021029e+01,1.518072647657554164e+01
1.739000000000000057e+01,1.684097284638682268e+01,1.587473407425861005e+01,1.504419679913991992e+01
1.739499999999999957e+01,1.667823611306912568e+01,1.572730910809592331e+01,1.490979353482656755e+01
1.739999999999999858e+01,1.651814735351825192e+01,1.558222231233767907e+01,1.477747544421047898e+01
1.740500000000000114e+01,1.636065199632061962e+01,1.543942708879075099e+01,1.464720231831735120e+01
1.741000000000000014e+01,1.620569689597071772e+01,1.529887802577912659e+01,1.451893494889808345e+01
1.741499999999999915e+01,1.605323028944534869e+01,1.516053086307525355e+01,1.439263509970727384e+01
1.742000000000000171e+01,1.590320175431355842e+01,1.502434245804048452e+01,1.426826547874983930e+01
1.742500000000000071e+01,1.575556216832101164e+01,1.489027075292840152e+01,1.414578971146000441e+01
1.742999999999999972e+01,1.561026367038875762e+01,1.475827474330407973e+01,1.402517231477518500e+01
1.743500000000000227e+01,1.546725962297406376e+01,1.462831444753971510e+01,1.390637867207472844e+01
1.743999999999999773e+01,1.532650457573821079e+01,1.450035087734392469e+01,1.378937500894967982e+01
1.744500000000000028e+01,1.518795423047092186e+01,1.437434600928609996e+01,1.367412836977322854e+01
1.745000000000000284e+01,1.505156540722432723e+01,1.425026275727953617e+01,1.356060659504396071e+01
1.745499999999999829e+01,1.491729601160769469e+01,1.412806494598569351e+01,1.344877829947173886e+01
1.746000000000000085e+01,1.478510500319943866e+01,1.400771728510577674e+01,1.333861285078005920e+01
1.746499999999999986e+01,1.465495236503634757e+01,1.388918534452938047e+01,1.323008034920119513e+01
1.746999999999999886e+01,1.452679907413396343e+01,1.377243553030353951e+01,1.312315160763498056e+01
1.747500000000000142e+01,1.440060707300471776e+01,1.365743506139721575e+01,1.301779813245184592e+01
1.748000000000000043e+01,1.427633924213283656e+01,1.354415194722903770e+01,1.291399210491472260e+01
1.748499999999999943e+01,1.415395937337113708e+01,1.343255496593120490e+01,1.281170636319832212e+01
1.749000000000000199e+01,1.403343214422589647e+01,1.332261364332340747e+01,1.271091438498536696e+01
1.749500000000000099e+01,1.391472309299729915e+01,1.321429823257164671e+01,1.261159027061987636e+01
1.750000000000000000e+01,1.379779859474195547e+01,1.310757969450550675e+01,1.251370872679650326e+01
1.750500000000000256e+01,1.368262583802935417e+01,1.300242967857225551e+01,1.241724505076897422e+01
1.750999999999999801e+01,1.356917280246319457e+01,1.289882050440519379e+01,1.232217511505984753e+01
1.751500000000000057e+01,1.345740823693743415e+01,1.279672514398239436e+01,1.222847535265230512e+01
1.751999999999999957e+01,1.334730163860442254e+01,1.269611720435855950e+01,1.213612274265090285e+01
1.752499999999999858e+01,1.323882323252513515e+01,1.259697091094616894e+01,1.204509479639177982e+01
1.753000000000000114e+01,1.313194395198094000e+01,1.249926109133026308e+01,1.195536954399040752e+01
1.753500000000000014e+01,1.302663541942099990e+01,1.240296315959623286e+01,1.186692552131023781e+01
1.753999999999999915e+01,1.292286992802278078e+01,1.230805310115311180e+01,1.177974175733834805e+01
1.754500000000000171e+01,1.282062042384587919e+01,1.221450745803696947e+01,1.169379776195606269e+01
1.755000000000000071e+01,1.271986048855646168e+01,1.212230331467649158e+01,1.160907351409007049e+01
1.755499999999999972e+01,1.262056432270261830e+01,1.203141828410510428e+01,1.152554945023173971e+01
1.756000000000000227e+01,1.252270672952292330e+01,1.194183049460623280e+01,1.144320645331394815e+01
1.756499999999999773e+01,1.242626309926834693e+01,1.185351857677556708e+01,1.136202584193264897e+01
1.757000000000000028e+01,1.233120939401943339e+01,1.176646165098632046e+01,1.128198935990173801e+01
1.757500000000000284e+01,1.223752213298449831e+01,1.168063931524655708e+01,1.120307916613308841e+01
1.757999999999999829e+01,1.214517837825915336e+01,1.159603163343247978e+01,1.112527782482829153e+01
1.758500000000000085e+01,1.205415572103325594e+01,1.151261912388728526e+01,1.104856829597422596e+01
1.758999999999999986e+01,1.196443226823088679e+01,1.143038274837397061e+01,1.097293392613317309e+01
1.759499999999999886e+01,1.187598662956722428e+01,1.134930390136942613e+01,1.089835843951723504e+01
1.760000000000000142e+01,1.178879790500956659e+01,1.126936439968979720e+01,1.082482592933922128e+01
1.760500000000000043e+01,1.170284567262885211e+01,1.119054647243630463e+01,1.075232084943128363e+01
1.760999999999999943e+01,1.161810997682887248e+01,1.111283275125138736e+01,1.068082800612339689e+01
1.761500000000000199e+01,1.153457131694066895e+01,1.103620626087547407e+01,1.061033255037373735e+01
1.762000000000000099e+01,1.145221063617086799e+01,1.096065040999526907e+01,1.054081997014397665e+01
1.762500000000000000e+01,1.137100931089130640e+01,1.088614898237366369e+01,1.047227608301136037e+01
1.763000000000000256e+01,1.129094914026077845e+01,1.081268612825416042e+01,1.040468702901215181e+01
1.763499999999999801e+01,1.121201233616703341e+01,1.074024635603024080e+01,1.033803926370873505e+01
1.764000000000000057e+01,1.113418151347857155e+01,1.066881452417147180e+01,1.027231955147377462e+01
1.764499999999999957e+01,1.105743968059888438e+01,1.059837583340073586e+01,1.020751495898725381e+01
1.764999999999999858e+01,1.098177023031050581e+01,1.052891581911230645e+01,1.014361284893794490e+01
1.765500000000000114e+01,1.090715693090225358e+01,1.046042034402575993e+01,1.008060087392553861e+01
1.766000000000000014e+01,1.083358391757063544e+01,1.039287559106863590e+01,1.001846697055786706e+01
1.766499999999999915e+01,1.076103568408597333e+01,1.032626805648017410e+01,9.957199353736999825e+00
1.767000000000000171e+01,1.068949707471645283e+01,1.026058454313102430e+01,9.896786511130317265e+00
1.767500000000000071e+01,1.061895327640243458e+01,1.019581215405279728e+01,9.837217197821837900e+00
1.767999999999999972e+01,1.054938981117240715e+01,1.013193828617060177e+01,9.778480431138202533e+00
1.768500000000000227e+01,1.048079252879495726e+01,1.006895062423434872e+01,9.720565485646231352e+00
1.768999999999999773e+01,1.041314759965918846e+01,1.000683713494267124e+01,9.663461888317140591e+00
1.769500000000000028e+01,1.034644150787687522e+01,9.945586061254305221e+00,9.607159413853501917e+00
1.770000000000000284e+01,1.028066104460102359e+01,9.885185916882862855e+00,9.551648080175805688e+00
1.770499999999999829e+01,1.021579330155354981e+01,9.825625480969137016e+00,9.496918144063915435e+00
1.771000000000000085e+01,1.015182566475673198e+01,9.766893792926731876e+00,9.442960096950537618e+00
1.771499999999999986e+01,1.008874580846412528e+01,9.708980147458023069e+00,9.389764660864214463e+00
1.771999999999999886e+01,1.002654168928315848e+01,9.651874089734015172e+00,9.337322784516869589e+00
1.772500000000000142e+01,9.965201540486336995e+00,9.595565410735890310e+00,9.285625639534519138e+00
1.773000000000000043e+01,9.904713866505613140e+00,9.540044142754140921e+00,9.234664616827922501e+00
1.773499999999999943e+01,9.845067437604473781e+00,9.485300555040916848e+00,9.184431323099865097e+00
1.774000000000000199e+01,9.786251284724066579e+00,9.431325149612936443e+00,9.134917577487280838e+00
1.774500000000000099e+01,9.728254694499149480e+00,9.378108657201723375e+00,9.086115408335855292e+00
1.775000000000000000e+01,9.671067204438692499e+00,9.325642033347140369e+00,9.038017050104071970e+00
1.775500000000000256e+01,9.614678598268232790e+00,9.273916454632201933e+00,8.990614940395364130e+00
1.775999999999999801e+01,9.559078901430098085e+00,9.222923315056197779e+00,8.943901717116469641e+00
1.776500000000000057e+01,9.504258376736835601e+00,9.172654222542568903e+00,8.897870215759123624e+00
1.776999999999999957e+01,9.450207520176178377e+00,9.123100995580573525e+00,8.852513466805014275e+00
1.777499999999999858e+01,9.396917056862342577e+00,9.074255659996536494e+00,8.807824693250626780e+00
1.778000000000000114e+01,9.344377937132207990e+00,9.026110445854111930e+00,8.763797308252216922e+00
1.778500000000000014e+01,9.292581332782416936e+00,8.978657784480359894e+00,8.720424912888459446e+00
1.778999999999999915e+01,9.241518633444542274e+00,8.931890305615775461e+00,8.677701294039863456e+00
1.779500000000000171e+01,9.191181443096565928e+00,8.885800834687092475e+00,8.635620422384398864e+00
1.780000000000000071e+01,9.141561576707188053e+00,8.840382390200474561e+00,8.594176450507820419e+00
1.780499999999999972e+01,9.092651057010716187e+00,8.795628181253427158e+00,8.553363711127937918e+00
1.781000000000000227e+01,9.044442111411070684e+00,8.751531605164773353e+00,8.513176715432685171e+00
1.781499999999999773e+01,8.996927169011927461e+00,8.708086245220627575e+00,8.473610151531040913e+00
1.782000000000000028e+01,8.950098857770962368e+00,8.665285868534962077e+00,8.434658883015972108e+00
1.782500000000000284e+01,8.903950001777699796e+00,8.623124424024988244e+00,8.396317947640516977e+00
1.782999999999999829e+01,8.858473618651389714e+00,8.581596040498737921e+00,8.358582556105149663e+00
1.783500000000000085e+01,8.813662917058497470e+00,8.540695024854947803e+00,8.321448090957479948e+00
1.783999999999999986e+01,8.769511294348415475e+00,8.500415860394703316e+00,8.284910105604385677e+00
1.784499999999999886e+01,8.726012334305373486e+00,8.460753205243563002e+00,8.248964323436286605e+00
1.785000000000000142e+01,8.683159805015881361e+00,8.421701890884282449e+00,8.213606637064378546e+00
1.785500000000000043e+01,8.640947656850613612e+00,8.383256920799610157e+00,8.178833107671389158e+00
1.785999999999999943e+01,8.599370020559295114e+00,8.345413469224649106e+00,8.144639964476009908e+00
1.786500000000000199e+01,8.558421205478639493e+00,8.308166880009528299e+00,8.111023604312686430e+00
1.787000000000000099e+01,8.518095697851888914e+00,8.271512665591581381e+00,8.077980591327024840e+00
1.787500000000000000e+01,8.478388159259434786e+00,8.235446506077456874e+00,8.045507656787977524e+00
1.788000000000000256e+01,8.439293425160816042e+00,8.199964248435970049e+00,8.013601699018725100e+00
1.788499999999999801e+01,8.400806503546965232e+00,8.165061905801604070e+00,7.982259783447037904e+00
1.789000000000000057e+01,8.362922573702519458e+00,8.130735656889086727e+00,7.951479142776652687e+00
1.789499999999999957e+01,8.325636985079244212e+00,8.096981845520870635e+00,7.921257177282430284e+00
1.789999999999999858e+01,8.288945256279044216e+00,8.063796980266916492e+00,7.891591455229867158e+00
1.790500000000000114e+01,8.252843074147902414e+00,8.031177734198923446e+00,7.862479713422072081e+00
1.791000000000000014e+01,8.217326292980954960e+00,7.999120944759808616e+00,7.833919857876392889e+00
1.791499999999999915e+01,8.182390933838533442e+00,7.967623613749600153e+00,7.805909964632680165e+00
1.792000000000000171e+01,8.148033183974643379e+00,7.936682907429554845e+00,7.778448280696553141e+00
1.792500000000000071e+01,8.114249396378045986e+00,7.906296156745935555e+00,7.751533225120224024e+00
1.792999999999999972e+01,8.081036089427087177e+00,7.876460857675368743e+00,7.725163390224076387e+00
1.793500000000000227e+01,8.048389946659316507e+00,7.847174671693811554e+00,7.699337542962449987e+00
1.793999999999999773e+01,8.016307816657079144e+00,7.818435426371209473e+00,7.674054626437152749e+00
1.794500000000000028e+01,7.984786713050334939e+00,7.790241116094216878e+00,7.649313761562508418e+00
1.795000000000000284e+01,7.953823814638613321e+00,7.762589902919818208e+00,7.625114248886303514e+00
1.795499999999999829e+01,7.923416465633256855e+00,7.735480117562172353e+00,7.601455570570536224e+00
1.796000000000000085e+01,7.893562176022010490e+00,7.708910260515740909e+00,7.578337392536907302e+00
1.796499999999999986e+01,7.864258622058557968e+00,7.682879003318539901e+00,7.555759566782211500e+00
1.796999999999999886e+01,7.835503646878163586e+00,7.657385189957780725e+00,7.533722133868259618e+00
1.797500000000000142e+01,7.807295261242616746e+00,7.632427838422488620e+00,7.512225325592308600e+00
1.798000000000000043e+01,7.779631644417100311e+00,7.608006142406685157e+00,7.491269567843975352e+00
1.798499999999999943e+01,7.752511145181100183e+00,7.584119473167061365e+00,7.470855483654413653e+00
1.799000000000000199e+01,7.725932282977088228e+00,7.560767381539787557e+00,7.450983896444760113e+00
1.799500000000000099e+01,7.699893749200050763e+00,7.537949600121275573e+00,7.431655833480725448e+00
1.800000000000000000e+01,7.674394408630931252e+00,7.515666045617423130e+00,7.412872529540526223e+00
1.800500000000000256e+01,7.649433301018075504e+00,7.493916821366946479e+00,7.394635430804208376e+00
1.800999999999999801e+01,7.625009642810747224e+00,7.472702220044565635e+00,7.376946198972562208e+00
1.801500000000000057e+01,7.601122829048231999e+00,7.452022726549283327e+00,7.359806715624059414e+00
1.801999999999999957e+01,7.577772435410001783e+00,7.431879021084973225e+00,7.343219086819570585e+00
1.802499999999999858e+01,7.554958220430573412e+00,7.412271982438976003e+00,7.327185647963912807e+00
1.803000000000000114e+01,7.532680127885149624e+00,7.393202691466548515e+00,7.311708968935092479e+00
1.803500000000000014e+01,7.510938289350698405e+00,7.374672434788046793e+00,7.296791859491739807e+00
1.803999999999999915e+01,7.489733026948261596e+00,7.356682708706800078e+00,7.282437374970135657e+00
1.804500000000000171e+01,7.469064856272884079e+00,7.339235223356275206e+00,7.268648822283210187e+00
1.805000000000000071e+01,7.448934489516984669e+00,7.322331907084894453e+00,7.255429766233986832e+00
1.805499999999999972e+01,7.429342838794291026e+00,7.305974911087965928e+00,7.242784036156945326e+00
1.806000000000000227e+01,7.410291019671238821e+00,7.290166614296502701e+00,7.230715732901615844e+00
1.806499999999999773e+01,7.391780354913614737e+00,7.274909628533275274e+00,7.219229236173431374e+00
1.807000000000000028e+01,7.373812378455973260e+00,7.260206803946782195e+00,7.208329212247282847e+00
1.807500000000000284e+01,7.356388839602752583e+00,7.246061234734984424e+00,7.198020622071059194e+00
1.807999999999999829e+01,7.339511707469594803e+00,7.232476265170627805e+00,7.188308729776224482e+00
1.808500000000000085e+01,7.323183175674318868e+00,7.219455495941115686e+00,7.179199111614333439e+00
1.808999999999999986e+01,7.307405667287646622e+00,7.207002790816486204e+00,7.170697665339154092e+00
1.809499999999999886e+01,7.292181840053888031e+00,7.195122283659648232e+00,7.162810620054864685e+00
1.810000000000000142e+01,7.277514591892765949e+00,7.183818385794030092e+00,7.155544546552436991e+00
1.810500000000000043e+01,7.263407066694051117e+00,7.173095793744511894e+00,7.148906368157277313e+00
1.810999999999999943e+01,7.249862660417124793e+00,7.162959497368336592e+00,7.142903372112352045e+00
1.811500000000000199e+01,7.236885027508765944e+00,7.153414788393927637e+00,7.137543221522774317e+00
1.812000000000000099e+01,7.224478087652568270e+00,7.144467269386052699e+00,7.132833967889016691e+00
1.812500000000000000e+01,7.212646032864554080e+00,7.136122863157178919e+00,7.128784064257315478e+00
1.813000000000000256e+01,7.201393334950330072e+00,7.128387822645914973e+00,7.125402379017915955e+00
1.813499999999999801e+01,7.190724753339822861e+00,7.121268741284442427e+00,7.122698210383071604e+00
1.814000000000000057e+01,7.180645343316435891e+00,7.114772563878158707e+00,7.120681301578664524e+00
1.814499999999999957e+01,7.171160464658978384e+00,7.108906598022151968e+00,7.119361856785524800e+00
1.814999999999999858e+01,7.162275790714866197e+00,7.103678526080329902e+00,7.118750557867990381e+00
1.815500000000000114e+01,7.153997317924887689e+00,7.099096417754517496e+00,7.118858581930035179e+00
1.816000000000000014e+01,7.146331375820506260e+00,7.095168743272636469e+00,7.119697619741166328e+00
1.816499999999999915e+01,7.139284637516064791e+00,7.091904387226240836e+00,7.121279895076825461e+00
1.817000000000000171e+01,7.132864130719359430e+00,7.089312663089818223e+00,7.123618185020718307e+00
1.817500000000000071e+01,7.127077249285582283e+00,7.087403328455995855e+00,7.126725841279077933e+00
1.817999999999999972e+01,7.121931765340634435e+00,7.086186601022531839e+00,7.130616812559789963e+00
1.818500000000000227e+01,7.117435842001848201e+00,7.085673175369366028e+00,7.135305668072473573e+00
1.818999999999999773e+01,7.113598046725191359e+00,7.085874240565824600e+00,7.140807622208681593e+00
1.819500000000000028e+01,7.110427365309959669e+00,7.086801498650705078e+00,7.147138560465017498e+00
1.820000000000000284e+01,7.107933216593764314e+00,7.088467184030130319e+00,7.154315066675384749e+00
1.820499999999999829e+01,7.106125467872224988e+00,7.090884083840924390e+00,7.162354451622711338e+00
1.821000000000000085e+01,7.105014451079996185e+00,7.094065559329690629e+00,7.171274783104425232e+00
1.821499999999999986e+01,7.104610979771737611e+00,7.098025568301046917e+00,7.181094917530119304e+00
1.821999999999999886e+01,7.104926366943837834e+00,7.102778688691141262e+00,7.191834533134991325e+00
1.822500000000000142e+01,7.105972443740029121e+00,7.108340143326341121e+00,7.203514164896839489e+00
1.823000000000000043e+01,7.107761579086564474e+00,7.114725825929864023e+00,7.216155241249941454e+00
1.823499999999999943e+01,7.110306700305216943e+00,7.121952328443339475e+00,7.229780122694625888e+00
1.824000000000000199e+01,7.113621314755223857e+00,7.130036969733824392e+00,7.244412142406870814e+00
1.824500000000000099e+01,7.117719532558001383e+00,7.138997825760981186e+00,7.260075648958436823e+00
1.825000000000000000e+01,7.122616090461947991e+00,7.148853761283674224e+00,7.276796051264753373e+00
1.825500000000000256e+01,7.128326376907716089e+00,7.159624463189593335e+00,7.294599865884200618e+00
1.825999999999999801e+01,7.134866458357847385e+00,7.171330475536546345e+00,7.313514766799810829e+00
1.826500000000000057e+01,7.142253106958573738e+00,7.183993236399365045e+00,7.333569637822223264e+00
1.826999999999999957e+01,7.150503829605238337e+00,7.197635116621427187e+00,7.354794627760086634e+00
1.827499999999999858e+01,7.159636898487353740e+00,7.212279460576382029e+00,7.377221208513655704e+00
1.828000000000000114e+01,7.169671383193271019e+00,7.227950629050682529e+00,7.400882236254774149e+00
1.828500000000000014e+01,7.180627184459617673e+00,7.244674044365157606e+00,7.425812015867126803e+00
1.828999999999999915e+01,7.192525069655186343e+00,7.262476237860022721e+00,7.452046368829786438e+00
1.829500000000000171e+01,7.205386710094520808e+00,7.281384899874972838e+00,7.479622704737169947e+00
1.830000000000000071e+01,7.219234720281813900e+00,7.301428932364034452e+00,7.508580096659983383e+00
1.830499999999999972e+01,7.234092699191728038e+00,7.322638504292564576e+00,7.538959360562558665e+00
1.831000000000000227e+01,7.249985273700005450e+00,7.345045109972367037e+00,7.570803139003741578e+00
1.831499999999999773e+01,7.266938144282971024e+00,7.368681630499626323e+00,7.604155989360624091e+00
1.832000000000000028e+01,7.284978133112634424e+00,7.393582398470404549e+00,7.639064476828012040e+00
1.832500000000000284e+01,7.304133234680634246e+00,7.419783266157247148e+00,7.675577272458056655e+00
1.832999999999999829e+01,7.324432669092663772e+00,7.447321677341621537e+00,7.713745256519500160e+00
1.833500000000000085e+01,7.345906938182907631e+00,7.476236743007588892e+00,7.753621627469482469e+00
1.833999999999999986e+01,7.368587884606307981e+00,7.506569321112610105e+00,7.795262016844074715e+00
1.834499999999999886e+01,7.392508754076343003e+00,7.538362100664658172e+00,7.838724610390173986e+00
1.835000000000000142e+01,7.417704260924359083e+00,7.571659690345165394e+00,7.884070275773578551e+00
1.835500000000000043e+01,7.444210657167547929e+00,7.606508711931662781e+00,7.931362697214446200e+00
1.835999999999999943e+01,7.472065805282496420e+00,7.642957898786268522e+00,7.980668517415111296e+00
1.836500000000000199e+01,7.501309254892055023e+00,7.681058199689398513e+00,8.032057487158308362e+00
1.837000000000000099e+01,7.531982323585186379e+00,7.720862888312606032e+00,8.085602622968915298e+00
1.837500000000000000e+01,7.564128182101125475e+00,7.762427678638363027e+00,8.141380373243841007e+00
1.838000000000000256e+01,7.597791944121095042e+00,7.805810846648031820e+00,8.199470793265517088e+00
1.838499999999999801e+01,7.633020760924177139e+00,7.851073358614768516e+00,8.259957729525154946e+00
1.839000000000000057e+01,7.669863921177445754e+00,7.898279006352153964e+00,8.322929013789414299e+00
1.839499999999999957e+01,7.708372956142355292e+00,7.947494549781707995e+00,8.388476667346436599e+00
1.839999999999999858e+01,7.748601750595941695e+00,7.998789867199242565e+00,8.456697115872811921e+00
1.840500000000000114e+01,7.790606659776982745e+00,8.052238113629449856e+00,8.527691415355478810e+00
1.841000000000000014e+01,7.834446632683288669e+00,8.107915887672453081e+00,8.601565489497243533e+00
1.841499999999999915e+01,7.880183342059730478e+00,8.165903407255322932e+00,8.678430379018383434e+00
1.842000000000000171e+01,7.927881321431494044e+00,8.226284694710859213e+00,8.758402503244539616e+00
1.842500000000000071e+01,7.977608109550430981e+00,8.289147771611872884e+00,8.841603934338762016e+00
1.842999999999999972e+01,8.029434402636358215e+00,8.354584863793000693e+00,8.928162684492020773e+00
1.843500000000000227e+01,8.083434214807635243e+00,8.422692616991579229e+00,9.018213006329006021e+00
1.843999999999999773e+01,8.139685047106844706e+00,8.493572323533941315e+00,9.111895706712395793e+00
1.844500000000000028e+01,8.198268065538741212e+00,8.567330160484411650e+00,9.209358474037136588e+00
1.845000000000000284e+01,8.259268288543140102e+00,8.644077439653379713e+00,9.310756218986030675e+00
1.845499999999999829e+01,8.322774784335239318e+00,8.723930869840025082e+00,9.416251428581171368e+00
1.846000000000000085e+01,8.388880878545560194e+00,8.807012831645822715e+00,9.526014533185371391e+00
1.846499999999999986e+01,8.457684372590291488e+00,8.893451665146523410e+00,9.640224285894404943e+00
1.846999999999999886e+01,8.529287773200254108e+00,8.983381970652695614e+00,9.759068153509129928e+00
1.847500000000000142e+01,8.603798533520759406e+00,9.076944922704056395e+00,9.882742717960379508e+00
1.848000000000000043e+01,8.681329306177495653e+00,9.174288597345563900e+00,1.001145408669271220e+01
1.848499999999999943e+01,8.761998208676905264e+00,9.275568312610285915e+00,1.014541831007358041e+01
1.849000000000000199e+01,8.845929101468801292e+00,9.380946981979009891e+00,1.028486180336737554e+01
1.849500000000000099e+01,8.933251878949596048e+00,9.490595480401127659e+00,1.043002177019573118e+01
1.850000000000000000e+01,9.024102773619940621e+00,9.604693022238004474e+00,1.058114662367746917e+01
1.850500000000000256e+01,9.118624673524189816e+00,9.723427550213799009e+00,1.073849640057710886e+01
1.850999999999999801e+01,9.216967452996840393e+00,9.846996134135494572e+00,1.090234316278721316e+01
1.851500000000000057e+01,9.319288316610508716e+00,9.975605377753003822e+00,1.107297137929039721e+01
1.851999999999999957e+01,9.425752156059086673e+00,1.010947183166443786e+01,1.125067828036946338e+01
1.852499999999999858e+01,9.536531919519418921e+00,1.024882240962633162e+01,1.143577417424278586e+01
1.853000000000000114e+01,9.651808992793890596e+00,1.039389480497153073e+01,1.162858271443915648e+01
1.853500000000000014e+01,9.771773591258341440e+00,1.054493790307811274e+01,1.182944110409239968e+01
1.853999999999999915e+01,9.896625161297500028e+00,1.070221218492967274e+01,1.203870022086295144e+01
1.854500000000000171e+01,1.002657278950491637e+01,1.086599011575344953e+01,1.225672464335804079e+01
1.855000000000000071e+01,1.016183561744251662e+01,1.103655651149101047e+01,1.248389255667789399e+01
1.855499999999999972e+01,1.030264325918669499e+01,1.121420887442554282e+01,1.272059551102399588e+01
1.856000000000000227e+01,1.044923621820965387e+01,1.139925768761853320e+01,1.296723800310710750e+01
1.856499999999999773e+01,1.060186629935262026e+01,1.159202665588031422e+01,1.322423684536608945e+01
1.857000000000000028e+01,1.076079701071906847e+01,1.179285287877578980e+01,1.349202028271162668e+01
1.857500000000000284e+01,1.092630394921750892e+01,1.200208693859193865e+01,1.377102681058939559e+01
1.857999999999999829e+01,1.109867516221705763e+01,1.222009288326281151e+01,1.406170364164395181e+01
1.858500000000000085e+01,1.127821147629303944e+01,1.244724808088423806e+01,1.436450476111978780e+01
1.858999999999999986e+01,1.146522678231424841e+01,1.268394291862473899e+01,1.467988850340557683e+01
1.859499999999999886e+01,1.166004826413995588e+01,1.293058031452609313e+01,1.500831457390950341e+01
1.860000000000000142e+01,1.186301655588349391e+01,1.318757500580351127e+01,1.535024043181093489e+01
1.860500000000000043e+01,1.207448581006406840e+01,1.345535257182121747e+01,1.570611694043223139e+01
1.860999999999999943e+01,1.229482365593433180e+01,1.373434814386715175e+01,1.607638318323808946e+01
1.861500000000000199e+01,1.252441102380872273e+01,1.402500474718724988e+01,1.646146033521493024e+01
1.862000000000000099e+01,1.276364180729414777e+01,1.432777121349365679e+01,1.686174447216518146e+01
1.862500000000000000e+01,1.301292233087610128e+01,1.464309959434897834e+01,1.727759819494171367e+01
1.863000000000000256e+01,1.327267058531713850e+01,1.497144199755824268e+01,1.770934094278698367e+01
1.863499999999999801e+01,1.354331518774205989e+01,1.531324676011114327e+01,1.815723787087538099e+01
1.864000000000000057e+01,1.382529401710523942e+01,1.566895386254298828e+01,1.862148717332836156e+01
1.864499999999999957e+01,1.411905246891885213e+01,1.603898948109643641e+01,1.910220574604411325e+01
1.864999999999999858e+01,1.442504126575398082e+01,1.642375956629246048e+01,1.959941310579855056e+01
1.865500000000000114e+01,1.474371375207567780e+01,1.682364232993766961e+01,2.011301351541399640e+01
1.866000000000000014e+01,1.507552259361881219e+01,1.723897951808065798e+01,2.064277631206229557e+01
1.866499999999999915e+01,1.542091579285701464e+01,1.767006634589824188e+01,2.118831449960044822e+01
1.867000000000000171e+01,1.578033192343084856e+01,1.811713997321475489e+01,2.174906174898300648e+01
1.867500000000000071e+01,1.615419447801350827e+01,1.858036640783367233e+01,2.232424805567417891e+01
1.867999999999999972e+01,1.654290521648195522e+01,1.905982573991613904e+01,2.291287443142424252e+01
1.868500000000000227e+01,1.694683639502973804e+01,1.955549563635733890e+01,2.351368716044053286e+01
1.868999999999999773e+01,1.736632175286229440e+01,2.006723306193183376e+01,2.412515232593369419e+01
1.869500000000000028e+01,1.780164613235330506e+01,2.059475424645521358e+01,2.474543150875618025e+01
1.870000000000000284e+01,1.825303361230958288e+01,2.113761298704717717e+01,2.537235976873856558e+01
1.870499999999999829e+01,1.872063404392521946e+01,2.169517746444118700e+01,2.600342723081633878e+01
1.871000000000000085e+01,1.920450789688867843e+01,2.226660586426702793e+01,2.663576579672399447e+01
1.871499999999999986e+01,1.970460935118656920e+01,2.285082122984466224e+01,2.726614266878458537e+01
1.871999999999999886e+01,2.022076761088079522e+01,2.344648613239777646e+01,2.789096248013409252e+01
1.872500000000000142e+01,2.075266647207718762e+01,2.405197792580063876e+01,2.850627984666737191e+01
1.873000000000000043e+01,2.129982225125658246e+01,2.466536555162920763e+01,2.910782405959570696e+01
1.873499999999999943e+01,2.186156027460293672e+01,2.528438906836803923e+01,2.969103739442941148e+01
1.874000000000000199e+01,2.243699024600324776e+01,2.590644328394573748e+01,3.025112809888372567e+01
1.874500000000000099e+01,2.302498095228216712e+01,2.652856705651253932e+01,3.078313852618306257e+01
1.875000000000000000e+01,2.362413492867948506e+01,2.714743997267180120e+01,3.128202810554976310e+01
1.875500000000000256e+01,2.423276389329995339e+01,2.775938818905218142e+01,3.174276991422785343e+01
1.875999999999999801e+01,2.484886596107789103e+01,2.836040120280048527e+01,3.216045858616926267e+01
1.876500000000000057e+01,2.547010585693218232e+01,2.894616116924983729e+01,3.253042623786789278e+01
1.876999999999999957e+01,2.609379955104494897e+01,2.951208608341824302e+01,3.284836210949068658e+01
1.877499999999999858e+01,2.671690491875832763e+01,3.005338766658726968e+01,3.311043081996752591e+01
1.878000000000000114e+01,2.733602016044278926e+01,3.056514414314083794e+01,3.331338362786421214e+01
1.878500000000000014e+01,2.794739177598157909e+01,3.104238726808310389e+01,3.345465696903878694e+01
1.878999999999999915e+01,2.854693384429183567e+01,3.148020200678600489e+01,3.353245286709067585e+01
1.879500000000000171e+01,2.913026018077847112e+01,3.187383623560442203e+01,3.354579659639083644e+01
1.880000000000000071e+01,2.969273060865836555e+01,3.221881680900781220e+01,3.349456817823410404e+01
1.880499999999999972e+01,3.022951206624006559e+01,3.251106742814641848e+01,3.337950581283262608e+01
1.881000000000000227e+01,3.073565457814544288e+01,3.274702305753451270e+01,3.320218105435767342e+01
1.881499999999999773e+01,3.120618126041540918e+01,3.292373527468332384e+01,3.296494725851351859e+01
1.882000000000000028e+01,3.163619054737322855e+01,3.303896298300887224e+01,3.267086440523083013e+01
1.882500000000000284e+01,3.202096778730885518e+01,3.309124341364727684e+01,3.232360467710091001e+01
1.882999999999999829e+01,3.235610234318875911e+01,3.307993927937608447e+01,3.192734405161344569e+01
1.883500000000000085e+01,3.263760545877297403e+01,3.300525926149135358e+01,3.148664558902881083e+01
1.883999999999999986e+01,3.286202352029265938e+01,3.286825059602057308e+01,3.100634006976765988e+01
1.884499999999999886e+01,3.302654105988597877e+01,3.267076422999358698e+01,3.049140920656834908e+01
1.885000000000000142e+01,3.312906798368894101e+01,3.241539467599935875e+01,2.994687591475945609e+01
1.885500000000000043e+01,3.316830609784903316e+01,3.210539814494516975e+01,2.937770517617560628e+01
1.885999999999999943e+01,3.314379103091253853e+01,3.174459365260439725e+01,2.878871798965590401e+01
1.886500000000000199e+01,3.305590703775855843e+01,3.133725249031643756e+01,2.818451986449569091e+01
1.887000000000000099e+01,3.290587379703152493e+01,3.088798169285883688e+01,2.756944436353093764e+01
1.887500000000000000e+01,3.269570602621561761e+01,3.040160694877177150e+01,2.694751139589163813e+01
1.888000000000000256e+01,3.242814836951714597e+01,2.988305984602213172e+01,2.632239932662788817e+01
1.888499999999999801e+01,3.210658940851680399e+01,2.933727352443611736e+01,2.569742951971783640e+01
1.889000000000000057e+01,3.173495968186873739e+01,2.876908982475135090e+01,2.507556165302444384e+01
1.889499999999999957e+01,3.131761920384570175e+01,2.818317998935241064e+01,2.445939801717780782e+01
1.889999999999999858e+01,3.085924012224147006e+01,2.758397997421076298e+01,2.385119500683041949e+01
1.890500000000000114e+01,3.036468988590366180e+01,2.697564054588984206e+01,2.325288010202761058e+01
1.891000000000000014e+01,2.983891967431743097e+01,2.636199160710486922e+01,2.266607279032252364e+01
1.891499999999999915e+01,2.928686197613784614e+01,2.574651964061495235e+01,2.209210807108192398e+01
1.892000000000000171e+01,2.871334020033303602e+01,2.513235678500282333e+01,2.153206139103451022e+01
1.892500000000000071e+01,2.812299216764892051e+01,2.452227984270601979e+01,2.098677406832242553e+01
1.892999999999999972e+01,2.752020835010260313e+01,2.391871744621774809e+01,2.045687845960490137e+01
1.893500000000000227e+01,2.690908486780672959e+01,2.332376364368407096e+01,1.994282230376478893e+01
1.893999999999999773e+01,2.629339055595884389e+01,2.273919628036141205e+01,1.944489183236012053e+01
1.894500000000000028e+01,2.567654689713094385e+01,2.216649872005988442e+01,1.896323336971879314e+01
1.895000000000000284e+01,2.506161927228202302e+01,2.160688364710846798e+01,1.849787325482711253e+01
1.895499999999999829e+01,2.445131780113976561e+01,2.106131789554710565e+01,1.804873600442324033e+01
1.896000000000000085e+01,2.384800599319700609e+01,2.053054745419278859e+01,1.761566070437439535e+01
1.896499999999999986e+01,2.325371548489257734e+01,2.001512198415010957e+01,1.719841566702662661e+01
1.896999999999999886e+01,2.267016526703012858e+01,1.951541835331684638e+01,1.679671142847212550e+01
1.897500000000000142e+01,2.209878398229800922e+01,1.903166283763587074e+01,1.641021218423393790e+01
1.898000000000000043e+01,2.154073407298955800e+01,1.856395176045502637e+01,1.603854577697629580e+01
1.898499999999999943e+01,2.099693676580165302e+01,1.811227044032011690e+01,1.568131235764116305e+01
1.899000000000000199e+01,2.046809708074068013e+01,1.767651039572155369e+01,1.533809184366204548e+01
1.899500000000000099e+01,1.995472823574613130e+01,1.725648481510325638e+01,1.500845029604556125e+01
1.900000000000000000e+01,1.945717498246659360e+01,1.685194234452185924e+01,1.469194533238736255e+01
1.900500000000000256e+01,1.897563554923451790e+01,1.646257927630207973e+01,1.438813068622918756e+01
1.900999999999999801e+01,1.851018198438844564e+01,1.608805024235077141e+01,1.409656001532990466e+01
1.901500000000000057e+01,1.806077878779248636e+01,1.572797752766551405e+01,1.381679005296922647e+01
1.901999999999999957e+01,1.762729979276505787e+01,1.538195912496664342e+01,1.354838318778330830e+01
1.902499999999999858e+01,1.720954331705846485e+01,1.504957565184832724e+01,1.329090954909308131e+01
1.903000000000000114e+01,1.680724564280755473e+01,1.473039624883269205e+01,1.304394866651961493e+01
1.903500000000000014e+01,1.642009291398121107e+01,1.442398357121011010e+01,1.280709076495204890e+01
1.903999999999999915e+01,1.604773155830842768e+01,1.412989798046914380e+01,1.257993774876467796e+01
1.904500000000000171e+01,1.568977735107672267e+01,1.384770103312622069e+01,1.236210392261436297e+01
1.905000000000000071e+01,1.534582324244522056e+01,1.357695835633120041e+01,1.215321649017683470e+01
1.905499999999999972e+01,1.501544606957295080e+01,1.331724199113624429e+01,1.195291586680382601e+01
1.906000000000000227e+01,1.469821227124102414e+01,1.306813227604593308e+01,1.176085583728724870e+01
1.906499999999999773e+01,1.439368271674880440e+01,1.282921933556807836e+01,1.157670358564603674e+01
1.907000000000000028e+01,1.410141675352435087e+01,1.260010423108371036e+01,1.140013962007757442e+01
1.907500000000000284e+01,1.382097556976057895e+01,1.238039982453611998e+01,1.123085761291063100e+01
1.907999999999999829e+01,1.355192495988261747e+01,1.216973139918147062e+01,1.106856417248158841e+01
1.908500000000000085e+01,1.329383757218917950e+01,1.196773707601009740e+01,1.091297856133351729e+01
1.908999999999999986e+01,1.304629470977366523e+01,1.177406805937250844e+01,1.076383237293242168e+01
1.909499999999999886e+01,1.280888774801033669e+01,1.158838874082066361e+01,1.062086917718514556e+01
1.910000000000000142e+01,1.258121922460357389e+01,1.141037668617837042e+01,1.048384414340347703e+01
1.910500000000000043e+01,1.236290365145904069e+01,1.123972252731120314e+01,1.035252364793255353e+01
1.910999999999999943e+01,1.215356809151004036e+01,1.107612977696923018e+01,1.022668487244635571e+01
1.911500000000000199e+01,1.195285253809703008e+01,1.091931458236590657e+01,1.010611539787089797e+01
1.912000000000000099e+01,1.176041012952669895e+01,1.076900543078889250e+01,9.990612797999618877e+00
1.912500000000000000e+01,1.157590722702113162e+01,1.062494281849094335e+01,9.879984236108571238e+00
1.913000000000000256e+01,1.139902338035295060e+01,1.048687889233436898e+01,9.774046067233472357e+00
1.913499999999999801e+01,1.122945120201386437e+01,1.035457707213088341e+01,9.672623448224150877e+00
1.914000000000000057e+01,1.106689616773482499e+01,1.022781166029782973e+01,9.575549957227579512e+00
1.914499999999999957e+01,1.091107635854249125e+01,1.010636744432792788e+01,9.482667223868171291e+00
1.914999999999999858e+01,1.076172215722695569e+01,9.990039296595238483e+00,9.393824571062459938e+00
1.915500000000000114e+01,1.061857591010685198e+01,9.878631775199313125e+00,9.308878669137984119e+00
1.916000000000000014e+01,1.048139156324957355e+01,9.771958728845330455e+00,9.227693202698866060e+00
1.916499999999999915e+01,1.034993428081478406e+01,9.669842908160788397e+00,9.150138550493599254e+00
1.917000000000000171e+01,1.022398005191405268e+01,9.572115585348552003e+00,9.076091478390019063e+00
1.917500000000000071e+01,1.010331529127677541e+01,9.478616183646806803e+00,9.005434845434942659e+00
1.917999999999999972e+01,9.987736438076707302e+00,9.389191917711457336e+00,8.938057322876742816e+00
1.918500000000000227e+01,9.877049556474796432e+00,9.303697445738713157e+00,8.873853125950056153e+00
1.918999999999999773e+01,9.771069940749045557e+00,9.221994533893845158e+00,8.812721758156408569e+00
1.919500000000000028e+01,9.669621727307140091e+00,9.143951733406598947e+00,8.754567767726722849e+00
1.920000000000000284e+01,9.572537515392239627e+00,9.069444070526683888e+00,8.699300515917061105e+00
1.920499999999999829e+01,9.479657997874758379e+00,8.998352749387541039e+00,8.646833956758307238e+00
1.921000000000000085e+01,9.390831603183361409e+00,8.930564867718626232e+00,8.597086427865727742e+00
1.921499999999999986e+01,9.305914149139349334e+00,8.865973145254780974e+00,8.549980451902600365e+00
1.921999999999999886e+01,9.224768509213545187e+00,8.804475664615644348e+00,8.505442548284026572e+00
1.922500000000000142e+01,9.147264291532495761e+00,8.745975624376557178e+00,8.463403054709532469e+00
1.923000000000000043e+01,9.073277530792267953e+00,8.690381104005892254e+00,8.423795958113442950e+00
1.923499999999999943e+01,9.002690393106668409e+00,8.637604840313123589e+00,8.386558734628952294e+00
1.924000000000000199e+01,8.935390893707353399e+00,8.587564015028796405e+00,8.351632198169797405e+00
1.924500000000000099e+01,8.871272627327211779e+00,8.540180053122785608e+00,8.318960357243799564e+00
1.925000000000000000e+01,8.810234511028165016e+00,8.495378431457522694e+00,8.288490279623433210e+00
1.925500000000000256e+01,8.752180539183273211e+00,8.453088497370826460e+00,8.260171964512487364e+00
1.925999999999999801e+01,8.697019550279890154e+00,8.413243296781905300e+00,8.233958221859904114e+00
1.926500000000000057e+01,8.644665005181533246e+00,8.375779411418845299e+00,8.209804558486334614e+00
1.926999999999999957e+01,8.595034776466608406e+00,8.340636804773767565e+00,8.187669070703980978e+00
1.927499999999999858e+01,8.548050948444743113e+00,8.307758676398101727e+00,8.167512343122762530e+00
1.928000000000000114e+01,8.503639627447491023e+00,8.277091324163787789e+00,8.149297353352046969e+00
1.928500000000000014e+01,8.461730761985718274e+00,8.248584014126606689e+00,8.132989382320285898e+00
1.928999999999999915e+01,8.422257972366841372e+00,8.222188857640412962e+00,8.118555929949032191e+00
1.929500000000000171e+01,8.385158389371408560e+00,8.197860695385381646e+00,8.105966635931903141e+00
1.930000000000000071e+01,8.350372501594650387e+00,8.175556987986766444e+00,8.095193205382150481e+00
1.930499999999999972e+01,8.317844011067728971e+00,8.155237712914205517e+00,8.086209339125375095e+00
1.931000000000000227e+01,8.287519696785361489e+00,8.136865267366802712e+00,8.078990668426989430e+00
1.931499999999999773e+01,8.259349285777712879e+00,8.120404376862353502e+00,8.073514693955836208e+00
1.932000000000000028e+01,8.233285331377526717e+00,8.105822009263450312e+00,8.069760728797374938e+00
1.932500000000000284e+01,8.209283098347604835e+00,8.093087293986913622e+00,8.067709845341207497e+00
1.932999999999999829e+01,8.187300454546658557e+00,8.082171446156051431e+00,8.067344825878473458e+00
1.933500000000000085e+01,8.167297768826559334e+00,8.073047695468694940e+00,8.068650116755463841e+00
1.933999999999999986e+01,8.149237814867975160e+00,8.065691219566526016e+00,8.071611785939733608e+00
1.934499999999999886e+01,8.133085680674749796e+00,8.060079081703230841e+00,8.076217483864633451e+00
1.935000000000000142e+01,8.118808683462530595e+00,8.056190172521398907e+00,8.082456407427827116e+00
1.935500000000000043e+01,8.106376289689631420e+00,8.054005155759112355e+00,8.090319267027911820e+00
1.935999999999999943e+01,8.095760039992166313e+00,8.053506417718367061e+00,8.099798256532405816e+00
1.936500000000000199e+01,8.086933478798314923e+00,8.054678020338345235e+00,8.110887026078053452e+00
1.937000000000000099e+01,8.079872088409132402e+00,8.057505657726274251e+00,8.123580657612842870e+00
1.937500000000000000e+01,8.074553227345699469e+00,8.061976616008989183e+00,8.137875643096721845e+00
1.938000000000000256e+01,8.070956072773974199e+00,8.068079736377384847e+00,8.153769865285221741e+00
1.938499999999999801e+01,8.069061566830544763e+00,8.075805381205166000e+00,8.171262581027370686e+00
1.939000000000000057e+01,8.068852366682936150e+00,8.085145403132081299e+00,8.190354407016723570e+00
1.939499999999999957e+01,8.070312798169110735e+00,8.096093117010099149e+00,8.211047307940001261e+00
1.939999999999999858e+01,8.073428812870798055e+00,8.108643274619115715e+00,8.233344586975452017e+00
1.940500000000000114e+01,8.078187948485032521e+00,8.122792042066611984e+00,8.257250878598659583e+00
1.941000000000000014e+01,8.084579292367749304e+00,8.138536979793054016e+00,8.282772143659757447e+00
1.941499999999999915e+01,8.092593448132213041e+00,8.155877025112227230e+00,8.309915666702618608e+00
1.942000000000000171e+01,8.102222505193898527e+00,8.174812477222410223e+00,8.338690055501473353e+00
1.942500000000000071e+01,8.113460011161416574e+00,8.195344984631388385e+00,8.369105242797205690e+00
1.942999999999999972e+01,8.126300946981702467e+00,8.217477534944841011e+00,8.401172490220959688e+00
1.943500000000000227e+01,8.140741704754635322e+00,8.241214446973488705e+00,8.434904394397772620e+00
1.943999999999999773e+01,8.156780068140371043e+00,8.266561365121411598e+00,8.470314895229549279e+00
1.944500000000000028e+01,8.174415195289682856e+00,8.293525256023700720e+00,8.507419286361923128e+00
1.945000000000000284e+01,8.193647604234023163e+00,8.322114407406800751e+00,8.546234227843997999e+00
1.945499999999999829e+01,8.214479160679710290e+00,8.352338429152306176e+00,8.586777760997797770e+00
1.946000000000000085e+01,8.236913068156532347e+00,8.384208256549419147e+00,8.629069325518090139e+00
1.946499999999999986e+01,8.260953860477046717e+00,8.417736155726910141e+00,8.673129778828558401e+00
1.946999999999999886e+01,8.286607396470410336e+00,8.452935731262487096e+00,8.718981417728432604e+00
1.947500000000000142e+01,8.313880856958887122e+00,8.489821935971145095e+00,8.766648002366503434e+00
1.948000000000000043e+01,8.342782743952556146e+00,8.528411082881108385e+00,8.816154782587430461e+00
1.948499999999999943e+01,8.373322882042531390e+00,8.568720859410735358e+00,8.867528526700347413e+00
1.949000000000000199e+01,8.405512421979498328e+00,8.610770343765755896e+00,8.920797552726124735e+00
1.949500000000000099e+01,8.439363846429291272e+00,8.654580023581466719e+00,8.975991762185884681e+00
1.950000000000000000e+01,8.474890977903791978e+00,8.700171816840930106e+00,9.033142676500434121e+00
1.950500000000000256e+01,8.512108988869723447e+00,8.747569095104596570e+00,9.092283476075602167e+00
1.950999999999999801e+01,8.551034414044655918e+00,8.796796709094184763e+00,9.153449042156912796e+00
1.951500000000000057e+01,8.591685164894961702e+00,8.847881016679156829e+00,9.216676001544145791e+00
1.951999999999999957e+01,8.634080546354445218e+00,8.900849913318474194e+00,9.282002774261187028e+00
1.952499999999999858e+01,8.678241275790915310e+00,8.955732865020191724e+00,9.349469624289072911e+00
1.953000000000000114e+01,8.724189504250837501e+00,9.012560943884238895e+00,9.419118713473574545e+00
1.953500000000000014e+01,8.771948840019225813e+00,9.071366866302032150e+00,9.490994158729236574e+00
1.953999999999999915e+01,8.821544374538424549e+00,9.132185033894147708e+00,9.565142092671617746e+00
1.954500000000000171e+01,8.873002710733903342e+00,9.195051577272609578e+00,9.641610727816273041e+00
1.955000000000000071e+01,8.926351993802013496e+00,9.260004402722413985e+00,9.720450424493948915e+00
1.955499999999999972e+01,8.981621944521846146e+00,9.327083241905848254e+00,9.801713762642810579e+00
1.956000000000000227e+01,9.038843895157770092e+00,9.396329704698562324e+00,9.885455617646510262e+00
1.956499999999999773e+01,9.098050828027698600e+00,9.467787335276963034e+00,9.971733240400450171e+00
1.957000000000000028e+01,9.159277416818202511e+00,9.541501671584150301e+00,1.006060634179966762e+01
1.957500000000000284e+01,9.222560070734136417e+00,9.617520308310030686e+00,1.015213718185293246e+01
1.957999999999999829e+01,9.287936981579351325e+00,9.695892963532736886e+00,1.024639066364352580e+01
1.958500000000000085e+01,9.355448173871787176e+00,9.776671549176915832e+00,1.034343443236894089e+01
1.958999999999999986e+01,9.425135558102624600e+00,9.859910245453557209e+00,1.044333897970474467e+01
1.959499999999999886e+01,9.497042987262007685e+00,9.945665579462074746e+00,1.054617775375923472e+01
1.960000000000000142e+01,9.571216316756972375e+00,1.003399650814015587e+01,1.065202727489376677e+01
1.960500000000000043e+01,9.647703467860674564e+00,1.012496450576475837e+01,1.076096725770744911e+01
1.960999999999999943e+01,9.726554494839747989e+00,1.021863365621773490e+01,1.087308073949987097e+01
1.961500000000000199e+01,9.807821655916470149e+00,1.031507075024333275e+01,1.098845421554493385e+01
1.962000000000000099e+01,9.891559488233081510e+00,1.041434538793914300e+01,1.110717778152912416e+01
1.962500000000000000e+01,9.977824886998178044e+00,1.051653008673892487e+01,1.122934528353120953e+01
1.963000000000000256e+01,1.006667718900430053e+01,1.062170039515875253e+01,1.135505447593934392e+01
1.963499999999999801e+01,1.015817826071913998e+01,1.072993501259608706e+01,1.148440718772738833e+01
1.964000000000000057e+01,1.025239259116770185e+01,1.084131591549147977e+01,1.161750949754001994e+01
1.964499999999999957e+01,1.034938738983162132e+01,1.095592849017567971e+01,1.175447191805624314e+01
1.964999999999999858e+01,1.044923268981248832e+01,1.107386167275233468e+01,1.189540959013842958e+01
1.965500000000000114e+01,1.055200145651477150e+01,1.119520809637985792e+01,1.204044248729420374e+01
1.966000000000000014e+01,1.065776970212501951e+01,1.132006424634400865e+01,1.218969563101759057e+01
1.966499999999999915e+01,1.076661660617900118e+01,1.144853062333426941e+01,1.234329931760618138e+01
1.967000000000000171e+01,1.087862464252467554e+01,1.158071191535953126e+01,1.250138935708373999e+01
1.967500000000000071e+01,1.099387971301101885e+01,1.171671717876903607e+01,1.266410732489932833e+01
1.967999999999999972e+01,1.111247128825129771e+01,1.185666002887016113e+01,1.283160082711087036e+01
1.968500000000000227e+01,1.123449255582850270e+01,1.200065884066190769e+01,1.300402377979906987e+01
1.968999999999999773e+01,1.136004057633645559e+01,1.214883696023759718e+01,1.318153670350587880e+01
1.969500000000000028e+01,1.148921644767292882e+01,1.230132292744217004e+01,1.336430703353526006e+01
1.970000000000000284e+01,1.162212547802139007e+01,1.245825071039837084e+01,1.355250944699525917e+01
1.970499999999999829e+01,1.175887736799296945e+01,1.261975995256241845e+01,1.374632620752177203e+01
1.971000000000000085e+01,1.189958640242082843e+01,1.278599623299932908e+01,1.394594752866596998e+01
1.971499999999999986e+01,1.204437165233018803e+01,1.295711134061050807e+01,1.415157195698380832e+01
1.971999999999999886e+01,1.219335718764173926e+01,1.313326356309196896e+01,1.436340677592662018e+01
1.972500000000000142e+01,1.234667230119451808e+01,1.331461799144137359e+01,1.458166843168437588e+01
1.973000000000000043e+01,1.250445174471170517e+01,1.350134684088121517e+01,1.480658298219652380e+01
1.973499999999999943e+01,1.266683597736812672e+01,1.369362978911360962e+01,1.503838657060674500e+01
1.974000000000000199e+01,1.283397142765740995e+01,1.389165433287326223e+01,1.527732592450143656e+01
1.974500000000000099e+01,1.300601076929570432e+01,1.409561616379758853e+01,1.552365888233604529e+01
1.975000000000000000e+01,1.318311321194491370e+01,1.430571956469161954e+01,1.577765494852287986e+01
1.975500000000000256e+01,1.336544480757690856e+01,1.452217782731643325e+01,1.603959587871286274e+01
1.975999999999999801e+01,1.355317877335371790e+01,1.474521369289670680e+01,1.630977629687817654e+01
1.976500000000000057e+01,1.374649583194548619e+01,1.497505981660246377e+01,1.658850434586622313e+01
1.976999999999999957e+01,1.394558457025320486e+01,1.521195925731569432e+01,1.687610237314904538e+01
1.977499999999999858e+01,1.415064181756984318e+01,1.545616599407276226e+01,1.717290765357225268e+01
1.978000000000000114e+01,1.436187304425602740e+01,1.570794547062398117e+01,1.747927315094502632e+01
1.978500000000000014e+01,1.457949278207050270e+01,1.596757516962525436e+01,1.779556832037185288e+01
1.978999999999999915e+01,1.480372506735835714e+01,1.623534521804681319e+01,1.812217995327397091e+01
1.979500000000000171e+01,1.503480390835424352e+01,1.651155902544115861e+01,1.845951306706952622e+01
1.980000000000000071e+01,1.527297377792815247e+01,1.679653395678512240e+01,1.880799184151151593e+01
1.980499999999999972e+01,1.551849013316305026e+01,1.709060204166920371e+01,1.916806060368083919e+01
1.981000000000000227e+01,1.577161996322047877e+01,1.739411072166745242e+01,1.954018486361667328e+01
1.981499999999999773e+01,1.603264236701735967e+01,1.770742363777424444e+01,1.992485240252468870e+01
1.982000000000000028e+01,1.630184916230477299e+01,1.803092145984265571e+01,2.032257441543358922e+01
1.982500000000000284e+01,1.657954552780207180e+01,1.836500275999169673e+01,2.073388671005624317e+01
1.982999999999999829e+01,1.686605068011197162e+01,1.871008493198441869e+01,2.115935096346962396e+01
1.983500000000000085e+01,1.716169858719966612e+01,1.906660515858408900e+01,2.159955603801467205e+01
1.983999999999999986e+01,1.746683872027271534e+01,1.943502142888215189e+01,2.205511935753949260e+01
1.984499999999999886e+01,1.778183684596878678e+01,1.981581360758196553e+01,2.252668834478935622e+01
1.985000000000000142e+01,1.810707586078657627e+01,2.020948455814225042e+01,2.301494192028273389e+01
1.985500000000000043e+01,1.844295666974113956e+01,2.061656132160324617e+01,2.352059206248361178e+01
1.985999999999999943e+01,1.878989911125545831e+01,2.103759635279139673e+01,2.404438542841779380e+01
1.986500000000000199e+01,1.914834293030017065e+01,2.147316881540455924e+01,2.458710503304704176e+01
1.987000000000000099e+01,1.951874880179054728e+01,2.192388593724425050e+01,2.514957198472869138e+01
1.987500000000000000e+01,1.990159940622534407e+01,2.239038442655800054e+01,2.573264727289801002e+01
1.988000000000000256e+01,2.029740055948155231e+01,2.287333195004554653e+01,2.633723360265285862e+01
1.988499999999999801e+01,2.070668239859126913e+01,2.337342867259377144e+01,2.696427726920444812e+01
1.989000000000000057e+01,2.113000062520171696e+01,2.389140885820341254e+01,2.761477006312048132e+01
1.989499999999999957e+01,2.156793780821281814e+01,2.442804253079213339e+01,2.828975119481838263e+01
1.989999999999999858e+01,2.202110474687253827e+01,2.498413719267750466e+01,2.899030922393112775e+01
1.990500000000000114e+01,2.249014189526494434e+01,2.556053959739904613e+01,2.971758397572677168e+01
1.991000000000000014e+01,2.297572084874956744e+01,2.615813757223230951e+01,3.047276842280700748e+01
1.991499999999999915e+01,2.347854589240164813e+01,2.677786188413887203e+01,3.125711050561735149e+01
1.992000000000000171e+01,2.399935561087508518e+01,2.742068814097839891e+01,3.207191485981739021e+01
1.992500000000000071e+01,2.453892455836603403e+01,2.808763871756255526e+01,3.291854441220829131e+01
1.992999999999999972e+01,2.509806498641990302e+01,2.877978469343234735e+01,3.379842179948382608e+01
1.993500000000000227e+01,2.567762862620488917e+01,2.949824778607160525e+01,3.471303055547916472e+01
1.993999999999999773e+01,2.627850852052556974e+01,3.024420225953430119e+01,3.566391600265564676e+01
1.994500000000000028e+01,2.690164089925412938e+01,3.101887678410697191e+01,3.665268577215105950e+01
1.995000000000000284e+01,2.754800708989178304e+01,3.182355621745120899e+01,3.768100986352923343e+01
1.995499999999999829e+01,2.821863545273339469e+01,3.265958327174839582e+01,3.875062014042460135e+01
1.996000000000000085e+01,2.891460332736042105e+01,3.352836002435649476e+01,3.986330914111811552e+01
1.996499999999999986e+01,2.963703897399676279e+01,3.443134922141601351e+01,4.102092806371121725e+01
1.996999999999999886e+01,3.038712348950930675e+01,3.537007531450348097e+01,4.222538376373626079e+01
1.997500000000000142e+01,3.116609267339675426e+01,3.634612515961597978e+01,4.347863457752252714e+01
1.998000000000000043e+01,3.197523881394286960e+01,3.736114829536975179e+01,4.478268475739627519e+01
1.998499999999999943e+01,3.281591235868175715e+01,3.841685670309423273e+01,4.613957727473483317e+01
1.999000000000000199e+01,3.368952342626946717e+01,3.951502393525262846e+01,4.755138471398020528e+01
1.999500000000000099e+01,3.459754310872799721e+01,4.065748348023342373e+01,4.902019794526652419e+01
2.000000000000000000e+01,3.554150450357791868e+01,4.184612621072301408e+01,5.054811222551349914e+01
2.000500000000000256e+01,3.652300340447370530e+01,4.308289673944955922e+01,5.213721033834405461e+01
2.000999999999999801e+01,3.754369856646765413e+01,4.436978848000239140e+01,5.378954234299585124e+01
2.001500000000000057e+01,3.860531144768661704e+01,4.570883718147814534e+01,5.550710146272143675e+01
2.001999999999999957e+01,3.970962531281423935e+01,4.710211267388410050e+01,5.729179560589112441e+01
2.002499999999999858e+01,4.085848356527141334e+01,4.855170852680832638e+01,5.914541398087720125e+01
2.003000000000000114e+01,4.205378715392692612e+01,5.005972928679135237e+01,6.106958824172312461e+01
2.003500000000000014e+01,4.329749087661903673e+01,5.162827491989222750e+01,6.306574759027820676e+01
2.003999999999999915e+01,4.459159837646551949e+01,5.325942204575552807e+01,6.513506726710483008e+01
2.004500000000000171e+01,4.593815559773661761e+01,5.495520150913676360e+01,6.727840989462161758e+01
2.005000000000000071e+01,4.733924243610466220e+01,5.671757179613899069e+01,6.949625919987097689e+01
2.005499999999999972e+01,4.879696228331891206e+01,5.854838776740536588e+01,7.178864575018241112e+01
2.006000000000000227e+01,5.031342912914379184e+01,6.044936415226322168e+01,7.415506449371670783e+01
2.006499999999999773e+01,5.189075184418349096e+01,6.242203323014165051e+01,7.659438412019707698e+01
2.007000000000000028e+01,5.353101522684207936e+01,6.446769612344864697e+01,7.910474855759994739e+01
2.007500000000000284e+01,5.523625735713657292e+01,6.658736714541544188e+01,8.168347131022505891e+01
2.007999999999999829e+01,5.700844276134306909e+01,6.878171069498755230e+01,8.432692383375498935e+01
2.008500000000000085e+01,5.884943085638902716e+01,7.105097027702328205e+01,8.703041974085881805e+01
2.008999999999999986e+01,6.076093911477315856e+01,7.339488936038772238e+01,8.978809733951614191e+01
2.009499999999999886e+01,6.274450037353870613e+01,7.581262398049619833e+01,9.259280381989981379e+01
2.010000000000000142e+01,6.480141370907891485e+01,7.830264725836569539e+01,9.543598530679702208e+01
2.010500000000000043e+01,6.693268831987096235e+01,8.086264635829252256e+01,9.830758795158639884e+01
2.010999999999999943e+01,6.913897990891773304e+01,8.348941285238538512e+01,1.011959761997174496e+02
2.011500000000000199e+01,7.142051914556815007e+01,8.617872801172694608e+01,1.040878752642709770e+02
2.012000000000000099e+01,7.377703192297407497e+01,8.892524520636416696e+01,1.069683455689796432e+02
2.012500000000000000e+01,7.620765132416482857e+01,9.172237236786513392e+01,1.098207973786159357e+02
2.013000000000000256e+01,7.871082147882383140e+01,9.456215833708102991e+01,1.126270538778779837e+02
2.013499999999999801e+01,8.128419384720325525e+01,9.743518786123233610e+01,1.153674704523645289e+02
2.014000000000000057e+01,8.392451691869936781e+01,1.003304909760032757e+02,1.180211167349459629e+02
2.014499999999999957e+01,8.662752086994262868e+01,1.032354734475265587e+02,1.205660260048178287e+02
2.014999999999999858e+01,8.938779939603799107e+01,1.061358757710936374e+02,1.229795137147991966e+02
2.015500000000000114e+01,9.219869170653656454e+01,1.090157688201848885e+02,1.252385633032943701e+02
2.016000000000000014e+01,9.505216855333848969e+01,1.118575944846003409e+02,1.273202731514012243e+02
2.016499999999999915e+01,9.793872710487853794e+01,1.146422593907228276e+02,1.292023538180212086e+02
2.017000000000000171e+01,1.008473004568676146e+02,1.173492889223458775e+02,1.308636598870805585e+02
2.017500000000000071e+01,1.037651885111982892e+02,1.199570471379685870e+02,1.322847363459662233e+02
2.017999999999999972e+01,1.066780177749813845e+02,1.224430257324013382e+02,1.334483558897306068e+02
2.018500000000000227e+01,1.095697382226015861e+02,1.247842019075333582e+02,1.343400214086709639e+02
2.018999999999999773e+01,1.124226655971128395e+02,1.269574609819286479e+02,1.349484075797455489e+02
2.019500000000000028e+01,1.152175772636400097e+02,1.289400749755929212e+02,1.352657171974838946e+02
2.020000000000000284e+01,1.179338688279524092e+02,1.307102235663045633e+02,1.352879316799495086e+02
2.020499999999999829e+01,1.205497770796956161e+02,1.322475391461775587e+02,1.350149408515036953e+02
2.021000000000000085e+01,1.230426723354267438e+02,1.335336537036567961e+02,1.344505441756128903e+02
2.021499999999999986e+01,1.253894199345917286e+02,1.345527224295830138e+02,1.336023234357148510e+02
2.021999999999999886e+01,1.275668065683160108e+02,1.352918977580382318e+02,1.324813946828198539e+02
2.022500000000000142e+01,1.295520224944021379e+02,1.357417283371873964e+02,1.311020543287489488e+02
2.023000000000000043e+01,1.313231858291678122e+02,1.358964603196251915e+02,1.294813399142702224e+02
2.023499999999999943e+01,1.328598904306687416e+02,1.357542232601162766e+02,1.276385298647553839e+02
2.024000000000000199e+01,1.341437548945266940e+02,1.353170894529677071e+02,1.255946082478426007e+02
2.024500000000000099e+01,1.351589473874934981e+02,1.345910031534883728e+02,1.233717202034283673e+02
2.025000000000000000e+01,1.358926599058235354e+02,1.335855840819868092e+02,1.209926415806888400e+02
2.025500000000000256e+01,1.363355063961490714e+02,1.323138171308379754e+02,1.184802828022624226e+02
2.025999999999999801e+01,1.364818221468295292e+02,1.307916465726478350e+02,1.158572425777467600e+02
2.026500000000000057e+01,1.363298468338718692e+02,1.290374977465851600e+02,1.131454223120663443e+02
2.026999999999999957e+01,1.358817802205645648e+02,1.270717518527825263e+02,1.103657073509215536e+02
2.027499999999999858e+01,1.351437071774758465e+02,1.249162000364270995e+02,1.075377169325295057e+02
2.028000000000000114e+01,1.341253966772102046e+02,1.225935015577478424e+02,1.046796211160368699e+02
2.028500000000000014e+01,1.328399869493345875e+02,1.201266678734927353e+02,1.018080201601384545e+02
2.028999999999999915e+01,1.313035753428262069e+02,1.175385903700546351e+02,9.893787985877260382e+01
2.029500000000000171e+01,1.295347360859717867e+02,1.148516247997736173e+02,9.608251515427321010e+01
2.030000000000000071e+01,1.275539917348611141e+02,1.120872406638129348e+02,9.325361383918152569e+01
2.030499999999999972e+01,1.253832645942059685e+02,1.092657392628127582e+02,9.046129219576518210e+01
2.031000000000000227e+01,1.230453329489197216e+02,1.064060401967015679e+02,8.771417486830799248e+01
2.031499999999999773e+01,1.205633139203173840e+02,1.035255329171225185e+02,8.501949198584345879e+01
2.032000000000000028e+01,1.179601906314997279e+02,1.006399875904466086e+02,8.238318743685478296e+01
2.032500000000000284e+01,1.152583966466020087e+02,9.776351799809557974e+01,7.981003314886976341e+01
2.032999999999999829e+01,1.124794658220890113e+02,9.490858840068830204e+01,7.730374517285855518e+01
2.033500000000000085e+01,1.096437511797555544e+02,9.208605610263758479e+01,7.486709826524521816e+01
2.033999999999999986e+01,1.067702124745866001e+02,8.930524173590524128e+01,7.250203646674124514e+01
2.034499999999999886e+01,1.038762689628557041e+02,8.657401989878310644e+01,7.020977788007239440e+01
2.035000000000000142e+01,1.009777115452682068e+02,8.389892361431930112e+01,6.799091244270879031e+01
2.035500000000000043e+01,9.808866694509130468e+01,8.128525700846314805e+01,6.584549197771787021e+01
2.035999999999999943e+01,9.522160579784717527e+01,7.873721156869282822e+01,6.377311219379228646e+01
2.036500000000000199e+01,9.238738635459512238e+01,7.625798227011436836e+01,6.177298660508782291e+01
2.037000000000000099e+01,8.959532579615698467e+01,7.384988070762885570e+01,5.984401256460733975e+01
2.037500000000000000e+01,8.685329178374362868e+01,7.151444312653501356e+01,5.798482976389333743e+01
2.038000000000000256e+01,8.416780770843777759e+01,6.925253188960192574e+01,5.619387165851091481e+01
2.038499999999999801e+01,8.154416604346695863e+01,6.706442945501957809e+01,5.446941034358771105e+01
2.039000000000000057e+01,7.898654516796696612e+01,6.494992437261298335e+01,5.280959543605979434e+01
2.039499999999999957e+01,7.649812595949684635e+01,6.290838914478126753e+01,5.121248752809338356e+01
2.039999999999999858e+01,7.408120530525152958e+01,6.093885005538277255e+01,4.967608676591132166e+01
2.040500000000000114e+01,7.173730443607591667e+01,5.904004925690099270e+01,4.819835708554824549e+01
2.041000000000000014e+01,6.946727063240174971e+01,5.721049953534344468e+01,4.677724660581056781e+01
2.041499999999999915e+01,6.727137138692762619e+01,5.544853225502266980e+01,4.541070464254178063e+01
2.042000000000000171e+01,6.514938054075668106e+01,5.375233903136351188e+01,4.409669576953172054e+01
2.042500000000000071e+01,6.310065624762035696e+01,5.212000769782498111e+01,4.283321131197691756e+01
2.042999999999999972e+01,6.112421087647658169e+01,5.054955313009102724e+01,4.161827861960748720e+01
2.043500000000000227e+01,5.921877314876424947e+01,4.903894347290859912e+01,4.044996842946915194e+01
2.043999999999999773e+01,5.738284293480314346e+01,4.758612228690376611e+01,3.932640059334672600e+01
2.044500000000000028e+01,5.561473921555628408e+01,4.618902709820567054e+01,3.824574841236599099e+01
2.045000000000000284e+01,5.391264176131043229e+01,4.484560479572003544e+01,3.720624179166259893e+01
2.045499999999999829e+01,5.227462709603247504e+01,4.355382428131633077e+01,3.620616940100541825e+01
2.046000000000000085e+01,5.069869931276175379e+01,4.231168673885225928e+01,3.524388000305322066e+01
2.046499999999999986e+01,4.918281628714330367e+01,4.111723384983910989e+01,3.431778308929511212e+01
2.046999999999999886e+01,4.772491180773447894e+01,3.996855424730511430e+01,3.342634894445443194e+01
2.047500000000000142e+01,4.632291410705047952e+01,3.886378846575210133e+01,3.256810824323208209e+01
2.048000000000000043e+01,4.497476123892401745e+01,3.780113261395941748e+01,3.174165126829664985e+01
2.048499999999999943e+01,4.367841370809517088e+01,3.677884096912027445e+01,3.094562682539864440e+01
2.049000000000000199e+01,4.243186471844020957e+01,3.579522766526218192e+01,3.017874092011416209e+01
2.049500000000000099e+01,4.123314836793536386e+01,3.484866762598273482e+01,2.943975525080781352e+01
2.050000000000000000e+01,4.008034608220897610e+01,3.393759687117955082e+01,2.872748556385316121e+01
2.050500000000000256e+01,3.897159154472914366e+01,3.306051230943838704e+01,2.804079990976390846e+01
2.050999999999999801e+01,3.790507435051047480e+01,3.221597111183275786e+01,2.737861683249566269e+01
2.051500000000000057e+01,3.687904258189556117e+01,3.140258974898056010e+01,2.673990351872087246e+01
2.051999999999999957e+01,3.589180447942273133e+01,3.061904276106913514e+01,2.612367392921719045e+01
2.052499999999999858e+01,3.494172935780500211e+01,2.986406131992008284e+01,2.552898693046435241e+01
2.053000000000000114e+01,3.402724789673723649e+01,2.913643163305098582e+01,2.495494444118869382e+01
2.053500000000000014e+01,3.314685191815033960e+01,2.843499323171263882e+01,2.440068960566899747e+01
2.053999999999999915e+01,3.229909374566912561e+01,2.775863717805804498e+01,2.386540500318380609e+01
2.054500000000000171e+01,3.148258522809245363e+01,2.710630422071254131e+01,2.334831090090916916e+01
2.055000000000000071e+01,3.069599649655710039e+01,2.647698292297542366e+01,2.284866355584205877e+01
2.055499999999999972e+01,2.993805451444856303e+01,2.586970778356152678e+01,2.236575356985913388e+01
2.056000000000000227e+01,2.920754146996967293e+01,2.528355736613612237e+01,2.189890430082363437e+01
2.056499999999999773e+01,2.850329305331262830e+01,2.471765245074631068e+01,2.144747033162531480e+01
2.057000000000000028e+01,2.782419665354998983e+01,2.417115421761194227e+01,2.101083599821389214e+01
2.057500000000000284e+01,2.716918950450156700e+01,2.364326247151627669e+01,2.058841397701681331e+01
2.057999999999999829e+01,2.653725680374665430e+01,2.313321391311322728e+01,2.017964393154784730e+01
2.058500000000000085e+01,2.592742982467895274e+01,2.264028046191582177e+01,1.978399121758894807e+01
2.058999999999999986e+01,2.533878403782453859e+01,2.216376763440426245e+01,1.940094564596963522e+01
2.059499999999999886e+01,2.477043725448503153e+01,2.170301297956472908e+01,1.903002030166556935e+01
2.060000000000000142e+01,2.422154780316142464e+01,2.125738457329128295e+01,1.867075041774947408e+01
2.060500000000000043e+01,2.369131274695373079e+01,2.082627957231629878e+01,1.832269230255087322e+01
2.060999999999999943e+01,2.317896614824060819e+01,2.040912282771736486e+01,1.798542231826021975e+01
2.061500000000000199e+01,2.268377738538175947e+01,2.000536555756894330e+01,1.765853590914646531e+01
2.062000000000000099e+01,2.220504952484455075e+01,1.961448407789438519e+01,1.734164667749636024e+01
2.062500000000000000e+01,2.174211775106622113e+01,1.923597859076730288e+01,1.703438550536556662e+01
2.063000000000000256e+01,2.129434785544940922e+01,1.886937202816377734e+01,1.673639972022764155e+01
2.063499999999999801e+01,2.086113478514095476e+01,1.851420894998245359e+01,1.644735230262067915e+01
2.064000000000000057e+01,2.044190125162949201e+01,1.817005449450964605e+01,1.616692113391749430e+01
2.064499999999999957e+01,2.003609639871058334e+01,1.783649337951779046e+01,1.589479828238775028e+01
2.064999999999999858e+01,1.964319452895426821e+01,1.751312895210877940e+01,1.563068932575590253e+01
2.065500000000000114e+01,1.926269388751969203e+01,1.719958228539876544e+01,1.537431270852627563e+01
2.066000000000000014e+01,1.889411550189601741e+01,1.689549132011105570e+01,1.512539913238934908e+01
2.066499999999999915e+01,1.853700207597493232e+01,1.660051004916001816e+01,1.488369097809078490e+01
2.067000000000000171e+01,1.819091693672257293e+01,1.631430774332947209e+01,1.464894175720676728e+01
2.067500000000000071e+01,1.785544303162324553e+01,1.603656821618228179e+01,1.442091559233208464e+01
2.067999999999999972e+01,1.753018197499833164e+01,1.576698912637492356e+01,1.419938672424714987e+01
2.068500000000000227e+01,1.721475314128097267e+01,1.550528131561009459e+01,1.398413904470108271e+01
2.068999999999999773e+01,1.690879280331046530e+01,1.525116818051029988e+01,1.377496565350756796e+01
2.069500000000000028e+01,1.661195331371045114e+01,1.500438507674981103e+01,1.357166843870739825e+01
2.070000000000000284e+01,1.632390232745285630e+01,1.476467875385603001e+01,1.337405767862315464e+01
2.070499999999999829e+01,1.604432206372758429e+01,1.453180681914201067e+01,1.318195166467963730e+01
2.071000000000000085e+01,1.577290860528776406e+01,1.430553722930128124e+01,1.299517634392533516e+01
2.071499999999999986e+01,1.550937123349569546e+01,1.408564780826438145e+01,1.281356498024964630e+01
2.071999999999999886e+01,1.525343179733540744e+01,1.387192578996784142e+01,1.263695783333310807e+01
2.072500000000000142e+01,1.500482411473475608e+01,1.366416738476367954e+01,1.246520185443207041e+01
2.073000000000000043e+01,1.476329340458709538e+01,1.346217736824671896e+01,1.229815039813781929e+01
2.073499999999999943e+01,1.452859574793199648e+01,1.326576869134137304e+01,1.213566294930186729e+01
2.074000000000000199e+01,1.430049757682190048e+01,1.307476211055109161e+01,1.197760486436642324e+01
2.074500000000000099e+01,1.407877518945754858e+01,1.288898583732222747e+01,1.182384712637660762e+01
2.075000000000000000e+01,1.386321429024393659e+01,1.270827520553326551e+01,1.167426611299574368e+01
2.075500000000000256e+01,1.365360955348067229e+01,1.253247235617155297e+01,1.152874337688417050e+01
2.075999999999999801e+01,1.344976420946194118e+01,1.236142593831032777e+01,1.138716543783933055e+01
2.076500000000000057e+01,1.325148965181502980e+01,1.219499082554074754e+01,1.124942358612634585e+01
2.076999999999999957e+01,1.305860506497779561e+01,1.203302784707193318e+01,1.111541369647189192e+01
2.077499999999999858e+01,1.287093707075368698e+01,1.187540353273972826e+01,1.098503605221372048e+01
2.078000000000000114e+01,1.268831939295318634e+01,1.172198987122104796e+01,1.085819517914049825e+01
2.078500000000000014e+01,1.251059253917183511e+01,1.157266408078112718e+01,1.073479968857857614e+01
2.078999999999999915e+01,1.233760349880942542e+01,1.142730839192300962e+01,1.061476212931306051e+01
2.079500000000000171e+01,1.216920545648143026e+01,1.128580984134332255e+01,1.049799884795645788e+01
2.080000000000000071e+01,1.200525752001986035e+01,1.114806007663358045e+01,1.038442985740382341e+01
2.080499999999999972e+01,1.184562446230189536e+01,1.101395517119638967e+01,1.027397871303542232e+01
2.081000000000000227e+01,1.169017647619124212e+01,1.088339544888176391e+01,1.016657239635478049e+01
2.081499999999999773e+01,1.153878894191060489e+01,1.075628531787268471e+01,1.006214120576703586e+01
2.082000000000000028e+01,1.139134220620344173e+01,1.063253311337915896e+01,9.960618654225289248e+00
2.082500000000000284e+01,1.124772137268376149e+01,1.051205094873068369e+01,9.861941373495278995e+00
2.082999999999999829e+01,1.110781610279634535e+01,1.039475457447373330e+01,9.766049024800658174e+00
2.083500000000000085e+01,1.097152042685081419e+01,1.028056324511202391e+01,9.672884215634816485e+00
2.083999999999999986e+01,1.083873256462230117e+01,1.016939959314982289e+01,9.582392422541438748e+00
2.084499999999999886e+01,1.070935475503377354e+01,1.006118951011386997e+01,9.494521919677227473e+00
2.085000000000000142e+01,1.058329309447110766e+01,9.955862034258094795e+00,9.409223712991362731e+00
2.085500000000000043e+01,1.046045738330370511e+01,9.853349244670946305e+00,9.326451479867397865e+00
2.085999999999999943e+01,1.034076098020652879e+01,9.753586161522608933e+00,9.246161514085533994e+00
2.086500000000000199e+01,1.022412066390756102e+01,9.656510652211380830e+00,9.168312675978905091e+00
2.087000000000000099e+01,1.011045650200264312e+01,9.562063343181897324e+00,9.092866347665836457e+00
2.087500000000000000e+01,9.999691726502842215e+00,9.470187537205772443e+00,9.019786393252138268e+00
2.088000000000000256e+01,9.891752615798667492e+00,9.380829135930492058e+00,8.949039123905993875e+00
2.088499999999999801e+01,9.786568382745294059e+00,9.293936567517549818e+00,8.880593267716678341e+00
2.089000000000000057e+01,9.684071068588185227e+00,9.209460719202985146e+00,8.814419944253410577e+00
2.089499999999999957e+01,9.584195442471479254e+00,9.127354874631722126e+00,8.750492643749405275e+00
2.089999999999999858e+01,9.486878906279223145e+00,9.047574655823174439e+00,8.688787210834311381e+00
2.090500000000000114e+01,9.392061404582863204e+00,8.970077969644156823e+00,8.629281832744812419e+00
2.091000000000000014e+01,9.299685339479243140e+00,8.894824958673998694e+00,8.571957031940078409e+00
2.091499999999999915e+01,9.209695490116434513e+00,8.821777956356974926e+00,8.516795663044634423e+00
2.092000000000000171e+01,9.122038936721011737e+00,8.750901446350376034e+00,8.463782914037341953e+00
2.092500000000000071e+01,9.036664988951645938e+00,8.682162025985173059e+00,8.412906311594074538e+00
2.092999999999999972e+01,8.953525118414427553e+00,8.615528373764568926e+00,8.364155730477490280e+00
2.093500000000000227e+01,8.872572895190065978e+00,8.550971220836750319e+00,8.317523406850568790e+00
2.093999999999999773e+01,8.793763928232522176e+00,8.488463326385213392e+00,8.273003955366011297e+00
2.094500000000000028e+01,8.717055809507769482e+00,8.427979456886006915e+00,8.230594389852711856e+00
2.095000000000000284e+01,8.642408061755901372e+00,8.369496369191139706e+00,8.190294147385618118e+00
2.095499999999999829e+01,8.569782089764258259e+00,8.312992797399083145e+00,8.152105115476405928e+00
2.096000000000000085e+01,8.499141135053092100e+00,8.258449443481218566e+00,8.116031662069241648e+00
2.096499999999999986e+01,8.430450233882606170e+00,8.205848971635079536e+00,8.082080667957349362e+00
2.096999999999999886e+01,8.363676178497422953e+00,8.155176006336500194e+00,8.050261561155309664e+00
2.097500000000000142e+01,8.298787481536745503e+00,8.106417134065994290e+00,8.020586352667269381e+00
2.098000000000000043e+01,8.235754343542890155e+00,8.059560908680635904e+00,7.993069672976012008e+00
2.098499999999999943e+01,8.174548623510222711e+00,8.014597860400899165e+00,7.967728808444096700e+00
2.099000000000000199e+01,8.115143812425333891e+00,7.971520508376628733e+00,7.944583736660589146e+00
2.099500000000000099e+01,8.057515009753970503e+00,7.930323376786241774e+00,7.923657159580700160e+00
2.100000000000000000e+01,8.001638902839124157e+00,7.891003014412382832e+00,7.904974533090179278e+00
2.100500000000000256e+01,7.947493749180883249e+00,7.853558017621379506e+00,7.888564091374321130e+00
2.100999999999999801e+01,7.895059361575303747e+00,7.817989056653431135e+00,7.874456864179594895e+00
2.101500000000000057e+01,7.844317096094200359e+00,7.784298905103813837e+00,7.862686684718175556e+00
2.101999999999999957e+01,7.795249842896119219e+00,7.752492472445361216e+00,7.853290185577569638e+00
2.102499999999999858e+01,7.747842019861267637e+00,7.722576839401257942e+00,7.846306779551276200e+00
2.103000000000000114e+01,7.702079569049950614e+00,7.694561295930822276e+00,7.841778621797089954e+00
2.103500000000000014e+01,7.657949955987684021e+00,7.668457381532916450e+00,7.839750549150509507e+00
2.103999999999999915e+01,7.615442171783504577e+00,7.644278927502289989e+00,7.840269991764611923e+00
2.104500000000000171e+01,7.574546738092323039e+00,7.622042100692654643e+00,7.843386851510418367e+00
2.105000000000000071e+01,7.535255714932971749e+00,7.601765448241533996e+00,7.849153340746546803e+00
2.105499999999999972e+01,7.497562711375396205e+00,7.583469942596675395e+00,7.857623774152110663e+00
2.106000000000000227e+01,7.461462899111479530e+00,7.567179026048041379e+00,7.868854305310155617e+00
2.106499999999999773e+01,7.426953028921407629e+00,7.552918653808688099e+00,7.882902598634077052e+00
2.107000000000000028e+01,7.394031450045195797e+00,7.540717334501093383e+00,7.899827426053388280e+00
2.107500000000000284e+01,7.362698132465824941e+00,7.530606166687909386e+00,7.919688176631764165e+00
2.107999999999999829e+01,7.332954692101004923e+00,7.522618869831340760e+00,7.942544266004636810e+00
2.108500000000000085e+01,7.304804418893471762e+00,7.516791807772601253e+00,7.968454431227734780e+00
2.108999999999999986e+01,7.278252307777045793e+00,7.513164002483247117e+00,7.997475895373554522e+00
2.109499999999999886e+01,7.253305092478154137e+00,7.511777135449598575e+00,8.029663385069701675e+00
2.110000000000000142e+01,7.229971282094544982e+00,7.512675533604485700e+00,8.065067983228480841e+00
2.110500000000000043e+01,7.208261200366369081e+00,7.515906136209521193e+00,8.103735798596131801e+00
2.110999999999999943e+01,7.188187027524508110e+00,7.521518438510884863e+00,8.145706433601482388e+00
2.111500000000000199e+01,7.169762844563472903e+00,7.529564407335693765e+00,8.191011232499370465e+00
2.112000000000000099e+01,7.153004679740482707e+00,7.540098363058545416e+00,8.239671293216483505e+00
2.112500000000000000e+01,7.137930557047909907e+00,7.553176821544949071e+00,8.291695228893374292e+00
2.113000000000000256e+01,7.124560546340657829e+00,7.568858288766242559e+00,8.347076669198854049e+00
2.113499999999999801e+01,7.112916814722335168e+00,7.587202999779825596e+00,8.405791497433790838e+00
2.114000000000000057e+01,7.103023678701641863e+00,7.608272592681988300e+00,8.467794827635804822e+00
2.114499999999999957e+01,7.094907656521766803e+00,7.632129706975838701e+00,8.533017736741857817e+00
2.114999999999999858e+01,7.088597519936744362e+00,7.658837494572155791e+00,8.601363780757662170e+00
2.115500000000000114e+01,7.084124344558912156e+00,7.688459030376474601e+00,8.672705341123688072e+00
2.116000000000000014e+01,7.081521557725282356e+00,7.721056608152079725e+00,8.746879868263398805e+00
2.116499999999999915e+01,7.080824982625803621e+00,7.756690906136055830e+00,8.823686113627470462e+00
2.117000000000000171e+01,7.082072877198208438e+00,7.795420005793485707e+00,8.902880469084305304e+00
2.117500000000000071e+01,7.085305966018244028e+00,7.837298246220407272e+00,8.984173562521794665e+00
2.117999999999999972e+01,7.090567463095467815e+00,7.882374896170858847e+00,9.067227289741275342e+00
2.118500000000000227e+01,7.097903083118548118e+00,7.930692625640745952e+00,9.151652493226665186e+00
2.118999999999999773e+01,7.107361038273893428e+00,7.982285759588368279e+00,9.237007525536824915e+00
2.119500000000000028e+01,7.118992017282660179e+00,8.037178297943180283e+00,9.322797955536604064e+00
2.120000000000000284e+01,7.132849142756339411e+00,8.095381688824920374e+00,9.408477685440383098e+00
2.120499999999999829e+01,7.148987902356678248e+00,8.156892346198549859e+00,9.493451741275997335e+00
2.121000000000000085e+01,7.167466048553982283e+00,8.221688909374886833e+00,9.577080974389481582e+00
2.121499999999999986e+01,7.188343461006853730e+00,8.289729250230905677e+00,9.658688863055905571e+00
2.121999999999999886e+01,7.211681964732655992e+00,8.360947245158007135e+00,9.737570528404125625e+00
2.122500000000000142e+01,7.237545096300343594e+00,8.435249342913520465e+00,9.813003977025820390e+00
2.123000000000000043e+01,7.265997809261633300e+00,8.512510977055752548e+00,9.884263456031559869e+00
2.123499999999999943e+01,7.297106108948129943e+00,8.592572892631148207e+00,9.950634660625910399e+00
2.124000000000000199e+01,7.330936605617630164e+00,8.675237481198347922e+00,1.001143137900173308e+01
2.124500000000000099e+01,7.367555973755034238e+00,8.760265245735540773e+00,1.006601300751123418e+01
2.125000000000000000e+01,7.407030304158299217e+00,8.847371546678619580e+00,1.011380223624752439e+01
2.125500000000000256e+01,7.449424334313851759e+00,8.936223810918644261e+00,1.015430210788044008e+01
2.125999999999999801e+01,7.494800541559533791e+00,9.026439415062101901e+00,1.018711160607187693e+01
2.126500000000000057e+01,7.543218082735117846e+00,9.117584479917342222e+00,1.021193894552446757e+01
2.126999999999999957e+01,7.594731563542643116e+00,9.209173831597608384e+00,1.022861181911750172e+01
2.127499999999999858e+01,7.649389620836094750e+00,9.300672391824871710e+00,1.023708400643503325e+01
2.128000000000000114e+01,7.707233301706538420e+00,9.391498251583206169e+00,1.023743795189427175e+01
2.128500000000000014e+01,7.768294224752624544e+00,9.481027653882312833e+00,1.022988316194468084e+01
2.128999999999999915e+01,7.832592511588320150e+00,9.568602059329901266e+00,1.021475052657313043e+01
2.129500000000000171e+01,7.900134480740518939e+00,9.653537390108210658e+00,1.019248291573264709e+01
2.130000000000000071e+01,7.970910101973840867e+00,9.735135443608786687e+00,1.016362261290173485e+01
2.130499999999999972e+01,8.044890217104317287e+00,9.812697339125165286e+00,1.012879630706781064e+01
2.131000000000000227e+01,8.122023543896712994e+00,9.885538715887554062e+00,1.008869845934130360e+01
2.131499999999999773e+01,8.202233493025762101e+00,9.953006248306591530e+00,1.004407388757502417e+01
2.132000000000000028e+01,8.285414844581101335e+00,1.001449489784957869e+01,9.995700376027908618e+00
2.132500000000000284e+01,8.371430350346409810e+00,1.006946519606898782e+01,9.944372027864988084e+00
2.132999999999999829e+01,8.460107351021195043e+00,1.011745976605623554e+01,9.890883950852856543e+00
2.133500000000000085e+01,8.551234523286423084e+00,1.015811825441243599e+01,9.836018717406997069e+00
2.133999999999999986e+01,8.644558899374354510e+00,1.019118987303451540e+01,9.780534884976503918e+00
2.134499999999999886e+01,8.739783330294924824e+00,1.021654284364647403e+01,9.725157715077145326e+00
2.135000000000000142e+01,8.836564591181634398e+00,1.023417019441969167e+01,9.670572099183480930e+00
2.135500000000000043e+01,8.934512350808224923e+00,1.024419156566009903e+01,9.617417593451987656e+00
2.135999999999999943e+01,9.033189243958513970e+00,1.024685092195322511e+01,9.566285384613463449e+00
2.136500000000000199e+01,9.132112291243254631e+00,1.024251031837447101e+01,9.517716956101049064e+00
2.137000000000000099e+01,9.230755902053680018e+00,1.023164010403828605e+01,9.472204194148719836e+00
2.137500000000000000e+01,9.328556668600180402e+00,1.021480614507932216e+01,9.430190664418670821e+00
2.138000000000000256e+01,9.424920108989740086e+00,1.019265479393266460e+01,9.392073796292480736e+00
2.138499999999999801e+01,9.519229442952420683e+00,1.016589641248390130e+01,9.358207729837397792e+00
2.139000000000000057e+01,9.610856385076093744e+00,1.013528827124572551e+01,9.328906605568004551e+00
2.139499999999999957e+01,9.699173819983004208e+00,1.010161760059708413e+01,9.304448105997400020e+00
2.139999999999999858e+01,9.783570087822251793e+00,1.006568547456315166e+01,9.285077087861786538e+00
2.140500000000000114e+01,9.863464466212848336e+00,1.002829207751890905e+01,9.271009172784967944e+00
2.141000000000000014e+01,9.938323298917929094e+00,9.990223755661265415e+00,9.262434190639551090e+00
2.141499999999999915e+01,1.000767610663115903e+01,9.952242103275770191e+00,9.259519393137393806e+00
2.142000000000000171e+01,1.007113093629338252e+01,9.915075191354455697e+00,9.262412374852660335e+00
2.142500000000000071e+01,1.012838817560931837e+01,9.879410922184243660e+00,9.271243654881979879e+00
2.142999999999999972e+01,1.017925208820346938e+01,9.845892393621079819e+00,9.286128884844293552e+00
2.143500000000000227e+01,1.022363941549708777e+01,9.815115082987800221e+00,9.307170658232532645e+00
2.143999999999999773e+01,1.026158454007013709e+01,9.787625612193275870e+00,9.334459902652540109e+00
2.144500000000000028e+01,1.029324090076786469e+01,9.763921830096721877e+00,9.368076840669399274e+00
2.145000000000000284e+01,1.031887857461312663e+01,9.744453941470307967e+00,9.408091507291182154e+00
2.145499999999999829e+01,1.033887817310294110e+01,9.729626419790710301e+00,9.454563813023282748e+00
2.146000000000000085e+01,1.035372141801737200e+01,9.719800459218802757e+00,9.507543141384189767e+00
2.146499999999999986e+01,1.036397894387800633e+01,9.715296745626847752e+00,9.567067469248563327e+00
2.146999999999999886e+01,1.037029600498103754e+01,9.716398354162830486e+00,9.633161997851058089e+00
2.147500000000000142e+01,1.037337683558356716e+01,9.723353609083005722e+00,9.705837282220128870e+00
2.148000000000000043e+01,1.037396842087406945e+01,9.736378768618603630e+00,9.785086847745549932e+00
2.148499999999999943e+01,1.037284438922619323e+01,9.755660422302598889e+00,9.870884285058886931e+00
2.149000000000000199e+01,1.037078964369557355e+01,9.781357509835745034e+00,9.963179819030122175e+00
2.149500000000000099e+01,1.036858622679192266e+01,9.813602889023620435e+00,1.006189635509971048e+01
2.150000000000000000e+01,1.036700077226475081e+01,9.852504395710077745e+00,1.016692501706064888e+01
2.150500000000000256e+01,1.036677375502969767e+01,9.898145351352692245e+00,1.027812020546834582e+01
2.150999999999999801e+01,1.036861061706593468e+01,9.950584484501106886e+00,1.039529422576846329e+01
2.151500000000000057e+01,1.037317473154311109e+01,1.000985524164183005e+01,1.051821156057270557e+01
2.151999999999999957e+01,1.038108207458768995e+01,1.007596447143851393e+01,1.064658289167223160e+01
2.152499999999999858e+01,1.039289740584632504e+01,1.014889047517671727e+01,1.078005901448387505e+01
2.153000000000000114e+01,1.040913171470843857e+01,1.022858042608680584e+01,1.091822483029855562e+01
2.153500000000000014e+01,1.043024066630040103e+01,1.031494717208724232e+01,1.106059364900511000e+01
2.153999999999999915e+01,1.045662377672911347e+01,1.040786545125338058e+01,1.120660208508521549e+01
2.154500000000000171e+01,1.048862405672960740e+01,1.050716756784179218e+01,1.135560587984091008e+01
2.155000000000000071e+01,1.052652788319167598e+01,1.061263859976197743e+01,1.150687702910543386e+01
2.155499999999999972e+01,1.057056488580245279e+01,1.072401123658428723e+01,1.165960263295621502e+01
2.156000000000000227e+01,1.062090766870835523e+01,1.084096038084183000e+01,1.181288590595044141e+01
2.156499999999999773e+01,1.067767122286101156e+01,1.096309768446694122e+01,1.196574978605107020e+01
2.157000000000000028e+01,1.074091192245387738e+01,1.108996623606488541e+01,1.211714355028840906e+01
2.157500000000000284e+01,1.081062603807141009e+01,1.122103566200766522e+01,1.226595277842713649e+01
2.157999999999999829e+01,1.088674773983528965e+01,1.135569795276675720e+01,1.241101289723327383e+01
2.158500000000000085e+01,1.096914660620122106e+01,1.149326437211391827e+01,1.255112638498677313e+01
2.158999999999999986e+01,1.105762469854591679e+01,1.163296384631116531e+01,1.268508352064047173e+01
2.159499999999999886e+01,1.115191330861306618e+01,1.177394325751270543e+01,1.281168633187975558e+01
2.160000000000000142e+01,1.125166953530656322e+01,1.191527007369466418e+01,1.292977514483004953e+01
2.160500000000000043e+01,1.135647289879339539e+01,1.205593772938224895e+01,1.303825688487846435e+01
2.160999999999999943e+01,1.146582225224986118e+01,1.219487412027585016e+01,1.313613404743233382e+01
2.161500000000000199e+01,1.157913330278989328e+01,1.233095348475362307e+01,1.322253307636133890e+01
2.162000000000000099e+01,1.169573710001361277e+01,1.246301181265520519e+01,1.329673078242802653e+01
2.162500000000000000e+01,1.181487988891689156e+01,1.258986574691245330e+01,1.335817742542732667e+01
2.163000000000000256e+01,1.193572474819403872e+01,1.271033473156139060e+01,1.340651518446351886e+01
2.163499999999999801e+01,1.205735543896640038e+01,1.282326592133003729e+01,1.344159095137631788e+01
2.164000000000000057e+01,1.217878286594205228e+01,1.292756112019649350e+01,1.346346269001426421e+01
2.164499999999999957e+01,1.229895449652869033e+01,1.302220478117993530e+01,1.347239898341734765e+01
2.164999999999999858e+01,1.241676698835340531e+01,1.310629190271478350e+01,1.346887180679222062e+01
2.165500000000000114e+01,1.253108213929515635e+01,1.317905452426168189e+01,1.345354297611618755e+01
2.166000000000000014e+01,1.264074609763538248e+01,1.323988547816819583e+01,1.342724509054874815e+01
2.166499999999999915e+01,1.274461155926482014e+01,1.328835811185993521e+01,1.339095807792066140e+01
2.167000000000000171e+01,1.284156244569847694e+01,1.332424085935901203e+01,1.334578264328292718e+01
2.167500000000000071e+01,1.293054031829977291e+01,1.334750580641250117e+01,1.329291200066264800e+01
2.167999999999999972e+01,1.301057156271246029e+01,1.335833073888939815e+01,1.323360324079690109e+01
2.168500000000000227e+01,1.308079419795257792e+01,1.335709455851585403e+01,1.316914956706280471e+01
2.168999999999999773e+01,1.314048305163907671e+01,1.334436635560359008e+01,1.310085444047868286e+01
2.169500000000000028e+01,1.318907201728042899e+01,1.332088880575675027e+01,1.303000843895820715e+01
2.170000000000000284e+01,1.322617218465660827e+01,1.328755687119380191e+01,1.295786938253694132e+01
2.170499999999999829e+01,1.325158481275225775e+01,1.324539301064255525e+01,1.288564602860282626e+01
2.171000000000000085e+01,1.326530838668530876e+01,1.319552022003676228e+01,1.281448541766594218e+01
2.171499999999999986e+01,1.326753934384699463e+01,1.313913423769804290e+01,1.274546376321203489e+01
2.171999999999999886e+01,1.325866643849560234e+01,1.307747616243179856e+01,1.267958063497956189e+01
2.172500000000000142e+01,1.323925910118884985e+01,1.301180657024221610e+01,1.261775608464679443e+01
2.173000000000000043e+01,1.321005050215596377e+01,1.294338199980174942e+01,1.256083030343940088e+01
2.173499999999999943e+01,1.317191631329792223e+01,1.287343443453571012e+01,1.250956537696437465e+01
2.174000000000000199e+01,1.312585035846688619e+01,1.280315416444838661e+01,1.246464870664453528e+01
2.174500000000000099e+01,1.307293843434259806e+01,1.273367618350961195e+01,1.242669769212307607e+01
2.175000000000000000e+01,1.301433157532797935e+01,1.266607008274803192e+01,1.239626530801522186e+01
2.175500000000000256e+01,1.295121993716235664e+01,1.260133324339401284e+01,1.237384625539065297e+01
2.175999999999999801e+01,1.288480830522248688e+01,1.254038702127656002e+01,1.235988341849276573e+01
2.176500000000000057e+01,1.281629401901178689e+01,1.248407554164239208e+01,1.235477440675439809e+01
2.176999999999999957e+01,1.274684786912710699e+01,1.243316668800646063e+01,1.235887800857180352e+01
2.177499999999999858e+01,1.267759828964756075e+01,1.238835486313026024e+01,1.237252042492106519e+01
2.178000000000000114e+01,1.260961895552051715e+01,1.235026511767681967e+01,1.239600118689016028e+01
2.178500000000000014e+01,1.254391971360294278e+01,1.231945827556037365e+01,1.242959869127831674e+01
2.178999999999999915e+01,1.248144063436734363e+01,1.229643672830556156e+01,1.247357531271951103e+01
2.179500000000000171e+01,1.242304887065156294e+01,1.228165061869005825e+01,1.252818206971754833e+01
2.180000000000000071e+01,1.236953794801890361e+01,1.227550418255877673e+01,1.259366283609142911e+01
2.180499999999999972e+01,1.232162908341378582e+01,1.227836206407816455e+01,1.267025809923353208e+01
2.181000000000000227e+01,1.227997412846517200e+01,1.229055546193695392e+01,1.275820827289769532e+01
2.181499999999999773e+01,1.224515975415482139e+01,1.231238800100772934e+01,1.285775657554411033e+01
2.182000000000000028e+01,1.221771252807719321e+01,1.234414125530387807e+01,1.296915148608803214e+01
2.182500000000000284e+01,1.219810457839092699e+01,1.238607987369685581e+01,1.309264878767464069e+01
2.182999999999999829e+01,1.218675958505478540e+01,1.243845628010985394e+01,1.322851320721819945e+01
2.183500000000000085e+01,1.218405888543104609e+01,1.250151493526238156e+01,1.337701965417894456e+01
2.183999999999999986e+01,1.219034752523809040e+01,1.257549615808996712e+01,1.353845405665791723e+01
2.184499999999999886e+01,1.220594012548827756e+01,1.266063951230896656e+01,1.371311378654482205e+01
2.185000000000000142e+01,1.223112647054215074e+01,1.275718676781319161e+01,1.390130765828239845e+01
2.185500000000000043e+01,1.226617675140746044e+01,1.286538444820879690e+01,1.410335547792653266e+01
2.185999999999999943e+01,1.231134642198099804e+01,1.298548597527488191e+01,1.431958711066203449e+01
2.186500000000000199e+01,1.236688064440971502e+01,1.311775341886201396e+01,1.455034102584303035e+01
2.187000000000000099e+01,1.243301831363451093e+01,1.326245885703469440e+01,1.479596226906709155e+01
2.187500000000000000e+01,1.250999566103875793e+01,1.341988534636532471e+01,1.505679980084179981e+01
2.188000000000000256e+01,1.259804944353227008e+01,1.359032749639099791e+01,1.533320313121182465e+01
2.188499999999999801e+01,1.269741972791284468e+01,1.377409163550233551e+01,1.562551816949715011e+01
2.189000000000000057e+01,1.280835228145006788e+01,1.397149554804195937e+01,1.593408219831151484e+01
2.189499999999999957e+01,1.293110057875541763e+01,1.418286775422890500e+01,1.625921787167251154e+01
2.189999999999999858e+01,1.306592743250979538e+01,1.440854629579050439e+01,1.660122612884949334e+01
2.190500000000000114e+01,1.321310625177818210e+01,1.464887698089930623e+01,1.696037790924286170e+01
2.191000000000000014e+01,1.337292192670092028e+01,1.490421103230842448e+01,1.733690455001626418e+01
2.191499999999999915e+01,1.354567133247304689e+01,1.517490207255067247e+01,1.773098674851197742e+01
2.192000000000000171e+01,1.373166343882862783e+01,1.546130236986974182e+01,1.814274197705456260e+01
2.192500000000000071e+01,1.393121900384586098e+01,1.576375825845023293e+01,1.857221025032641748e+01
2.192999999999999972e+01,1.414466982283639673e+01,1.608260463680986874e+01,1.901933816703391145e+01
2.193500000000000227e+01,1.437235749444788802e+01,1.641815843937929742e+01,1.948396118038527192e+01
2.193999999999999773e+01,1.461463165695116295e+01,1.677071096891988233e+01,1.996578409848855173e+01
2.194500000000000028e+01,1.487184763808286192e+01,1.714051897230928390e+01,2.046435987882668073e+01
2.195000000000000284e+01,1.514436345187276167e+01,1.752779434035613093e+01,2.097906686311210223e+01
2.195499999999999829e+01,1.543253606577920500e+01,1.793269231497292537e+01,2.150908470247515325e+01
2.196000000000000085e+01,1.573671685138983634e+01,1.835529809574912363e+01,2.205336934979759178e+01
2.196499999999999986e+01,1.605724612225183279e+01,1.879561175458211864e+01,2.261062764673033243e+01
2.196999999999999886e+01,1.639444665354158559e+01,1.925353139371886613e+01,2.317929220651079802e+01
2.197500000000000142e+01,1.674861607080114112e+01,1.972883452166804830e+01,2.375749748654240534e+01
2.198000000000000043e+01,1.712001798969696154e+01,2.022115767567172284e+01,2.434305815028309539e+01
2.198499999999999943e+01,1.750887178665760402e+01,2.072997439142546483e+01,2.493345102565248084e+01
2.199000000000000199e+01,1.791534088255114199e+01,2.125457171305716741e+01,2.552580216172505345e+01
2.199500000000000099e+01,1.833951942982898586e+01,2.179402555119634854e+01,2.611688064692509315e+01
2.200000000000000000e+01,1.878141730960007294e+01,2.234717533556187519e+01,2.670310095551489482e+01
2.200500000000000256e+01,1.924094337101487184e+01,2.291259857075582929e+01,2.728053560641589570e+01
2.200999999999999801e+01,1.971788688357502295e+01,2.348858608780998480e+01,2.784493981925534101e+01
2.201500000000000057e+01,2.021189722614569462e+01,2.407311898457910360e+01,2.839178960829731935e+01
2.201999999999999957e+01,2.072246190719732439e+01,2.466384845680975246e+01,2.891633434265526859e+01
2.202499999999999858e+01,2.124888310182985762e+01,2.525807992601819763e+01,2.941366420910841484e+01
2.203000000000000114e+01,2.179025300450110691e+01,2.585276305251322171e+01,2.987879224645704923e+01
2.203500000000000014e+01,2.234542843360088327e+01,2.644448935974993731e+01,3.030674970399339330e+01
2.203999999999999915e+01,2.291300528503516531e+01,2.702949926284039961e+01,3.069269246216151359e+01
2.204500000000000171e+01,2.349129361490937384e+01,2.760370025989127285e+01,3.103201521672983176e+01
2.205000000000000071e+01,2.407829433159301757e+01,2.816269787992144202e+01,3.132046916553447602e+01
2.205499999999999972e+01,2.467167868667714004e+01,2.870184065875742263e+01,3.155427815787789569e+01
2.206000000000000227e+01,2.526877196022462968e+01,2.921627991611654451e+01,3.173024777890801928e+01
2.206499999999999773e+01,2.586654292105492203e+01,2.970104442828788294e+01,3.184586173567781486e+01
2.207000000000000028e+01,2.646160078551027084e+01,3.015112924575953457e+01,3.189936024579781204e+01
2.207500000000000284e+01,2.705020147162624511e+01,3.056159693153418999e+01,3.188979591470152286e+01
2.207999999999999829e+01,2.762826492039651782e+01,3.092768845693424495e+01,3.181706378076796327e+01
2.208500000000000085e+01,2.819140510159475355e+01,3.124493997409693691e+01,3.168190371331558808e+01
2.208999999999999986e+01,2.873497401130796547e+01,3.150930079228723457e+01,3.148587502885527556e+01
2.209499999999999886e+01,2.925412048263769194e+01,3.171724722920318484e+01,3.123130488362406965e+01
2.210000000000000142e+01,2.974386396380925390e+01,3.186588669081800518e+01,3.092121354134800981e+01
2.210500000000000043e+01,3.019918258197247596e+01,3.195304643141697554e+01,3.055922086177025321e+01
2.210999999999999943e+01,3.061511384220358778e+01,3.197734199643806008e+01,3.014943920538012989e+01
2.211500000000000199e+01,3.098686527096514709e+01,3.193822134049084482e+01,2.969635835241962241e+01
2.212000000000000099e+01,3.130993128697398831e+01,3.183598197285778753e+01,2.920472799317233381e+01
2.212500000000000000e+01,3.158021167347637004e+01,3.167176009508889933e+01,2.867944291335489027e+01
2.213000000000000256e+01,3.179412634531650994e+01,3.144749240743469088e+01,2.812543525997744354e+01
2.213499999999999801e+01,3.194872075575943882e+01,3.116585290625330273e+01,2.754757733538987807e+01
2.214000000000000057e+01,3.204175635193811189e+01,3.083016841611986791e+01,2.695059733963473647e+01
2.214499999999999957e+01,3.207178100493396045e+01,3.044431767227015584e+01,2.633900946243386798e+01
2.214999999999999858e+01,3.203817530104873867e+01,3.001261941218264440e+01,2.571705879498221137e+01
2.215500000000000114e+01,3.194117192005541028e+01,2.953971512483867556e+01,2.508868074279015659e+01
2.216000000000000014e+01,3.178184692943657552e+01,2.903045187002129879e+01,2.445747400354514411e+01
2.216499999999999915e+01,3.156208353974339076e+01,2.848976998827735585e+01,2.382668573597308281e+01
2.217000000000000171e+01,3.128451052839298896e+01,2.792259967322481629e+01,2.319920727731104293e+01
2.217500000000000071e+01,3.095241898827771010e+01,2.733376938148807866e+01,2.257757864675136616e+01
2.217999999999999972e+01,3.056966216404737580e+01,2.672792801777151084e+01,2.196400007228195506e+01
2.218500000000000227e+01,3.014054381952121275e+01,2.610948184392217541e+01,2.136034886878066530e+01
2.218999999999999773e+01,2.966970080522916930e+01,2.548254618914122460e+01,2.076820014742929743e+01
2.219500000000000028e+01,2.916198528940183010e+01,2.485091132638480005e+01,2.018885002528466188e+01
2.220000000000000284e+01,2.862235154657389558e+01,2.421802134622467051e+01,1.962334020859283967e+01
2.220499999999999829e+01,2.805575136231464484e+01,2.358696450262571886e+01,1.907248302825294317e+01
2.221000000000000085e+01,2.746704112042198176e+01,2.296047330941955522e+01,1.853688619968238882e+01
2.221499999999999986e+01,2.686090259731277996e+01,2.234093260643103207e+01,1.801697675492574646e+01
2.221999999999999886e+01,2.624177848965307902e+01,2.173039386083448221e+01,1.751302374828823716e+01
2.222500000000000142e+01,2.561382281560253915e+01,2.113059409277283862e+01,1.702515946675889680e+01
2.223000000000000043e+01,2.498086560201813100e+01,2.054297798714732082e+01,1.655339898329167880e+01
2.223499999999999943e+01,2.434639072017309758e+01,1.996872195266902850e+01,1.609765797628163853e+01
2.224000000000000199e+01,2.371352536112764398e+01,1.940875909636053365e+01,1.565776880458652265e+01
2.224500000000000099e+01,2.308503943369980149e+01,1.886380428305189128e+01,1.523349487674867397e+01
2.225000000000000000e+01,2.246335309833348148e+01,1.833437863583042571e+01,1.482454338834957674e+01
2.225500000000000256e+01,2.185055068974519799e+01,1.782083299936017795e+01,1.443057652523376611e+01
2.225999999999999801e+01,2.124839940006157235e+01,1.732337003078473359e+01,1.405122124492700841e+01
2.226500000000000057e+01,2.065837126467553730e+01,1.684206470216343376e+01,1.368607775602720800e+01
2.226999999999999957e+01,2.008166719159574143e+01,1.637688309506562589e+01,1.333472681737768895e+01
2.227499999999999858e+01,1.951924198276140032e+01,1.592769944400061988e+01,1.299673597686760118e+01
2.228000000000000114e+01,1.897182949871614710e+01,1.549431144333522958e+01,1.267166486496949673e+01
2.228500000000000014e+01,1.843996730648080984e+01,1.507645387480363652e+01,1.235906965148192072e+01
2.228999999999999915e+01,1.792402031871510459e+01,1.467381064235746635e+01,1.205850676618983108e+01
2.229500000000000171e+01,1.742420307742248653e+01,1.428602532033978001e+01,1.176953597581141331e+01
2.230000000000000071e+01,1.694060045689922589e+01,1.391271033197071993e+01,1.149172290106770689e+01
2.230499999999999972e+01,1.647318665934530912e+01,1.355345487984368269e+01,1.122464104932082307e+01
2.231000000000000227e+01,1.602184245441570809e+01,1.320783175011542987e+01,1.096787343015732219e+01
2.231499999999999773e+01,1.558637067346131921e+01,1.287540310865768944e+01,1.072101381368841544e+01
2.232000000000000028e+01,1.516651001293693568e+01,1.255572540167420925e+01,1.048366768427022322e+01
2.232500000000000284e+01,1.476194723212553939e+01,1.224835346604445796e+01,1.025545293588152695e+01
2.232999999999999829e+01,1.437232785033478599e+01,1.195284394651878301e+01,1.003600034949784003e+01
2.233500000000000085e+01,1.399726546035933517e+01,1.166875810840331518e+01,9.824953887502113403e+00
2.233999999999999986e+01,1.363634978016278509e+01,1.139566412586620636e+01,9.621970835429353386e+00
2.234499999999999886e+01,1.328915356501711464e+01,1.113313891770010144e+01,9.426721817105658374e+00
2.235000000000000142e+01,1.295523849916270009e+01,1.088076959451787573e+01,9.238890705514394952e+00
2.235500000000000043e+01,1.263416018040885724e+01,1.063815457397490327e+01,9.058174448409721080e+00
2.235999999999999943e+01,1.232547230391424620e+01,1.040490441381948195e+01,8.884282824800090239e+00
2.236500000000000199e+01,1.202873014329463253e+01,1.018064240637185591e+01,8.716938145882522804e+00
2.237000000000000099e+01,1.174349341869082686e+01,9.965004972412534912e+00,8.555874911776218283e+00
2.237500000000000000e+01,1.146932863288879467e+01,9.757641887428489369e+00,8.400839433463767492e+00
2.238000000000000256e+01,1.120581094825940127e+01,9.558216368676323071e+00,8.251589427656023545e+00
2.238499999999999801e+01,1.095252566934108884e+01,9.366405047529658745e+00,8.107893590816198426e+00
2.239000000000000057e+01,1.070906938846364653e+01,9.181897848062209988e+00,7.969531157299210911e+00
2.239499999999999957e+01,1.047505084495995753e+01,9.004397789728956880e+00,7.836291445455855431e+00
2.239999999999999858e+01,1.025009154223074503e+01,8.833620729280413642e+00,7.707973394581898674e+00
2.240500000000000114e+01,1.003382616128028282e+01,8.669295054686493529e+00,7.584385094781139536e+00
2.241000000000000014e+01,9.825902804242025113e+00,8.511161341765355104e+00,7.465343311107943691e+00
2.241499999999999915e+01,9.625983096883130585e+00,8.358971982411780743e+00,7.350673002780896859e+00
2.242000000000000171e+01,9.433742175054343093e+00,8.212490791746228425e+00,7.240206837797131811e+00
2.242500000000000071e+01,9.248868576503809891e+00,8.071492600136787487e+00,7.133784702933708921e+00
2.242999999999999972e+01,9.071064056356417993e+00,7.935762834852702063e+00,7.031253208901868668e+00
2.243500000000000227e+01,8.900043341831770149e+00,7.805097095066594548e+00,6.932465190333613414e+00
2.243999999999999773e+01,8.735533839394326705e+00,7.679300723012090657e+00,6.837279200341957797e+00
2.244500000000000028e+01,8.577275305454065801e+00,7.558188373301451435e+00,6.745558999622052632e+00
2.245000000000000284e+01,8.425019489945992035e+00,7.441583581710865758e+00,6.657173040480944159e+00
2.245499999999999829e+01,8.278529760546513572e+00,7.329318334111518674e+00,6.571993946803136311e+00
2.246000000000000085e+01,8.137580713944416289e+00,7.221232635682548917e+00,6.489897991823116108e+00
2.246499999999999986e+01,8.001957779416551730e+00,7.117174080056536845e+00,6.410764576685211047e+00
2.246999999999999886e+01,7.871456818940218980e+00,7.016997417615666421e+00,6.334475714136564406e+00
2.247500000000000142e+01,7.745883727209197822e+00,6.920564121793693957e+00,6.260915523331208377e+00
2.248000000000000043e+01,7.625054034155247074e+00,6.827741951921509234e+00,6.189969743578630279e+00
2.248499999999999943e+01,7.508792511913687129e+00,6.738404510901480293e+00,6.121525276906476520e+00
2.249000000000000199e+01,7.396932787595453362e+00,6.652430795817171116e+00,6.055469771435543436e+00
2.249500000000000099e+01,7.289316962713503933e+00,6.569704739484412137e+00,5.991691259645571144e+00
2.250000000000000000e+01,7.185795239653137045e+00,6.490114740950266636e+00,5.930077867463887209e+00
2.250500000000000256e+01,7.086225555168416790e+00,6.413553183074657049e+00,5.870517611506964606e+00
2.250999999999999801e+01,6.990473220506667751e+00,6.339915935602924435e+00,5.812898302462166100e+00
2.251500000000000057e+01,6.898410567415198535e+00,6.269101842599147822e+00,5.757107572216535019e+00
2.251999999999999957e+01,6.809916598956070821e+00,6.201012193792198701e+00,5.703033040609412296e+00
2.252499999999999858e+01,6.724876643735963277e+00,6.135550180326412750e+00,5.650562634332468193e+00
2.253000000000000114e+01,6.643182011857520664e+00,6.072620336655568885e+00,5.599585065345445756e+00
2.253500000000000014e+01,6.564729650594502530e+00,6.012127971895425027e+00,5.549990469163907925e+00
2.253999999999999915e+01,6.489421797501218947e+00,5.953978595896232129e+00,5.501671194670460174e+00
2.254500000000000171e+01,6.417165628377355269e+00,5.898077347615530819e+00,5.454522727092195211e+00
2.255000000000000071e+01,6.347872897228231004e+00,5.844328436050691522e+00,5.408444715132302960e+00
2.255499999999999972e+01,6.281459565091459751e+00,5.792634606977443035e+00,5.363342062838074575e+00
2.256000000000000227e+01,6.217845414358278866e+00,5.742896651939767061e+00,5.319126037707246013e+00
2.256499999999999773e+01,6.156953645006725040e+00,5.695012979181628410e+00,5.275715339909057278e+00
2.257000000000000028e+01,6.098710449005863232e+00,5.648879269275136394e+00,5.233037074371826414e+00
2.257500000000000284e+01,6.043044559073874389e+00,5.604388240779440977e+00,5.191027568651366941e+00
2.257999999999999829e+01,5.989886767996778438e+00,5.561429552972523283e+00,5.149632985303217225e+00
2.258500000000000085e+01,5.939169414888538334e+00,5.519889873103392297e+00,5.108809687782381204e+00
2.258999999999999986e+01,5.890825835137444955e+00,5.479653134243468671e+00,5.068524332962402568e+00
2.259499999999999886e+01,5.844789771389294231e+00,5.440601006220189717e+00,5.028753679976168733e+00
2.260000000000000142e+01,5.800994743837653012e+00,5.402613595935347846e+00,4.989484122668107702e+00
2.260500000000000043e+01,5.759373379381466762e+00,5.365570384393546277e+00,4.950710969792067928e+00
2.260999999999999943e+01,5.719856700954894180e+00,5.329351396049955447e+00,4.912437511594069939e+00
2.261500000000000199e+01,5.682373380600637347e+00,5.293838582006164195e+00,4.874673922301697715e+00
2.262000000000000099e+01,5.646848962711480624e+00,5.258917382898412818e+00,4.837436054506820682e+00
2.262500000000000000e+01,5.613205067357340816e+00,5.224478421188150534e+00,4.800744183242226626e+00
2.263000000000000256e+01,5.581358587762502488e+00,5.190419257460380464e+00,4.764621755011572368e+00
2.263499999999999801e+01,5.551220900773006228e+00,5.156646132946582028e+00,4.729094190869568948e+00
2.264000000000000057e+01,5.522697114462968848e+00,5.123075612502137055e+00,4.694187783879617548e+00
2.264499999999999957e+01,5.495685382694280641e+00,5.089636040132363703e+00,4.659928721031623589e+00
2.264999999999999858e+01,5.470076322170878136e+00,5.056268723813808208e+00,4.626342249059235634e+00
2.265500000000000114e+01,5.445752572912308409e+00,5.022928778044167153e+00,4.593451993487256857e+00
2.266000000000000014e+01,5.422588547554860305e+00,4.989585570666014824e+00,4.561279431344240187e+00
2.266499999999999915e+01,5.400450417800868763e+00,4.956222743627900051e+00,4.529843510729083533e+00
2.267000000000000171e+01,5.379196386895286786e+00,4.922837803364606302e+00,4.499160405005094177e+00
2.267500000000000071e+01,5.358677294386176904e+00,4.889441302891309959e+00,4.469243385793442158e+00
2.267999999999999972e+01,5.338737592831023449e+00,4.856055661950377633e+00,4.440102796981293842e+00
2.268500000000000227e+01,5.319216724909499483e+00,4.822713691371660616e+00,4.411746111390219660e+00
2.268999999999999773e+01,5.299950913256301632e+00,4.789456901553690749e+00,4.384178052261375136e+00
2.269500000000000028e+01,5.280775354351489703e+00,4.756333681795237744e+00,4.357400763004868338e+00
2.270000000000000284e+01,5.261526782703280780e+00,4.723397437094850382e+00,4.331414010451450913e+00
2.270499999999999829e+01,5.242046343710484280e+00,4.690704762735869338e+00,4.306215408895796237e+00
2.271000000000000085e+01,5.222182685071183883e+00,4.658313725809763994e+00,4.281800654350727875e+00
2.271499999999999986e+01,5.201795150056175210e+00,4.626282308432012158e+00,4.258163760497787997e+00
2.271999999999999886e+01,5.180756934378424994e+00,4.594667051475157749e+00,4.235297289728647385e+00
2.272500000000000142e+01,5.158958054740632626e+00,4.563521921744114529e+00,4.213192574372112809e+00
2.273000000000000043e+01,5.136307973946323102e+00,4.532897410896511659e+00,4.191839924661405092e+00
2.273499999999999943e+01,5.112737736334044492e+00,4.502839861948534583e+00,4.171228821214878479e+00
2.274000000000000199e+01,5.088201488581413301e+00,4.473391009393330009e+00,4.151348090791679546e+00
2.274500000000000099e+01,5.062677293485081442e+00,4.444587711933542629e+00,4.132186064859835639e+00
2.275000000000000000e+01,5.036167185564502269e+00,4.416461852462675530e+00,4.113730721106113819e+00
2.275500000000000256e+01,5.008696463490092121e+00,4.389040377897472034e+00,4.095969808450277583e+00
2.275999999999999801e+01,4.980312260945983560e+00,4.362345451338075719e+00,4.078890956428796066e+00
2.276500000000000057e+01,4.951081480085845143e+00,4.336394690348361003e+00,4.062481770008881554e+00
2.276999999999999957e+01,4.921088206284075284e+00,4.311201467460200831e+00,4.046729911007026281e+00
2.277499999999999858e+01,4.890430746570173959e+00,4.286775251910580842e+00,4.031623167333125757e+00
2.278000000000000114e+01,4.859218445538084019e+00,4.263121974799775948e+00,4.017149511282580576e+00
2.278500000000000014e+01,4.827568431697918605e+00,4.240244403053122113e+00,4.003297148063479582e+00
2.278999999999999915e+01,4.795602435578407707e+00,4.218142510604511841e+00,3.990054555687929216e+00
2.279500000000000171e+01,4.763443800761031355e+00,4.196813837978051076e+00,3.977410517283140656e+00
2.280000000000000071e+01,4.731214783342134744e+00,4.176253833861371056e+00,3.965354146795571300e+00
2.280499999999999972e+01,4.699034207083387038e+00,4.156456174315350083e+00,3.953874908975187452e+00
2.281000000000000227e+01,4.667015513454066955e+00,4.137413056956437352e+00,3.942962634441119274e+00
2.281499999999999773e+01,4.635265220074219705e+00,4.119115468800329083e+00,3.932607530546026631e+00
2.282000000000000028e+01,4.603881779253033102e+00,4.101553427505414184e+00,3.922800188676672128e+00
2.282500000000000284e+01,4.572954811214800408e+00,4.084716196542689026e+00,3.913531588554327367e+00
2.282999999999999829e+01,4.542564674431408100e+00,4.068592475383262297e+00,3.904793100029441355e+00
2.283500000000000085e+01,4.512782327987342690e+00,4.053170566179571388e+00,3.896576482803006058e+00
2.283999999999999986e+01,4.483669437501045074e+00,4.038438518654231757e+00,3.888873884450413598e+00
2.284499999999999886e+01,4.455278676054319043e+00,4.024384255034808788e+00,3.881677837072907256e+00
2.285000000000000142e+01,4.427654174018514688e+00,4.010995676911991659e+00,3.874981252857122360e+00
2.285500000000000043e+01,4.400832075818514433e+00,3.998260755872558025e+00,3.868777418783040822e+00
2.285999999999999943e+01,4.374841166852837304e+00,3.986167609688964220e+00,3.863059990685887346e+00
2.286500000000000199e+01,4.349703539415981091e+00,3.974704565747196217e+00,3.857822986846854985e+00
2.287000000000000099e+01,4.325435272109310780e+00,3.963860213275427480e+00,3.853060781260685630e+00
2.287500000000000000e+01,4.302047102570888626e+00,3.953623445807866510e+00,3.848768096704966002e+00
2.288000000000000256e+01,4.279545078200386321e+00,3.943983495186540011e+00,3.844939997716010804e+00
2.288499999999999801e+01,4.257931173794514024e+00,3.934929958273804207e+00,3.841571883558735578e+00
2.289000000000000057e+01,4.237203868599968892e+00,3.926452817423078834e+00,3.838659481263055007e+00
2.289499999999999957e+01,4.217358678247549619e+00,3.918542455637834099e+00,3.836198838786733400e+00
2.289999999999999858e+01,4.198388639390816301e+00,3.911189667238744949e+00,3.834186318353534961e+00
2.290500000000000114e+01,4.180284746702691123e+00,3.904385664758796004e+00,3.832618590006415804e+00
2.291000000000000014e+01,4.163036343251112825e+00,3.898122082694666535e+00,3.831492625407606045e+00
2.291499999999999915e+01,4.146631466255379372e+00,3.892390978660673184e+00,3.830805691910806221e+00
2.292000000000000171e+01,4.131057150887112783e+00,3.887184832418069114e+00,3.830555346925205829e+00
2.292500000000000071e+01,4.116299695188083696e+00,3.882496543187362814e+00,3.830739432586349302e+00
2.292999999999999972e+01,4.102344889386764670e+00,3.878319425593706793e+00,3.831356070745048914e+00
2.293500000000000227e+01,4.089178212955808966e+00,3.874647204544906742e+00,3.832403658282331538e+00
2.293999999999999773e+01,4.076785002701410754e+00,3.871474009297257268e+00,3.833880862755820740e+00
2.294500000000000028e+01,4.065150595047284376e+00,3.868794366925868644e+00,3.835786618380847557e+00
2.295000000000000284e+01,4.054260445495909693e+00,3.866603195382786851e+00,3.838120122347829177e+00
2.295499999999999829e+01,4.044100228036629829e+00,3.864895796297040498e+00,3.840880831476223278e+00
2.296000000000000085e+01,4.034655917042221596e+00,3.863667847645962272e+00,3.844068459204274202e+00
2.296499999999999986e+01,4.025913853961885280e+00,3.862915396405603996e+00,3.847682972912918498e+00
2.296999999999999886e+01,4.017860800887614658e+00,3.862634851269635128e+00,3.851724591581898949e+00
2.297500000000000142e+01,4.010483982850340468e+00,3.862822975510455947e+00,3.856193783775495376e+00
2.298000000000000043e+01,4.003771120493101243e+00,3.863476880042914008e+00,3.861091265955237439e+00
2.298499999999999943e+01,3.997710454574816108e+00,3.864594016739596682e+00,3.866418001116883829e+00
2.299000000000000199e+01,3.992290763580983892e+00,3.866172172037149135e+00,3.872175197748923825e+00
2.299500000000000099e+01,3.987501375556075534e+00,3.868209460865009941e+00,3.878364309109980201e+00
2.300000000000000000e+01,3.983332175127569652e+00,3.870704320921115826e+00,3.884987032822798447e+00
2.300500000000000256e+01,3.979773606561831212e+00,3.873655507313635393e+00,3.892045310782683565e+00
2.300999999999999801e+01,3.976816673577048711e+00,3.877062087582954231e+00,3.899541329378549470e+00
2.301500000000000057e+01,3.974452936536636560e+00,3.880923437114487839e+00,3.907477520025337991e+00
2.301999999999999957e+01,3.972674507557416579e+00,3.885239234949521947e+00,3.915856560006547138e+00
2.302499999999999858e+01,3.971474043988434843e+00,3.890009459999078878e+00,3.924681373626648373e+00
2.303000000000000114e+01,3.970844740648333815e+00,3.895234387663458975e+00,3.933955133673063376e+00
2.303500000000000014e+01,3.970780321149981251e+00,3.900914586858753808e+00,3.943681263188252739e+00
2.303999999999999915e+01,3.971275028589706491e+00,3.907050917450411553e+00,3.953863437552901150e+00
2.304500000000000171e+01,3.972323615834473909e+00,3.913644528092953934e+00,3.964505586881656996e+00
2.305000000000000071e+01,3.973921335602129901e+00,3.920696854474364113e+00,3.975611898733414140e+00
2.305499999999999972e+01,3.976063930497395926e+00,3.928209617963416278e+00,3.987186821138997583e+00
2.306000000000000227e+01,3.978747623138339407e+00,3.936184824657819714e+00,3.999235065949284795e+00
2.306499999999999773e+01,3.981969106484237297e+00,3.944624764831079045e+00,4.011761612507587671e+00
2.307000000000000028e+01,3.985725534455757391e+00,3.953532012776294735e+00,4.024771711651055739e+00
2.307500000000000284e+01,3.990014512921022494e+00,3.962909427044892130e+00,4.038270890045750683e+00
2.307999999999999829e+01,3.994834091107001939e+00,3.972760151079127944e+00,4.052264954861592550e+00
2.308500000000000085e+01,4.000182753483360720e+00,3.983087614237222684e+00,4.066759998793365583e+00
2.308999999999999986e+01,4.006059412155810406e+00,3.993895533210493287e+00,4.081762405434836261e+00
2.309499999999999886e+01,4.012463399797785435e+00,4.005187913832767066e+00,4.097278855014183208e+00
2.310000000000000142e+01,4.019394463141987117e+00,4.016969053282288371e+00,4.113316330498813400e+00
2.310500000000000043e+01,4.026852757047942433e+00,4.029243542677566126e+00,4.129882124079241379e+00
2.310999999999999943e+01,4.034838839156996038e+00,4.042016270069041184e+00,4.146983844042054557e+00
2.311500000000000199e+01,4.043353665142284115e+00,4.055292423828918302e+00,4.164629422042649409e+00
2.312000000000000099e+01,4.052398584558582151e+00,4.069077496442716324e+00,4.182827120789696984e+00
2.312500000000000000e+01,4.061975337294467359e+00,4.083377288706510733e+00,4.201585542153827291e+00
2.313000000000000256e+01,4.072086050627524045e+00,4.098197914334707370e+00,4.220913635714006240e+00
2.313499999999999801e+01,4.082733236882088335e+00,4.113545804983938403e+00,4.240820707755789343e+00
2.314000000000000057e+01,4.093919791688420240e+00,4.129427715699892865e+00,4.261316430737302596e+00
2.314499999999999957e+01,4.105648992841236300e+00,4.145850730794022887e+00,4.282410853238661552e+00
2.314999999999999858e+01,4.117924499755879708e+00,4.162822270158764049e+00,4.304114410412731573e+00
2.315500000000000114e+01,4.130750353520049600e+00,4.180350096030283957e+00,4.326437934955437825e+00
2.316000000000000014e+01,4.144130977539420613e+00,4.198442320208839007e+00,4.349392668615235102e+00
2.316499999999999915e+01,4.158071178776075350e+00,4.217107411748107992e+00,4.372990274262829935e+00
2.317000000000000171e+01,4.172576149578819837e+00,4.236354205125222094e+00,4.397242848542671112e+00
2.317500000000000071e+01,4.187651470105659079e+00,4.256191908904950694e+00,4.422162935130030448e+00
2.317999999999999972e+01,4.203303111339351084e+00,4.276630114912300051e+00,4.447763538618314527e+00
2.318500000000000227e+01,4.219537438697560816e+00,4.297678807928531519e+00,4.474058139062376149e+00
2.318999999999999773e+01,4.236361216240664973e+00,4.319348375927400951e+00,4.501060707205912337e+00
2.319500000000000028e+01,4.253781611481148417e+00,4.341649620869446835e+00,4.528785720422218830e+00
2.320000000000000284e+01,4.271806200799111330e+00,4.364593770072626278e+00,4.557248179398504462e+00
2.320499999999999829e+01,4.290442975470705633e+00,4.388192488180340689e+00,4.586463625597349214e+00
2.321000000000000085e+01,4.309700348316642504e+00,4.412457889748086615e+00,4.616448159529404904e+00
2.321499999999999986e+01,4.329587160979240679e+00,4.437402552471352735e+00,4.647218459873224461e+00
2.321999999999999886e+01,4.350112691838749157e+00,4.463039531080116085e+00,4.678791803481833433e+00
2.322500000000000142e+01,4.371286664579849379e+00,4.489382371925137782e+00,4.711186086315725774e+00
2.323000000000000043e+01,4.393119257421539636e+00,4.516445128284162003e+00,4.744419845345642983e+00
2.323499999999999943e+01,4.415621113024811528e+00,4.544242376417169993e+00,4.778512281470407963e+00
2.324000000000000199e+01,4.438803349094010642e+00,4.572789232401864190e+00,4.813483283497673071e+00
2.324500000000000099e+01,4.462677569689451396e+00,4.602101369782173101e+00,4.849353453238002487e+00
2.325000000000000000e+01,4.487255877270722948e+00,4.632195038065107795e+00,4.886144131766108067e+00
2.325500000000000256e+01,4.512550885491183550e+00,4.663087082102322256e+00,4.923877426904920362e+00
2.325999999999999801e+01,4.538575732766719995e+00,4.694794962395943294e+00,4.962576241992605830e+00
2.326500000000000057e+01,4.565344096643419114e+00,4.727336776370317573e+00,5.002264305995605120e+00
2.326999999999999957e+01,4.592870208989925374e+00,4.760731280652438002e+00,5.042966205033022398e+00
2.327499999999999858e+01,4.621168872043895703e+00,4.794997914408794415e+00,5.084707415384129625e+00
2.328000000000000114e+01,4.650255475342434330e+00,4.830156823786612819e+00,5.127514338051993192e+00
2.328500000000000014e+01,4.680146013569193464e+00,4.866228887511468315e+00,5.171414334961754733e+00
2.328999999999999915e+01,4.710857105353620788e+00,4.903235743696581217e+00,5.216435766877021152e+00
2.329500000000000171e+01,4.742406013059163428e+00,4.941199817921174464e+00,5.262608033121210838e+00
2.330000000000000071e+01,4.774810663600216998e+00,4.980144352639030103e+00,5.309961613196336749e+00
2.330499999999999972e+01,4.808089670330701892e+00,5.020093437982716011e+00,5.358528110397782207e+00
2.331000000000000227e+01,4.842262356048751215e+00,5.061072044031037720e+00,5.408340297527524321e+00
2.331499999999999773e+01,4.877348777165804172e+00,5.103106054612594811e+00,5.459432164815708255e+00
2.332000000000000028e+01,4.913369749091046401e+00,5.146222302721872310e+00,5.511838970166109242e+00
2.332500000000000284e+01,4.950346872884857419e+00,5.190448607628300515e+00,5.565597291847232064e+00
2.332999999999999829e+01,4.988302563239408904e+00,5.235813813764545799e+00,5.620745083759279836e+00
2.333500000000000085e+01,5.027260077846655406e+00,5.282347831483850342e+00,5.677321733413069893e+00
2.333999999999999986e+01,5.067243548218248961e+00,5.330081679781888404e+00,5.735368122765376775e+00
2.334499999999999886e+01,5.108278012026606696e+00,5.379047531085176637e+00,5.794926692065102358e+00
2.335000000000000142e+01,5.150389447038541846e+00,5.429278758211760980e+00,5.856041506870536928e+00
2.335500000000000043e+01,5.193604806719044120e+00,5.480809983618095238e+00,5.918758328410357983e+00
2.335999999999999943e+01,5.237952057586542587e+00,5.533677131051676135e+00,5.983124687469549841e+00
2.336500000000000199e+01,5.283460218405589437e+00,5.587917479735817317e+00,6.049189961991934261e+00
2.337000000000000099e+01,5.330159401308149469e+00,5.643569721220156765e+00,6.117005458602284840e+00
2.337500000000000000e+01,5.378080854940876065e+00,5.700674019039588813e+00,6.186624498264043481e+00
2.338000000000000256e+01,5.427257009740076299e+00,5.759272071330634901e+00,6.258102506299332290e+00
2.338499999999999801e+01,5.477721525442623474e+00,5.819407176563880846e+00,6.331497107011884395e+00
2.339000000000000057e+01,5.529509340948662199e+00,5.881124302561537398e+00,6.406868223169429832e+00
2.339499999999999957e+01,5.582656726656090029e+00,5.944470158976163709e+00,6.484278180613080700e+00
2.339999999999999858e+01,5.637201339396781918e+00,6.009493273420035919e+00,6.563791818281085710e+00
2.340500000000000114e+01,5.693182280110007376e+00,6.076244071443520411e+00,6.645476603948085703e+00
2.341000000000000014e+01,5.750640154397316017e+00,6.144774960573111677e+00,6.729402755999401187e+00
2.341499999999999915e+01,5.809617136112231073e+00,6.215140418632977060e+00,6.815643371579453991e+00
2.342000000000000171e+01,5.870157034145211838e+00,6.287397086584657124e+00,6.904274561470203686e+00
2.342500000000000071e+01,5.932305362575997165e+00,6.361603866135912000e+00,6.995375592078978855e+00
2.342999999999999972e+01,5.996109414374616087e+00,6.437822022383159037e+00,7.089029034935462548e+00
2.343500000000000227e+01,6.061618338841840092e+00,6.516115291766170436e+00,7.185320924118697050e+00
2.343999999999999773e+01,6.128883222993224855e+00,6.596549995632210894e+00,7.284340922061530499e+00
2.344500000000000028e+01,6.197957177102100701e+00,6.679195159723327890e+00,7.386182494204227567e+00
2.345000000000000284e+01,6.268895424627277002e+00,6.764122639915939317e+00,7.490943092991371621e+00
2.345499999999999829e+01,6.341755396768925301e+00,6.851407254566097116e+00,7.598724351740195004e+00
2.346000000000000085e+01,6.416596831906767662e+00,6.941126923829965989e+00,7.709632288931557831e+00
2.346499999999999986e+01,6.493481880189366784e+00,7.033362816349728597e+00,7.823777523503900433e+00
2.346999999999999886e+01,6.572475213563157226e+00,7.128199503722395747e+00,7.941275501767111500e+00
2.347500000000000142e+01,6.653644141541290580e+00,7.225725123186193422e+00,8.062246736577160178e+00
2.348000000000000043e+01,6.737058733033669533e+00,7.326031548987954167e+00,8.186817059450168799e+00
2.348499999999999943e+01,6.822791944576515277e+00,7.429214572918916737e+00,8.315117886325515073e+00
2.349000000000000199e+01,6.910919755319764768e+00,7.535374094533402456e+00,8.447286497722075183e+00
2.349500000000000099e+01,7.001521309150666283e+00,7.644614321592457351e+00,8.583466334065146697e+00
2.350000000000000000e+01,7.094679064355226217e+00,7.757043981305192126e+00,8.723807306998260458e+00
2.350500000000000256e+01,7.190478951238791439e+00,7.872776542967224067e+00,8.868466127523745968e+00
2.350999999999999801e+01,7.289010538154239605e+00,7.991930452630535697e+00,9.017606651854107369e+00
2.351500000000000057e+01,7.390367206410335399e+00,8.114629380470109510e+00,9.171400245887433300e+00
2.351999999999999957e+01,7.494646334555422840e+00,8.241002481541261915e+00,9.330026169245186907e+00
2.352499999999999858e+01,7.601949492566041577e+00,8.371184670663419425e+00,9.493671979849194642e+00
2.353000000000000114e+01,7.712382646491251492e+00,8.505316912191810630e+00,9.662533960028939717e+00
2.353500000000000014e+01,7.826056374136543425e+00,8.643546525476066833e+00,9.836817565174730049e+00
2.353999999999999915e+01,7.943086092402748655e+00,8.786027506840756729e+00,1.001673789596891240e+01
2.354500000000000171e+01,8.063592296923836500e+00,8.932920868951645943e+00,1.020252019522868636e+01
2.355000000000000071e+01,8.187700814681114991e+00,9.084394998465946003e+00,1.039440037039378417e+01
2.355499999999999972e+01,8.315543070307043649e+00,9.240626032898028086e+00,1.059262554268225465e+01
2.356000000000000227e+01,8.447256366820726114e+00,9.401798257654798263e+00,1.079745462390215138e+01
2.356499999999999773e+01,8.582984181575321614e+00,9.568104524224864349e+00,1.100915892186836409e+01
2.357000000000000028e+01,8.722876478230224606e+00,9.739746690524736294e+00,1.122802277530609949e+01
2.357500000000000284e+01,8.867090035593143682e+00,9.916936084418285446e+00,1.145434421902923816e+01
2.357999999999999829e+01,9.015788794213873913e+00,1.009989399143897870e+01,1.168843568006784039e+01
2.358500000000000085e+01,9.169144221641071013e+00,1.028885216774034994e+01,1.193062470525894447e+01
2.358999999999999986e+01,9.327335697280075166e+00,1.048405337928526926e+01,1.218125472061185377e+01
2.359499999999999886e+01,9.490550917826908517e+00,1.068575196827183049e+01,1.244068582252607769e+01
2.360000000000000142e+01,9.658986324264674295e+00,1.089421444773685010e+01,1.270929560061181895e+01
2.360500000000000043e+01,9.832847551437602363e+00,1.110972012523013852e+01,1.298747999150076460e+01
2.360999999999999943e+01,1.001234990122653024e+01,1.133256175636227603e+01,1.327565416256628161e+01
2.361500000000000199e+01,1.019771884035472809e+01,1.156304622891599720e+01,1.357425342391383083e+01
2.362000000000000099e+01,1.038919052384899544e+01,1.180149527806361931e+01,1.388373416632917845e+01
2.362500000000000000e+01,1.058701234516841083e+01,1.204824623305042408e+01,1.420457482207172362e+01
2.363000000000000256e+01,1.079144351397729018e+01,1.230365279546028034e+01,1.453727684442844037e+01
2.363499999999999801e+01,1.100275566249321457e+01,1.256808584888983837e+01,1.488236570080314181e+01
2.364000000000000057e+01,1.122123348127698073e+01,1.284193429950306964e+01,1.524039187276746077e+01
2.364499999999999957e+01,1.144717538522549560e+01,1.312560594648331147e+01,1.561193185488005142e+01
2.364999999999999858e+01,1.168089421041838705e+01,1.341952838088511513e+01,1.599758914221824746e+01
2.365500000000000114e+01,1.192271794229276871e+01,1.372414991072546187e+01,1.639799519432759212e+01
2.366000000000000014e+01,1.217299047542754487e+01,1.403994050939694027e+01,1.681381036072076540e+01
2.366499999999999915e+01,1.243207240495797450e+01,1.436739278355765137e+01,1.724572475002317518e+01
2.367000000000000171e+01,1.270034184932043253e+01,1.470702295555019390e+01,1.769445902133023196e+01
2.367500000000000071e+01,1.297819530364564500e+01,1.505937185411095491e+01,1.816076507226160786e+01
2.367999999999999972e+01,1.326604852264249246e+01,1.542500590558906914e+01,1.864542659345414677e+01
2.368500000000000227e+01,1.356433743123625923e+01,1.580451811607667878e+01,1.914925945375883742e+01
2.368999999999999773e+01,1.387351906054469985e+01,1.619852903273477907e+01,1.967311187413214313e+01
2.369500000000000028e+01,1.419407250594734293e+01,1.660768767010301517e+01,2.021786434100061314e+01
2.370000000000000284e+01,1.452649990300784033e+01,1.703267238425507912e+01,2.078442920162983398e+01
2.370499999999999829e+01,1.487132741585928919e+01,1.747419167429472253e+01,2.137374987471155663e+01
2.371000000000000085e+01,1.522910623125932261e+01,1.793298488672257918e+01,2.198679959877487633e+01
2.371499999999999986e+01,1.560041354988970852e+01,1.840982279364349239e+01,2.262457962913778076e+01
2.371999999999999886e+01,1.598585356455760476e+01,1.890550801052106067e+01,2.328811678083360448e+01
2.372500000000000142e+01,1.638605841268599761e+01,1.942087521310457277e+01,2.397846020018488389e+01
2.373000000000000043e+01,1.680168908784196802e+01,1.995679110620014285e+01,2.469667723149448690e+01
2.373499999999999943e+01,1.723343629196340032e+01,2.051415408900319903e+01,2.544384822768649457e+01
2.374000000000000199e+01,1.768202120635326580e+01,2.109389355266335286e+01,2.622106013479171693e+01
2.374500000000000099e+01,1.814819615533994934e+01,2.169696873550800476e+01,2.702939866015821480e+01
2.375000000000000000e+01,1.863274513168661173e+01,2.232436704982767850e+01,2.786993881356924518e+01
2.375500000000000256e+01,1.913648414725428637e+01,2.297710178120239988e+01,2.874373358957417324e+01
2.375999999999999801e+01,1.966026136604481067e+01,2.365620904703357752e+01,2.965180053917742953e+01
2.376500000000000057e+01,2.020495696942043296e+01,2.436274388515080247e+01,3.059510596059608289e+01
2.376999999999999957e+01,2.077148269492263566e+01,2.509777532612352857e+01,3.157454642357561170e+01
2.377499999999999858e+01,2.136078098065975794e+01,2.586238028441849934e+01,3.259092733178467682e+01
2.378000000000000114e+01,2.197382363647268022e+01,2.665763608384033390e+01,3.364493822532485012e+01
2.378500000000000014e+01,2.261160995105612415e+01,2.748461141227833693e+01,3.473712453366632502e+01
2.378999999999999915e+01,2.327516413077299262e+01,2.834435548009506078e+01,3.586785551198909161e+01
2.379500000000000171e+01,2.396553195098152855e+01,2.923788513624242924e+01,3.703728813538462816e+01
2.380000000000000071e+01,2.468377648436455729e+01,3.016616967750381306e+01,3.824532679096324728e+01
2.380499999999999972e+01,2.543097275298988080e+01,3.113011307042589593e+01,3.949157870331859499e+01
2.381000000000000227e+01,2.620820113181844846e+01,3.213053329438798755e+01,4.077530516041355924e+01
2.381499999999999773e+01,2.701653931134528364e+01,3.316813851016021175e+01,4.209536878122627002e+01
2.382000000000000028e+01,2.785705260641538672e+01,3.424349976414584518e+01,4.345017728961453685e+01
2.382500000000000284e+01,2.873078237757136577e+01,3.535701995782770979e+01,4.483762453590241392e+01
2.382999999999999829e+01,2.963873231145998943e+01,3.650889884908949767e+01,4.625502984183953004e+01
2.383500000000000085e+01,3.058185228892338614e+01,3.769909391196096493e+01,4.769907713545518391e+01
2.383999999999999986e+01,3.156101955500087897e+01,3.892727696965176420e+01,4.916575578484495423e+01
2.384499999999999886e+01,3.257701689623170438e+01,4.019278663876739444e+01,5.065030552234899375e+01
2.385000000000000142e+01,3.363050752972489477e+01,4.149457678654074755e+01,5.214716835219426372e+01
2.385500000000000043e+01,3.472200641880088057e+01,4.283116141424051193e+01,5.364995082507314805e+01
2.385999999999999943e+01,3.585184775533652868e+01,4.420055664385523642e+01,5.515140049991336468e+01
2.386500000000000199e+01,3.702014839378009725e+01,4.560022080519842547e+01,5.664340074225873423e+01
2.387000000000000099e+01,3.822676709149726548e+01,4.702699399737126384e+01,5.811698816601951734e+01
2.387500000000000000e+01,3.947125951051203430e+01,4.847703892797809999e+01,5.956239693956333525e+01
2.388000000000000256e+01,4.075282907307944669e+01,4.994578530524420756e+01,6.096913377613417850e+01
2.388499999999999801e+01,4.207027394441540480e+01,5.142788055392185953e+01,6.232608664881508531e+01
2.389000000000000057e+01,4.342193064628192900e+01,5.291715011719447403e+01,6.362166906767819796e+01
2.389499999999999957e+01,4.480561508969724827e+01,5.440657105397657034e+01,6.484400012036493877e+01
2.389999999999999858e+01,4.621856215667974510e+01,5.588826299309396006e+01,6.598111844252773039e+01
2.390500000000000114e+01,4.765736535835017662e+01,5.735350070043067916e+01,6.702122594248371001e+01
2.391000000000000014e+01,4.911791854415897518e+01,5.879275248296735157e+01,6.795295460788595676e+01
2.391499999999999915e+01,5.059536212114612397e+01,6.019574832257094954e+01,6.876564728002220761e+01
2.392000000000000171e+01,5.208403674118097371e+01,6.155158093691549226e+01,6.944964114421966883e+01
2.392500000000000071e+01,5.357744789576961608e+01,6.284884185668393997e+01,6.999654111841269355e+01
2.392999999999999972e+01,5.506824527816338133e+01,6.407579306878504610e+01,7.039946957123399329e+01
2.393500000000000227e+01,5.654822107578198853e+01,6.522057282980324544e+01,7.065327905094537186e+01
2.393999999999999773e+01,5.800833147695548320e+01,6.627143198147750525e+01,7.075471604480567578e+01
2.394500000000000028e+01,5.943874554332955285e+01,6.721699464004720426e+01,7.070252617967574338e+01
2.395000000000000284e+01,6.082892514192257494e+01,6.804653468081987455e+01,7.049749455213371618e+01
2.395499999999999829e+01,6.216773878821032184e+01,6.875025724070191302e+01,7.014241875585855723e+01
2.396000000000000085e+01,6.344361098420466050e+01,6.931957277734130685e+01,6.964201628813590617e+01
2.396499999999999986e+01,6.464470693954706348e+01,6.974735030428075788e+01,6.900277196586456796e+01
2.396999999999999886e+01,6.575915048271141927e+01,7.002813646501921596e+01,6.823273438764307741e+01
2.397500000000000142e+01,6.677527060437479633e+01,7.015832822338053631e+01,6.734127304118781865e+01
2.398000000000000043e+01,6.768186958743527271e+01,7.013628912318512221e+01,6.633880918628553047e+01
2.398499999999999943e+01,6.846850328398525676e+01,6.996240216673909629e+01,6.523653408488756611e+01
2.399000000000000199e+01,6.912576205236396731e+01,6.963905611796118933e+01,6.404612756969625309e+01
2.399500000000000099e+01,6.964553943050779594e+01,6.917056610041670694e+01,6.277948851068688896e+01
2.400000000000000000e+01,7.002127503139232090e+01,6.856303333830722124e+01,6.144848669245259742e+01
